track_id;title;artist;genre;popularity;release_year;lyrics;label_name
6EUcP55GlbmsmCzfL2vxtZ;on one tonight;Gunna;hip-hop;82;2024;"You niggas been hatin' way too long
Yeah, yeah
Too grown, I bought that—
Oh
Yeah
(That's a good one, P)
Yeah, yeah
I went to AP, spent two-hunnid K
They sold me the frost, rainbow face
They hope I fall off, ain't no way
I might be 'ight, but it ain't okay
Niggas had left, niggas went right, I went left and stayed left, it ain't nothin' the same
They run they lips, I put my prep in a step and my foot on the pedal of Range
Spend this shit like I'm ahead of the game
You said they gon' drop, and it better be flame
Lil' mommy gon' top, she gon' suck 'til I'm drained
My top-five topper, in love with her brain
Across the sea, huh (Ah), Hatteras in Mykonos, Greece, man, they love me in Spain (Yeah, yeah)
I'm kickin' P, ah, land on the jet with a bitch with a big-body frame (Yeah)
Dressed like a biker, rockin' black Margiela loafers, the one with the lace (Yeah, yeah)
Pulled up in title, yeah, right, I don't think these lil' niggas really wanna race (Yeah, yeah)
I got the fire, I spit crack, I got the fans, gon' recite what I say (Yeah, yeah)
Pass me that lighter, this ain't no Thrax, this some Bluscotti, I smoke to the face (Yeah, yeah)
Made it to the light and they still throwin' shade
I was locked up, takin' chips for a trade (Yeah, yeah)
I'm the boss, make more than minimum wage
These blue hunnids keepin' my mental straight (Yeah, yeah)
Talkin' to God in the middle of the day
Ain't no human bein' determine my fate (Yeah, yeah)
The more I get it in, the more they gon' hate
That lil'-body Benz, I know what you pay (Yeah, yeah, yeah-ah-ayy)
Don't tempt me, I'm on one tonight (Yeah, yeah, yeah-ah-ayy)
Don't play with me, play with a mic' (Yeah, yeah, yeah-ah-ayy)
She suck it when we stop at the light
These rappers ain't copyin' right (Yeah, yeah, yeah-ah-ayy)
Get dressed and pop-out in the night
Too trim, I got 'em enticed";anger
5O2P9iiztwhomNh8xkR9lJ;Night Changes;One Direction;pop;90;2014;"Goin' out tonight, changes into somethin' red
Her mother doesn't like that kind of dress
Everything she never had, she's showin' off
Drivin' too fast, moon is breakin' through her hair
She's headin' for somethin' that she won't forget
Havin' no regrets is all that she really wants
(Ooh) We're only gettin' older, baby
(Ooh) And I've been thinkin' about it lately
(Ooh) Does it ever drive you crazy
(Ah-ah-ah) Just how fast the night changes?
(Ooh) Everything that you've ever dreamed of
(Ooh) Disappearin' when you wake up
(Ooh) But there's nothin' to be afraid of
(Ah-ah-ah) Even when the night changes
(Ooh) It will never change me and you
Chasin' her tonight, doubts are runnin' round her head
He's waitin', hides behind a cigarette
Heart is beatin' loud and she doesn't want it to stop
Movin' too fast, moon is lightin' up her skin
She's fallin', doesn't even know it yet
Havin' no regrets is all that she really wants
(Ooh) We're only gettin' older, baby
(Ooh) And I've been thinkin' about it lately
(Ooh) Does it ever drive you crazy
(Ah-ah-ah) Just how fast the night changes?
(Ooh) Everything that you've ever dreamed of
(Ooh) Disappearin' when you wake up
(Ooh) But there's nothin' to be afraid of
(Ah-ah-ah) Even when the night changes
(Ooh) It will never change me and you
Ooh, ooh, ooh, ooh
Ooh, ooh, ooh
Ooh
Goin' out tonight, changes into somethin' red
Her mother doesn't like that kind of dress
Reminds her of the missin' piece of innocence she lost
(Ooh) We're only gettin' older, baby
(Ooh) And I've been thinkin' about it lately
(Ooh) Does it ever drive you crazy
(Ah-ah-ah) Just how fast the night changes?
(Ooh) Everything that you've ever dreamed of
(Ooh) Disappearin' when you wake up
(Ooh) But there's nothin' to be afraid of
(Ah-ah-ah) Even when the night changes
(Ooh) It will never change, baby
(Ooh) It will never change, baby
(Ooh) It will never change me and you";fear
6l6XVeeoTe3ggya4fLY8l8;A Tear in Space (Airlock);Glass Animals;rock;69;2024;"(Love)
Love, do you want love? Do you want lust?
Say you don't know
Maybe you just like the control, like it all cold
But I like ya, like ya like you're drugs
Sit in my blood, maybe too much, never enough
I am your dog, I'm on your floor, all that you want
But I like ya, like ya like you're (drugs)
You get all worked up
Loving you, but it's not enough
Loving you from the airlock of
Your heart, from airlock one
Fear pulls you from my arms
It's a reckless abandon
One look and it's all gone
All the air from the bottom of my lungs
Water, running down my face
Water, running different ways
Water, like a billion waves
Water, just a tear in space
Water, running down my face
Water, running different ways
Water, like a billion waves
Water, just a tear in space
Ooh, too late, my love
You blew me into star dust
Ooh, but I made it, just
Dangling like a thread from you
I climb into your walls
I'm where the spiders go
I'm here, but you aren't sure
What are you waiting for?
Stretch me like leather rope
Make me invisible
Shape me into your form
What are you waiting for?
Hostage, so in love
It's an airless black-chasm
You turn the airlock on
You turn the airlock on
Object disappearance
It's a true phenomenon
Forget me and I'm gone
I'm slipping, no-no-no-no-no
Water, running down my face
Water, running different ways
Water, like a billion waves
Water, just a tear in space
Water, running down my face
Water, running different ways
Water, like a billion waves
Water, just a tear in space";anger
0lOe1dR2TNkJMCjIcRuw6T;Westside Story;The Game;hip-hop;65;2005;"Crip niggas, Blood niggas, eses, Asians
Dominicans, Puerto Ricans, white boys, Jamaicans
Latin Kings, Disciples, Vice Lords, Haitians
All these motherfuckers been patiently waitin'
Since the West Coast fell off, the streets been watching
The West Coast never fell off—I was 'sleep in Compton
Aftermath been here, the beats been knocking
Nate Dogg doin' his thing, DPG still poppin'
I got ""California Love,"" fuckin' bitches to that 'Pac shit
And Westside Connection been had it locked, bitch
I'm in the rear-view, my guns is cockin'
I put red dots on a nigga' head like Rodman
All Stars, fat laces; gun charge, court cases
Fought that, not guilty, I'm back, niggas hate me
Been there, done that, sold crack, got jacked
Got shot, came back, jumped on Dre's back
Payback, homie, I'm bringing C.A. back
And I don't do button-up shirts or drive Maybachs,
All you old record labels tryna advance
Aftermath, bitch—take it like a muh'fuckin' man
If you take a look in my eyes
You see I be a gangsta 'til I die
That California chronic got me so high
Game, tell 'em where you from (Nigga, Westside!)
If you take a look in my eyes
You see I be a gangsta 'til I die
That California chronic got me so high
Game tell 'em where you from (Nigga, Westside!)
I'm low-ridin', homie, six-trey Impala
Gold D's spinnin', chrome hydraulics
Run up on my lo-lo, you stop breathing
Hollow tips make niggas disappear like Houdini
Gangbangin' is real, homie—I'm living proof
Like Snoop Dogg C-walkin' on top of the Devil's roof
Rap critics wanna converse about this and that
'Cause red strings in his Converse, and this a Dre track
Keep gibberin' and jabbin', I pull the .38 Magnum
And get to clickin' and clackin'
Your homies wanna know what happened
Come to Compton, see Thriller like Mike Jackson
I might be Spike Lee of this gun-clappin'
Prior to rappin', I was drug traffickin'
In the dope spot, playing John Madden
Homie, I ain't braggin', I took five
You wanna die? Run up on that black 7-45
If you take a look in my eyes
You see I be a gangsta 'til I die
That California chronic got me so high
Game, tell 'em where you from (Nigga, Westside!)
If you take a look in my eyes
You see I be a gangsta 'til I die
That California chronic got me so high
Game tell 'em where you from (Nigga, Westside!)
New York, New York, big city of dreams
I got my L.A. Dodger fitted on, I'm doin' my thing
Got me fucking with G-Unit—you know the drama that bring
I got niggas in Westside Compton and Southside Queens
And Buck told me in Cashville I'm good when I come through
So I ain't gotta tuck-in my chain like DJ Pooh
I'm gangsta—more like Deebo when he was Zeus
Play Bishop, I paint that picture—now, who got the juice?
You niggas is Nutso—I'll take off your roof
Leave your ass stretched-out like a Cadillac coupe
God gotta let me in Heaven, all the shit I've been through
I was a O.G. in the hood before I turned twenty-two
Homie, I let the .38 special rip through that vest
And I don't contemplate whether or not he left his shit on the dresser
Got Compton on my back, I'm starting to feel the pressure
I'm lyrically Kool G. Rap on these Dre records
If you take a look in my eyes
You see I be a gangsta 'til I die
That California chronic got me so high
Game, tell 'em where you from (Nigga, Westside!)
If you take a look in my eyes
You see I be a gangsta 'til I die
That California chronic got me so high
Game tell 'em where you from (Nigga, Westside!)";anger
39yRhjDdSTP4A7VehxBXDb;Wouldn't Get Far;The Game;hip-hop;61;2006;"For you baby, I'd find you
For you baby, I'd find you
For you baby, I'd find you
I done been around the world, been around the block
Been around hoes that fucked Biggie and 'Pac
Like Vida Guerra, ass took her to the top
She'll give you some brain, you let her throw up the Roc
Let her put on your chain, she'll throw you some cot
Picture that, like Meagan Good and Jamie Foxx
Hype said it's a wrap, she still on the set
Puttin' oil on her legs like she Gloria Velez
She was Eye Candy in the XXL
Hopped off the page and on a skateboard with Pharrell
I knew she (Wouldn't get far) 'cause five hundred dollars
Can't get you that (Far), how you get that (Far)
And all these new video bitches tryin' to be Melyssa Ford
But they don't know Melyssa Ford drive a Honda Accord
She a video vixen, but behind closed doors
She do whatever it take to get to the Grammy Awards, ha ha
(You wouldn't get far), fuckin' them rap stars
You know who you are, put your hands up ladies
(You wouldn't get far), if you kept your legs closed
(It would be just a waste of time)
But you know, (You wouldn't get far), fuckin' them rap stars
You know who you are, I wrote this song for you
For you baby, I'd find you, for you and you, for all y'all
Pop quiz, how many topless, black foxes
Did I have under my belt, like boxers?
Not to brag but, if it add up
One, two, nigga, that's mad nuts
Game, you mad nuts, how you gon' call out all these
Bitches knowin' damn well they gon' call me?
The only dream, of that ghetto prom queen
Was to make it to the screen, maybe get seen
Maybe get chose by a nigga from a team
Head so good he don't ask for a pre... nup
Now ask yourself this question, umm
Would you be with Jay-Z if he wasn't C-E-O?
Would you be with F-A-B-O if he drove a Neo?
Would you ride with Ne-Yo, if he was in a Geo?
Well why the hell you think these bitches comin' at me fo'?
But since they all fall in my palm, I take a trio, yo
(You wouldn't get far), fuckin' them rap stars
You know who you are, put your hands up ladies
(You wouldn't get far), if you kept your mouth closed
(It would be just a waste of time)
But you know, (You wouldn't get far), fuckin' them rap stars
You know who you are, I wrote this song for you
For you baby, I'd find you, for you and you, for all y'all
I done had my share of bitches with long hair
Short 'do like Kelis or Halle in Boomerang, yeah
I been around the block in the Bentley drop-top
In Miami Beach when Lil' Kim was fuckin with Scott
I got the scoop on Hoops, whatever the case
She'll let you spray in her face long as she Bathing Apes
And ain't nobody tryin' to take Beyoncé from Jay
But I know a bitch named Superhead he fucked back in the day
The things niggas do when pussy sittin' on they face
Stabbed Un in the stomach
She must have had a pussy like Wonder Woman
On that superhero shit
Fly as Gabrielle Union in the back of my six, fo'
Impala, forget the double D's
I put 'em right in your face like that model bitch Toccara
And she ain't win the show but she ridin' in that Gallardo
That's why I fuck 'em today and forget 'em tomorrow
(You wouldn't get far), fuckin' them rap stars
You know who you are, put your hands up ladies
(You wouldn't get far), if you kept your legs closed
(It would be just a waste of time)
But you know, (You wouldn't get far), fuckin' them rap stars
You know who you are, I wrote this song for you
For you baby, I'd find you, for you and you, for all y'all
God damn, you know what I'm sayin'
I'm sittin' back watchin' Kanye video
And I see the same bitch
That was in the homeboy Busta Rhymes video
Then I flip the muh'fuckin channel
Checkin' out my uncle Snoop Dogg video
And I see the same bitch, that was in MY video
You know what I'm sayin'
And then y'knahmsayin, to make that even mo' fucked up
I'm watchin' Oprah cover Hurricane Katrina
I see the same bitch on Oprah
Floatin away on the hood of a Camry
That was in the nigga Lil Weezy video
I mean damn, everywhere I look
Everywhere I go, I see the same hoes
Don't get mad, I'm only bein' real, yeah";fear
2nG54Y4a3sH9YpfxMolOyi;Shy Away;Twenty One Pilots;rock;70;2021;"When I get home
You better not be there
We're placin' bets you won't
Shed your modesty
And the only thing to leave behind
Is your own skin on the floor
Don't you shy away (Ah-ah-ah)
Manifest a ceiling
When you shy away (Ah-ah-ah)
Searchin' for that feelin'
Just like an ""I love you"" (Ooh, ooh)
That isn't words (Ooh, ooh)
Like a song he wrote that's never heard (Ah-ah-ah)
Don't you sh—
When you get home
You barely recognize the pictures
They put in a frame
'Cause you shed your modеsty
Don't circle the track
Take what you havе
And leave your skin on the floor
Don't you shy away (Ah-ah-ah)
Manifest a ceiling
When you shy away (Ah-ah-ah)
Searchin' for that feelin'
Just like an ""I love you"" (Ooh, ooh)
That isn't words (Ooh, ooh)
Like a song he wrote (Ah-ah-ah)
That's never heard
When I get home
Boy, you better not be there
You're long gone
Shed your modesty
Don't circle the track
Just break the cycle in half
And leave your skin on the floor
Don't you shy away (Ah-ah-ah)
Manifest a ceiling
When you shy away (Ah-ah-ah)
Searchin' for that feelin'
Just like an ""I love you"" (Ooh, ooh)
That isn't words (Ooh, ooh)
Like a song he wrote (Ah-ah-ah)
That's never heard
That's never heard (Ah-ah-ah, ah-ah-ah)
An ""I love you""
That isn't words
Like a song he wrote
That's never heard
Don't you shy away";sadness
4NhimjCujmelb9pPUrHd2X;Stick 'Em Up;Quarashi;hip-hop;40;2002;"Gustavo y Augusto, de Patricio. Hay una información del personal de la Escuela de Infantería que está dentro de La Moneda. Por la posibilidad de interferencias, la voy a transmitir en inglés: THEY SAY THAT ALLENDE COMMITTED SUICIDE
What, what, what, hit it!
Until there was you, we didn't know what to do
But I don't give a fuck about the things that I blew
Sucker MC don't you love me
Wanna have me, wanna kill me, one, two, three
It's just a modest proposal from a boy anti-social
Scraping the skin of our culture (civilized vulture)
Do me in, don't make me sin (I wanna win)
I'm doing so good, I can't go through it again
Yeah!
Fuck, yeah!
Who bombs the mic?
Yeah!
I bomb the mic like a fascist, Mussolini
Coming through with no remorse
From the dark you won't see me
Rise up from the sea like a Godzilla
Straight up through your mind with my armor plated drilla
I don't give a fuck what you think about this shit
Ain't in it for the money never out to make a hit
If you can't take it, like I said, get a grip
'Cause I'm here to fucking stay like the warts on your dick
(Come on!)
I stick 'em up, yo, stick 'em up! (Stick 'em up)
I stick 'em up, yo, stick 'em up! (Stick 'em up)
Yo, stick 'em up (Stick 'em up)
Come on, come on, come on, come on, yeah!
Stick 'em up!
I stick 'em up, yo, stick 'em up! (Stick 'em up)
I stick 'em up, yo, stick 'em up! (Stick 'em up)
Yo, stick 'em up!
Stick 'em up, I'll get you out!
So won't you make a man out of me
I've gotta be, connected computerized son of a bitch
Makes me itch, broken for life
I can't decide, darkness or light or a heavenly fright
Stick it, I'm tired
I'm bored, I'm fuckin' bored
I'm trying so hard and I can't be adored
Now my sound breaks through with one tone
Gives me no choice, I can't be alone!
I stick 'em up, yo, stick 'em up! (Stick 'em up)
I stick 'em up, yo, stick 'em up! (Stick 'em up)
Yo, stick 'em up! (Yeah)
Come on, come on, come on, come on, yeah
Stick 'em up! (Stick 'em up)
I stick 'em up, yo, stick 'em up! (Stick 'em up)
I stick 'em up, yo, stick 'em up! (Stick 'em up)
I stick 'em up, yo, stick 'em up! (Stick 'em up) (Yeah)
Come on, come on, come on, come on, yeah
Like Darth Vader, I surprise you with my skills
I knock your old ass out like a bag of sleeping pills
I got to rip things up like my name was Jack the Ripper
There's a party at your house cause your mama is a stripper
Slice through the scene like a knife through peanut butter
Get your ears cleaned out motherfucker, I didn't stutter
S. W. A. R. E. Z
I got this whole thing right down to a T
(Come on!) (Yeah!)
I stick 'em up, yo, stick 'em up! (Stick 'em up)
I stick 'em up, yo, stick 'em up! (Stick 'em up)
Yo, stick 'em up! (Yeah!)
Come on, come on, come on, come on, yeah
Stick 'em up!
I stick 'em up, yo, stick 'em up! (Stick 'em up)
I stick 'em up, yo, stick 'em up! (Stick 'em up)
Yo, stick 'em up! (Yeah!)
Come on, come on, come on, come on, yeah!
(Yeah!)
Stick 'em up!
I stick 'em up, yo, stick 'em up! (Stick 'em up)
I stick 'em up, yo, stick 'em up! (Stick 'em up)
Yo, stick 'em up! (Yeah!)
Stick 'em up, I'll get you out!";anger
6lob8yGQuretKACtogsaQL;Show Me The Money;Petey Pablo;hip-hop;59;2006;"This is definitely the wickedest thing I ever hear in my life!
Show off that body you got
You got the dance floor so hot
You workin' that, you twerkin' that
You tickin' that like a clock
Can't nobody do it like I do it
When I do it, dog I do it
(Break it down)
Break it down, put your back into it
Man, y'all ain't ready for the **** I'm doing
(So get up)
Get up, put your drinks down
Don't want y'all sloshing yo' drinks out
All over that cheap blouse
Ain't nothing but a swallow in it anyhow
(Still me)
Still me, I just changed the sound
To the other one I had and just swapped it out
(Switch!)
Kept somethin' in background
Cause you love the song
But you in love wit the background
C'mon let a mama work for me
Make a player wanna spend some money
I don't really like spendin' money
But if you do what you do and do it well I'ma
 (x2)
Show off that body you got
You got the dance floor so hot
You workin' that, you twerkin' that
You tickin' that like a clock
Look good, and thick, nothin' in em, I'm hurtin'
No silicon, no lipo, no botox, no dumpty dump
All natural in today's world
When her mama brought her in this world
Good lookin' mama!
That good and hot and def make a athlete lose his breath
And if you got ass, move your little bump south
You're gonna need a couple skirts, fallin' out
5 on the Richter scale, the highest number you can go is 12
Shorty shake it like hell, we ought to be shame ourselves
The Creator couldn't rock the bed that well
Look at her breakin' it down ridin' this beat like wow!
If I was a jail man I'd gun her down
 (x2)
Show off that body you got
You got the dance floor so hot
You workin' that, you twerkin' that
You tickin' that like a clock
This is definitely the wickedest thing I ever hear in my life!
Ok!
I been sippin' on that Patron
I'm ready give you what you want
Might not feel the same way tomorrow
But I'll deal with that tomorrow
Cause tonight you got me feelin'
Like I wanna take you home
 (x2)";anger
3lPr8ghNDBLc2uZovNyLs9;Supermassive Black Hole;Muse;rock;83;2006;"Ooh, baby, don't you know I suffer?
Ooh, baby, can't you hear me moan?
You caught me under false pretenses
How long before you let me go?
Ooh, you set my soul alight
Ooh, you set my soul alight
Glaciers melting in the dead of night (Ooh)
And the superstar's sucked into the supermassive (You set my soul alight)
Glaciers melting in the dead of night (Ooh)
And the superstar's sucked into the (You set my soul)
Into the supermassive
I thought I was a fool for no one
But, ooh, baby, I'm a fool for you
You're the queen of the superficial
How long before you tell the truth?
Ooh, you set my soul alight
Ooh, you set my soul alight
Glaciers melting in the dead of night (Ooh)
And the superstar's sucked into the supermassive (You set my soul alight)
Glaciers melting in the dead of night (Ooh)
And the superstar's sucked into the (You set my soul)
Into the supermassive
Supermassive black hole
Supermassive black hole
Supermassive black hole
Supermassive black hole
Glaciers melting in the dead of night
And the superstar's sucked into the supermassive
Glaciers melting in the dead of night
And the superstar's sucked into the supermassive
Glaciers melting in the dead of night (Ooh)
And the superstar's sucked into the supermassive (You set my soul alight)
Glaciers melting in the dead of night (Ooh)
And the superstar's sucked into the (You set my soul)
Into the supermassive
Supermassive black hole
Supermassive black hole
Supermassive black hole
Supermassive black hole";sadness
68rcszAg5pbVaXVvR7LFNh;One Day / Reckoning Song (Wankelmut Remix) - Radio Edit;Asaf Avidan;pop;72;2012;"One day baby, we'll be old
Oh baby, we'll be old
And think about all the stories that we could have told
One day baby, we'll be old
Oh baby, we'll be old
And think about all the stories that we could have told
(One day)
(One day)
No more tears, my heart is dry
I don't laugh and I don't cry
I don't think about you all the time
But when I do, I wonder why
No more tears, my heart is dry
I don't laugh and I don't cry
I don't think about you all the time
But when I do, I wonder why
No more tears, my heart is dry
I don't laugh and I don't cry
I don't think about you all the time
But when I do, I wonder why
No more tears, my heart is dry
I don't laugh and I don't cry
I don't think about you all the time
But when I do, I wonder why
One day baby, we'll be old
Oh baby, we'll be old
And think about all the stories that we could have told
One day baby, we'll be old
Oh baby, we'll be old
And think about all the stories that we could have told
One day baby, we'll be old
Oh baby, we'll be old
And think about all the stories that we could have told
One day baby, we'll be old
Oh baby, we'll be old
And think about all the stories that we could have told
One day baby, we'll be old
Oh baby, we'll be old
And think about all the stories that we could have told
One day baby, we'll be old
Oh baby, we'll be old
And think about all the stories that we could have told
One day baby, we'll be old
Oh baby, we'll be old
One day baby, we'll be old
Oh baby, we'll be old
And think about all the stories that we could have told
One day baby, we'll be old
Oh baby, we'll be old
Oh baby, we'll be old
Oh baby, we'll be one
(One Day)
One day baby, we'll be old
Oh baby, we'll be old
And think about all the stories that we could have told
One day baby, we'll be old
Oh baby, we'll be old
And think about all the stories that we could have told
One day baby, we'll be old
Oh baby, we'll be old
Oh baby, we'll be old
Oh baby, we'll be one
One day baby, we'll be old
Oh baby, we'll be old
And think about all the stories that we could have told
One day baby, we'll be old
Oh baby, we'll be old
And think about all the stories that we could have told";sadness
0OPyDgTRuIdCJ9B4bYSths;Hotel Room Service;Pitbull;pop;79;2009;"DJ
Jim Jonsin
I want everybody to stop what they doin'
Now if you know you're with somebody
That you're gonna take the hotel room tonight
Make some noise
Meet me at the hotel room
Meet me at the hotel room
Meet me at the hotel room
Meet me at the hotel room
Forget about your boyfriend
And meet me at the hotel room
You can bring your girlfriends
And meet me at the hotel room
Forget about your boyfriend
And meet me at the hotel room
You can bring your girlfriends
And meet me at the hotel room
We at the hotel, motel, Holiday Inn
We at the hotel, motel, Holiday Inn
We at the hotel, motel, Holiday Inn
We at the hotel, motel, Holiday Inn
She like that freaky stuff
Two in the ""o"", and one in the eye
That kinky stuff, you nasty
But I like your type
And like T.I., it's whatever you like
Bring your girls, just whatever the night
Your man just left, I'm the plumber tonight
I'll check yo pipes, oh, you the healthy type
Well, here goes some egg whites
Now gimme that sweet
That nasty, that Gucci stuff
Let me tell you what we gon' do
Two plus two, I'm gon' undress you
Then we're gonna go three and three
You gon' undress me
Then we're gonna go four and four
We gon' freak some more, but first
Forget about your boyfriend
And meet me at the hotel room
You can bring your girlfriends
And meet me at the hotel room
Forget about your boyfriend
And meet me at the hotel room
You can bring your girlfriends
And meet me at the hotel room
We at the hotel, motel, Holiday Inn
We at the hotel, motel, Holiday Inn
We at the hotel, motel, Holiday Inn
We at the hotel, motel, Holiday Inn
Afterparty in hotel lobby
Then we off to the room, like vroom
Put them fingers in you mouth, or open up you blouse
And pull that g-string down south
Ooh, okay shawty, one's company
Two's a crowd, and three's a party
Your girl ain't with it, I got somebody
And by nature, she's naughty
Now gimme that sweet
That nasty, that Gucci stuff
Let me tell you what we gon' do
Two plus two, I'm gon' undress you
Then we're gonna go three and three
You gon' undress me
Then we're gonna go four and four
We gon' freak some more, but first
Forget about your boyfriend
And meet me at the hotel room
You can bring your girlfriends
And meet me at the hotel room
Forget about your boyfriend
And meet me at the hotel room
You can bring your girlfriends
And meet me at the hotel room
We at the hotel, motel, Holiday Inn
We at the hotel, motel, Holiday Inn
We at the hotel, motel, Holiday Inn
We at the hotel, motel, Holiday Inn
Mujeres (Ay-oh-ay-oh-ay)
Jenny, oye que bola
Mujeres (Ay-oh-ay-oh-ay)
Yamile, oye que bola
Mujeres (Ay-oh-ay-oh-ay)
Roslin, oye que bola
Mujeres (Ay-oh-ay-oh-ay)
Zulema, oye que bola
Mujeres (Ay-oh-ay-oh-ay)
Cristina, oye que bola
Mujeres (Ay-oh-ay-oh-ay)
Carolina, oye que bola
Mujeres (Ay-oh-ay-oh-ay)
Sofia, oye que bola
Mujeres (Ay-oh-ay-oh-ay)
Estefany, oye que bola
Dale, dale, dale...";fear
1auxYwYrFRqZP7t3s7w4um;Ni**as In Paris;JAY-Z;pop;83;2011;"We're gonna skate to one song, one song only
Ball so hard, ... wanna fine me
Ball so hard, ... wanna fine me
But first ... gotta find me
What's fifty grand to a ... like me? Can you please remind me?
(Ball so hard) This ... crazy
Y'all don't know that don't ... faze me
The Nets could go 0 for 82
And I'd look at you like this ... ...
(Ball so hard) This ... weird
We ain't even 'posed to be here
(Ball so hard) Since we here
It's only right that we'd be fair
Psycho, I'm liable to go Michael, take your pick
Jackson, Tyson, Jordan, Game 6
(Ball so hard) Got a broke clock
Rollies that don't tick-tock
Audemars that's losing timе
Hidden behind all thesе big rocks
(B-ball so hard) I'm shocked too
I'm supposed to be ... ... ...
You escaped what I escaped
You'd be in Paris...
(B-ball so hard) Let's get ...
Le Meurice for like six days
Gold bottles, scold models
...sick J's
(Ball so hard) ..., behave
Just might let you meet Ye
Chi-Town's D. Rose
I'm moving The Nets, BK
Ball so hard, ... wanna fine me
That ... cray, that ... cray, that ... cray
B-ball so hard, ... wanna fine me
That ... cray, that ... cray, that ... cray
She said, ""Ye, can we get married at the mall?""
I said, ""Look, you need to crawl 'fore you ball""
...bathroom stall
And show me why you deserve to have it all
(Ball so hard) That ... cray, ain't it, Jay?
(B-ball so hard) What she order, fish fillet?
(B-ball so hard) Your whip so cold, this old thing?
(Ball so hard) Act like you'll ever be around ... like this again
Bougie girl, grab her hand
... ... ..., she don't wanna dance
Excuse my French, but I'm in France, ahah, I'm just sayin'
Prince Williams ain't do it right, if you ask me
'Cause I was him, I would have married Kate and Ashley
What's Gucci, ... ...? What's Louis, ... ...?
What's ..., ... ...? What's that jacket, Margiela?
Doctors say I'm the illest 'cause I'm suffering from realness
Got my ... ... Paris and they going gorillas, huh
I don't even know what that means
No one knows what it means, but it's provocative
No, it's not, it's gross
Gets the people going
Ball so hard, ... wanna fine me
B-ball so hard, ... wanna fine me
You are now watching the throne
Don't let me get in my zone
Don't let me get in my zone
Don't let me get in my zone
These other ... is lyin
Actin' like the summer ain't mine
(I got that hot ... in my home)'
You know how many hot ... I own?
Don't let me get in my zone
Don't let me get in my zone
Don't let me get in my zone
Don't let me get in my zone
The stars is in the building
They hands is to the ceiling
I know I'm 'bout ... ... ...
How you know? I got that feeling
You are now watching the throne
Don't let me into my zone
Don't let me into my zone
(I'm definitely in my zone)";surprise
3stWWPN41byqp8loPdy92u;Master of None;Beach House;pop;80;2006;"You always go to the parties
To pluck the feathers off all the birds
On your knees
I would not beg you, please
I want your picture but not your words
You know they’d want it, but there's no first
On your own
But you cannot call it your home
We always rub our hands too much
We know the reasons, but such and such
On your own
You will not catch your own bone
We run our fingers together
You know it's easy, The devil's plan
On your own
You cannot call me your own
Jack of all trades
Master of none
Cry all the time
Cause I'm not having fun
You always want to be forgiven
The devil does what you ask of him
On your knees
You cannot, You are not for free";anger
1mRTSIs40qa2L7omBzQd1u;Days To Come;Bonobo;hip-hop;60;2006;"Journey sets sail, waterways
Cross the Moon and verse the days
The lows and news of all things be
Sunlight garden, low red blossoms
Moon tides of the sea
When struggling for the magic grain
We throw life to the winds like rain
For goodness sake, spare your failings and take
The ability to strengthen your spirit can stimulate all minds
Blossoms of days to come
Blossoms of days to come
Move away from your western guns
Travel towards eastern suns
Far above all earthly goals
A pledge for creation's soul
Spirit finds fresh morning in the dew of precious things
Hope is a phoenix spreading wings to fly
And what we wish shall be like a breath of fresh air
Stay from secret powers and no look can snare
Move away from your western guns
Travel towards eastern suns
Far above all earthly goals
A pledge for creation's soul
Far above all earthly goals
A pledge for creation's soul
Move away from your western guns
Travel towards eastern suns
Far above all earthly goals
A pledge for creation's soul
Far above all earthly goals
A pledge for creation's soul";sadness
7iu0WYLdo4yksKf3seaxzI;Hate That I Love You;Rihanna;pop;74;2008;"Yeah, yeah
Hey, yeah, huh
That's how much I love you (Yeah; No, whoa, whoa, huh)
That's how much I need you (Yeah, yeah, yeah)
And I can't stand you
Must everything you do make me wanna smile (Uh)
Can I not like you for a while? (No)
But you won't let me
You upset me, girl, and then you kiss my lips
All of a sudden, I forget (That I was upset)
I can't remember what you did
But I hate it...
You know exactly what to do
So that I can't stay mad at you
For too long, that's wrong
But I hate it
You know exactly how to touch
So that I don't wanna fuss and fight no more
Said I despise that I adore you
And I hate how much I love you, boy (Yeah)
I can't stand how much I need you (I need you)
And I hate how much I love you, boy (Yeah, ooh whoa)
But I just can't let you go
And I hate that I love you so
Ooh, and you completely know the power that you have (The power that you have)
The only one that makes me laugh (One that makes me laugh)
Said that it's not fair
How you take advantage of the fact
That I... (I)
Love you beyond the reason why (Why)
And it just ain't right, oh
And I hate how much I love you, girl (Hey)
I can't stand how much I need you (Hey, hey)
And I hate how much I love you, girl (No)
But I just can't let you go (Ooh)
But I hate that I love you so
One of these days, maybe your magic won't affect me (Hmm)
And your kiss won't make me weak
But no one in this world knows me the way you know me
So you'll probably always have a spell on me
Yeah...
Ooh, oh, oh
Yeah, yeah, yeah, yeah, yeah, yeah
That's how much I love you (How much I need you)
That's how much I need you (How much I love you)
That's how much I love you (Oh, I need you)
That's how much I need you (I need you)
And I hate that I love you so
And I hate how much I love you, boy (Hey!)
I can't stand how much I need you (Can't stand how much I need you)
And I hate how much I love you, boy (Girl)
But I just can't let you go (But I just can't let you go, no)
But I hate that I love you so (Ooh)
And I hate that I love you so, so";surprise
4b93D55xv3YCH5mT4p6HPn;Ocean Drive;Duke Dumont;pop;77;2020;"We're riding down the boulevard
We're riding through the dark night, night
With half a tank and empty heart
Pretending we're in love, but it's never enough, nah
As the sirens fill the lonely air
Oh, how did we get here now, now, now, babe?
We see a storm is closing in (Oh, oh, oh, oh)
Pretending we ain't scared
Don't say a word while we dance with the devil (Uh)
You brought a fire to a world so cold (Uh)
We're out of time on the highway to never
Hold on (Hold on), hold on (Hold on)
Don't say a word while we dance with the devil (Uh)
You brought a fire to a world so cold (Uh)
We're out of time on the highway to never (Oh yeah)
Hold on (Hold on), hold on (Hold on)
We're running all the red lights down
No way that we can stop, nah, nah
A quarter tank and almost gone
Pretending we're in love, but it's never enough, nah
I wish we could take it back in time
Before we crossed the line now, now, now, babe
We see a storm is closing in (Oh, oh, oh, oh)
I reach out for your hand
Don't say a word while we dance with the devil (Uh, ooh)
You brought a fire to a world so cold (Uh, ooh, yeah)
We're out of time on the highway to never
Hold on (Hold on), hold on (Hold on, hold on)
Don't say a word while we dance with the devil (Uh, ooh, yeah)
You brought a fire to a world so cold (Uh, ooh)
We're out of time on the highway to never (Oh yeah)
Hold on (Hold on), hold on (Hold on, hold on)
Ooh
Hold on, ooh, yeah, oh, oh
Hold on
Don't say a word while we dance with the devil (Uh)
You brought a fire to a world so cold (Hold on, uh)
We're out of time on the highway to never
Hold on (Hold on), hold on (Hold on, hold on)
Don't say a word while we dance with the devil (Uh)
You brought a fire to a world so cold (Uh)
We're out of time on the highway to never (Hold on)
Hold on (Hold on), hold on (Hold on, ooh, yeah)";fear
4TCc369aRPRubv1m8R1TBG;Got What I Got;Jason Aldean;rock;69;2019;"She said, ""Baby, do you ever miss bein' alone?""
I said, ""Hell no, I don't""
She said, ""Do you really think I'm where you belong?""
I said, ""You know and I know...""
You're perfect for me
Everything I'll ever need
I ain't playin'
What I'm sayin'
When I got what I got, I don't miss what I had
The old me before you belongs to the past
In the back of your mind, you might think there's somethin' more I want
But when I got what I got, girl, I don't
I said, ""Baby, do you know you sound a little crazy
When you're talkin' like that, girl?""
Ain't no second thoughts, no regrets, no kinda maybe
No wishin' I turned back
Before you came along
I could go all alone
Girl, just kiss me
You're all that I want
When I got what I got, I don't miss what I had
The old me before you belongs to the past
In the back of your mind, you might think there's somethin' more I want
But when I got what I got, girl, I don't
She said, ""Baby, do you ever miss bein' alone?""
I said, ""Hell no, I don't""
When I got what I got, I don't miss what I had
The old me before you belongs to the past
In the back of your mind, you might think there's somethin' more I want
But when I got what I got, girl, I don't
No, I don't
No, I don't
When I got what I got, girl, I don't";fear
0nJW01T7XtvILxQgC5J7Wh;When I Was Your Man;Bruno Mars;pop;90;2012;"Same bed, but it feels just a little bit bigger now
Our song on the radio, but it don't sound the same
When our friends talk about you, all it does is just tear me down
'Cause my heart breaks a little when I hear your name
It all just sounds like (Ooh, ooh)
Mm, too young, too dumb to realize
That I should've bought you flowers
And held your hand
Shoulda gave you all my hours
When I had the chance
Take you to every party
'Cause all you wanted to do was dance
Now my baby's dancin'
But she's dancin' with another man
Uh, my pride, my ego, my needs, and my selfish ways
Caused a good, strong woman like you to walk out my life
Now I'll never, never get to clean up the mess I made, oh
And that haunts me every time I close my eyes
It all just sounds like (Ooh, ooh)
Mm, too young, too dumb to realize
That I should've bought you flowers
And held your hand
Shoulda gave you all my hours
When I had the chance
Take you to every party
'Cause all you wanted to do was dance
Now my baby's dancin'
But she's dancin' with another man
Although it hurts
I'll be the first to say that
I was wrong
Oh, I know I'm probably much too late
To try and apologize for my mistakes
But I just want you to know
I hope he buys you flowers
I hope he holds your hand
Give you all his hours
When he has the chance
Take you to every party
'Cause I remember how much you love to dance
Do all the things I should've done
When I was your man
Do all the things I should've done
When I was your man";sadness
5z0q8ZJx9TFLXzspcOvWBC;Heartburn;Wafia;pop;73;2015;"Well, I guess what hurt me most of all
You were playing with my heart
Tell me, why am I emotional
When I knew it from the start?
And tell me, why does my heart burn when I see your face?
You have made your decision, put me in my place
And the lies you've been hiding, taking up your space
Tell me, why does my heart burn this way
When I see your face?
When I see your face?
All this time you left me wanting more
Had me swallowing all of my pride
Wonder where this part of you came from
It was hidden in the shallow of your eyes
And tell me, why does my heart burn when I see your face?
You have made your decision, put me in my place
And the lies you've been hiding, taking up your space
Tell me, why does my heart burn this way
When I see your face?
When I see your face?
Lover, why you been hiding
From the places we've been? From the places we've been?
Lover, why you been hiding
From the places we've been? From the places we've been?
Lover, why you been hiding
From the places we've been? From the places we've been?
Lover, why you been hiding
From the places we've been? From the places we've been?
And tell me, why does my heart burn when I see your face?
You have made your decision, put me in my place
And the lies you've been hiding, taking up your space
Tell me, why does my heart burn this way
When I see your face?
يحرق قلبي
يحرق قلبي
يحرق قلبي";anger
4F6yN5FsFW10Ucx7cLCzBh;Ready (feat. Gunna);Lil Baby;hip-hop;74;2018;"Metro Boomin want some more, nigga
In that fast thing, speedin' through the city (Skrrt, skrrt)
Panoramic brain, and my dash digi' (Dash digi')
Motherfuck the fame, all my niggas litty (Lit)
Backwood to the face, I don't smoke no Philly (Nah)
Drip, drippin' sauce like I'm chili (Sauce)
Let that mink hang to the floor when it's chilly (It's chilly)
I got three big booty broads at the Telly (The Telly)
And they know from the start who was ready
I can't fuck with none of y'all niggas, y'all disgust me
When you with your maggot ass friends, don't discuss me
FN with extended clip, I hope them try to rush me
I hear 'em sayin' such and such, a nigga ain't gon' touch me
Big body Benz, 'member I used to be dusty
Now I want my money all hundreds in a rush please
I was sellin' weed when they came out with White T
Now I put a whole half a ticket on my white tee
Whole hood poppin', other niggas, they don't like me
Made her eat it up, she told her friend, ""He gon' wife me""
All my niggas thoroughbred, I don't fuck with crossbreeds
Free all of the bros down the road and on Rice Street
In that fast thing, speedin' through the city (Skrrt, skrrt)
Panoramic brain, and my dash digi' (Dash digi')
Motherfuck the fame, all my niggas litty (Lit)
Backwood to the face, I don't smoke no Philly (Nah)
Drip, drippin' sauce like I'm chili (Sauce)
Let that mink hang to the floor when it's chilly (It's chilly)
I got three big booty broads at the Telly (The Telly)
And they know from the start who was ready (Ready)
Put some fine bitches in Margiel-y's (Margiel-y)
Two new glass tinted, these baguette-y's (Baguette-y)
Ain't gon' bash you bitches, I ain't petty (Nah)
Just know we fuckin', we ain't goin' steady (Goin' steady)
I don't wanna sleep, I need more Addys (Need more Addy)
I ain't have no kid but I'm her daddy (I'm her daddy)
Better shake her ass like it's Magic (Like it's Magic)
Twenties in my pocket look like cabbage (Yeah)
Carats everywhere, I'm a rabbit (I'm a rabbit)
I ain't Shawty Lo, but what's happenin'? (What's happenin'?)
We was taught to go, keep that cannon (That cannon)
I'm on fuckin go, I can't panic (I can't panic)
In that fast thing, speedin' through the city (Skrrt, skrrt)
Panoramic brain, and my dash digi' (Dash digi')
Motherfuck the fame, all my niggas litty (Lit)
Backwood to the face, I don't smoke no Philly (Nah)
Drip, drippin' sauce like I'm chili (Sauce)
Let that mink hang to the floor when it's chilly (It's chilly)
I got three big booty broads at the Telly (The Telly)
And they know from the start who was ready
Money conversations, check my feng shui
I buy Dolce Gabbana, Chanel a month straight
Supermodel, her body gon' be my entree
I been runnin' with hitters, my youngins gun slang
Cars up to date, brand new Wraith
My life circle, mines ain't straight
Bills ain't late, paid no notes
I ain't no joke, they want smoke
We exotic, start a riot, we gon' ride
.223's, drakes outside
We don't get tired, we gon' die";anger
0kEZlJh4mK1QRfb3CT5LPk;Kill Yourself (Part III);$uicideboy$;hip-hop;78;2015;"It's not fair, I found love
It made me say that get back
You'll never see daylight
If I'm not strong, it just might
It's not fair, I found love
It made me say that get back
You'll never see daylight
If I'm not strong, it just might
They figure me a dead motherfucker
But I'm just a motherfucker that wanna be dead
Snow Leopard with the lead in his head, turnin' me into a sweater
Bitches use me as their fucking bedspread
I be the silhouette of a sunset
Smoke a cigarette while I compress my depression
Stare into the violet fluorescent lights, makes me violent
I'm tryna get the highest I can get before I overdose and die
My ribs are nothing but an empty cage, black hole in my chest
Big bang, Yung Plague on the tip of a wave
In my head, I feel like I'm a guest, so I'ma throw it all away
Because when I am dead, I will be nothing decomposin' in a grave
I'm matter, but I don't matter
I can feel my skull shatter from the dull chatter
Brain splattered on the wall
Grey stains won't dissolve, gonna have to paint it all
It's not fair, I found love
It made me say that get back
You'll never see daylight
If I'm not strong, it just might
Always boasting my emotions on how I'm so fucking broken
Think I'm joking when I'm talkin' about blowing my head open
'Til the moment you walk in and find my body motionless
Wrists slit, thoughts of $licky falling in an open pit, shit
Always burn my bridges 'cause I'd rather fall in ditches
If life's a game of inches, then my dick has been the biggest
And my goal's to fuck the world until that motherfucker's twitchin'
Lane switchin', same mission, to die and blame my addiction, bitch
It's not fair, I found love
It made me say that get back
You'll never see daylight
If I'm not strong, it just might";anger
04rz2UaJqbK4aUs7TSk7Sw;Seize The Day;Wax Tailor;hip-hop;58;2008;"Oh, I beg your pardon ladies and gentlemen
I did not know that you were waiting for me
Hold them close
Petals of a rose
Thorns as well
Friends and foes
Have no fear
Seize the day, the day
Seize the day, the day
Seize the day, the day
Seize the day, the day
I don't mind what ever happened
I don't care what ever happened
Lalalalalalalala
What is going to happen now
Can't see much in the future
Let them burn
Things of cotton
Admire the fire
Things undone
There's applause
There'll be encores
You're sincere
That's what's we're
Have no fear
Seize the day, the day
Seize the day, the day
Seize the day, the day
Seize the day, the day
I don't mind what ever happened
I don't care what ever happened
Lalalalalalalala
I don't
I don't
What, what, what
Well
What, what, what
Well
Oh
Talking 'bout love";fear
35ISBknsCeZQtq66xABI9g;Messy;Lola Young;pop;90;2024;"You know I'm impatient
So why would you leave me waiting outside the station
When it was like minus four degrees?
And I, I get what you're sayin'
I just really don't wanna hear it right now
Can you shut up for like once in your life?
Listen to me
I took your nice words of advice about
How you think I'm gonna die lucky if I turned thirty-three
Okay, so yeah, I smoke like a chimney
I'm not skinny and I pull a Britney
Every other week
But cut me some slack, who do you want me to be?
'Cause I'm too messy, and then I'm too fucking clean
You told me, ""Get a job"", then you ask where the hell I've been
And I'm too perfect till I open my big mouth
I want to be me, is that not allowed?
And I'm too clever, and then I'm too fucking dumb
You hate it when I cry unless it's that time of the month
And I'm too perfect till I show you that I'm not
A thousand people I could be for you and you hate the fucking lot
You hate the fucking lot
You hate the fucking lot
You hate, you hate
It's taking you ages
You still don't get the hint, I'm not asking for pages
But one text or two would be nice
And, please, don't pull those faces
When I've been out working my arse off all day
It's just one bottle of wine or two
But, hey, you can't even talk
You smoke weed just to help you sleep
Then why you out gettin' stoned at 4 o'clock?
And then you come home to me
And don't say hello
'Cause I got high again
And forgot to fold my clothes
'Cause I'm too messy, and then I'm too fucking clean
You told me, ""Get a job"", then you ask where the hell I've been
And I'm too perfect till I open my big mouth
I want to be me, is that not allowed?
And I'm too clever, and then I'm too fucking dumb
You hate it when I cry unless it's that time of the month
And I'm too perfect till I show you that I'm not
A thousand people I could be for you and you hate the fucking lot
You hate the fucking lot
You hate the fucking lot
Oh, and I'm too messy, and then I'm too fucking clean
You told me, ""Get a job"", then you ask where the hell I've been
And I'm too perfect till I open my big mouth
I want to be me, is that not allowed?
And I'm too clever, and then I'm too fucking dumb
You hate it when I cry unless it's that time of the month
And I'm too perfect till I show you that I'm not
A thousand people I could be for you and you hate the fucking lot
You hate the fucking lot
You hate the fucking lot
You hate the fucking lot
You hate the fucking lot";anger
1Ug1mV9h5qVSs4rvvnQWux;I Invented Sex (feat. Drake);Trey Songz;hip-hop;58;2009;"Hey girl, hey girl, hey girl
This goes out to the beautiful girls
Hey girl, hey girl, hey girl
Which one of y'all, which, which one
Which, which one of y'all
Which one of y'all going home with Trigga?
I see you in the club, ooh, shawty
Walking past a nigga looking at me all naughty
Then I said, ""Baby, wassup?""
Reach for that hand shake, got a hug
Bottles of the Ace got me with a lil buzz
Up in VIP with all my thug niggas
You leaned over and said you want me
Girl, when the valet pull the Benz up
Off to the crib, shawty, where we gon' end up
Girl, sit back, relax, hold up
Let me turn the radio on
Girl, when I get you to the crib
Upstairs to the bed
Girl, you gon' think, girl, you gon' think
Girl, you gon' think, girl, you gon' think
Girl, when I pull back them sheets
And you climb on top of me
Girl, you gon' think, girl, you gon' think
Girl, you gon' think, girl, you gon' think
You gon' think I invented sex
You gon' think I invented sex
You gon' think I invented sex
Put the code in the gate, pull up to the driveway
Said she like the way I touch her, listening to Usher
I got a confession
Now we 'bout to sin, but your body is a blessing
Father, forgive me
Girl, can we take it up stairs? My bed's waiting there
All I wanna do is is give you all of me
Won't you give me all of you?
I want your body like right now
You know I live a Magnum lifestyle
Baby, turn the lights down and I'mma turn you on
Girl, when I get you to the crib
Upstairs to the bed
Girl, you gon' think, girl, you gon' think
Girl, you gon' think, girl, you gon' think
Girl, when I pull back them sheets
And you climb on top of me
Girl, you gon' think, girl, you gon' think
Girl, you gon' think, girl, you gon' think
You gon' think I invented sex
You gon' think I invented sex
'Cause I do it like I did
You gon' think I invented sex
All right
It's a celebration clap, clap, bravo
Lobster and shrimp and a glass of Moscato
For the girl who's a student and the friend who's a model
Finish the whole bottle and we gonna do it big like this
Yeah, and he was just practice
He ain't in your world, you can take him off your atlas
Girl, you on fire, can I be the one you match with?
I'll give you the credit card and baby, you can max this out
Show me where your tats is
Show me where you heads at, maybe I can grasp it
If you ever come up with a question, you should ask it
Caught up on your ex still? I can get you past it
Yeah, and your friends all suggest
What's the chance of this nigga being better than the rest?
Just tell 'em you appreciate the help
But you just got to know for yourself
Girl, when I get you to the crib
Upstairs to the bed
Girl, you gon' think, girl, you gon' think
Girl, you gon' think, girl, you gon' think
Girl, when I pull back them sheets
And you climb on top of me
Girl, you gon' think, girl, you gon' think
Girl, you gon' think, girl, you gon' think
You gon' think I invented sex
You gon' think I invented sex
You gon' think I invented sex
Now who's coming home with me?
Tell me who's coming with me
I wanna know who's coming home with?
Tell me who's coming with me
Is it you? Is it you? Is it you? Is it you?
Is it you? Is it you? Is it you? Is it you?";surprise
6iH9WMCrhLOTfR7RNIE4Rh;Keep It G.A.N.G.S.T.A. (feat. Lil' Mo & Xzibit);Nate Dogg;hip-hop;48;2001;"A gangsta's born every day (Yeah)
So make sure that you keep it, G-A-N-G-S-T-A (Oh-ooh)
And now that I know the game (Now that I know the game)
I'll make sure that I keep it, G-A-N-G-S-T-A (T-A)
Deep in the ghetto where the poor people hang
Please pay attention, they do ghettoish thangs
One out of three, yep, a third of 'em bang
The other motherfuckers they, be slangin' that 'caine
Always out for money 'cause the money's the game
Eastside homie, it's a Long Beach thang
You heard me right, nigga, this is DPG
With the superwoman, standin', claimin', CPT
I promise I'ma keep it G
Promise I keep my hands in the street
Recognize game and they recognize me
'Cause a G like me comes naturally
Those haters try to hate on me
But they got no choice but to do right by me
There's no way you're dividin' me
'Cause my OGs in the streets gon' ride for me
I- promise to do ghetto things
'Cause I'm the closest thing to ghetto in this industry
That's why I be chillin' when it's ninety degrees
While ya keep shit poppin', how I ride this beat
And people always saying to me ""How can I tell I'm really a G?""
'Cause an OG told a gangsta, a gangsta told a playa
A playa told Nate and Nate just said to me
A gangsta's born every day (Every day)
So make sure that you keep it (Make sure that you keep it), G-A-N-G-S-T-A (Ooh)
And now that I know the game (Now that I know the game)
I'll make sure that I keep it, G-A-N-G-S-T-A (T-A)
Nate Dogg reppin'
(Look!) X to the Z
I'm shifty, verses runnin' a buck 50
Tryin' to get large enough bank to get Britney
I'ma do Britney like Bobby did Whitney
Fuck her whole life off, donate my kidney (Yeah!)
Wake up to vodka, crash with the whiskey
My name hold too much weight, you can't lift me
Came from my first out ghetto with King Tipsy
Hold a torch over my city, you can't miss me
Niggas say fuck me but can't fuck wit' me
Twist this shit, make your finger tips sticky
I need me a wiffy, shit, I mean wifey
I'm so fucked up I couldn't read my own writin' (Heh)
Clash of the titan, (Yeah) no propaganda
Big Sauce, I'm comin' for you, Tony Montana
T-shirt, khakis, tux and bandanas
Livin' amongst the most scandalous on the planet (Yo)
A gangsta's born every day (Yeah)
So make sure that you keep it, G-A-N-G-S-T-A (Oh-ooh)
And now that I know the game (Now that I know the game)
I'll make sure that I keep it (Ooh), G-A-N-G-S-T-A (T-A)
A gangsta's born every day (A gangsta's born every day)
So make sure that you keep it (Make sure that you keep it), G-A-N-G-S-T-A (Ooh, every day)
And now that I know the game (Now that I know the game)
I'll make sure that I keep it (Make sure that I keep it), G-A-N-G-S-T-A";anger
5oady7OSE7dH7LHiqmb3Cr;Dreams, Fairytales, Fantasies (feat. Brent Faiyaz & Salaam Remi);A$AP Ferg;pop;81;2019;"Yeah, ah
I call you gata‚ 'cause you's a wild cat
You leave me with a big neck scratch when I hit it from the back
Pillow under your stomach‚ you like it like that
They catch you half-sleep so you can't fight that
We go for hours‚ fuck in the shower, pussy devour
Foreplay in the kitchen, bend it over the counter (Mm)
You taste like candy‚ I eat it like Sour Power
You be likin' it rough, your body soft as a flower (Yeah)
And when we finish, you be holding me (Yeah)
Got your head on my chest‚ you consoling me (Yeah)
Quick to close the blinds when I'm hitting that
But I'm hoping you leave it open, so they know it's me (Damn)
From the beginning, you said it was mine
And I can tell the way you said it that you weren't lying
You see me text her (Yeah) like, ""Baby, you fine""
And I can still feel the tingle up and down my spine
I'm in a dream, fairy tale, fantasy when you're around me (Ooh)
I must be losing my mind
Dream, fairy tale, fantasy when you're around me (Ooh)
I must be losing my mind
You know you belong to me
You can bring your whole squad plus three
You don't like to get told what to do
But you like it when I put you on a leash
All fours for me, on the floor for me
Have you scratching walls, parkour for me
And every night, I'll hit it right
I'ma bring you on tour with me (Yeah)
You the one for me
And even if you're wrong for me
It's a good mistake, even when I'm wide awake
I'm in a dream, fairy tale, fantasy when you're around me (Ooh)
I must be losing my mind
Dream, fairy tale, fantasy when you're around me (Ooh)
I must be losing my mind
Uh, oh, this song feel like new pussy, makin' it gushy
Heartthrob of the projects, spandex and a hoodie
Timbos and your baby father was a bimbo (Yeah)
Heads know, rather be bothered with all of them hoes
We could fly to Jamaica, fuck all the haters
I take you out of the projects, mansions with elevators
We can drive and hit the city in Lambo
Then lay down on the beach and watch the sand blow
Have you ever spent money without a worry?
Shopped 'til we dropped, Celine bags and Burberry
Bathin' suits, Chanel boots for dinner time
Baby, we looking good, so you know we finna shine
Then hop back in the villa to get up in her
Fireplace when it's winter, we fuckin' on the chinchilla
You fuckin' with a winner, the heavy spender
You know it's me, I'm tryna bring out the freak in you like Jodeci
I'm in a dream, fairytale, fantasy when you're around me (Ooh)
I must be losing my mind
Dream, fairy tale, fantasy when you're around me (Ooh)
I must be losing my mind (Ooh)
Ooh, ooh, ooh, ooh
Ooh, ooh, ooh, ooh";disgust
2D1hlMwWWXpkc3CZJ5U351;P.I.M.P.;50 Cent;pop;71;2003;"I don't know what you heard about me
But a bitch can't get a dollar out of me
No Cadillac, no perms, you can't see
That I'm a motherfuckin' P-I-M-P
I don't know what you heard about me
But a bitch can't get a dollar out of me
No Cadillac, no perms, you can't see
That I'm a motherfuckin' P-I-M-P (Now, shawty)
Now, shawty, she in the club, she dancin' for dollars
She got a thing for that Gucci, that Fendi, that Prada
That BCBG, Burberry, Dolce & Gabbana
She feed them foolish fantasies, they pay her 'cause they want her
I spit a little G, man, and my game got her
An hour later, have that ass up in the Ramada
Them trick niggas in her ear sayin' they think about her
I got the bitch by the bar, tryna get a drink up out her
She like my style, she like my smile, she like the way I talk
She from the country, think she like me 'cause I'm from New York
I ain't that nigga tryna holler 'cause I want some head
I'm that nigga tryna holler 'cause I want some bread
I could care less how she perform when she in the bed
Bitch, hit that track, catch a date, and come and pay the kid
Look, baby, this is simple, you can't see
You fuckin' with me, you fuckin' with a P-I-M-P
I don't know what you heard about me (Woo)
But a bitch can't get a dollar out of me
No Cadillac, no perms, you can't see
That I'm a motherfuckin' P-I-M-P
I don't know what you heard about me
But a bitch can't get a dollar out of me
No Cadillac, no perms, you can't see
That I'm a motherfuckin' P-I-M-P
I'm 'bout my money, you see, girl, you can holler at me
If you fuckin' with me, I'm a P-I-M-P
Not what you see on TV, no Cadillac, no greasy
Head full of hair, bitch, I'm a P-I-M-P
Come get money with me if you curious to see
How it feels to be with a P-I-M-P
Roll in the Benz with me, you could watch some TV
From the backseat of my V, I'm a P-I-M-P
Girl, we could pop some champagne and we could have a ball
We could toast to the good life, girl, we could have it all
We could really splurge, girl, and tear up the mall
If ever you needed someone, I'm the one you should call
I'll be there to pick you up if ever you should fall
If you got problems, I can solve 'em, they big or they small
That other nigga you be with ain't 'bout shit
I'm your friend, your father, and confidant, bitch
I don't know what you heard about me
But a bitch can't get a dollar out of me
No Cadillac, no perms, you can't see
That I'm a motherfuckin' P-I-M-P
I don't know what you heard about me
But a bitch can't get a dollar out of me
No Cadillac, no perms, you can't see
That I'm a motherfuckin' P-I-M-P (Now, shawty)
I told you fools before, I stay with the tools
I keep a Benz, some rims, and some jewels
I holler at a ho 'til I got a bitch confused
She got on Payless, me? I got on gator shoes
I'm shoppin' for chinchillas, in the summer they cheaper
Man, this ho, you can have her when I'm done, I ain't gon' keep her
Man, bitches come and go, every nigga pimpin' know
This ain't no secret, you ain't gotta keep it on the low
Bitch, choose on me, I'll have you strippin' in the street
Put my other hoes down, you get your ass beat
Now Niki my bottom bitch, she always come up with my bread
The last nigga she was with put stitches in her head
Get your ho out of pocket, I'll put a charge on a bitch
'Cause I need four TVs and AMGs for the six
Ho, make a pimp rich, I ain't payin', bitch
Catch a date, suck a dick, shit (Trick)
I don't know what you heard about me (Yeah)
But a bitch can't get a dollar out of me (Woo)
No Cadillac, no perms, you can't see (Uh-huh)
That I'm a motherfuckin' P-I-M-P
I don't know what you heard about me (Uh-huh)
But a bitch can't get a dollar out of me (Yeah)
No Cadillac, no perms, you can't see
That I'm a motherfuckin' P-I-M-P
Yeah
In Hollywood they say, ""There's no business like show business""
In the hood they say, ""There's no business like ho business,"" you know?
They say I talk a little fast, but if you listen a lil' faster, I ain't got to slow down for you to catch up, bitch
Ha-ha-ha
Yeah";anger
3kZoay4ANo86ehb6s4RwS9;Ridin';Chamillionaire;hip-hop;71;2005;"They see me rollin', they hatin'
Patrollin' and tryna catch me ridin' dirty
Tryna catch me ridin' dirty, tryna catch me ridin' dirty
Tryna catch me ridin' dirty, tryna catch me ridin' dirty
My music's so loud, I'm swangin'
They hopin' that they gon' catch me ridin' dirty
Tryna catch me ridin' dirty, tryna catch me ridin' dirty
Tryna catch me ridin' dirty, tryna catch me ridin' dirty
Grindin' to see if they can see me lean
I'm tint, so it ain't easy to be seen
Police see me ride by, they can see me gleam
And my shine on the deck and the TV screen
I'm ridin' with a new chick, she like, ""Hold up!""
Next to the PlayStation controller
It's a full clip in my pistola
Send a jacker into a coma (Woo!)
Girl, you ain't know, I'm crazy like Krayzie Bone
Just tryna bone, ain't tryna have no babies
Ride clean as hell so I pull in ladies
Law's on patrol and you know they hate me
Music turned all the way up into the maximum
I got speakers, some niggas tryna jack for some
But we packin' somethin' and what we have for 'em
We'll have a nigga locked up in the maximum
Security cell, I'm grippin' oak (Oak)
Music loud and I'm tippin' slow (Slow)
Twin's steady twistin' like, ""Hit this though!""
Police pull up right behind and it's in his throat
The windows down, got to stop pollution
CD change, niggas like, ""Who is that producin'?""
That's the Play-N-Skillz when we out and cruisin'
Got warrants in every city except Houston but I still ain't losin'
They see me rollin', they hatin'
Patrollin' and tryna catch me ridin' dirty
Tryna catch me ridin' dirty, tryna catch me ridin' dirty
Tryna catch me ridin' dirty, tryna catch me ridin' dirty
My music's so loud, I'm swangin'
They hopin' that they gon' catch me ridin' dirty
Tryna catch me ridin' dirty, tryna catch me ridin' dirty
Tryna catch me ridin' dirty, tryna catch me ridin' dirty
I've been drinkin' and smokin'
Holy shit, cause I really can't focus
I gotta get it home 'fore the po-po's scope this
Big old Excurs' just swervin', all up in the curb and
Nigga be sippin' on the Hennessy and the gin again
It's in again, we in the wind
Doin' a hundred while I puff on a blunt and roll another one up
We livin' like we ain't givin' a fuck
I got a blunt up in my right hand
-ounce in my lap freezin' my balls
Roll another tree, green leaves and all
Comin' pretty deep, me and my dawgs
Yo, I gotta hit the back streets
Wonderin' 'bout the six pounds and I got heat
Glock, Glock shots to the block, we creep-creep
Pop-pop, hope cops don't see me, on the lowkey
With no regard for the law
We dodge 'em like, ""Fuck 'em all""
But I won't get caught up and brought up
On charges for none of y'all
Keep a gun in car, and a blunt to spark
Roll it up if you want, and get it poppin', dawg
Ready or not, we bust shots off in the air
Krayzie Bone and Chamillionaire
They see me rollin', they hatin'
Patrollin' and tryna catch me ridin' dirty
Tryna catch me ridin' dirty, tryna catch me ridin' dirty
Tryna catch me ridin' dirty, tryna catch me ridin' dirty
My music's so loud, I'm swangin'
They hopin' that they gon' catch me ridin' dirty
Tryna catch me ridin' dirty, tryna catch me ridin' dirty
Tryna catch me ridin' dirty, tryna catch me ridin' dirty
Now would you think it's so? I tried to let you go
Turn on my blinker light and then I swang it slow
And they upset for sho', 'cause they think they know
That they catchin' me with plenty of the drank and dro
So they get behind me, tryna check my tags
Look in my rearview and they smilin'
Thinkin' they'll catch me in the wrong, they keep tryin'
Keep steady denyin' that it's racial profilin'
Houston, Texas, you can check my tags (Tags)
Pull me over, try to check my slab (Slab)
The glove compartment, gotta get my cash
Cause the crooked cops'll try to come up fast
And bein' the baller that I am, I talk to them
Givin' a damn about them not feelin' my attitude
When they realize I ain't even ridin' dirty
Bet you'll be leavin' with an even madder mood
I'ma laugh at you and then I'll have to cruise
Jammin' number two on some old DJ Screw
You can't arrest me, plus you can't sue
This is a message to the law, tell 'em, ""We hate you""
I can't be touched and tell 'em that they shoulda known
Tippin' down, I'm sittin' crooked on my chrome
Bookin' my phone, findin' a chick I wanna bone
Like they couldn't stop me, I'm 'bout to pull up at your home
And it's on
They see me rollin', they hatin'
Patrollin' and tryna catch me ridin' dirty
Tryna catch me ridin' dirty, tryna catch me ridin' dirty
Tryna catch me ridin' dirty, tryna catch me ridin' dirty
My music's so loud, I'm swangin'
They hopin' that they gon' catch me ridin' dirty
Tryna catch me ridin' dirty, tryna catch me ridin' dirty
Tryna catch me ridin' dirty, tryna catch me ridin' dirty
They see me rollin', they hatin'
Patrollin' and tryna catch me ridin' dirty
Tryna catch me ridin' dirty, tryna catch me ridin' dirty
Tryna catch me ridin' dirty, tryna catch me ridin' dirty
My music's so loud, I'm swangin'
They hopin' that they gon' catch me ridin' dirty
Tryna catch me ridin' dirty, tryna catch me ridin' dirty
Tryna catch me ridin' dirty, tryna catch me ridin' dirty";disgust
2y4lAQpi5VTNLu2ldeTdUH;We Can't Stop;Miley Cyrus;pop;83;2013;"It's our party, we can do what we want (Ear Drummers, ooh)
It's our party, we can say what we want (Mike WILL Made-It, ooh)
It's our party, we can love who we want (Ooh)
We can kiss who we want, we can screw who we want (Ayy)
It's our party, we can do what we want (Ooh)
It's our party, we can say what we want (Ooh)
It's our party, we can love who we want (Ooh)
We can kiss who we want, we can screw who we want (Right about now, ayy)
Red cups and sweaty bodies everywhere
Hands in the air like we don't care
'Cause we came to have so much fun now
Bet somebody here might get some now (Hey, hey, hey, hey)
If you're not ready to go home
Can I get a ""hell no""? (Hell no, hell no)
'Cause we gonna go all night
'Til we see the sunlight, alright (Hey, hey, hey, hey)
So la-da-di-da-di, we like to party
Dancin' with Molly
Doin' whatever we want
This is our house, this is our rules
And we can't stop (Woah)
And we won't stop (Woah)
Can't you see it's we who own the night?
Can't you see it's we who 'bout that life?
And we can't stop (Woah)
And we won't stop (Woah)
We run things, things don't run we
Don't take nothin' from nobody, yeah, yeah
It's our party, we can do what we want (Ooh)
It's our party, we can say what we want (Ooh)
It's our party, we can love who we want (Ooh)
We can kiss who we want, we can screw who we want (Ayy)
To my homegirls here with the big butt
Shakin' it like we at a strip club
Remember only God can judge ya
Forget the haters 'cause somebody loves ya
And everyone in line in the bathroom
Tryna get a line in the bathroom
We all so turned up here
Gettin' turned up, yeah, yeah, yeah, yeah
So la-da-di-da-di, we like to party
Dancin' with Molly
Doin' whatever we want
This is our house, this is our rules
And we can't stop (Woah)
And we won't stop (Woah)
Can't you see it's we who own the night?
Can't you see it's we who 'bout that life?
And we can't stop (Woah)
And we won't stop (Woah)
We run things, things don't run we
Don't take nothin' from nobody, yeah, yeah
It's our party, we can do what we want (Ooh)
It's our party, we can say what we want (Ooh)
It's our party, we can love who we want (Ooh)
We can kiss who we want, we can screw who we want (Ayy)
It's our party, we can do what we want to
It's our house, we can love who we want to
It's our song, we can sing if we want to
It's my mouth, I can say what I want to
Say yeah, yeah
Yeah, yeah
And we can't stop (Yeah)
And we won't stop (Woah)
Can't you see it's we who own the night?
Can't you see it's we who 'bout that life?
And we can't stop (Woah)
And we won't stop (Woah)
We run things, things don't run we
We don't take nothin' from nobody, yeah, yeah
Yeah (Ooh)
Yeah (Ooh)
Yeah (Ooh)
We can do what we want, do what we want to (Ayy)";joy
2KslE17cAJNHTsI2MI0jb2;Standing Next to You;Jung Kook;pop;85;2023;"Standing next to you
Play me slow
Push up on this funk and give me miracles
(Let ya body know)
Make it known
How we left and right is something we control
(You already know)
You know that, all night long, we rock to this
Screaming, I testify this lovin'
All night long, we flock to this
Screaming, I testify that
We'll survive the test of time
They can't deny our love
They can't divide us
We'll survive the test of time
I promise I'll be right here
Standing next to you
Standing in the fire next to you, oh
You know it's deeper than the rain
It's deeper than the pain
When it's deep like DNA
Something they can't take away, ayy
Take-take-take-take-take-take off
Standing next to you
Standing next to you (You)
Standing next to you
Afterglow
Leave ya body golden like the sun and the moon
(You already know)
You know that, all night long, we rock to this (Oh)
Screaming, I testify this lovin'
All night long, we flock to this (All night long)
Screaming, I testify that
We'll survive the test of time
They can't deny our love
They can't divide us
We'll survive the test of time
I swear that I'll be right here
Standing next to you (Next to you)
Standing in the fire next to you, oh (Next to you)
You know it's deeper than the rain
It's deeper than the pain
When it's deep like DNA
Something they can't take away, ayy
Take-take-take-take-take-take off
Standing next to you
(Standing next to you)
Standing next to you
(Standing next to you, standing next to you)
Standing next to you, oh
(Standing next to you, standing next to you)
Hey
(Standing next to you, standing next to you)
Standing next to you
(Standing next to you)
Bass and drums
Ooh
Woo
Standing next to you";sadness
7zwn1eykZtZ5LODrf7c0tS;You Get Me So High;The Neighbourhood;pop;83;2018;"Hope you don't regret it
I pushed a lot back but I can't forget it
We never got the credit
Nobody seemed to hear us but we said it
Neither of us planned it
And for a long time I took it all for granted
I really thought we had it
But at the time it was more than I could manage, so
If we can leave it all behind us
And meet in between
It would get me so
High all the time, high all the time
I wanna be high all the time
Would you come with me?
Wish I didn't doubt it
I wish I never ever told you all about it
But I just had to let you know
I never meant to hurt you, though
I had all my motives
I didn't know they wouldn't mix with your emotions
I just had to reach my goals
Never knew I'd meet you though, so
If we can agree to disagree
And keep on reaching
It would get you so
High all the time, high all the time
I wanna be high all the time
Would you come with me?
High all the time, high all the time
I wanna be high all the time
Would you come with me?
We should stick together
You're my best friend, I'll love you forever (Would you come with me?)
(It would get you so)
We could be the greatest, it doesn't matter if we're never rich or famous (Would you come with me?)
(It would get you so)
High all the time, high all the time
I wanna be high all the time
Would you come with me?
If you can just let me know if it's okay
To call you when I'm lonely";sadness
0RcYEWXtbu4ehdv1tiBOi0;Riders On The Storm - Fredwreck Remix;Snoop Dogg;hip-hop;67;2007;"Ayo, Jim, man, why don't ya...
Why don't you kick some of that, you know?
You-You know how you do it, man
It's a trip, people don't even believe we're together right now (Wow!)
Bu-, bu-, but tell your story
You know the one I like (Ride, ride, ride)
Say it for me
Riders on the storm
(Ride, ride, ride)
Riders on the storm
(Ride, ride, ride)
Into this house we're born
(Into this house we're born)
Into this world we're thrown
(Into this world we're thrown)
Like a dog without a bone (Woof, woof)
An actor out on loan
Riders on the storm (Ride, ride, ride)
There's a killer on the road (Killer, killer, murder, murder, murder)
His brain is squirmin' like a toad
Take a long holiday
(Holidays, holidays)
Let your children play (C'me here and play)
If you give this man a ride
Sweet family will die (Ride, ride, ride)
Killer on the road (Killer, murder, murder, murder, murder, murder)
Yeah!
Goin' off of this, goin' off of that
With the Lizard king bumpin' in the back, how 'bout that?
Driftin', liftin', swiftin' (Let 'em in. let 'em in)
Coastin', testaroastin' (Yeah)
But the wheels won't stop (Won't stop)
on the highway, fresh up off the block
He's a rider? (Woo, woo) Naw, he's a killer
Dressed in all black, but his hat says Steeler (Steeler, Steeler)
Pedal to the metal (Metal)
I gotta go hard, drive by and say ""hello""
Hey, Fredwreck, you my mello
Now let me hear what I sound like acapella (Shh)
Wow, ride, dip swish
Now bring it back, just like this
Like a dog without his bone
Unlike a G without his chrome
It's hard to imagine
The homie dog in a Jag and he's checkin' for the checkered flagin'
Comin' in first, never in last
'Cause my car too fast (Zoom, zoom)
I never ever run outta gas
'Cause I'm just too clean, I do it upperclass
So fasten your seat belts
It's so hot, it'd even make heat melt (Woo, woo)
So get a board and roll and ride
Slip through the slip and slide
Like a dog without a bone
An actor out on loan
Riders on the storm
There's a killer on the road
His brain is squirmin' like a toad
Take a long holiday
Let your children play
If you give this man a ride
Sweet family will die
Killer on the road
Yeah
Woah!
Away in India
Woo!
Need for Speed, I'm tryin' to take the lead
Hold on, little homie, 'fore you run into the trees (Watch out!, watch out!)
I've seen things that I never would've saw before
Ayo, Jim, let 'em in, let 'em in
Open up, my back tire smokin' up
The whole street
And now the police wanna flash their lights (Wuuh, wuuh)
And chase the Dogg all night (Woof!)
But I won't pull over nor give up
'Cause I just don't give a (What?)
Yeah, I'm from the side, boy
Where we was born and raised
Straight up to ride, boy (West Side)
Continuously (Continuously)
We get to it expeditiously (Yeah)
Keep the light on, East side on
Snoop Dogg and The Doors and, yeah, we 'bout to ride on
Riders on the storm
Riders on the storm
Into this house we're born
Into this world we're thrown
Like a dog without a bone
An actor out on loan
Riders on the storm
Riders on the storm
Riders on the storm
Riders on the storm
Riders on the storm
And let's ride! (Wow! Yeah!)";surprise
4FDSPGncHRpr6yB8DD4CtI;Let’s Call It Off (feat. Peter Bjorn and John);Drake;hip-hop;61;2009;"Uh, when did you get like this?
Least you coulda done is gone and give me a warning
I don't regret like this
So I'll be right there when you wake up in the morning
Saying, ""This just ain't my style""
You can't say you're happy either
You don't even smile for me, no
Did you agree we should let it be?
And did you agree it's a must?
Let's call the whole thing off
We just have had enough of us
Let's call the whole thing off
We just have had enough of us
When you decided to knock on my door
Did you remember what happened before?
The look on your face said you were expecting more
But some things look better inside of the store
Did you agree we should let it be?
And did you agree it's a must?
Let's call the whole thing off
We just have had enough of us
Let's call the whole thing off
We just have had enough of us
Look, leave me, leave me, I can't fucking stand you
Wish I had the courage to say everything I planned to
My girlfriend, my girlfriend, call herself my girlfriend
Tell me that we 'posed to be together 'til the world end
But I don't really feel that
I just really wanna turn the wheels back
Give you all your sweaters and your heels back
Convince you that time will heal that
Uh, you look for reasons for us to argue
I swear everytime I call, you just tell me how I don't call you
Why you do that? Do that, do that, yeah
Did you agree we should let it be?
And did you agree it's a must?
Let's call the whole thing off
We just have had enough of us
Let's call the whole thing off
We just have had enough of us";fear
44u52jALuPgpczTbZuRWHM;It's My Life;No Doubt;rock;68;2024;"It's funny how I find myself
In love with you
If I could buy my reasoning
I'd pay to lose
One half won't do
I've asked myself
How much do you
Commit yourself?
Oh, it's my life
Don't you forget
It's my life
It never ends (It never ends)
Funny how I blind myself
I never knew
I was sometimes played upon
Afraid to lose
Oh, I'd tell myself
What good do you do
Convince myself
It's my life
Don't you forget
Oh, it's my life
It never ends (It never ends)
And I've asked myself
How much do you
Commit yourself?
Oh, it's my life
Don't you forget
Caught in the crowd
It never ends (It never ends)
It's my life
Don't you forget
Caught in the crowd
It never ends (It never ends)
Oh, it's my life (Oh, it's my life)
Don't you forget (Don't you forget)
Caught in the crowd (Caught in the crowd)
It never ends (It never ends)";fear
0bILU0UiNDmA5Ff6whhb2R;Religiously;Bailey Zimmerman;pop;80;2023;"I went lookin' at pictures I didn't wanna see
They brought back memories
You look happy, I guess, got the life that you wanted
But it ain't with me
You would think by now that I wouldn't care
It's been a couple years and, yeah, I've had my share
Of other broken-up hearts, but I only shed real tears over ours
And now I'm in this cold bright light
And this don't even feel like life
'Cause I don't have the only woman who believed in me
Religiously
And now I'm in the back of the church
Prayin' just to stop the hurt
'Cause I don't have the only woman who was there for me
Religiously
Remember watchin' you play me our song on guitar
I thought I'd marry you
Act like I'm happier now, but all of my friends know
That ain't the truth
And lately life's been good to me
Mama's healthy and I'm helpin' out the whole family
Lotta people know my name, I made a little change
But that don't mean nothin'
'Cause now I'm in this cold bright light
And this don't even feel like life
'Cause I don't have the only woman who believed in me
Religiously
And now I'm in the back of the church
Prayin' hard just to stop the hurt
'Cause I don't have the only woman who was there for me
Religiously
You brought me to God and I put you through hell
You were all about us, I was all about myself
What kind of man would lose a woman like that?
If my soul could be forgiven, I would give it all back
Now I'm in this cold bright light
And this don't even feel like life
'Cause I don't have the only woman who believed in me
Religiously
And now I'm in the back of the church
Beggin' God just to stop the hurt
'Cause I don't have the only woman who believed in me
Religiously
I ain't got the only woman who was there for me
Religiously";sadness
0KxU9wjCedUxSGdjuFdBDu;Shut Up;Black Eyed Peas;pop;74;2003;"Shut up, just shut up, shut up
Shut up, just shut up, shut up
Shut up, just shut up, shut up
Shut it up, just shut up, shut up
Shut up, just shut up, shut up
Shut up, just shut up, shut up (Oh no)
Shut up, just shut up, shut up
Shut it up, just shut up, shut up
We try to take it slow, but we're still losin' control
And we try to make it work
But it still ends up the worst and I'm crazy
For tryna be your lady
I think I'm goin' crazy
Girl, me and you were just fine, you know
We wined and dined, did them things
That couples do when in love, you know
Walks on the beach and stuff, you know
Things that lovers say and do
""I love you, boo"", ""I love you too""
""I miss you a lot"", ""I miss you even more""
That's why I flew you out when we was on tour
But then something got outta hand
You started yellin' why I would break plans (What did you say to me?)
Even though I had legitimate reasons (Bullshit)
You know I had to make them dividends (Bullshit)
How could you trust your private eyes, girl?
That's why you don't believe my lies and quick to say
Shut up, just shut up, shut up
Shut it up, just shut up, shut up
We try to take it slow
But we're still losin' control
And we try to make it work
But it still ends up the worst and I'm crazy
For tryna be your lady
I think I'm goin' crazy (Why, why, why)
Why does emotion gotta move so fast?
Love is progress if you could make it last
Why is it that you just lose control
Every time you agree on takin' it slow?
So why has it got to be so damn tough?
'Cause fools in lust could never get enough
Of love; showin' him the love that you be givin'
Changin' up your livin' for a lovin' transition (Yeah, yeah, yeah)
Girl, it's a mission tryin' to get you to listen
Screamin' at each other has become our tradition
You yell, I yell, everybody yells
Got neighbors across the street sayin', ""Who the hell?!""
Who the hell? What the hell's goin' down?
Too much of the bickering, kill it with the sound and
Shut up, just shut up, shut up
Shut it up, just shut up, shut up
We try to take it slow
But we're still losin' control
And we try to make it work
But it still ends up the worst and I'm crazy (For what?)
(Crazy for what?) For tryna be your lady (Oh yeah?)
I think I'm goin' crazy (Uh, uh), woah-oh
Shut up, just shut up, shut up (What?)
Shut up, just shut up, shut up (Whatcha say?)
Shut up, just shut up, shut up (Say what?)
Shut it up, just shut up, shut up (Girl, whatcha say?)
Shut up, just shut up, shut up (Girl, whatcha say?)
Shut up, just shut up, shut up (No, girl)
Shut up, just shut up, shut up (Shut up, you shut up, shut up)
Shut it up, just shut up, shut up
Girl, our love is dyin'
Why did you stop tryin'?
I never been a quitta, but I do deserve betta
Believe me, I will do bad
Let's forget the past and start this new plan
Why? 'Cause it's the same old routine
And then next week I hear them scream
Girl, I know you're tired of the things they say
You're damn right
'Cause I heard them lame damn excuses just yesterday
That was a different thing
(No, it ain't)
That was a different thing
(No, it ain't)
That was a different thing
It was the same damn thing, same ass excuses
Boy, you're useless, woah, oh!
Shut up, just shut up, shut up (Just stop)
Shut up, just shut up, shut up (Oh no) (Just stop)
Shut up, just shut up, shut up (Just stop)
Shut it up, just shut up, shut up (Just stop)
Shut up, just shut up, shut up (Stop all the talking)
(Don't go - no, please go - I don't know)
Shut up, just shut up, shut up (Stop all the talking)
Shut up, just shut up, shut up (Stop all the talking)
Shut it up, just shut up, shut up (Stop all the talking)
Stop the talking, baby (Just stop)
Or I start walking, baby (Just stop)
Stop the talking, baby (Just stop) (Yeah, yeah)
Or I start walking, baby (Just stop)
Stop the talking, baby (Stop all the talking)
Or I start walking, baby (Stop all the talking) (Oh no, oh, oh, oh)
Stop the talking, baby (Stop all the talking)
Or I start walking, baby (Stop all the talking)
Stop the talking, baby (Just stop) (Is that all there is?)
Or I start walking, baby (Just stop)
Stop the talking, baby (Just stop) (Is that all there is?)
Or I start walking, baby (Just stop)
Stop the talking, baby (Stop all the talking) (Is that all there is?)
Or I start walking, baby (Stop all the talking)
Stop the talking, baby (Stop all the talking) (Is that all there is?)
Or I start walking, baby (Stop all the talking)
Stop the talking, baby (Just stop) (Is that all there is?)
Or I start walking, baby (Just stop)
Stop your yapping, baby (Just stop) (Is that all there is?)
Just look what happened, baby (Just stop)
Stop the talking, baby (Stop all the talking) (Is that all there is?)
Or I start walking, baby (Stop all the talking)
Stop your yapping, baby (Stop all the talking) (Is that all there is?)
Just look what happened, baby (Stop all the talking)
Is that all there is?
Is that all there is?
Is that all there is?
Is that all there is?";anger
5kB6WithhB8Iv08EMNmAbt;Memory Lane;Old Dominion;rock;68;2023;"If I could buy a house on Memory Lane
I'd put my money down and I'd sign my name
On that little corner lot where it don't ever rain
And we'd stay good as new like a fresh coat of paint
You'd be mine in the shine of a front porch light
Yeah, I might as well live there, baby
That's where I spend most of my time
Thinkin' 'bout those sunsets that bled into jean jacket nights
Those tangled up mornings lost in paradise
Still drunk on the feeling when I close my eyes
You're pulling me closer, your head on my shoulder
We'd never let go and we'd never be over
If I could buy a house on Memory Lane
I wouldn't have to wonder if you miss me the same
I'd be loving you as usual, telling you you're beautiful
Oh, I'd be happily delusional
Thinkin' 'bout those sunsets that bled into jean jacket nights
Those tangled up mornings lost in paradise
Still drunk on the feeling when I close my eyes
You're pulling me closer, your head on my shoulder
We'd never let go and we'd never be over
Thinkin' 'bout those sunsets that bled into jean jacket nights
Those tangled up mornings lost in paradise
Still drunk on the feeling when I close my eyes
You're pulling me closer, your head on my shoulder
We'd never let go and we'd never be over
If I could buy a house on Memory Lane
I'd put my money down and I'd sign my name
On that little corner lot where it don't ever rain
And baby, me and you, we'd never fade, never fade
We'd never fade
Never fade, never fade";sadness
5JZ1jTanqLWVuThmZ6XRAc;I Might Be Wrong;Radiohead;rock;62;2001;"I might be wrong, I might be wrong
I could have sworn I saw a light coming on
I used to think, I used to think
There was no future left at all
I used to think
Open up, begin again
Let's go down the waterfall
Think about the good times and never look back
Never look back
What would I do? What would I do?
If I did not have you?
Open up and let me in
Let's go down the waterfall
Have ourselves a good time, it's nothing at all
It's nothing at all, nothing at all
Keep it moving
Keep it moving
Ah, ah
Ah";fear
3fpTMuD1u3gJlVI4FadVHs;Fancy;Drake;hip-hop;76;2010;"A-go, go 'head (Go, go, go)
A-go, go, go 'head (Go, go, go)
A-go, go, go, go, go, go 'head
A-go, go, go, go, go, a-go 'head
Oh, you fancy, huh? Oh, you fancy, huh?
Oh, you fancy, huh? Oh, you fancy, huh?
Nails done, hair done, everything did
Nails done, hair done, everything did
Oh, you fancy, huh? Oh, you fancy, huh?
You—you fancy huh? Oh, you fancy, huh?
Nails done, hair done, everything did
N-n-nails done, hair done, everything did
Oh, you fancy, huh?
Uh, you getting ready so I know we gon' be here awhile
In the bathroom flat irons and nail files
Spending hours in salons on your hairstyle
In the mall steady racking up the air miles
Hit the gym, step on the scales, stare at the number
You say you droppin' 10 pounds preparin' for summer
And you don't do it for the man, men never notice
You just do it for yourself, you the fucking coldest
Intelligent too, ooh you my sweetheart
I've always liked my women book and street smart
Long as they got a lil' class like half days
And the confidence to overlook my past ways
Time heals all and heels hurt to walk in
But they go with the clutch that you carry your lip gloss in
And look, I really think nobody does it better
I love the way that you put it together, uh
Oh, you fancy, huh? Oh, you fancy, huh?
Oh, you fancy, huh? Oh, you fancy, huh?
Nails done, hair done, everything did
Nails done, hair done, everything did
Oh, you fancy, huh? Oh, you fancy, huh?
You—you fancy huh? Oh, you fancy, huh?
Nails done, hair done, everything did
N-n-ails done, hair done, everything did ('Sup, girl)
Oh, you fancy, huh?
Well, aren't you a breath of fresh air?
From all these superficial gold digging bitches in here
They get a baller, figure they ain't got to pick a career
Guess they plan on sucking dicks until some millions appear
Like “Voilà!” You do it right he just might buy you a car
Man, she play these suckers just like B.o.B play the guitar
Now here you are with your girls having drinks at the bar
I say I'm buying, you decline, that is kinda bizarre
Independent with the demeanor of an R&B singer
Naked ring finger, M3 Bimmer
Champagne Range, triple-white Jag
Closet full of brand new clothes and handbags
Alexander McQueen, Prada, Gucci, Chanel
D&G, BCBG, Versace, Louis and Bebe
You ain't needy, greedy or easy as these other breezy's
Who fuck for bottles of Riesling and bowls of baked ziti
Oh, you fancy, huh? Oh, you fancy, huh?
Oh, you fancy, huh? Oh, you fancy, huh?
Nails done, hair done, everything did
N-n-nails done, hair done (Oh), everything did
Oh, you fancy, huh? Oh, you fancy, huh?
You—you fancy huh? Oh, you fancy, huh?
Nails done, hair done, everything did
N-n-nails done (Uh), hair done (Oh), everything did
Oh, you fancy, huh?
Atlanta girls (Woo), let me see your hands (Yeah)
Wave 'em at them bitches hating on you with they friends
(Come on) Girl you got it, let 'em know that everything big
Nails done, hair done, everything big
And my NY girls (Woo), let me see your hands
Wave 'em at them bitches hating on you with they friends
(Come on) Girl you got it, let 'em know that everything big
Nails done, hair done, everything big
And my LA girls, let me see your hands
Wave 'em at them bitches hating on you with they friends
(Come on) Girl you got it, let 'em know that everything big
Nails done, hair done, everything big
And my TO girls, let me see your hands
Wave 'em at them bitches hating on you with they friends (Yeah)
Girl you got it, let 'em know that everything big
Nails done, hair done—nails done, hair done
Say go Cinderella, go Cinderella
Orgasm blush, lipstick and concealer
Devil in a tight dress, girl you a killer
And ain't nobody realer, and ain't nobody realer, go
Go, go, go, go, go, go, go (Showtime)
Go, go, go, go, go (As we proceed)
Uh, 5 and a half in boys, ass is off the hook
Cinderella 'bout to lose the glass off her foot
And when I find it is when I find you
And we can do the things we never got the time to
Better late than never but never late is better
They tell me time is money, well, we'll spend it together
I'm down for whatever, you just lead the way
We go to dinner you don't even look at me to pay
Mature women with more than me were the first to tempt me
And Jason had this girl Tammy with a purple Bentley
How she got it, I ain't never get to ask
I just knew that she was fine like a ticket on the dash
Yeah, but shout out to the homeowners
The girls that got diplomas and enough money to loan us
A little something extra, should we ever need it
If it sounds like you, then let me hear you repeat it
Oh, you fancy, huh? Oh, you fancy, huh?
Oh, you fancy, huh? Oh, you fancy, huh?
Nails done, hair done, everything did
N-n-nails done, hair done, everything did
Oh, you fancy, huh? Oh, you fancy, huh?
You—you fancy huh? Oh, you fancy, huh?
Nails done, hair done, everything did
N-n-nails done, hair done, everything did
Oh, you fancy, huh? (You fancy)";disgust
3oLn9QmwHO8Yu7NRCdAfIj;All eyes on me;Werenoi;hip-hop;69;2022;"Floow (Floow, Floow)
Ils feront tout pour m'ressembler, ils ont pas peur pour leur santé
Moi, j'suis sous béret, vodka, pas sous lean, sous béret, vodka, pas sous lean
Elle veut que j'finisse dans sa vie, elle voudrait finir dans mon lit
Mais j'ai toujours une arme à la son-mai, tu me connais, all eyes on me
Ils feront tout pour m'ressembler, ils ont pas peur pour leur santé
Moi, j'suis sous béret, vodka, pas sous lean, sous béret, vodka, pas sous lean
Elle veut que j'finisse dans sa vie, elle voudrait finir dans mon lit
Mais j'ai toujours une arme à la son-mai, tu mе connais, all eyes on me
Dе plus en plus sollicité mais j'suis toujours à la cité
J'suis toujours ce mec solitaire, j'suis toujours ce mec solidaire
Après l'biff, après l'showcase, je ramasse et j'suis vite rentré
J'en ai assez pour les choquer mais ça parle en M, j'suis vite tenté
J'ai toujours fait l'oseille (L'oseille), j'la cala pas là-celle (Là-celle)
J'le cala pas lawiss (Lawiss), il a même pas d'oseille (D'oseille)
Tu guettes encore l’auto ? (L'auto)
Pourquoi tu r'gardes l'auto ? (L'auto)
On arrive en moto, t'auras même pas l'temps d'regarder l'rétro' (Regarder l'rétro')
J'ai que des missions la nuit, beaucoup de réseaux, bah oui (Bah oui)
Beaucoup de visions d'ma vie et dans la ne-zo, ça vrille (Ça vrille)
Ça roule en teinté toute l'année, tu veux vingt kil', j'peux t'les ramener (Ramener)
Ils ont le cul, les fesses à l'air, ça casse du sucre quand c'est salé (Salé)
Ils feront tout pour m'ressembler (Carré), ils ont pas peur pour leur santé
Moi, j'suis sous béret, vodka, pas sous lean, sous béret, vodka, pas sous lean
Elle veut que j'finisse dans sa vie (Oh), elle voudrait finir dans mon lit (Oh)
Mais j'ai toujours une arme à la son-mai (Oh), tu me connais, all eyes on me (Oh)
Ils feront tout pour m'ressembler (Hey), ils ont pas peur pour leur santé (Hey)
Moi, j'suis sous béret, vodka, pas sous lean (Hey), sous béret, vodka, pas sous lean (Hey)
Elle veut que j'finisse dans sa vie, elle voudrait finir dans mon lit
Mais j'ai toujours une arme à la son-mai (Hey), tu me connais, all eyes on me
Y a que des missions la nuit, beaucoup de réseaux, bah oui
Beaucoup de visions d'ma vie et dans la ne-zo, ça vrille
Ça roule en teinté toute l'année, tu veux vingt kil', j'peux t'les ramener
Ils ont le cul, les fesses à l'air, ça casse du sucre quand c'est salé
Ils feront tout pour m'ressembler (Oh), ils ont pas peur pour leur santé (Oh)
Moi, j'suis sous béret, vodka, pas sous lean (Oh), sous béret, vodka, pas sous lean (Oh)
Elle veut que j'finisse dans sa vie (Oh), elle voudrait finir dans mon lit (Oh)
Mais j'ai toujours une arme à la son-mai (Oh), tu me connais, all eyes on me (Oh)
Ils feront tout pour m'ressembler (Hey), ils ont pas peur pour leur santé (Hey)
Moi, j'suis sous béret, vodka, pas sous lean, sous béret, vodka, pas sous lean
Elle veut que j'finisse dans sa vie (Hey), elle voudrait finir dans mon lit
Mais j'ai toujours une arme à la son-mai (Hey), tu me connais, all eyes on me
La-la-la-la-la-la, la-la-la-la-la-la
La-la-la-la-la-la, la-la-la-la-la-la
La-la-la-la-la-la, la-la-la-la
La-la-la-la-la-la, la-la-la-la
Carré";fear
3kdDccXEVz0snh6mcL4eFj;YK;Cean Jr.;hip-hop;73;2021;"Never thought about a day that I'll be needin' more
Of this feelin', I can't hide it to you anymore
The way you look, the way you move, you heatin' up the floor
Baby, you got that somethin' special knockin' on my door (Oh, ooh-ooh-ooh, oh, ooh-woah, oh)
Baby, you know (Baby, you know)
Know I can't control, oh-oh (Know I can't control)
Can't handle this feelin', babe, stop teasin' me
No, I ain't playin' games (Ain't no playin' games)
See, I just wanna let you know
That I don't wanna see you go
Go ahead and leave me hangin', wishin', yearnin' for some more
I don't wanna lie, gustong mahawakan palagi mga kamay (Yeah)
Ang makasama ka, 'di ko na mahihintay
So I should go, ooh-ooh-ooh, I should go to you
Baby, you know (Baby, you know)
Know I can't control, oh-oh (Know I can't control)
Can't handle this feelin', babe, stop teasin' me
No, I ain't playin' games (Ain't no playin' games)
(Oh-oh) Lately, I can't go to sleep
Thinking 'bout you at night but honestly
(Oh-oh) Baby, you my remedy
For all the pain that's hurtin' me (Oh, ooh-ooh-ooh)
Baby, you know (Baby, you know) (Ooh-woah, ooh-woah)
Know I can't control, oh-oh (Know I can't control) (Hey)
Can't handle this feelin', babe (No, I can't, I can't, I can't), stop teasin' me
No, I ain't playin' games (Nah, nah, no, nah, nah, no) (Ain't no playin' games)
Baby, you know (Baby, you know) (Oh-ooh-ooh)
Know I can't control (Know I can't control) (I can't control, oh-oh)
Can't handle this feelin', babe, stop teasin' me (Yeah)
No, I ain't playin' games (Ain't no playin' games) (Ooh-woah)";fear
6PwjJ58I4t7Mae9xfZ9l9v;Somebody Told Me;The Killers;rock;83;2004;"Breakin' my back just to know your name
Seventeen tracks and I've had it with this game
I'm breakin' my back just to know your name
But heaven ain't close in a place like this
Anything goes, but don't blink, you might miss
'Cause heaven ain't close in a place like this
I said, oh, heaven ain't close in a place like this
Bring it back down, bring it back down tonight (Ooh-ooh)
Never thought I'd let a rumor ruin my moonlight
Well, somebody told me you had a boyfriend
Who looked like a girlfriend that I had in February of last year
It's not confidential, I've got potential
Ready, let's roll onto somethin' new
Takin' its toll then I'm leaving without you
'Cause heaven ain't close in a place like this
I said, oh, heaven ain't close in a place like this
Bring it back down, bring it back down tonight (Ooh-ooh)
Never thought I'd let a rumor ruin my moonlight
Well, somebody told me you had a boyfriend
Who looked like a girlfriend that I had in February of last year
It's not confidential, I've got potential
A-rushin', a-rushin' around
Pace yourself for me (For me)
I said maybe, baby, please (Please)
But I just don't know now (Maybe, baby)
When all I wanna do is try
Well, somebody told me you had a boyfriend
Who looked like a girlfriend that I had in February of last year
It's not confidential, I've got potential
A-rushin', a-rushin' around
Oh, somebody told me you had a boyfriend
Who looked like a girlfriend that I had in February of last year
It's not confidential, I've got potential
A-rushin', a-rushin' around
Somebody told me you had a boyfriend
Who looked like a girlfriend that I had in February of last year
It's not confidential, I've got potential
A-rushin', a-rushin' around";surprise
174rZBKJAqD10VBnOjlQQ3;How Do I Breathe;Mario;pop;73;2007;"How do I breathe?
How do I breathe?
It feels so different being here
I was so used to being next to you
Life for me is not the same
There's no one to turn to
I don't know why I let it go too far
Starting over - it's so hard
Seems like everywhere I try to go
I keep thinking of you
I just had a wake up call
Wishing that I never let you fall
Baby you are not to blame at all
When I'm the one that pushed you away
Baby if you knew I cared
You'd have never went nowhere (nowhere)
Girl I should've been right there
How do I breathe
Without you here by my side?
How will I see
When your love brought me to the light?
Where do I go
When your heart's where I lay my head?
When you're not with me
How do I breathe?
How do I breathe?
Girl I'm losin' my mind
Yes I made a mistake
I thought that you would be mine
Guess the joke was on me
I miss you so bad, I can't sleep
I wish I knew where you could be
Another dude is replacing me
God this can't be happening
I just had a wake up call (call)
Wishing that I never let you fall (fall)
Baby you are not to blame at all
When I'm the one that pushed you away
Baby if you knew I cared (cared)
You'd have never went nowhere (nowhere)
Girl I should've been right there
(And I wonder...)
How do I breathe
Without you here by my side?
How will I see
When your love brought me to the light?
Where do I go
When your heart's where I lay my head?
When you're not with me (I'm saying)
How do I breathe?
How do I breathe?
I should've brought my love home, girl
And baby I ain't perfect, you know
The grind has got a tight hold
Girl come back to me
Cause girl you made it hard to breathe
When you're not with me
(Tell me)
How do I breathe
Without you here by my side?
How will I see
When your love brought me to the light?
Where do I go (where do I, where do I go)
When your heart's where I lay my head?
When you're not with me
How do I breathe?
How do I breathe (How do I breathe?)
Without you here by my side?
How will I see (How will I see?)
When your love brought me to the light (Baby, baby)
Where do I go (Where do I go?)
When your heart's where I lay my head?
When you're not with me (You're not with me)
How do I breathe (How do I breathe?)";fear
4cluDES4hQEUhmXj6TXkSo;What Makes You Beautiful;One Direction;pop;87;2012;"You're insecure, don't know what for
You're turnin' heads when you walk through the door
Don't need makeup to cover up (Huh)
Bein' the way that you are is enough
Everyone else in the room can see it
Everyone else but you
Baby, you light up my world like nobody else
The way that you flip your hair gets me overwhelmed
But when you smile at the ground, it ain't hard to tell
You don't know, oh-oh, you don't know you're beautiful
If only you saw what I can see
You'll understand why I want you so desperately
Right now I'm looking at you and I can't believe
You don't know, oh-oh, you don't know you're beautiful, oh-oh
That's what makes you beautiful
So c-come on, you got it wrong
To prove I'm right, I put it in a song
I don't know why you're being shy
And turn away when I look into your eyes
Everyone else in the room can see it
Everyone else but you
Baby, you light up my world like nobody else ('Body else)
The way that you flip your hair gets me overwhelmed
But when you smile at the ground, it ain't hard to tell
You don't know, oh-oh, you don't know you're beautiful (Oh)
If only you saw what I can see
You'll understand why I want you so desperately
Right now I'm looking at you and I can't believe
You don't know, oh-oh, you don't know you're beautiful, oh-oh
That's what makes you beautiful
Na, na-na-na, na-na-na, na, na
Na, na-na-na, na-na
Na, na-na-na, na-na-na, na, na
Na, na-na-na, na-na
Baby, you light up my world like nobody else
The way that you flip your hair gets me overwhelmed
But when you smile at the ground, it ain't hard to tell
(You don't know, oh-oh) You don't know you're beautiful
Baby, you light up my world like nobody else (Light up my world like nobody else)
The way that you flip your hair (C'mon) gets me overwhelmed
But when you smile at the ground (Smile at the ground), it ain't hard to tell
You don't know, oh-oh, you don't know you're beautiful (Oh, woah)
If only you saw what I can see
You'll understand why I want you so desperately (Desperately)
Right now I'm looking at you and I can't believe
You don't know (Don't know), oh-oh, you don't know you're beautiful, oh-oh
You don't know you're beautiful, oh-oh
That's what makes you beautiful";fear
5W8YXBz9MTIDyrpYaCg2Ky;Last Resort;Papa Roach;rock;85;2001;"Cut my life into pieces, this is my last resort
Suffocation, no breathing
Don't give a fuck if I cut my arm bleeding
This is my last resort
Cut my life into pieces
I've reached my last resort
Suffocation, no breathing
Don't give a fuck if I cut my arm bleeding
Do you even care if I die bleeding?
Would it be wrong, would it be right?
If I took my life tonight? Chances are that I might
Mutilation out of sight
And I'm contemplatin' suicide
'Cause I'm losin' my sight, losin' my mind
Wish somebody would tell me I'm fine
Losin' my sight, losin' my mind
Wish somebody would tell me I'm fine
I never realized I was spread too thin
'Til it was too late and I was empty within
Hungry, feeding on chaos and livin' in sin
Downward spiral, where do I begin?
It all started when I lost my mother
No love for myself, and no love for another
Searchin' to find a love upon a higher level
Findin' nothin' but questions and devils
'Cause I'm losin' my sight, losin' my mind
Wish somebody would tell me I'm fine
Losin' my sight, losin' my mind
Wish somebody would tell me I'm fine
Nothing's alright, nothing is fine
I'm runnin' and I'm cryin'
I'm cryin', I'm cryin', I'm cryin'
I'm cryin'
I can't go on living this way
Cut my life into pieces
This is my last resort
Suffocation, no breathing
Don't give a fuck if I cut my arm bleeding
Would it be wrong, would it be right?
If I took my life tonight? Chances are that I might
Mutilation out of sight
And I'm contemplating suicide
'Cause I'm losin' my sight, losin' my mind
Wish somebody would tell me I'm fine
Losin' my sight, losin' my mind
Wish somebody would tell me I'm fine
Nothing's alright, nothing is fine
I'm runnin' and I'm cryin'
I can't go on living this way
Can't go on
Living this way
Nothing's alright";anger
68ehjcnIVcKjX0QtdBDgZP;BedRock;Young Money;hip-hop;51;2009;"I-I-I-I can make your bed rock (Young Money)
I-I-I-I can make your bed rock, girl (Kane is in the building, nigga)
I-I-I-I can make your bed rock
I-I-I-I can make your bed rock
Uh, she got that good-good, she Michael Jackson bad
I'm attracted to her, or her attractive ass
And now we murderers, because we kill time
I knock her lights out and she still shine
I hate to see her go but I love to watch her leave
But I keep her running back and forth; soccer team
Cold as a winter's day, hot as a summer's eve
Young Money thieves steal your love and leave
I like the way you walking if you walking my way
I'm that Red Bull, now let's fly away
Let's buy a place, with all kind of space
I'll let you be the judge, and-and-and I'm the case
I'm Gudda Gudda, I put her under
I see me with her, no Stevie Wonder
She don't ever wonder, 'cause she know she bad
And I got her, nigga: grocery bag
Ooh baby, I be stuck to you like glue, baby
Wanna spend it all on you, baby
My room is the G-spot
Call me Mr. Flintstone, I can make your bed rock
(Ooh) I-I-I-I can make your bed rock
(Ooh) I-I-I-I can make your bed rock, girl
(Ooh) I-I-I-I can make your bed rock
(Ooh) I-I-I-I can make your bed rock (Ayy!)
Okay, I get it, let me think, I guess it's my turn
Maybe it's time to put this pussy on your sideburns
He say I'm bad, he prob'ly right
He pressing me like button-downs on a Friday night
I'm so pretty like, be on my pedal bike
Be on my low starch, be on my egg whites
He say, ""Nicki don't stop, you the bestest""
And I'd just be coming off the top, asbestos
I love your sushi roll, hotter than wasabi
I race for your love, ""Shake'n Bake"" Ricky Bobby
I'm at the W, but I can't meet you in the lobby
Girl, I gotta watch my back, 'cause I'm not just anybody
I seen em stand in line just to get beside her
I let her see the Aston and let the rest surprise her
That's when we disappear, you need GPS to find her
Oh, that was your girl? I thought I recognized her
Ooh baby, I be stuck to you like glue, baby
Wanna spend it all on you, baby
My room is the G-spot
Call me Mr. Flintstone, I can make your bed rock
(Ooh) I-I-I-I can make your bed rock
(Ooh) I-I-I-I can make your bed rock, girl
(Ooh) I-I-I-I can make your bed rock
(Ooh) I-I-I-I can make your bed rock (Ayy!)
She like tanning, I like staying in
She like romance and I like rolling with friends
She said I'm caged in, I think her conscience is
She's watching that Oxygen, I'm watching ESPN
But when that show ends, she all over my skin, lotion
Slow-mo motions, rollercoastin'
Like back, forth, hold it
She poses like it's for posters and I poke like I'm suppose to
Take this photo if you for me, she said: ""Don't you ever show this!""
I'm too loyal and too focused
To be losing and be hopeless
When I spoke this, she rejoiced it, said ""Your words get me open""
So I closed it, where your clothes is?
I'm only loving for the moment
She ain't got a man, but she's not alone
Miss Independent, yeah, she got her own
Hey gorgeous, um, I mean flawless, well
That's what you are, how I see it is how I call it, yeah
Look-look at how she walk, m-hmm, she know she bad
Do-do your thang baby, I ain't even mad
And I ain’t leavin' fast, I'ma stay awhile
Hold your head, Chris, I-I'ma take it down!
Ooh baby, I be stuck to you like glue, baby
Wanna spend it all on you, baby
My room is the G-spot
Call me Mr. Flintstone, I can make your bed rock (Young Money, Yea , Yea)
(Ooh) I-I-I-I can make your bed rock
(Ooh) I-I-I-I can make your bed rock, girl
(Gudda Gudda, T-Streets, Mack Maine, J Millz)
(Ooh) I-I-I-I can make your bed rock
(Ooh) I-I-I-I can make your bed rock (Ayy!)
(Tyga Tyga)
Ooh baby, I be stuck to you like glue, baby
(Drizzy Drake, Nicki Minaj)
Wanna spend it all on you, baby
(Hey Chanel, Lil Twist, Lil Chuckie, and Young Lloyd, AYEE!)
My room is the G-spot
Call me Mr. Flintstone, I can make your bed rock
(Ooh) I-I-I-I can make your bed rock
(We Young Money)
(Ooh) I-I-I-I can make your bed rock, girl
(Ooh) I-I-I-I can make your bed rock
(Ooh) I-I-I-I can make your bed rock (Ayy!)";anger
1bevrs76fdGW3y03R5q6GB;Window Shopper;50 Cent;pop;66;2005;"Ohh!
The top feel so much better than the bottom
So much better
Nigga, you's a window shopper
Mad at me, I think I know why
Nigga, you's a window shopper
In the jewelry store lookin' at shit you can't buy
Nigga, you's a window shopper
In the dealership tryna get a test drive
Nigga, you's a window shopper
Mad as fuck when you see me ride by
Summertime, white Porsche Carrera is milky
I'm on the grind, let my paper stack but I'm filthy
It's funny how niggas get to screw-facin' at me
Anyhow they ain't got the heart to get at me
I'll get down, Southside's the hood that I come from
So I don't cruise through nobody hood without my gun
They know the kid ain't goin' for all that bullshit
Try and stick me, I'ma let off a full clip
It ain't my fault you don' fucked up your re-up
At the dice game, who told you put a G up?
Everybody mad when they paper don't stack right
But when I come around y'all niggas better act right
When we got the tops, down, you can hear the systems thump
Nigga, when we rollin', rollin', rollin'
Shut your block, down, quick to put a hole in a chump
Nigga, when we rollin', rollin', rollin'
Nigga, you's a window shopper
Mad at me, I think I know why
Nigga, you's a window shopper
In the jewelry store lookin' at shit you can't buy
Nigga, you's a window shopper
In the dealership tryna get a test drive
Nigga, you's a window shopper
Mad as fuck when you see me ride by
Niggas love me in L.A. as soon as I pop in
They come to scoop me up at LAX and I hop in
Now when it comes to bad bitches you know I got them
Some from Long Beach, some from Watts, some from Compton
You know a nigga wanna see how Cali girls freak off
After that five hour flight from New York
I start spittin' G at a bitch like a pimp, mane
Tell her, ""Meet me at the Mondrian so we can do our thang.""
She can bring the lingerie wit her, I sup-pose
Then we can go from fully dressed to just havin' no clothes
Then she can run and tell her best friend 'bout my sex game
Then her best friend could potentially be next, mane
Listen mane, shit, changed, I came up, I'm doin' my thang
Homie, I'm holdin', holdin', holdin'
Oh shit, mane, the store owner watchin' you
'Fore somethin' get stolen, stolen, stolen
Nigga, you's a window shopper
Mad at me, I think I know why
Nigga, you's a window shopper
In the jewelry store lookin' at shit you can't buy
Nigga, you's a window shopper
In the dealership tryna get a test drive
Nigga, you's a window shopper
Mad as fuck when you see me ride by";sadness
32aeRhnsILUPSbPiH5x62t;The Sound of Silence - CYRIL Remix;Disturbed;rock;68;2024;"Hello darkness, my old friend
I've come to talk with you again
Because a vision softly creeping
Left its seeds while I was sleeping
And the vision that was planted in my brain
Still remains within the sound of silence
In restless dreams, I walked alone
Narrow streets of cobblestone
'Neath the halo of a street lamp
I turned my collar to the cold and damp
When my eyes were stabbed by the flash of a neon light
That split the night and touched the sound of silence
And in the naked light, I saw
Ten thousand pеople, maybe more
Pеople talking without speaking
People hearing without listening
People writing songs that voices never shared
And no one dared disturb the sound of silence
""Fools"", said I, ""You do not know
Silence like a cancer grows
Hear my words that I might teach you
Take my arms that I might reach you""
But my words like silent raindrops, fell
And echoed in the wells of silence
And the people bowed and prayed
To the neon God they made
And the sign flashed out its warning
In the words that it was forming
And the sign said, ""The words of the prophets are written on the subway walls and tenement halls""
And whispered in the sound of silence
And in the naked light, I saw
Ten thousand people, maybe more
People talking without speaking
People hearing without listening
People writing songs that voices never shared
And no one dared disturb the sound of silence";fear
4JPCdSaqs9dJd7RatFSHww;Make It Rain;Fat Joe;hip-hop;62;2006;"Oooooowwwww! (Ha ha, chyeah)
Scotty (Chyeah)
Let's make it rain on these niggas (Joey Crack)
Yeah, I'm in this bitch with the Terror
Got a hand full of stacks, better grab an umbrella
I make it rain, I make it rain (oh!) I'm in this bitch with the Terror
Got a handful of stacks, better grab an umbrella
I make it rain, I make it rain (oh!) make it rain on them hoes
I make it rain, I make it rain (oh!) I make it rain on them hoes
I make it rain, I make it rain (oh!) I make it rain on them hoes
I make it rain, I make it rain (oh!) I make it rain on them hoes
Oww!
Cr-Cr-Crack, Crack, Crack, Crack, Crack, you hear the echo
Man I seen the best go, cause he ain't had that metal
I'm a hustler hustler, a pusher's pusher
You a buster, a customer, I get you some cook up
Yeah Crack is a chemist, I pack an eleven
I'm mackin' the seven, I'll clap at your reverend
I see you in N-Y, I'll send you an invite
You gon' need you a pass, that's the code that we live by
Yeah, I'm in this bitch with the Terror
Got a hand full of stacks, better grab an umbrella
I make it rain, I make it rain (oh!) I'm in this bitch with the Terror
Got a handful of stacks, better grab an umbrella
I make it rain, I make it rain (oh!) make it rain on them hoes
I make it rain, I make it rain (oh!) I make it rain on them hoes
I make it rain, I make it rain (oh!) I make it rain on them hoes
I make it rain, I make it rain (oh!) I make it rain on them hoes
Oww!
Clap, clap, clap
Gotta make that ass clap, gotta make that ass clap
Clap, clap, clap, clap (yeah)
Gotta make that ass clap (yeah) gotta make that ass clap (yeah)
Now why's everybody so mad at the South for?
Change your style up, switch to southpaw
Jada, I was listenin'
So I made 'em a anthem to make some dividends
Lil' mama tryna hit me with that shoulder lean
This cut co Crack and I control the team
Couple bricks stacked on that triple beam
My dirty bro sippin' that promethazine
That ganja green, that Cali weed
A nigga lose his life tryna roll on me
Now, yup yup, we get it, no if ands about it
And the rain keep fallin', even when it's droughted
Yeah, I'm in this bitch with the Terror
Got a hand full of stacks, better grab an umbrella
I make it rain, I make it rain (oh!) I'm in this bitch with the Terror
Got a handful of stacks, better grab an umbrella
I make it rain, I make it rain (oh!) make it rain on them hoes
I make it rain, I make it rain (oh!) I make it rain on them hoes
I make it rain, I make it rain (oh!) I make it rain on them hoes
I make it rain, I make it rain (oh!) I make it rain on them hoes
Oww!
Mami's body's bangin', she got it, man she does it all
She gets it poppin' with no hands, I make it pour
I make it rain on 'em, I'm layin' game to 'em
I got some misses to tattoo my name on 'em
Gotta get that baby love, gotta get my paper up
Gotta stay strapped ASAP
'Case y'alls hate Crack and wanna rain on us
And you know what it is, yeah it's them powder kids
And we know how to bid, so we don't give a shit
Yeah, I'm in this bitch with the Terror
Got a hand full of stacks, better grab an umbrella
I make it rain, I make it rain (oh!) I'm in this bitch with the Terror
Got a handful of stacks, better grab an umbrella
I make it rain, I make it rain (oh!) make it rain on them hoes
I make it rain, I make it rain (oh!) I make it rain on them hoes
I make it rain, I make it rain (oh!) I make it rain on them hoes
I make it rain, I make it rain (oh!) I make it rain on them hoes
Oww!
Calca
TS, BX niggas
Khaled
Scott Storch, my nigga
Yeah
Tony Sunshine, I see you nigga
Uh-huh
Brrat!";fear
2lnzGkdtDj5mtlcOW2yRtG;Whenever, Wherever;Shakira;pop;80;2001;"Lucky you were born that far away so
We could both make fun of distance
Lucky that I love a foreign land for
The lucky fact of your existence
Baby, I would climb the Andes solely
To count the freckles on your body
Never could imagine there were only
Ten million ways to love somebody
Le-do-lo-le-lo-le
Le-do-lo-le-lo-le
Can't you see?
I'm at your feet
Whenever, wherever
We're meant to be together
I'll be there, and you'll be near
And that's the deal, my dear
Thereover, hereunder
You'll never have to wonder
We can always play by ear
But that's the deal, my dear
Lucky that my lips not only mumble
They spill kisses like a fountain
Lucky that my breasts are small and humble
So you don't confuse them with mountains
Lucky I have strong legs like my mother
To run for cover when I need it
And these two eyes, that for no other
The day you leave, will cry a river
Le-do-lo-le-lo-le
Le-do-lo-le-lo-le
At your feet
I'm at your feet
Whenever, wherever
We're meant to be together
I'll be there, and you'll be near
And that's the deal, my dear
Thereover, hereunder
Or up above, down under
We can always play by ear
But that's the deal, my dear
Le-do-lo-le-lo-le
Le-do-lo-le-lo-le
Think out loud
Say it again
Le-do-lo-le-lo-le-lo-le
Tell me one more time
That you'll live lost in my eyes
Whenever, wherever
We're meant to be together
I'll be there, and you'll be near
And that's the deal, my dear
Thereover, hereunder
You've got me head over heels
There's nothing left to fear
If you really feel the way I feel
Whenever, wherever
We're meant to be together
I'll be there, and you'll be near
And that's the deal, my dear
Thereover, hereunder
You've got me head over heels
There's nothing left to fear
If you really feel the way I feel";joy
3NfqN997u9A3YAAafgzhIa;All I Think About Now;Pixies;rock;70;2016;"I try to think about tomorrow
But I always think about the past
About the things that didn’t last
If I could go to the beginning
Then for sure I would be another way
Make it better for today
If I could go to the beginning
I would be another way
Make it better for today
Remember when we were happy?
If I'm late, can I thank you now?
I'm gonna try anyhow
I remember we were happy
That’s all I think about now
That’s all I think about now
I remember we were happy
That’s all I think about now
If you have any doubt
I want to thank you anyhow";fear
2YmJZWGcy0yONMCsEKOuVD;Overcome;Nothing But Thieves;rock;63;2023;"I don't wanna fight
My money's in a bag in the back for you
The future's overdue
Yeah, I know that
Turn the engine on
Our song blaring out a dead radio
Singing ""I Need to Know""
No turning back
I've been thinkin', babe, maybe you're right
When you said the pain weathers in time
We're just waitin' for a change to follow
We don't always get all that we want
Redefine the pain to something more
And we shall overcome as we've done before
Scrolling through a life
I barely rеcognised from a hotel room
Took in the lonеly view
Got unattached (Hey)
Bringer of the calm
Your arms wrapped around when the fever took
Thought I was gone for good
You brought me back
I've been thinkin', babe, maybe you're right
When you said the pain weathers in time
We're just waitin' for a change to follow
We don't always get all that we want
Redefine the pain to something more
And we shall overcome as we've done before (Oh)
It's when we lean in, into the moment
It's when we're reachin' through the divide
It's when we begin feelin' the open
It's when the stranger's fallen behind
When we shake off the darkness and harness the light
I've been thinkin', babe, maybe you're right
When you said the pain weathers in time
We're just waitin' for a change to follow
We don't always get all that we want
Redefine the pain to something more
And we shall overcome as we've done before
And we shall overcome as we've done before
And we shall overcome as we've done before";sadness
2eSJflipjhSKLExuSwuFrO;What's Luv? (feat. Ashanti);Fat Joe;hip-hop;71;2002;"""Rub your face off the Earth and curse your family children
Like Amityville drill the nerves in your cavity filling""
I mean, he always came off as the guy in charge, and Fat Joe, *sample lyric from Twins* I mean, he's not bad, I don't want you to think that he sucks, but… he's… when your standing next to:
""A villain without remorse, who's willing to out your boss
Forever and take all the cheddar like child support""
You're gonna look like second in command, whoever you are. And in addition, it was kinda Big Pun who became more popular than him in such a short amount of time, with hits like ""Still Not a Player"" charting around 98, and Fat Joe not really having a big hit until 2002 with this song ""What's Luv"", and guess what? Both of them were ""Thugs Need Love Too"", songs. Although like I've always said, you can talk about anything as long as you make it interesting, and with Pun, he had the asshole rap personality down pat. You see, the man was so brash and upfront with his delivery, it was kind of endearing:
""Bet Ya Man Can't do it like this
He can't work the middle, cause his thang too little""
""I don't wanna be a player no more
(I'm not a player, I just fuck a lot)""
And that's what made him likable: the over-the-topness of his lyricism made him enjoyable to listen to, as well as having outstanding rhyming abilities, and in addition, Pun was just more fun. I mean, for a guy who looked like this… he knew that he had to do something to compensate for his appearance, and so when making a love… okay, it's just a sex song, there's nothing lovey dove about this:
""I rip my prick through ya hooters
I'm sick, you couldn't measure my dick with six rulers""
But, when making this kind of song, he always came off as a guy who did not take himself too seriously
""Litte brown hairs everywhere""
However, with Fat Joe… well, like I said, he's not bad, he just came off like he was trying to fit in with the crowd and not stand out at all. I mean, for God's sake, he had Ashanti singing the chorus, who was, at the time, the go to ""Thugs need love"" singer for Ja Rule's songs. In fact…
What's love? (Got to do, got to do with it babe) {Yeah, Yeah, Y'All}
What's love?
Is that Ja Rule on the chorus with Ashanti? Well, he's not in the video, but that's obviously his voice. Jeez, Fat Joe, were you just trying to trick people into thinking this was a Ja Rule song? I mean, he doesn't have a verse anywhere in here, so what other purpose was he here for? Or maybe, his presence was so ubiquitous around this time, the very essence of Ja Rule just started spilling into other ""Thugs need Love too"" songs
*singing*: what's love… *Ja: Got to do… go to do with it, babe*
*look confused* (Just … keep singing) Wha… what's love … *Ja: it should be about us….*
Okay, we've wasted enough time, is this song by itself any good? Well, let's start off by actually looking at that chorus
What's love? (Got to do, got to do with it babe) {Yeah, Yeah, Uh}
Okay, so this is an obvious homage to the Tina Turner Song ""What's Love Got to Do with It""
It's physical
Only logical
You must try to ignore
That it means more than that
Oh what's love got to do, got to do with it
What's love but a second hand emotion
And this song is about a woman trying to protect her feelings by devaluing the idea of love as nothing more than a chemical reaction to an arousing stimuli so that she can convince herself that it's meaningless. It's about someone who doesn't want to be hurt again, and it uses the verses to build up to the theme of the chorus. Okay… so what's THIS song about
What's love? (Got to do, got to do with it babe) {Yeah, Yeah, Uh}
So, they just start the song with ""What's Love Got to Do with it""… with what? What's love got to do with what? What are you referring to when you say ""it""? What, was there something in the intro I missed? What did they say there?
""Irv Gotti!""
What's love got to do with Irv Gotti? The point I'm trying to make is, when you have a phrase like, ""What's Love Got to do with it?"", you need to have a lyric that it has something to do with first. I know what you're referring to, but you haven't told me why you're referring to it. It just feels like, ""Hey, you know this song exists, so we're referencing it!"" And that's not even in Rap Music, that's English! A pronoun like ""it"", refers to a noun, something you did not give me! But wait, I'm getting ahead of myself. Maybe they explain
What's love? It should be about us, it should be about trust babe
Okay, so now we're given a little context! She's saying that love SHOULD be about them being together, and it SHOULD be about trust. Okay, so from that, I can assume that the singer and rapper are in a relationship, and things aren't going so well in that relationship. Well, let's see how the rapper, Fat Joe responds to what she says
Yeah, slow down baby
Let you know from the gate I don't go down lady
*long pause*… well--*cut*
Girl you get me aroused how you look in my eye
But you talk to much man your ruinin' my high
…Well--*cut*
You say you gotta man & your in love
Okay, BACK UP a minute! Let me try to figure this out. So, the chorus is all about how Love is supposed to be about trust and being together. I got that. And then, the first thing you thought to say to jump off from that is...
Yeah, slow down baby
Let you know from the gate I don't go down lady
So, this is kinda the conversation I'm picturing here:
Girl: Hey, babe, I love you, but I just want to make sure that our relationship is based on us trusting eachother
Guy: I don't do oral sex
Girl:… okay, I don't think that directly relates to what I was talking about…
Guy: …you can… ""Trust"" that I'll never do oral sex?
Girl: This isn't gonna work out…
And NEXT, you say
Girl you get me aroused how you look in my eye
But you talk to much man your ruinin' my high
Which is not exactly the most romantic follow-up to telling a girl you won't go down on her
You say you gotta man and you're in love
Wha, wait a minute, wait a minute… YOU'RE not her boyfriend? Well, who the hell are you? Wait, are you the person that she's cheating on her boyfriend with? I guess that gives the chorus better context, because now it's like she's saying ""I'm cheating on my boyfriend purely because I want to have sex with you, so what does love have to do with what we're doing?"" My question is, ""who said it did?"" If you're obviously only having a one night stand with this guy, and you have a freaking boyfriend back home, I'm pretty sure no one's under the assumption that love has anything to do with this, so why did YOU bring it up? That's liking asking ""What do cleaning products have to do with fishing""? Well, nothing, they're not even close to the same category, but now that you brought it up, I think that there must be something there. With this song, if you listen to any of the lyrics, it's obvious that it's not about being in love, it's about sex, but it feels like they threw the word love in there to make people think it's a love song. You see, this is why I hate these ""Thugs need love too"" songs. There's always this air of deception. Like, ""oh we said love a lot in the chorus, but naw, I'm not REALLY trying to get in a relationship"". Dude, just SAY that you want a one night stand. I guarantee you that your groupies are gonna be down for it. You don't need to lie to them
You say you gotta man and you're in love
But what's love gotta do with a little menage
Nothing. Love has nothing inherently to do with a three way. However, if you wanted to, you could go into how one of you may be confusing love for sex, or that someone is conflicted about how they feel about the other, but you never do that. Both of you seem pretty comfortable with what's going on. There's no ambiguity about what's happening here. There shouldn't be this many questions floating around
Me & you
Could just slide for a few
& she could come too
That's love!
That's love? But wait, I thought it was clear that there was no love involved with in this situation! Why does that change now that this third girl is involved. What, do you love her? I don't… ah, whatever...
Mommy, I know you got issues
You gotta man
But you need to understand
That you got something with you
Hold on, is he telling her to go back to her boyfriend? Because it sounds like he's saying, ""Hey girl, you've got a man, but you need to understand that you've got something there. You've got love, and a caring relationship, even though it's not perfect. Well, that'd be interesting… judging from the rest of the song, though, that's probably not what he means, but that last line is so vague, I have no idea what he's talking about. She's got something with her? What, a meatball sub that she didn't finish, i mean,  he is FAT Joe, so, okay, that can't be it, maybe he's just using a vague phrase to talk about how hot she is?
Ass is fat, frame is little
Thought so
Tattoo in your chest with his name in the middle
…Why would you bring that up? Do you, like, get a kick out of knowing the name of the person she's cheating on?
I'm not a hater I just crush a lot
Oh okay, he's not being malicious, like, he doesn't hate the guy who this girl is cheating on, he just really likes sex. Although, I think it's funny that he uses the edited version of the phrase from the Big Pun song ""Still Not a Playa"", because in both cases, I'm pretty sure the edit was intended to mean that he gets easily smitten with a lot of chicks, and you know, develops a crush on them. However, when I first heard the edited version, well, I'll just say that the verb ""crushing"" doesn't exactly lend itself to a positive image when describing the sexual exploits of overweight men. I hope the women were always on top, is what I'm trying to say
Not my fault cause they love the kid
Maybe the chain or the whip
I don't know what it is
You. you don't know what it is? You just, can't figure out why women would possibly be attracted to a popular rapper who brags about popping bottles and driving fancy cars, and your deductive reasoning led you to believe these women were purely attracted to your necklace? Well, gee, Fat Joe, I hate to burst your bubble, but these girls were only attracted to your winning personality. Women just can't get enough of the fact that you tell them they talk too much, and they swoon and sigh over your complete refusal to reciprocate oral sex
You came here with the heart to cheat
So you need to sing the song with me
Yep, you already made the choice to ruin the trust in your relationship. Don't be shy now just because he made a song about it
When I look in your eyes there's no stoppin' me
I want the Don Joey Crack on top of me
She wants that Don Joey Crack on top of her? Like, Fat Joe's butt? I… I didn't know you were into that, Ashanti. No wait, I'm sorry, apparently, one of Fat Joe's aliases is Joey Crack, which I'm guessing was his drug dealing name. Wait, no, No, that doesn't make any sense, since Drug dealers usually use code names that DON'T directly allude to drugs. No respectable drug kingpin would name himself, ""Mikey the illegal drug dealer"". It kinda ruins the point of having a code name. So, no, I'm not convinced: this line is totally about Fat Joe sitting on Ashanti
Don't want your stacks (Yeah)
Just break my back
You know, I don't think her light, airy singing voice is matching the topic she's talking about. Like, she's singing as if she's talking about something innocent, like ""I don't want your cash, just hold my hand!"" when she's actually singing something along the lines of, ""I don't want any money, just rupture my spinal cord"". But hey, maybe she's into that sort of thing. Maybe she just really likes having her body squashed by obese men. I mean, really, listen to this again, and imagine a fat guy across the room about to bellyflop Ashanti
""Come on… and put it oooon me…. on me…""
*imitating Ashanti's portly lover*: ""I'mma put it on ya, girl!""
Okay, that's enough of that. Overall, I'd give this song a 2.5 out of 5. The beat's fun, and admittedly, the chorus is enjoyable enough to sing along to, but it all falls apart as soon as you start to look into the construction of the lyrics. Fat Joe, while not terrible, seems to just lack the energy and personality it takes to make this type of song forgivable, so I'm just left with yet another bland character who has sex with someone else's girlfriend, and when you don't do or say anything to liven it up, fellas, it gets kinda old. Well, I'm the Rap Critic, I analyze the lyrics, because no one else does *comes towards the camera*";disgust
7B1GW9WZj5oTCCZ0X2SAbv;Get a Little Closer;Pretty Ricky;hip-hop;47;2005;"Yeah
Lick it from the front, hit you from the back (From the back)
Freak you in my whip, baby, just relax (Baby, relax)
Lick it from the front, hit you from the back (Lick it from the back)
Freak you in my whip, baby, just relax (Woo)
Can we get a lil' closer, baby?
I wanna get to know you, lady
Me and you is like night and day (Like night and day)
'Cause ya seem so far away, shawty
Can we get a lil' closer, baby?
I wanna get to know you, lady
Me and you is like night and day (Like night and day)
'Cause ya seem so far away, shawty
Count my paper, stack my weight up
She's a gold digger, but I ain't gone hate her
I'd still date her, cut her like a brand new razor
Fine like some old wine in the 'frigerator
Too much flavor, sweeter than Now and Laters
Hook her then bait her, receive her like the Raiders
I'm that player, I'm that ballin' regulator
Crushin' haters in the baby blue gator
Now foxy thang come closer, I wanna get to know ya
Got some tricks up my sleeve I really wanna show ya
Caressin' and holdin' ya, kissin' ya toes and uh
Openin' doors for ya and walkin' in the cold for ya
What else I gotta do just to make your body mines?
'Cause goddamn ya fine and I wanna spend time, I ain't lyin'
I wanna whisper in your ear like a singer
I'm a pro player, call me Wayne, ha, Zinger
Can we get a lil' closer, baby?
I wanna get to know you, lady
Me and you is like night and day (Like night and day)
'Cause ya seem so far away, shawty
Can we get a lil' closer, baby?
I wanna get to know you, lady
Me and you is like night and day (Like night and day)
'Cause ya seem so far away, shawty
Lick it from the front, hit you from the back (From the back)
Freak you in my whip, baby, just relax (Baby, relax)
Lick it from the front, hit you from the back (Lick it from the back)
Freak you in my whip, baby, just relax (Woo)
I really wanna lay you down
When I touch down in your town (Your town)
Baby, let me break you off (Ohh, baby)
I really wanna lay you down
When I touch down in your town (Your town)
Baby, let me break you off
Now only I scratch, nibble, but I don't bite
Got me paralyzed off your sexy hips and your thighs
A la ooh, gasolina wanna jump on your trampolina
Got them bombinas in the winner
Mama come her now I wanna spend the night
I make the crowd go wild like Holyfield won the fight
You my dynasty how ya rock a fella world
Plus you from the projects, you remind me of my poor little rich girl
Now baby girl, come closer, closer (Closer)
I got some thangs I wanna show ya, I wanna show ya (Show ya)
Now baby girl come closer, closer (Come closer)
I got some thangs I wanna show ya, yeah, yeah
Lemme double that, lemme double that
Can we get a lil' closer, baby?
I wanna get to know you, lady
Me and you is like night and day (Like night and day)
'Cause ya seem so far away, shawty
Can we get a lil' closer, baby?
I wanna get to know you, lady
Me and you is like night and day (Like night and day)
'Cause ya seem so far away, shawty
Lick it from the front, hit you from the back (From the back)
Freak you in my whip, baby, just relax (Baby, relax)
Lick it from the front, hit you from the back (Lick it from the back)
Freak you in my whip, baby, just relax (Woo)
I really wanna lay you down
When I touch down in your town (Your town)
Baby, let me break you off (Ohh, baby)
I really wanna lay you down
When I touch down in your town (Your town)
Baby, let me break you off";anger
1D4PL9B8gOg78jiHg3FvBb;Love Story;Taylor Swift;pop;76;2008;"We were both young when I first saw you
I close my eyes and the flashback starts
I'm standing there
On a balcony in summer air
See the lights, see the party, the ball gowns
See you make your way through the crowd
And say, ""Hello""
Little did I know
That you were Romeo, you were throwing pebbles
And my daddy said, ""Stay away from Juliet""
And I was crying on the staircase
Begging you, ""Please don't go,"" and I said
Romeo, take me somewhere we can be alone
I'll be waiting, all there's left to do is run
You'll be the prince and I'll be the princess
It's a love story, baby, just say, ""Yes""
So I sneak out to the garden to see you
We keep quiet 'cause we're dead if they knew
So close your eyes
Escape this town for a little while, oh, oh
'Cause you were Romeo, I was a scarlet letter
And my daddy said, ""Stay away from Juliet""
But you were everything to me
I was begging you, ""Please don't go,"" and I said
Romeo, take me somewhere we can be alone
I'll be waiting, all there's left to do is run
You'll be the prince and I'll be the princess
It's a love story, baby, just say, ""Yes""
Romeo, save me, they're trying to tell me how to feel
This love is difficult, but it's real
Don't be afraid, we'll make it out of this mess
It's a love story, baby, just say, ""Yes""
Oh, oh
But I got tired of waiting
Wondering if you were ever coming around
My faith in you was fading
When I met you on the outskirts of town and I said
""Romeo, save me, I've been feeling so alone
I keep waiting for you, but you never come
Is this in my head? I don't know what to think""
He knelt to the ground and pulled out a ring, and said
""Marry me, Juliet, you'll never have to be alone
I love you and that's all I really know
I talked to your dad, go pick out a white dress
It's a love story, baby, just say 'Yes'""
Oh, oh, oh
Oh, oh, oh
'Cause we were both young when I first saw you";fear
4OiSO4RZwrDE4THvfhyRPG;Drugs/Hoes/Money/Etc.;$uicideboy$;hip-hop;69;2015;"Counting sheep until I'm sound asleep
I'm lounging deep in a grave I found without a sound or peep
I lay in the ground
Six (Six) feet
$lick as sleet, sneakin' a beat
Let the breath leak out my mouth
Bitch, I want your skull, fuck what's under your skirt
You broke my heart, and now I'ma, I'ma make you hurt
Stomp you on the curb, and then I'll throw you in the dirt
Give you back to the Earth
Girl, you were something special, yeah, you were my fucking first
You wanna cuddle?
We can cuddle in the back of the fucking hearse
(We can cuddle in the back of the fucking hearse)
I don't need your sympathy, make them bitches sing for me
Caught up in reality, smokin' on some fantasy
Put the gun against my head, pull the trigger now I'm dead
Bitches wanna count my bread, only let them give me head
Sleeping in a tulip bed, smokin' green and seeing red
Loading up the clip with lead, trigger finger soft as thread
No jewels and no chains, I like it that way
Don't know what I'm up to until that Glock in your face
I pop that bitch, and I spray
Got these hoes on delay
All it take is one word, they do whatever I say
(All it take is one word, they do whatever I say)";anger
2wGSgTmgSF3xjRrHkTc25R;Hate It Or Love It;The Game;pop;82;2005;"Yeah, let's take 'em back
Uh-huh
Coming up I was confused, my mommy kissing a girl
Confusion occurs coming up in the cold world
Daddy ain't around, probably out committing felonies
My favorite rapper used to sing, ""Check, check out my melody""
I wanna live good so, shit, I sell dope
For a four finger ring, one of them gold ropes
Nana told me if I passed I'd get a sheepskin coat
If I can move a few packs I'd get the hat, now that'd be dope
Tossed and turned in my sleep that night
Woke up the next morning, niggas had stole my bike
Different day, same shit, ain't nothing good in the hood
I'd run away from this bitch and never come back if I could
Hate it or love it, the underdog's on top
And I'm gon' shine, homie, until my heart stop
Go 'head envy me, I'm rap's M.V.P
And I ain't going nowhere, so you can get to know me
Hate it or love it, the underdog's on top
And I'm gon' shine, homie, until my heart stop
Go 'head envy me, I'm rap's M.V.P
And I ain't going nowhere, so you can get to know me
(G-G-G-G-G-Unit!)
On the grill of my lowrider
Guns on both sides, right above the gold wires
I'll fo'-five 'em, kill a nigga on my song
And really do it, that's the true meaning of a ghostwriter
G's will take your daughter out her Air Forces
Believe you me, homie, I know all about losses
I'm from Compton, wear the wrong colors, be cautious
One phone call I'll have your body dumped in Marcy
I stay strapped like car seats
Been bangin' since my lil' nigga Rob got killed for his Barkleys
That's 10 years, I told Pooh in '95
I'll kill you if you try me for my Air Max 95's
Told Banks when I met him I'ma ride
And if I gotta die, I'd rather homicide
I ain't have 50 cent when my grandmama died
Now I'm going back to Cali
With my Jacob on, see how time fly?
Hate it or love it, the underdog's on top
And I'm gon' shine, homie, until my heart stop
Go 'head envy me, I'm rap's M.V.P
And I ain't going nowhere, so you can get to know me
Hate it or love it, the underdog's on top
And I'm gon' shine, homie, until my heart stop
Go 'head envy me, I'm rap's M.V.P
And I ain't going nowhere, so you can get to know me
From the beginning to the end
Losers lose, winners win
This is real, we ain't got to pretend
The cold world that we in is full of pressure and pain
Enough of me, nigga, now listen to Game
Used to see Five-O, throw the crack by the bench
Now I'm fuckin' with 5-0, it's all starting to make sense
My mom's happy, she ain't gotta pay the rent
And she got a red bow on that brand new Benz
Waiting on Sha Money to land, sitting in the Range
Thinking how they spent 30 million dollars on airplanes
When there's kids starvin'
Pac is gone and Brenda still throwing babies in the garbage
I wanna know what's going on like I hear Marvin
No schoolbooks, they used that wood to build coffins
Whenever I'm in the booth and I get exhausted
I think, ""What if Marie Baker got that abortion?"" I love you, ma
Hate it or love it, the underdog's on top
And I'm gon' shine, homie, until my heart stop
Go 'head envy me, I'm rap's M.V.P
And I ain't going nowhere, so you can get to know me
Hate it or love it, the underdog's on top
And I'm gon' shine, homie, until my heart stop
Go 'head envy me, I'm rap's M.V.P
And I ain't going nowhere, so you can get to know me";surprise
5RC9YDHON0nXKmcQrL6WV6;Shawty Is Da Shit;The-Dream;hip-hop;65;2007;"Shawty rock to the beat for yo' boy
Shawty (Yeah, yeah, yeah), do it (Ayy)
(Ayy, it's Loso in case you ain't know so)
Rock to the beat for ya boy (Ayy, Dream, let me tell you bout shorty)
Radio killa, killa, killa
Shawty is the sh-sh-sh-sh
Sugar honey iced tea
Prettiest one I see
Little mama icy
They say she a Pisces
I heard they are feisty
You know how to treat her, she'll be sweeter than a Hi-C
Clean up very nicely, shoes are kinda pricey
Match 'em up precisely, good jean, nice tee
Like her food spicy
And she is the same
Hotter than a flame, but I do not know her name
Is it Keisha?
Is it Tisha?
Maybe Lisa?
Or Teresa?
It could be Tia
Maybe Aaliyah
I guess I'll find out one day
For now I'ma say (Ayy)
Shawty fly (Ayy), shawty tight (Ayy)
I shoulda stayed there, all night (Ayy)
With you
With you
I missed ya (Ayy), picked ya (Ayy)
Now it's time I (Ayy)
Get back up with you
Girl, with you
Oh yeah
We used to kick it up at the park
But now she's all grown up (Up, up, up)
Rockin them stilettos
Jumpin' up out that Mercedes truck (Truck)
Oooh
It was Keisha (Oh-ooh), it was Sonia (Oh-ooh)
It was Tanya (Oh-ooh), it was Monique (Oh-ho)
It was Niecy (Oh-ooh), it was Keke (Oh-ooh)
Ayy, now that I see you at twenty-three, all I can say is
(Oh, oh, oh, oh)
(Oh, oh, oh, oh) Man, I don't need no hook for this shit
(Oh, oh, oh, oh)
(Oh, oh, oh, oh) 'Cause shawty right there is the shit (Ayy)
Shit (Ayy)
Shawty is the shit (Ayy)
Shit (Yeah, ayy)
Shawty is the shit (Ayy)
Shit (Ayy)
Shawty, you the shit (Ayy)
You the shit (Oh yeah, oh yeah)
Dior jeans, her walk so mean
Burberry fragrance on my shirt from when she hugged me
Hard as rock when she touched me
Thinkin' now if she would've loved me
What it is, what it ain't, tell me what to do (Ayy)
I know I'm late, but destiny bought me back to you (ay)
Time went by, turned you into a butterfly
I'm here to say, hello, tell yo' nigga, good-bye
It was Keisha (Oh-ooh), it was Sonia (Oh-ooh)
It was Tanya (Oh-ooh), it was Monique (Oh-ho)
It was Niecy (Oh-ooh), it was Keke (Oh-ooh)
Ayy, now that I see you at twenty-three, all I can say is
(Oh, oh, oh, oh)
(Oh, oh, oh, oh) Man, I don't need no hook for this shit
(Oh, oh, oh, oh)
(Oh, oh, oh, oh) 'Cause shawty right there is the shit (Ayy)
Shit (Ayy)
Shawty is the shit (Ayy)
Shit (Yeah, ayy)
Shawty is the shit (Ayy)
Shit (Ayy)
Shawty, you the shit (Ayy)
You the shit (Oh yeah)
If she fine, if shawty a dime
You should tip her (Ayy), you should tip her (Ayy)
If she go, and you love her
You should tip her (Ayy), you should tip her (Ayy)
If she fix you eggs and grits in the mornin'
Man, you should tip her (Ayy), you should tip her (Ayy)
Pancakes with the bacon on the side
You should tip me (Ayy), you should tip me (Ayy)
Shawty rock to the beat for yo' boy (Ayy)
(Oh-ooh, oh-ho) Yeah, yeah, yeah
Rock to the beat for yo boy
Now that I see you at twenty-three, all I can say is
(Oh, oh, oh, oh) Ayy
(Oh, oh, oh, oh) Man, I don't need no hook for this shit
(Oh, oh, oh, oh)
(Oh, oh, oh, oh) 'Cause shawty right there is the shit (Ayy)
Shit (Ayy)
Shawty is the shit (Ayy)
Shit (Yeah, ayy)
Shawty is the shit (Ayy)
Shit (Ayy)
Shawty, you the shit (Ayy)
You the shit (Oh yeah)";surprise
6MXXY2eiWkpDCezVCc0cMH;Good Morning;Kanye West;hip-hop;75;2007;"Uh, uh
Uh, uh
Good mornin'
Good mornin'
Good mornin'
Good mornin'
Wake up, Mr. West, Mr. West
Mr. Fresh, Mr. By Himself, he's so impressed
I mean, damn, did you even see the test?
You got D's, motherfucker, D's, Rosie Perez
And yer ass barely passed any and every class
Lookin' at every ass, cheated on every test
I guess, this is my dissertation
Homie, this shit is basic, welcome to Graduation
Good mornin'
Good mornin'
Good mornin'
Good mornin'
Good mornin', on this day we become legendary
Everythin' we dreamed of
I'm like the fly Malcolm X, buy any jeans necessary
Detroit Red cleaned up
From the streets to the league, from an eighth to a key
But you graduate when you make it up outta the streets
From the moments of pain, look how far we done came
Haters sayin' you changed, now you doin' your thing
Good mornin'
Good mornin'
Good mornin' and—
Good mornin'
Good mornin' and look at the valedictorian
Scared of the future while I hop in the DeLorean
Scared to face the world, complacent career student
Some people graduate, but be still stupid
They tell you, ""Read this, eat this, don't look around
Just peep this, preach this, teach us, Jesus""
Okay, look up now, they done stole yo' streetness
After all of that, you received this
Good mornin'
Hustlers, that's if you're still livin', get on down
Every time that we hear them
Good mornin'
Hustlers, that's if you're still livin', get on down
Every time that we hear them
Good mornin'
Hustlers, that's if you're still livin', get on down
Every time that we hear them
Good mornin'
Hustlers, that's if you're still livin', get on down
Get on down
Get— Get on down
Get on down
Get— Get on down";anger
0BRHnOFm6sjxN1i9LJrUDu;The Anthem;Good Charlotte;pop;76;2002;"Yeah
Here we go
It's a new day, but it all feels old
""It's a good life!"" That's what I'm told
But everything, it all just feels the same
At my high school, it felt more to me
Like a jail cell, a penitentiary
My time spent there, it only made me see
That I don't ever wanna be like you
I don't wanna do the things you do
I'm never gonna hear the words you say
And I don't ever wanna
I don't ever wanna be you
Don't wanna be just like you
Uh, what I'm sayin' is
This is the anthem, throw all your hands up
You, don't wanna be you
""Go to college or university
Get a real job,"" that's what they said to me
But I could never live the way they want
I'm gonna get by and just do my time
Out of step while they all get in line
I'm just a minor threat, so pay no mind
Do you really wanna be like them?
Do you really wanna be another trend?
Do you wanna be part of that crowd?
'Cause I don't ever wanna
I don't ever wanna be you
Don't wanna be just like you
Uh, what I'm sayin' is
This is the anthem, throw all your hands up
You, don't wanna be you
You shake it once, that's fine
You shake it twice, that's okay
You shake it three times
You're playing with yourself again
You, don't wanna be just like you!
What I'm sayin' is
This is the anthem, throw all your hands up
Y'all got to feel me, sing if you're with me
You, don't wanna be just like you (Be just like you)
This is the anthem, throw all your hands up
Y'all got to feel me, sing if you're with me
Another loser anthem (Woah-oh)
Another loser anthem (Woah-oh)
Another loser anthem (Woah-oh)
Another loser anthem";sadness
1aOxOpH4AkGAd8OMrKjyNY;Why Are Sundays So Depressing;The Strokes;rock;68;2020;"I sing a song, I paint a picture
My baby's gone, but I don't miss her
Like a swan, I don't miss swimming
All my friends left, and they don't miss me
Can't take it, babe
Your body talks to me
Like in a movie, babe
I let it resonate, yeah
I want your time (Time, time)
Don't ask me questions (Questions, questions)
That you don't want (Want, want)
The answers to (To, to)
I love you in the morning, so you know it's no lie
You're hidin' in the background but you wanna be found
You've got me on my back and now I've gotta think fast
You're hidin' in the background but you wanna be found
I take it easy, babe, I
I get down, it's automatic, uh
I've come to believin' that
That too much time is evil
I transition in
I'm making your body wait
Like on an aeroplane
Please, baby, take me away, yeah
I want your time (Time, time)
Don't ask me questions (Questions, questions)
That you don't want (Want, want)
The answers to (To, to)
I know
I know
I know
I know
I kinda miss the nine-to-five, yeah
Do those things that you can't hide
I scramble, fight just like a child
Hey, nah, nah, nah, nah, nah, nah, nah, nah
I'm staying hungry, I'm staying hungry
I'm staying hungry, I'm staying hungry
Not getting angry, I'm staying hungry
Not getting angry, still staying hungry
Yeah
Hold on, hold on, hold
The click was always in you, Fab
It was never on
It was never on";sadness
7mldq42yDuxiUNn08nvzHO;Body Like A Back Road;Sam Hunt;rock;70;2017;"Got a girl from the Southside, got braids in her hair
First time I seen her walk by, man I 'bout fell up out my chair
Had to get her number, it took me like six weeks
Now me and her go way back like Cadillac seats
Body like a back road, drivin' with my eyes closed
I know every curve like the back of my hand
Doin' fifteen in a thirty, I ain't in no hurry
I'ma take it slow just as fast as I can
The way she fit in them blue jeans, she don't need no belt
But I can turn them inside out, I don't need no help
Got hips like honey, so thick and so sweet, man
And ain't no curves like hers on them downtown streets
Body like a back road, drivin' with my eyes closed
I know every curve like the back of my hand
Doin' fifteen in a thirty, I ain't in no hurry
I'ma take it slow just as fast as I can
We're out here in the boondocks with the breeze and the birds
Tangled up in the tall grass with my lips on hers
On a highway to heaven, headed south of her smile, mmm
Get there when we get there, every inch is a mile
Body like a back road, drivin' with my eyes closed
I know every curve like the back of my hand
Doin' fifteen in a thirty, I ain't in no hurry
I'ma take it slow just as fast as I can
I'ma take it slow
Just as fast as I can (Body like a back road, drivin' with my eyes closed)
Got braids in her hair (I know every curve like the back of my hand)";fear
5l6hpyTGBK0LAAxgPnqTQL;Look After You;The Fray;pop;84;2005;"If I don't say this now, I will surely break
As I'm leaving the one I wanna take
Forgive the urgency, but hurry up and wait
My heart has started to separate
Oh-oh-oh, oh-oh-oh, be my baby
Oh-oh-oh-oh-oh
Oh-oh-oh, oh-oh-oh, be my baby
I'll look after you
There now, steady love, so few come and don't go
Will you, won't you be the one I'll always know?
When I'm losing my control, the city spins around
You're the only one who knows, you slow it down
Oh-oh-oh, oh-oh-oh, be my baby
Oh-oh-oh-oh-oh
Oh-oh-oh, oh-oh-oh, be my baby
I'll look after you
And I'll look after you
If ever there was a doubt
My love, she leans into me
This most assuredly counts
She says most assuredly
Oh-oh-oh, oh-oh-oh, be my baby
I'll look after you
After you
Oh-oh-oh, oh-oh-oh, be my baby
Oh-oh-oh-oh-oh
It's always have and never hold
You've begun to feel like home, yeah
What's mine is yours to leave or take
What's mine is yours to make your own
Oh-oh-oh, oh-oh-oh, be my baby
Oh-oh-oh-oh-oh
Oh-oh-oh, oh-oh-oh, be my baby
Oh-oh-oh-oh-oh
Oh-oh-oh, oh-oh-oh, be my baby
Oh-oh-oh-oh-oh
Oh-oh-oh, oh-oh-oh, be my baby
Oh-oh-oh-oh-oh";fear
7GVQS66ukm48XZVymA3ZUg;Midwest Indigo;Twenty One Pilots;rock;71;2024;"Reachin' out on my way home
You can be so cold, I'll try again
You make me sad and second-guess myself
You can be so cold
Reachin' out on my way home
You can be so cold, I'll try again
You make me sad and second-guess myself
You can be so cold, Midwest Indigo
Running late so I didn't have the time
To scrape the frosted windshield like we're barely scrapin' by
Concentrate on the little gap in the ice
That seems to be about as wide as our chances
Did you pull up yet? (Not yet)
Did you forgеt we're tight on time?
Rеachin' out on my way home
You can be so cold, I'll try again
You make me sad and second-guess myself
You can be so cold, Midwest Indigo
Cloud coverage matched my outfit to a knife
I requested counsel with the counselor and he cancelled twice
It's a different blue, it's deeper than it's been
I'll be pulling into the parking lot before the heat kicks in
What's your ETA? (Two minutes)
Chill out, man, we're right on time
Reachin' out on my way home
You can be so cold, I'll try again
You make me sad and second-guess myself
You can be so cold, Midwest Indigo
And I want love and sunny days
I'm a bit too old to run away
You make me sad and second-guess myself
You can be so cold
You can be so cold
Midwest Indigo";sadness
2qcllSUyD3gKbfh9NEjARW;My Block - Nitty Remix;2Pac;hip-hop;57;2002;"Damn, take a ride to my block
My block, that's right! Hehe
'Round my motherfuckin' way
They got a nigga sheddin' tears, reminiscin' on my past fears
‘Cause shit was hectic for me last year
It appears that I've been marked for death, my heartless breast
The underlying cause of my arrest: my life is stressed
And no rest, forever weary; my eyes stay teary
For all the brothers that are buried in the cemetery
Shit is scary, how black-on-black crime legendary
But at times unnessecary, I'm gettin' worried
Teardrops and closed caskets, the three strikes law is drastic
And certain death for us ghetto bastards
What can we do when we're arrested but open fire?
Life in the pen' ain't for me ‘cause I'd rather die
But don't cry through your despair
I wonder if the Lord still cares for us niggas on welfare
And who cares if we survive?
The only time they notice a nigga is when he's clutchin' on a 4-5
My neighborhood ain't the same, ‘cause all these little babies goin' crazy and they sufferin' in the game
And I swear it's like a trap
But I ain't given up on the hood, it's all good when I go back
Hoes show me love, niggas give me props
Forever hot, ‘cause it don't stop – on my block
Livin' life is but a dream
Hard times is all we seen (on my block)
Every block is kind to me
But on the block we still pray
But on the block we still pray
Now shit's constantly hot on my block
It never fails to be gunshots
Can't explain a mother's pain when her son drops
Black males livin' in hell, when will we prevail?
Fearin' jail, but crack sales got me livin' well
And in a sense I'm suicidal with this Thug's Life
Stayin' strapped, forever trapped in this drug life
God, help me, ‘cause I'm starvin', can't get a job
So I resort to violent robberies, my life is hard
Can't sleep ‘cause all the dirt make my heart hurt
Put in work and shed tears for my dead peers
Mislead from childhood where I went astray
'Til this day I still pray for a better way
Can't help but feel hopeless and heartbroke
From the start, I felt the racism ‘cause I'm dark
Couldn't quit, the bullshit make me represent
Hit the bar and played the star everywhere I went
In my heart I felt alone, out here on my own
I close my eyes and picture home – on my block
Livin' life is but a dream
Hard times is all we seen (on my block)
Every block is kind to me
But on the block we still pray
But on the block we still pray
And I can't help but wonder why so many young kids had to die
Caught strays from AK's in a drive-by
Swollen pride and homicide don't coincide
Brothers cry for broken lives – Mama, come inside!
‘Cause our block is filled with danger
Used to be a close knit community
But now we're all cold strangers
Time changes us as to stone, them crack pipes
All up and down the block exterminatin' black life
But I can't blame the dealers; my mama's welfare check has brought the next man chrome wheels
Shit's real, I know you feel my tragedy
A single mother with a problem child, daddy free
Hangin' out, pickin' up game, sippin' cheap liquor
Gamin' the hoochies, hopin' I can get to sleep with her
It's a man's world, stayin' strapped
Fantasies of a nigga livin' phat but held back
Pipe dreams can make the night seem hopeless
Wide eyed and losin' focus – on my block
Livin' life is but a dream
Hard times is all we seen (on my block)
Every block is kind to me
But on the block we still pray
But on the block we still pray
And block parties in the projects lastin' way past daylight
A young nigga learned to break night
Used to play fight with my homies, but they stuck in the pen'
I send them ends, but it's tough on a friend
In my mind I see the same motherfuckers ballin'
Alcohol will make a lazy nigga slip and fall, miss his call
I know the young niggas understand this
Growin' up in this world where everything is scandalous
I reminisce on the fast times, past crimes
Tryin' to cop a slice of pizza with my last dime
Can't explain, just what attracts me to this dirty game
Gold chains, some extra change, and the street fame
And what's strange is everybody know my name
Swear they all know me, and lots of cash make a nigga change
I hit the green just to maintain, feelin' pain
For all the niggas that I lost to the game – from my block
Livin' life is but a dream
Hard times is all we seen (on my block)
Every block is kind to me
But on the block we still pray
But on the block we still pray
But on the block we still pray
But on the block we still pray
But on the block we still pray
But on the block we still pray
Rest in peace to all the motherfuckers that passed away
From all the blocks that I'm from
street, 7th Avenue, New York, Uptown, knahmsayin'?
rd and Walt, my block – that's right
nd and Morningside, my block – that's right
Decatur Avenue, Baltimore, my block – that's right
And the Jungle, Marin City, that's my block – that's right
Los Angeles, haha – that's my block too
Oakland, can't forget Oaktown – that's my block for sure
And all the other blocks around this motherfucker
Houston, Florida, St. Louis, Tennessee, Miami, Chicago
All y'all niggas stay kickin' up dust
Represent the motherfuckin' block";sadness
5EcG8eMMlwkHRVa4aTR1qd;Breakin' Dishes;Rihanna;pop;77;2007;"Ow-ow (Ow-ow)
Ow-ow (Ow-ow)
Ow-ow (Ow-ow-ow)
I don't know who you think I am
I don't know who you think I am
I don't know who you think I am
I don't know who you think I am
(Ow)
He been gone (Gone) since 3:30 (3:30)
Been coming home lately at 3:30 (3:30)
I'm super cool, I've been a fool
But now I'm hot, and, baby, you gon' get it
Now, I ain't trippin', I, I ain't twisted, I
I ain't demented, ha, well, just a lil' bit, huh?
I'm kickin' ****, I'm taking names
I'm on flame, don't come home, babe
I'm breakin' dishes up in here, all night (Uh-huh)
I ain't gon' stop until I see police lights (Uh-huh)
I'ma fight a man tonight, I'ma fight a man tonight
I'ma fight a man, a man, a ma-e-a-a-an
A man, a man, a ma-e-a-a-an, oh
I'm still waitin', come through the door
I'm killin' time, you know, bleachin' your clothes
I'm roastin' marshmallows on the fire
And what I'm burnin', ah, is your attire
I'm gettin' restless, I'm gettin' tested
And I can't believe he's always out every night and never checks in
Is he cheatin'? Man, I don't know
I'm lookin' 'round for somethin' else to throw
I'm breakin' dishes up in here, all night (Uh-huh)
I ain't gon' stop until I see police lights (Uh-huh)
I'ma fight a man tonight, I'ma fight a man tonight
I'ma fight a man, a man, a ma-e-a-a-an
A man, a man, a ma-e-a-a-an, oh
(Ah) I don't know who you think I am (I don't know who you think I am)
But I really don't give a damn right now
(Ah) If you don't come, I'ma huff and puff and blow this, blow this, oh
Blow this, blow this
I'ma blow this, blow this, oh
Blow this, blow this
I'ma blow this, blow this, oh
Blow this house, house down
Dishes, breakin' dishes, breakin' dishes
I'm breakin' dishes up in here, all night (Uh-huh)
I ain't gon' stop until I see police lights (Uh-huh)
I'ma fight a man tonight, I'ma fight a man tonight
I'ma fight a man, a man, a ma-e-a-a-an
A man, a man, a ma-e-a-a-an
Fight a man, a man, a ma-e-a-a-an
A man, a man, a ma-e-a-a-an, oh
Breakin' (Dishes, dishes, dishes)
Breakin' (Dishes, dishes, dishes)";disgust
3U0UXxBIfjUsJ8RtxoxUFn;Monolith;Twin Tribes;rock;64;2023;"Trust in me, I will rise
Through the fire, in the sky
Set me free, ancient lies
Is this peace divine? The light will cast me aside
Me envenena, te envenena
Me envenena, te envenena
Trust in me, as I am
Shattering inside
The vision upon us, the memory remains
Nothing to defy, the light will cast me aside
Bring me to silence, a rite for the heart
Bring me to silence, through the light
Bring me to silence, a rite for the heart
Bring me to silence, through the light
Me envenena, te envenena
Me envenena, te envenena
Bring me to silence, a rite for the heart
Bring me to silence, through the light
Bring me to silence, a rite for the heart
Bring me to silence, through the light
Bring me to silence, a rite for the heart
Bring me to silence, through the light
Bring me to silence, a rite for the heart
Bring me to silence, through the light
Me envenena, te envenena
Me envenena, te envenena";fear
1xLs8Mu1QEVbGCpyHQ2r2U;Why;Dominic Fike;rock;71;2020;"Yeah
You ever wonder why-y-y-y-y? (Why)
Why-y-y-y-y? Why-y-y-y-y?
You ever wonder why-y-y-y-y? (Why)
Why-y-y-y-y? Why-y-y-y-y?
Said the lady with the long legs in the lawn chair
She like the strings on my guitar neck and my blonde hair
I write about her thighs in my latest lines
I remember her eyes when I asked her why
Why would you pay for this apartment you don't belong in?
You take this shit from all your bosses and all your boyfriends
I guess I get surprised when you let it slide
But it's no business of mine how you waste your time
Yeah
Don't crash, don't text, go renew your tags
No sex, no sleep, just that job
I bet you miss what you had
You can't get no sleep at night
Do you ever wonder why everyone is out to get you every day
Or do you question anything?
How many warnin' signs 'til it hits you, darling?
Gravity's your friend
You fall out of touch sometime
But your history calls you back to it again
Too many factors to be sure
So many reasons to think twice
And nobody asked you to before
But do you ever wonder why-y-y-y-y? (Why)
Why-y-y-y-y? Why-y-y-y-y?
You ever wonder why-y-y-y-y? (Why)
Why-y-y-y-y? Why-y-y-y-y?
You ever wonder why?
Why, why?";surprise
6KOtheMY0KN4s9TrQHr9It;She's A Rainbow;The Rolling Stones;rock;64;2020;"She comes in colours everywhere
She combs her hair
She's like a rainbow
Coming colours in the air
Oh, everywhere
She comes in colours
She comes in colours everywhere
She combs her hair
She's like a rainbow
Coming colours in the air
Oh, everywhere
She comes in colours
Have you seen her dressed in blue?
See the sky in front of you
And her face is like a sail
Speck of white, so fair and pale
Have you seen a lady fairer?
She comes in colours everywhere
She combs her hair
She's like a rainbow
Coming colours in the air
Oh, everywhere
She comes in colours
Have you seen her all in gold?
Like a queen in days of old
She shoots colours all around
Like a sunset going down
Have you seen a lady fairer?
She comes in colours everywhere
She combs her hair
She's like a rainbow
Coming colours in the air
Oh, everywhere
She comes in colours
She's like a rainbow
Coming colours in the air
Oh, everywhere
She comes in colours";disgust
5E4jBLx4P0UBji68bBThSw;Another Love;Tom Odell;pop;69;2013;"I wanna take you somewhere so you know I care
But it's so cold and I don't know where
I brought you daffodils in a pretty string
But they won't flower like they did last spring
And I wanna kiss you, make you feel alright
I'm just so tired to share my nights
I wanna cry and I wanna love
But all my tears have been used up
On another love, another love
All my tears have been used up
On another love, another love
All my tears have been used up
On another love, another love
All my tears have been used up
Up
Oh-oh-oh-oh-oh-oh-oh
Oh-oh-oh-oh-oh-oh-oh
And if somebody hurts you, I wanna fight
But my hand's been broken one too many times
So I'll use my voice, I'll be so fucking rude
Words, they always win, but I know I'll lose
And I'd sing a song that'd be just ours
But I sang 'em all to another heart
And I wanna cry, I wanna learn to love
But all my tears have been used up
On another love, another love
All my tears have been used up
On another love, another love
All my tears have been used up
On another love, another love
All my tears have been used up
Up
Oh-oh-oh-oh-oh-oh-oh
Oh-oh-oh-oh-oh-oh-oh
(Oh, need a love, now)
(My heart is thinking of)
I wanna sing a song that'd be just ours
But I sang 'em all to another heart
And I wanna cry, I wanna fall in love
But all my tears have been used up
On another love, another love
All my tears have been used up
On another love, another love
All my tears have been used up
On another love, another love
All my tears have been used up
Up";sadness
1Yuim9eHBfG8YUJII28XDF;Figured You Out;Nickelback;rock;68;2003;"I like your pants around your feet
And I like the dirt that's on your knees
And I like the way you still say please
While you're looking up at me
You're like my favourite damn disease
And I love the places that we go
And I love the people that you know
And I love the way you can't say no
Too many long lines in a row
I love the powder on your nose
And now I know who you are
It wasn't that hard, just to figure you out
(Now I did, you wonder why)
And now I know who you are
It wasn't that hard, just to figure you out
(Now I did, you wonder why)
I like the freckles on your chest
And I like the way you like me best
And I like the way you're not impressed
While you put me to the test
I like the white stains on your dress
And I love the way you pass the check
And I love the good times that you wreck
And I love your lack of self-respect
While you're passed out on the deck
I love my hands around your neck
And now I know who you are
It wasn't that hard, just to figure you out
(Now I did, you wonder why)
And now I know who you are
It wasn't that hard, just to figure you out
(Now I did, you wonder why)
(Why not before? You never tried)
(Gone for good, and this is it)
I like your pants around your feet
And I like the dirt that's on your knees
And I like the way you still say please
While you're looking up at me
You're like my favorite damn disease
And I hate the places that we go
And I hate the people that you know
And I hate the way you can't say no
Too many long lines in a row
I hate the powder on your nose
And now I know who you are
It wasn't that hard, just to figure you out
(Now I did, you wonder why)
And now I know who you are
It wasn't that hard, just to figure you out
(Now I did, you wonder why)
(Why not before? You never tried)
(Gone for good, and this is it)";joy
4LpUpiYoZ2M3Z1kmhn4EQo;Still Beating;Mac DeMarco;rock;75;2017;"I never meant to make her cry
And now I'm seeing tears in her eyes
Half and half, make believe
'Cause so she thought, well, my heart was on my sleeve
Honey, I cried, too
You better believe it
Honey, my heart still beats for you
Even though you don't feel it
Beating
Never thought some silly songs
Could ever go and hurt someone
I never meant to sing my tune
For anybody else out there but you
Honey, I cried, too
You better believe it
Honey, my heart still beats for you
Even though you don't feel it
Honey, I cried, too
You better believe it
Honey, my heart still beats for you
Even though you don't feel it beating";sadness
4tqcoej1zPvwePZCzuAjJd;Wet Dreamz;J. Cole;hip-hop;83;2014;"Cole
Cole world
Yeah
Let me take y'all back, man
As I do so well
Wadn't nuttin' like that
Man, it wadn't nuttin' like that
First time, she was in my math class (Uh-huh)
Long hair, brown skin with the fat ass
Sat beside me, used to laugh, had mad jokes
The teacher always got mad, so we passed notes
It started off so innocent
She had a vibe and a nigga started diggin' it, uh
I was a youngin, straight crushin', tryna play the shit cool
But a nigga couldn't wait to get to school, ‘cause when I seen
Them thighs on her and them hips on her and them lips on her
Got me daydreamin', man, what
I'm thinkin' how she rides on it, if she sits on it, if she licks on it
Make it hard for me to stand up, as time goes by
Attractions gettin' deep and
Wet dreamin', thinkin' that I'm smashin' but I'm sleepin', I want it bad
And I ain't never been obsessed before
She wrote a note that said, ""You ever had sex before?"" Damn…
And I ain't never did this before, no
And I ain't never did this before, no
And I ain't never did this before, no
And I ain't never did this before, no
And I ain't never did this before, no
I ain't never did this before, no
And I ain't never did this before, no
And I ain't never did this before, no
I wrote back and said
""Of course I had sex before,"" knowin' I was frontin'
I said, ""I'm like a pro, baby,"" knowin' I was stuntin'
But if I told the truth, I knew that I'd get played out, son
Hadn't been in pussy since the day I came out one, but
She don't know that, so she done wrote back and told me
""Oh, you a pro, homie? Well, I want you to show me
My mama gone for the weekend
So Saturday, baby, we can get to freakin'.""
That's when my heart start racin' and my body start sweatin'
Baby, you done woke my lil' man up
I'm thinkin' how that body look naked when you layin' on the bed
Teacher, please, don't make me stand up, I wrote back like
""Yeah, baby, sound like a plan.""
Still tryna play it cool, sound like the man
But I was scared to death, my nigga, my stomach turnin'
Talkin' shit, knowin' damn well I was a virgin, fuck
And I ain't never did this before, no
And I ain't never did this before, no
And I ain't never did this before, no
And I ain't never did this before, no
And I ain't never did this before, no
I ain't never did this before, no
And I ain't never did this before, no
And I ain't never did this before, no
Yeah, you know that feelin' when you
Know you finna bone for the first time?
I'm hopin' that she won't notice it's my first time
I'm hopin' that my shit is big enough to fuck wit'
And most of all I'm prayin', ""God, don't let me bust quick""
I'm watchin' pornos, tryna see just how to stroke right
Practice puttin' condoms on—how it go? Right
I'm in her crib, now a nigga palm sweatin'
With a pocket full of rubbers and an erection
That's when my hands start touchin' and her face start blushin'
And a nigga roll over on top and then she
Get my pants unbuckled and her hands start rubbin'
On me, ooh girl, don't stop, it's time for action
Pull out the condoms real smooth, yeah, just how I practiced
But right before I put it in, she flinched and grabbed it and said
""I wanna get somethin' off my mental
I can tell you're a pro, but baby, be gentle, ‘cause—""
‘Cause I ain't never did this before, no
And I ain't never did this before, no
And I ain't never did this before, no
And I ain't never did this before, no
And I ain't never did this before, no
I ain't never did this before, no
And I ain't never did this before, no
And I ain't never did this before, no";disgust
1htQDV8JxSuXG2QsNj5ttr;Last Friday Night (T.G.I.F.);Katy Perry;pop;81;2010;"There's a stranger in my bed
There's a pounding in my head
Glitter all over the room
Pink flamingos in the pool
I smell like a minibar
DJ's passed out in the yard
Barbies on the barbecue
This a hickey or a bruise?
Pictures of last night ended up online
I'm screwed, oh well
It's a blacked-out blur, but I'm pretty sure it ruled
Damn
Last Friday night, yeah, we danced on tabletops
And we took too many shots, think we kissed, but I forgot
Last Friday night, yeah, we maxed our credit cards
And got kicked out of the bar, so we hit the boulevard
Last Friday night, we went streaking in the park
Skinny dipping in the dark then had a ménage à trois
Last Friday night, yeah, I think we broke the law
Always say we're gonna stop-op, oh-woah
But this Friday night
Do it all again
But this Friday night
Do it all again
Trying to connect the dots
Don't know what to tell my boss
Think the city towed my car
Chandelier is on the floor
Ripped my favorite party dress
Warrant's out for my arrest
Think I need a ginger ale
That was such an epic fail
Pictures of last night ended up online
I'm screwed, oh well
It's a blacked-out blur, but I'm pretty sure it ruled
Damn
Last Friday night, yeah, we danced on tabletops
And we took too many shots, think we kissed, but I forgot
Last Friday night, yeah, we maxed our credit cards
And got kicked out of the bar, so we hit the boulevard
Last Friday night, we went streaking in the park
Skinny dipping in the dark then had a ménage à trois
Last Friday night, yeah, I think we broke the law
Always say we're gonna stop-op, oh-woah
But this Friday night
Do it all again (Do it all again)
This Friday night
Do it all again (Do it all again)
This Friday night
T.G.I.F., T.G.I.F., T.G.I.F
T.G.I.F., T.G.I.F., T.G.I.F
Last Friday night, yeah, we danced on tabletops
And we took too many shots, think we kissed, but I forgot
Last Friday night, yeah, we maxed our credit cards
And got kicked out of the bar, so we hit the boulevard
Last Friday night, we went streaking in the park
Skinny dipping in the dark then had a ménage à trois
Last Friday night, yeah, I think we broke the law
Always say we're gonna stop-op, oh-woah
But this Friday night
Do it all again";disgust
5bJ1DrEM4hNCafcDd1oxHx;Self Care;Mac Miller;hip-hop;78;2018;"(Check, check, check, check, check, check) Mhm, mhm
(Okay) Mhm (It don't work, it don't work)
(It don't work, it don't work)
Yeah, yeah, yeah, yeah (It don't work, it don't work)
Yeah, yeah, yeah (It don't work, it don't work, dollars)
I switched the time zone, but what do I know?
Spendin' nights hitchhikin', where will I go?
I could fly home, with my eyes closed
But it'd get kinda hard to see, that's no surprise though
And you could find me, I ain't hidin'
I don't move my feet when I be glidin'
I just slide in and then I roll out
Yep, well, climbin' over that wall (Climbin' over that wall; Yeah, wall, wall)
Mm, I remember, yes, I remember, yes, I remember it all
Swear the height be too tall (Yeah), so like September I fall
(Down, down, down) Down below
Now I know that the medicine be on call, yeah (Gimme, gimme, gimme)
When it's feelin' like you hot enough to melt, yeah
Can't trust no one, can't even trust yourself, yeah
And I love you, I don't love nobody else, yeah (Ooh-woah)
Tell them they can take that bullshit elsewhere (Yeah)
Self care, I'm treatin' me right, yeah
Hell yeah, we gonna be alright (We gon' be alright)
I switched the time zone (Yeah), but what do I know?
Spendin' nights hitchhikin', where will I go?
I could fly home, with my eyes closed
But it'd get kinda hard to see, that's no surprise though
And you could find me (Yeah), I ain't hidin'
I don't move my feet when I be glidin'
I just slide in (Yeah) and then I roll out
Out on the road, I don't see
Out on the road, I don't see where I'm goin', ooh
Yeah, I been readin' them signs (Readin' them signs; Wow, yeah, yeah, yeah)
I been losin' my, I been losin' my, I been losin' my mind, yeah (Wow)
Get the fuck out the way (Okay), must be this high to play (Okay)
It must be nice up above the lights
And what a lovely life that I made, yeah (Uh)
I know that feelin' like it's in my family tree, yeah (Woah)
That Mercedes drove me crazy, I've been speedin' (Skrrt, skrrt, skrrt, skrrt, skrrt)
Somebody save me from myself, yeah (Ooh-woah)
Tell them they can take that bullshit elsewhere (Woah)
Self care, we gonna be good
Hell yeah, they lettin' me co-o-o-o-o-o-o-ok
I switched the time zone (Yeah), but what do I know? (Yeah)
Spendin' nights hitchhikin', where will I go? (Yeah)
I could fly home (Yeah), with my eyes closed
But it'd get kinda hard to see, that's no surprise though
And you could find me (Yeah), I ain't hidin'
I don't move my feet when I be glidin'
I just slide in (Yeah) and then I roll out
I didn't know, I didn't know
I didn't know, I didn't know, yeah
Well, didn't know what I was missin', now I see a lil' different
I was, thinkin' too much
Got stuck in oblivion, yeah, yeah
Oblivion, yeah, yeah
Oblivion, yeah, yeah
I got all the time in the world, so for now I'm just chillin'
Plus I know it's a, it's a beautiful feelin'
In oblivion, yeah, yeah
Oblivion, yeah, yeah
Oblivion, yeah, yeah
Yeah, okay, I ride around my city when I come home, yeah
The sun set quickly, then get up slow, yeah
I just connect and upload
Watch it spin around, we just spinnin' round, yeah
Let's go and travel through the unknown, yeah
We play it cool, we know we fucked though, yeah
You keep on sayin' you're in love, so
Tell me, are you really down? Are you really down? Yeah
Let's go back to my crib and play some 45s
It's safe in there, I know there's still a war outside
We spend our nights all liquored up, our mornings high
Can you feel it now?
Oblivion, yeah, yeah
Oblivion, yeah, yeah, yeah, yeah, yeah, yeah, yeah
Oblivion, yeah, yeah
Ooh-ooh, ooh-ooh
I got all the time in the world, so for now I'm just chillin'
Plus, I know it's a, it's a beautiful feelin'
In oblivion, yeah, yeah
Oblivion, yeah, yeah
Oblivion, yeah, yeah";fear
4D7db0sTmEWYf9aAzCJl9c;Aw, Shoot!;CMAT;rock;53;2024;"Phones and glasses scattered around the room
I put my jumper in the freezer just to find something to do
A tourist knocks on my door by mistake
See, I was dying on the seventh and his friend lives on the eighth
I'm a sad country song of a woman
Should do good for the brand, but it doesn't
She saw my flat, I saw the joy drain from her eyes
Aw, shoot, I put my life on pause and I can't find any way out
I'm ruined and I'm rigged to lose, so put your money down
I'll do it again, do it again for the good skin-on wine
Aw, shoot, I cut my life up and I'm running out of time
I can hear them laughing up the stairs
Excited to see Paris, they wish I wasn't here
I am like a fly buzzed in the room
They dance amongst the paintings and I drink, researching tombs
I'm a national cliché of a lady
Should do good to have fun, but baby
Having fun's a welcome and I've worn that welcome out
Aw, shoot, I put my life on pause and I can't find any way out
I'm ruined and I'm rigged to lose, so put your money down
I'll do it again, do it again, I can't stop drinking wine
Aw, shoot, I cut my life up and I'm running out of time
Oh, oh
Sorry, ladies
Up in the sky
And I'm a sad country song of a woman
Should do good to be smart, but it doesn't
'Cause if they're the angels, I'm here knowing I'm not high
Aw, shoot, I put my life on pause and I can't find any way out
I'm ruined and I'm rigged to lose, so put your money down
I'll do it again, do it again for the angels on high
Aw, shoot, I cut my life up and I'm running out of time
Ooh, ooh, ooh
Have a nice holiday";sadness
3A4S0o95OxSgRbqEnEMsn4;Life We Live (feat. Namond Lumpkin & Edgar Fletcher);Project Pat;hip-hop;68;2001;"I was broke, pocket full of lint, now I'm on the bricks
Gettin' paid like no other, dog, now I'm stackin' chips
On the road like a trucker, mane, had to take some trips
Doing shows for my brothers but strapped with extra clips
Just in case any sucker would wanna run his lips
A female I don't trust her, 'cause women like to trip
I stay all by my ghetty green, hell with some time
Did some crime that was petty seem still gettin' mine
All this hatred I'm hearin' though, you I ain't fearin'
Better try to be growin' old, mane, with your children
Escalade what a nigga steerin', last days nearin'
Tryin' to get it right with God, only one who I'm fearin'
Hopin' I'ma make it keep it real
Never knew I get the chances for a nigga to get paid
So I take it, livin' like a player should
Wishin' that you could knowin' it's all to the good
Still down with the hood
This life we livin' (Life as we live it)
See, it's oh so beautiful (Oh, it's so beautiful)
Oh, so beautiful (Oh, it's so beautiful)
This life we livin' (Life as we live it)
See, it's oh so beautiful (Oh, it's so beautiful)
Oh, so beautiful (Oh, it's so beautiful)
Last year my cousin took a fall, a sad song
Seem like we was just on the phone, now he gone
People use to try to judge him sayin' he was wrong
But you can't try to judge a man, you do you wrong
Smokin' out on a daily base, I'm in the clouds
Drinkin' liquor fallin' on my face, wonderin' how
I survive all this foolishness up in the street
Ridin' dirty I ain't new to this, I'm packin' heat
But the streets very hazardous to a niggas health
Watch your step you ain't Lazarus, you'll meet your death
I'm the man from the North, North-side of the town
With the will to support me and keep 'em found
Stayin' down got your gold grills dro in the air
Barbecue on the grill sum cool for a player
When I ride through the streets hoes are plentiful
'Cause the life that we live so beautiful
This life we livin' (Life as we live it)
See, it's oh so beautiful (Oh, it's so beautiful)
Oh, so beautiful (Oh, it's so beautiful)
This life we livin' (Life as we live it)
See, it's oh so beautiful (Oh, it's so beautiful)
Oh, so beautiful (Oh, it's so beautiful)
Gotta take the good with the bad, smile with the sad
Love what you got and remember what you had
Messin' with the ones who helped me in the times
When I was flat broke didn't even have a dime
My family they was there, my niggas they was there
The rest of y'all left me for dead, didn't care
I use to have dreams livin' large in this thang
And by the grace of God I'm still alive in this thang
I strive in this game to get all that I can
Never said I'm the mane, respect me as a man
To you ones think I owe you somethin', now that's a joke
Think you bad come and get you somethin' — hollows to throat
Either trill, either fake, you can love you can hate
Either go and get your own, or you can sit and wait
On the next man to come up; You can peep this
You can't do what I do, handle your business
This life we livin' (Life as we live it)
See, it's oh so beautiful (Oh, it's so beautiful)
Oh, so beautiful (Oh, it's so beautiful)
This life we livin' (Life as we live it)
See, it's oh so beautiful (Oh, it's so beautiful)
Oh, so beautiful (Oh, it's so beautiful)";anger
7yMiX7n9SBvadzox8T5jzT;Clint Eastwood;Gorillaz;rock;76;2001;"Hoo-hoo-hoo-hoo-hoo
I ain't happy, I'm feeling glad
I got sunshine in a bag
I'm useless, but not for long
The future is coming on
I ain't happy, I'm feeling glad
I got sunshine in a bag
I'm useless, but not for long
The future is coming on
It's coming on, it's coming on
It's coming on, it's coming on
(Hoo, yeah, haha)
Finally, someone let me out of my cage
Now, time for me is nothing, 'cause I'm countin' no age
Nah, I couldn't be there, now you shouldn't be scared
I'm good at repairs, and I'm under each snare
Intangible, bet you didn't think, so I command you to
Panoramic view, look, I'll make it all manageable
Pick and choose, sit and lose, all you different crews
Chicks and dudes, who you think is really kickin' tunes?
Picture you getting down in a picture tube
Like you lit the fuse, you think it's fictional?
Mystical? Maybe, spiritual hero
Who appears in you to clear your view when you're too crazy?
Lifeless to those, the definition for what life is
Priceless to you, because I put you on the hype shit
You like it? Gun smokin', righteous with one toke
Get psychic among those, possess you with one dose
I ain't happy, I'm feeling glad
I got sunshine in a bag
I'm useless, but not for long
The future is coming on
I ain't happy, I'm feeling glad
I got sunshine in a bag
I'm useless, but not for long
The future is coming on (That's right)
It's coming on, it's coming on
It's coming on, it's coming on
The essence, the basics, without it, you make it
Allow me to make this childlike in nature
Rhythm, you have it or you don't, that's a fallacy
I'm in them, every sproutin' tree, every child of peace
Every cloud and sea, you see with your eyes
I see destruction and demise, corruption in disguise (That's right)
From this fuckin' enterprise, now I'm sucked into your lies
Through Russel, not his muscles
But percussion he provides for me as a guide, y'all can see me now
'Cause you don't see with your eye, you perceive with your mind
That's the inner (Fuck 'em) so I'ma stick around with Russ and be a mentor
Bust a few rhymes so motherfuckers remember
Where the thought is, I brought all this
So you can survive when law is lawless (Right here)
Feelings, sensations that you thought was dead
No squealing and remember that it's all in your head
I ain't happy, I'm feeling glad
I got sunshine in a bag
I'm useless, but not for long
The future is coming on
I ain't happy, I'm feeling glad
I got sunshine in a bag
I'm useless, but not for long
My future is coming on
It's coming on, it's coming on
It's coming on, it's coming on
My future is coming on
It's coming on, it's coming on
It's coming on, it's coming on
My future is coming on
It's coming on, it's coming on
It's coming on, it's coming on
My future is coming on
It's coming on, it's coming on
My future is coming on
It's coming on, it's coming on
My future is coming on
It's coming on, it's coming on
My future";joy
3jEqrIfwKO0M8ALu3TGilF;Like You (feat. Ciara);Bow Wow;pop;70;2005;"I ain't never had nobody show me all the things that you done showed me
And the special way I feel when you hold me
We gon' always be together, baby
That's what you told me and I believe it
'Cause I ain't neva had nobody do me like you
Now, I done been with different kind of girls
Like I done seen them all but ain't none of them at all (Like you)
And I done seen the best of the best
Baby, still I ain't impressed cause ain't none of them at all (Like you)
If you know how I feel when I chill
If I'm seen with a girl, then she gotta be just (Like you)
And baby, that's the way I feel
And I got no choice but for me to keep it real
'Cause when we, first got together started hanging out you was
Skeptical at first had to figure out if
I was the kinda guy to try to dog you out, but
I ain't that kinda guy you tried to make me out
You found out when you turned to my baby
I showed them other brothers how to treat a lady
I let you drive when I ride that Mercedes
And I ain't trippin' or actin' shady cause baby, you know
I ain't never had nobody show me all the things that you done showed me
And the special way I feel when you hold me
We gon' always be together, baby
That's what you told me and I believe it
Cause I ain't neva had nobody do me like you
And every time I think about you
When you ride, when you call, when you come ('Round)
Your love is amazing to me
I can't wait 'til I see you - I wanna be with you again
And every time you're out on the road (I'll make a trip)
And whenever I'm doing a show (Don't you forget)
That I'm your main chick who got that game chick
One and the same chick - the one you can hang with
I ain't never had nobody show me all the things that you done showed me
And the special way I feel when you hold me
We gon' always be together, baby
That's what you told me and I believe it
'Cause I ain't neva had nobody do me like you
Okay, when you hit the mall, pop tags spend a few G's
Hit the runway to a new season
It ain't nothin', I spoil the one I care for
Feel like I ain't doin' enough, that's when I shared more
I give you dis, give you dat, what you need, love?
You know I got it holla at me if you need love
And affection 'cause I'll be your protection
Kinda hard job, but I do it to perfection
And you can tell that I ain't tryna let you go
I get wit you when I can, so that's how I let you know
And you be trippin' 'cause sometimes I gotta go
But you the first one I holla to right after my shows
And I was trippin' in a sense, I was tense
But my body loose around you, what I'ma do without you
I gotta get it together, say whatever
But since I met you, my life seem so better
I ain't never had nobody show me all the things that you done showed me
And the special way I feel when you hold me
We gon' always be together, baby
That's what you told me and I believe it
'Cause I ain't neva had nobody do me like you
I ain't never had nobody show me all the things that you done showed me
And the special way I feel when you hold me
We gon' always be together, baby
That's what you told me and I believe it
'Cause I ain't neva had nobody do me like you";joy
2OMqSRS11ly56zg9u5za6c;Still Waiting;Sum 41;rock;67;2002;"So am I still waiting
For this world to stop hating?
Can't find a good reason
Can't find hope to believe in
Drop dead
A bullet to my head
Your words are like a gun in hand
You can't change the state of the nation
We just need some motivation
These eyes
Have seen no conviction
Just lies and more contradiction
So tell me what would you say
I'd say it's up to me
So am I still waiting
For this world to stop hating?
Can't find a good reason
Can't find hope to believe in
Ignorance
And understanding
We're the first ones to jump in line
Out of step for what we believe in
But who's left to stop the bleeding?
How far
Will we take this?
It's not hard to see through the fakeness
So tell me what would you say
I'd say it's up to me
So am I still waiting
For this world to stop hating?
Can't find a good reason
Can't find hope to believe
This can't last forever
Time won't make things better
I feel so alone
Can't help myself
And no one knows
If this
Is worthless
Tell me (tell me, tell me)
So
What have we done
With a war that can't be won?
This can't be real
'Cause I don't know what to feel, no
So am I still waiting
For this world to stop hating?
Can't find a good reason
Can't find hope to believe
So am I still waiting
For this world to stop hating?
Can't find a good reason
For this world to believe";anger
42qK1JWm8fDy3qHZbIZNuQ;Purple;Nas;hip-hop;63;2002;"Light it, uhh
Light it up, uhh
The whole city is mine, prettiest Don
I don't like the way P. Diddy did Shyne with different lawyers
Why it's mentioned in my rhymes? Fuck it
It's just an intro, hate it or love it, like it, bump it, or dump it
Write it across the stomach, spell ""God's Son""
Life is like a jungle, black, it's like the habitat of Tarzan
Matter of fact, it's harder than most can imagine
Most of my niggas packed in correctional facilities
Half of them passed on, MAC strong, couple of shots
Made the ghost leave a body, now they hauntin' the block
Where they used to stand at, somebody's takin' their place
A younger man perhaps, hand slaps, can't understand that
Same walk, same talk, I wonder can that be possible?
A thug dies, another step inside his shoes
And they will hurt you, layin' low with a bottle
I'm blowin' circles, my state of mind purple
Light it, light it, uhh
Yeah... light it up
Light it up, uh
Y'all just wanna deal with drama
Talk about niggas who've got things, y'all ready to kill his mama
Everything you into is underworld related
You sell your man out, not even your girl is sacred
You don't trust a soul, hold up, you moldin' soldiers
To pull guns quick and always look behind their shoulder
Think of how many dudes died tryna be down with you
Everybody's under six feet of ground, but you
Still standin', still roamin' through the streets, that's real
You a survivor, knowin' all the beef is ill
You got a bunch of thugs with you, even now, that's ready
Trustin' your judgment, quick to put it down, they deadly
The hood love you, but behind your back, they pray for the day
A bullet hit your heart and ambulances take you away
That ain't love, it's hate – think of all the mothers at wakes
Whose sons you killed and you ain't got a cut on your face?
Unmarked police cars roam the streets hard, the heat is God
Somebody tell these shorties reach for the stars
Instead, they tell 'em how to reach through the bars–holdin' a mirror
Lookin' down a tier in jail, makin' weapons to kill ya
Weed smoke, three tokes, nigga, pour more Henny
He sighs with eyes that seen a war too many
Cold-blooded murderers, universal
Hood to hood, blowin' smoke, state of mind is purple
Light it up, light it up, light it up, uhh
Light it up… light it up, light it up, uhh
Uhh… uhh, uhh, light it, light it, uhh
These hot-headed youngsters always get into trouble
Reactin' before thinkin', they easily irritated
And murder's premeditated, it's a fact that we sinkin'
When we should be climbin', in a nutshell, it's just jail
Drug sales, liquor, and diamonds, niggas rewindin'
Instead of movin' forward to blow up, so what's the science?
People shoutin', police pushin' the crowd
And on the ground's a young soldier with meat hangin' out him
Am I hallucinatin' off the hazin'?
Or did I just see a nigga shoot another nigga's face in?
It's a ugly nation, cops circle the block with mug shots
Photograph pictures of suspect faces
It's usually two or three niggas who innocent
But if they lock the wrong ones up, then someone'll snitch
A divide-and-fall strategy, they aren't fair
I dig in my bag of weed that's covered with orange hair
This Color Purple'll make Whoopi give me the pussy
And Celie, Oprah and Danny Glover gots to feel me
This is how I escape the madness
Too much of anything'll hurt you, so my state of mind's all purple";disgust
3ZOEytgrvLwQaqXreDs2Jx;Can't Stop;Red Hot Chili Peppers;rock;88;2002;"Can't stop, addicted to the shindig
Chop Top, he says I'm gonna win big
Choose not a life of imitation
Distant cousin to the reservation
Defunkt, the pistol that you pay for
This punk, the feelin' that you stay for
In time I want to be your best friend
East side love is living on the West End
Knocked out, but, boy, you better come to (Oh, oh-oh)
Don't die, you know, the truth as some do (Oh-oh)
Go write your message on the pavement (Oh-oh)
Burn so bright, I wonder what the wave meant
White heat is screamin' in the jungle (Oh, oh-oh)
Complete the motion if you stumble (Oh-oh)
Go ask the dust for any answers (Oh-oh)
Come back strong with fifty belly dancers
The world I love, the tears I drop
To be part of the wave, can't stop
Ever wonder if it's all for you?
The world I love, the trains I hop
To be part of the wave, can't stop
Come and tell me when it's time to
Sweetheart is bleeding in the snow cone
So smart, she's leadin' me to ozone
Music, the great communicator
Use two sticks to make it in the nature
I'll get you into penetration
The gender of a generation
The birth of every other nation
Worth your weight, the gold of meditation
This chapter's gonna be a close one (Oh, oh-oh)
Smoke rings, I know you're gonna blow one (Oh-oh)
All on a spaceship, persevering (Oh-oh)
Use my hands for everything but steering
Can't stop the spirits when they need you (Oh, oh-oh)
Mop tops are happy when they feed you (Oh-oh)
J. Butterfly is in the treetop (Oh-oh)
Birds that blow the meaning into bebop
The world I love, the tears I drop
To be part of the wave, can't stop
Ever wonder if it's all for you?
The world I love, the trains I hop
To be part of the wave, can't stop
Come and tell me when it's time to
Wait a minute, I'm passin' out, win or lose
Just like you
Far more shockin' than anything I ever knew
How 'bout you?
Ten more reasons why I need somebody new
Just like you
Far more shockin' than anything I ever knew
Right on cue
Can't stop, addicted to the shindig
Chop Top, he says I'm gonna win big
Choose not a life of imitation
Distant cousin to the reservation
Defunkt, the pistol that you pay for (Oh, oh-oh)
This punk, the feelin' that you stay for (Oh-oh)
In time I want to be your best friend (Oh-oh)
East side love is living on the West End
Knocked out, but boy, you better come to (Oh, oh-oh)
Don't die, you know, the truth is some do (Oh-oh)
Go write your message on the pavement (Oh-oh)
Burn so bright, I wonder what the wave meant
Kick start the golden generator
Sweet talk but don't intimidate her
Can't stop the gods from engineering
Feel no need for any interfering
Your image in the dictionary
This life is more than ordinary
Can I get two, maybe even three of these?
Comin' from the space to teach you of the Pleiades
Can't stop the spirits when they need you
This life is more than just a read-through";fear
70L6nHORQsblY813yNqUR3;Cherry Waves;Deftones;rock;80;2006;"A sea of waves, we hug the same plank
(Saw your end)
Just as I'd rehearsed over in my brain
(Saw your end)
The waves suck you in and you drown
If like, you should sink down beneath
I'll swim down, would you?
You?
You hang the anchors over my neck
(Saw your end)
I liked it at first but the more you laughed
The crazier I came
The waves suck you in then you drown
If like, you should sink down beneath
I'll swim down with you
Is that what you want?
You
Is that what you want?
Wave
Wave
Inside
If like, you should sink down beneath
I'll swim down
Would you?
Is that what you want?
Would you?
Is that what you want?
Would you?
You
Escape below
Escape below";fear
7GvRAXRWc7ypDMd6CUF5qG;Parting Time;Rockstar;rock;66;2010;"I remember the days
When you're here with me
Those laughters and tears
We shared for years, mm-mm
Mem'ries that we had
For so long, it's me and you
Now, you're gone away
You left me all alone
Go on, do what you want
But please don't leave me
You'll break my heart
Hey, what should I do?
Babe, I'm missin' you
Please don't disappear
These are the words that you should hear
Time and time again
I wish that you were here
I don't wanna lose you
Girl, I need you back to me
I don't wanna lose you
Baby, can't you see?
Oh, I need you
You've been a part of me
I wish someday, you'll be back home
'Cause I really miss you, darling
Please come home
I wish someday, you'll be back home
'Cause I really miss you, darling
Please come home";sadness
0e7S689mFbBnIWTWtjc4b4;Put You On The Game;The Game;hip-hop;58;2005;"Electro-convulsive therapy, part one
Go 'head, go 'head, go 'head, do the Prep with me
Go 'head, go 'head, go 'head, do the Stank with me
Go 'head, go 'head, go 'head, do the Wop with me
Go 'head, go 'head, go 'head Game
First things first (Aftermath), The Chronic is back
This is indo, produced by Timbo
Game over; nah the N.W.A. chain choker
Is burnin rubber inside the Range Rover
Chain smokin, purple haze
This ain't another one of those, this the rebirth of Dre
The rebirth of L.A., the rebirth of hip-hop
Another memorial for Makaveli and Big Pop'
Hold up, Tim, stop - I said
This another memorial for Makaveli and Big Pop'
G-G-G-G-G - young homey got shit locked
Public Enemy #1, Flavor Flav with a wristwatch
All black G-Units, all black Impala
I'm a schitzo, three-wheelin the six-fo'
Cent know
I'm Compton's most wanted when I'm ridin with Timbo
Girl if you got a big back let me bend that (Oh)
Show me where your friends at, we can flip that (Oh-ho, oh-ho)
Let me put you on the Game (Let me put you on the Game)
Let me put you on the Game (Let me put you on the Game, I turn)
I'll show you where the Bloods at, where the Crips at (Oh)
Show you where they flip crack, where they pitch at (Oh-ho, oh-ho, oh!)
Let me put you on the Game (Let me put you on the Game)
Let me put you on the Game (Let me put you on the Game, reburn!)
I ain't got the West on my shoulder, got the West in the backseat
Of the Rover, ridin on dubs, nigga I'm West coastin
The next Hova, from the home of the best doja
Making all that racket, I got the U.S. Open
Stunt on me, I'll leave you wit'cha chest open
Vest broken, hop in the lo-lo with the tec smokin
G-G-G-G-G - I done paid my dues
N.W.A. is back, this is front page news
I got Dre in the back, ridin on 22's
Bitches screamin let me ride, it must be the shoes
Red and black G6's, red dot on the Glock
I'm goin three times platinum dawg, how do I stop? I'm hot
Girl if you got a big back let me bend that (Oh)
Show me where your friends at, we can flip that (Oh-ho, oh-ho)
Let me put you on the Game (Let me put you on the Game)
Let me put you on the Game (Let me put you on the Game, I turn)
I'll show you where the Bloods at, where the Crips at (Oh)
Show you where they flip crack, where they pitch at (Oh-ho, oh-ho, oh!)
Let me put you on the Game (Let me put you on the Game)
Let me put you on the Game (Let me put you on the Game, reburn!)
My Unit is Guerrilla
Fuck with my La Familia, I will kill ya
G-G-G-G-G-Unit - I know that boy, not familiar
But you got to feel him if the Doctor sealed him
Is Compton in the house? Without a doubt
I'm the rapper with clout other niggas yap about
You know the one that introduce New York to the beach cruiser
Got 'em puttin red and blue strings in they G-Units
Get ""Groupie Love,"" tell 'em to keep movin
If I got a problem with a bitch I let Eve do it
Unless she got on LePearla and I can see through it
I don't just let her ride, I give her the keys to it
Me and my bitch lay back in the Coupe
I'm movin in the neighborhood, I ain't passin through
I woulda been here after Snoop, but I slowed down
To show Timbaland how to iron a khaki suit
Girl if you got a big back let me bend that (Oh)
Show me where your friends at, we can flip that (Oh-ho, oh-ho)
Let me put you on the Game (Let me put you on the Game)
Let me put you on the Game (Let me put you on the Game, I turn)
I'll show you where the Bloods at, where the Crips at (Oh)
Show you where they flip crack, where they pitch at (Oh-ho, oh-ho, oh!)
Let me put you on the Game (Let me put you on the Game)
Let me put you on the Game (Let me put you on the Game, reburn!)";fear
55E78MhBGQ4IPZcQ3R5BAH;Here I Am;Rick Ross;hip-hop;64;2008;"Ricky Ross, somethin' special right here
Excuse the marijuana, just tryina enjoy myself
We got some gangstas in the house too, come on
I gotta bunch of dollars, I can spend them on her (Boss)
Now she can be my lady, she can be my lover
Call me on the late night, get right, he ain't actin' right
Every superwoman needs a superman, here I am
Sight seein', we might be in
The quattroporte or the new white BM
Home from FAMU with a gorgeous face
Next semester, she transfer to Florida State
Cookin' like Home EC for financial aid
I helped her out, she had problems with financial aid
Remember? Mean time our finance is straight
I even up the doors to the financial estates (Ross)
She use to fight with her mom
'Til I sat 'em both down, now she tight with her moms
Yeah, I put the ice on her arm
Now she know she gettin' sliced, spendin' nights in Milan
We still blow weed together
Cheated on her but we still gon' be together
Put the house on the water, hit the beach whenever
She from the north and still can't believe the weather
I gotta bunch of dollars, I can spend them on her
Now she can be my lady, she can be my lover
Call me on the late night, get right, he ain't actin' right
Every superwoman needs a superman, here I am
Here I am, here I go
Why you lookin' for the others when you got the best?
The previous was a test for ya, now ya in the big league
A black Steinbrenner, who wouldn't wanna play for me?
Ya last man was a chump and you can tell 'em I said it
He was talkin' loud at first but you can see that he didn't
You can see I ain't sweatin'
Hell I'll call him up myself and tell him how he can get it
Naw, please don't confuse me miss
I'm tryna see how I can put you on my Christmas list
I hope you ain't offended by this
But I think ya ass fine as shit
And that's straight up real talk, all bullshit aside
She replied, ""I like to do the wild thing""
Actions took place, at my place
Now my place is her place
I gotta bunch of dollars, I can spend them on her
Now she can be my lady, she can be my lover
Call me on the late night, get right, he ain't actin' right
Every superwoman needs a superman, here I am
More better, more cheddar
Knocked ya man off the clothes line sweater
Hoe getter, gorilla
Fuck chauffeurs, I went and got more killas
I rock with niggas like Fabolous
Cause to tell the truth, life fabulous,
But you make it look glamorous
Cause them strapped heels aren't for amateurs
Wrist quite rocky, talk like Foxy
Job like Roxy, spark that broccoli
Walk like Aki, that means sexy
I will save you, if you let me
Fly with me, get high as me
A lot of alphabets girl I'm a G
Time will tell, Rolex watches
We show stoppers, hoes just watch us
I gotta bunch of dollars, I can spend them on her
Now she can be my lady, she can be my lover
Call me on the late night, get right, he ain't actin' right
Every superwoman needs a superman, here I am";fear
15ZNcgzsiiSrLQAGzl3le9;One Shot 2 Shot;Eminem;hip-hop;61;2004;"I told y'all, motherfuckers, I was coming back (Oh, shit)
What now, nigga? What now? What? Brewster Projects, nigga
One shot, two shot, three shots, four shots
All I hear is gunshots, this is where the fun stops
Bodies drop, hit the floor, music's off, party stops
Everybody hit the door, somebody's licking shots off
Security's gone, I'm trapped in the club
And I'm trying to run and get my motherfucking gun
(Nigga, what about yo' wife?) Nigga, fuck my wife
I'm trying to run and save my motherfucking life
Oh, shit! The shooter's coming
Bitches hollering, niggas running
People, shot all over the floor
And I'm trying to make it to the Saint Andrew's door
*Shot* That's the sound of the Glock
Even DJ House Shoes fucked around and got shot
I done messed around and forgot my TEC
I don't see nobody, but Fatt Father and Hex
(Kuniva, you alright?) These niggas is tripping (Where's Bizarre at?) (I don't know, man)
I'm trying to slip through the exit and get to where my car is at
Bitches screaming everywhere, and niggas is wylin'
Two minutes ago, we was all joking and smiling
This chick is clinging on to me, sobbing, and sighing
Saying she didn't mean to diss me earlier, and she crying
But it's real and it's on and caps is getting peeled
So I hugged her and used her body as a human shield, and
She got hit, and now she's yelling (Don't leave me!)
I told her I'd be right back, and the dumb bitch believed me!
I squeezed through the back door and made my escape
I ran and got my .38, I hope it's not too late!
One shot, two shot, three shots, four shots
All I hear is gunshots, this is where the fun stops
Bodies drop, hit the floor, music's off, party stops
Everybody hit the door, somebody's licking shots off
(I been trying to call you all day, motherfucker, where you at?)
I'm on 7 Mile *Shots* what the fuck was that? *Shots*
Damn, somebody hit me from the back!
(With they car?) With a gat, nigga, and my tire flat
And I just hit a pole, them niggas some hoes
(Is you hit?) I don't know, but I can tell you what they drove
It was a black Mitsubishi (Shit, that's the clique we beefing with!)
Man! (I swear!) And I was on my way there
Believe me, I'm leaving a carcass today
And I'ma park my car and walk the rest of the way
I'm in the mood to strut, my AK ain't even tucked
I'ma meet you at the club, we gon' fuck these hoes up!
One shot, two shot, three shots, four shots
All I hear is gunshots, this is where the fun stops
Bodies drop, hit the floor, music's off, party stops
Everybody hit the door, somebody's licking shots off
I never seen no shit like this in my life before
People are still camped out from the night before
Sleeping outside the door, waiting in line still
Trying to get inside the club to see D12 perform
The fire marshals know the venue's too small
People are wall to wall, three-thousand and some odd
Fans and some cum-wad from out the parking lot
Gets in an argument over a parking spot
Decides to pull his gun out and lets a few of them off
Missed who he's aiming for, six feet away’s the door
Into St. Andrew's Hall, now the strays flying all over the place
Grazed one bitch in the face
Another one of 'em came through the wall
Before anyone could even hear the first shot go off
I'm posted up at the bar, having a Mazel Tov
Bullet whizzed right by my ear, damn near shot it off
Thank, God, I'm alive, I gotta find Denaun
And where the fuck is Von? He usually tucks one on him
Wait a minute, I think I just saw Bizarre
Nah, I guess not, what the fuck? Oh, my God, it was!
I never saw him run so fast in my life
Look at him hauling ass, I think he left his wife
There she is, on the ground, being trampled
I go to grab her up by the damn hand, but I can't pull her
God damn, there just went another damn bullet
I'm hit, my vest is barely able to handle it
It's too thin, if I get hit again, I can't do it
I scoop Dee, follow Bizarre's path, ran through it and
Made it to the front door and collapsed
On the steps, looked up, and I seen Swift shooting it out
But I can't see who he's shooting it out with
But Denaun's right behind him, squeezing his four-fifth
One shot, two shot, three shots, four shots
All I hear is gunshots, this is where the fun stops
Bodies drop, hit the floor, music's off, party stops
Everybody hit the door, somebody's licking shots off
Yo, it's Friday night, came to this bitch right
Big ass on my left hand, Desert Eagle in my right
I ain't come in this bitch to party, I came in this bitch to fight
Although, I can't stay here to fight, 'cause I'm popping niggas tonight
That's right, bitches, I'm drunk with revenge
Shot a bouncer in the neck for trying to check when I get in
Swift told me to meet him here, so it's clear that the schmuck
That shot out the back of his truck is up in this motherfucker
So, one shot for the money, two is to stop the show
The third's for the bartender (Bitch, bring me a bottle of Mo')
I just wanna know who driving the black Mitsubishi?
He tried to run, so Proof shot him in the knee with a three-piece
One shot, two shot, three shots, four shots
All I hear is gunshots, this is where the fun stops
Bodies drop, hit the floor, music's off, party stops
Everybody hit the door, somebody's licking shots off";anger
3OzCF9i6Ey7EkkAYJztmKp;Bad At Love;Halsey;pop;85;2017;"Got a boy back home in Michigan
And he tastes like Jack when I'm kissin' him
So I told him that I never really liked his friends
Now he's gone and he's callin' me a bitch again
There's a guy that lives in the Garden State
And he told me that we'd make it 'til we graduate
So I told him that the music would be worth the wait
But he wants me in the kitchen with a dinner plate
I believe, I believe, I believe, I believe that we're meant to be
But jealousy, jealousy, jealousy, jealousy get the best of me
Look, I don't mean to frustrate, but I
Always make the same mistakes, yeah
Always make the same mistakes 'cause
I'm bad at love (Ooh-ooh)
But you can't blame me for tryin'
You know I'd be lyin' sayin'
You were the one (Ooh-ooh)
That could finally fix me
Lookin' at my history
I'm bad at love
Got a girl with California eyes
And I thought that she could really be the one this time
But I never got the chance to make her mine
Because she fell in love with little thin white lines
London girl with a attitude
We never told no one, but we look so cute
Both got way better things to do
But I always think about her when I'm ridin' through
I believe, I believe, I believe, I believe that I'm in too deep
And jealousy, jealousy, jealousy, jealousy get the best in me
Look, I don't mean to frustrate, but I
Always make the same mistakes, yeah
Always make the same mistakes 'cause
I'm bad at love (Ooh-ooh)
But you can't blame me for tryin'
You know I'd be lyin' sayin'
You were the one (Ooh-ooh)
That could finally fix me
Lookin' at my history
I'm bad at love (Ooh-ooh)
Oh, you know, you know, you know, you know (Ooh-ooh)
I'm bad at love (Ooh-ooh)
I'm bad at love (Ooh-ooh)
Yeah, uh
I know that you're afraid I'm gonna walk away
Each time the feelin' fades
Each time the feelin' fades
I know that you're afraid I'm gonna walk away
Each time the feelin' fades
You know I'm bad at love (Ooh-ooh)
But you can't blame me for tryin'
You know I'd be lyin' sayin'
You were the one (Ooh-ooh)
That could finally fix me
Lookin' at my history
I'm bad at love (Ooh-ooh)
Oh, you know, you know, you know, you know (Ooh-ooh)
I'm bad at love (Ooh-ooh)
Oh, oh";anger
7vVJ8Wom7dKf13dgNiBYtU;Rock The Boat;Aaliyah;pop;67;2001;"Mmm, yeah, hmm
Huh-uh, hmm
Mmm, yeah
Boy, you know you make me float
Boy, you really get me high
Ooh, I feel like I'm on dope
'Cause you, you serve me on a regular (You serve me on a regular)
Boy, you need to tie this rope
Oh, before we drift any deeper (Before we drift any deeper)
Baby, now hold me close
Let's take this overboard now
I want you to rock the boat, rock the boat (Mmm)
Rock the boat, rock the boat (Yeah)
Work it in the middle, work the middle
Work the middle, work the middle
Change positions on me
New position (Oh), new position
Now stroke it, baby, stroke it for me (Yeah)
Stroke it for me, stroke it for me
Ooh, baby, I love your stroke
'Cause you, 'cause you get me where I'm going
'Cause you get me where I'm going, yeah
And truly you'll get my vote
'Cause I believe, I believe you know just what you're doing now
Baby, now we can coast (Let's coast, let's coast)
Let's don't get in a hurry
Oh, no, that's too slow
Hey, go 'head and put that thing in overdrive
I want you to rock the boat, rock the boat (Ooh)
Rock the boat, rock the boat (Hey)
Work it in the middle, work the middle
Work it, babe, work it, baby (Work the middle, work the middle)
Change positions on me
New position (Oh), new position
Now stroke it, baby, stroke it for me
Stroke it for me, stroke it for me
I want you to rock the boat, rock the boat
Rock the boat, rock the boat (Hey)
Work it in the middle, work the middle
Work the middle (Ooh), work the middle (Hey)
Change positions on me
New position (Ooh), new position
Now stroke it, baby, stroke it for me (Yeah)
Stroke it for me, stroke it for me
Stroke it for me
Mmm, stroke it, baby, stroke it, baby
Mmm, work it, baby, work it, baby
Oh, stroke it
There is something I want you to do for me
I want you to use yourself (Hey)
Like you've never, ever used to do before (Never)
To explore my body (Explore it, baby)
Until you reach the shore (Yeah)
I'll be calling, calling for more (Calling)
Rock the boat, rock the boat (Oh)
Rock the boat, rock the boat
Work it in the middle
Mmm, work it, baby, work it, baby (Work the middle, work the middle)
Change positions on me (Mmm, change)
New position, new position (Hey)
Now stroke it for me, stroke it for me (Baby)
Stroke it for me, stroke it for me
I want you to rock the boat, rock the boat (Ooh)
Rock the boat, rock the boat
Work it in the middle, work the middle (Mmm, work it, yeah)
Work the middle, work the middle
Change positions on me
New position, new position (Change)
Now stroke it for me, stroke it for me (Yeah)
Stroke it for me, stroke it for me
Rock the boat, rock the boat
Rock the boat, rock the boat
Work the middle, work the middle
Work the middle, work the middle
Change positions on me
New position, new position
Stroke it for me, stroke it for me
Stroke it for me, stroke it for me
Rock the boat, rock the boat
Rock the boat, rock the boat";fear
0mYoKqA23wUUj7BTEgNzjg;Shawty (feat. T Pain);Plies;hip-hop;67;2007;"Ay, what's happenin', homie?
This your lil' one Plies, man (Shawty, yeah, yeah, yeah)
Ay, Pain, I want you to tell 'em bout your shawty, homie
And I'ma tell 'em 'bout mine, dawg
Even though I'm not your man, you're not my girl, I'ma call you my shawty
'Cause I can't stand to see you treated bad, I beat his ass for my shawty
And we ain't did nothin' that we ain't supposed to do, 'cause you my shawty (Woah-oh)
Baby girl, you know I be home, keep me on the ringtone, shawty, yeah
Sing it to me girl
Soon as I seen her, shit, told her I'd pay for it
Lil' mama the baddest thing 'round here, she already know it
I pointed at the donk and told her, ""This supposed to be yours"" (Ha-ha)
Showed her a couple stacks and told her I'd let her blow it
The hottest nigga in the city, baby, you can't ignore it
I showed her I was a real nigga and she went for it
First time I caught her shit, she ain't even know how to throw it back
Now she an animal, I got her sex game right (Game right)
I taught her how to talk to me while she take pipe
And opened her up and showed her what a real nigga like
I told her, ""I 'on't usually do this, I 'on't fuck on the first night
'Cause after I beat ya, baby, I'm liable to fuck up ya whole life"" (Ha!)
I got her trained, now she suck me with ice
I call her, ""My Lil' Bust-It-Baby"", 'cause she keep it tight
Whenever I tell her to bust, ain't gotta tell her twice
Whenever I wanna get off, she know how to get me right
Even though I'm not your man, you're not my girl, I'ma call you my shawty
'Cause I can't stand to see you treated bad, I beat his ass for my shawty
And we ain't did nothin' that we ain't supposed to do, 'cause you my shawty (Woah-oh)
Baby girl, you know I be home, keep me on the ringtone, shawty, yeah
Sing it to me girl
Ohh (Whoa), oh-oh, oh-oh, oh-oh (Whoa)
Oh-oh, oh-oh (Wh-oa-wh-oa, wh-oa), oh-oh, oh-oh, oh-oh
Oh-oh, oh-oh (Whoa)
Shawty, yeah
Oh-oh (Whoa), oh-oh, oh-oh, oh-oh (Whoa)
Oh-oh, oh-oh (Wh-oa-wh-oa, wh-oa), oh-oh, oh-oh, oh-oh
Oh-oh, oh-oh (Whoa)
(Shawty, yeah) Shawty, whoa, w-w-wh-oa, oh
I love her to show off, 'cause all the dope boys want her
Know why they wanna beat bae, look all that ass on her
Look at how that pussy sit up in them shorts, you gotta want her
Love when she act like she bowlegged and bend the corner
She proud to be fuckin' me, 'cause I'm stuntin' on 'em
It feel good to be fuckin' a real nigga, don't it?
Ain't called her in two days, gotta let her mind wonder
But when she miss me, she call to tell me to jump on her
That's why I don't mind breakin' her off, 'cause she ain't with the drama
If you done ripped her before, you know how to cuff lil' mama
You know she gotta be somethin' 'cause I done beat her Honda
Bae snatchin', not now, I'm tellin' ya, I promise (Bae snatchin', I promise)
I exposed her to real, and now she hate lame
'Member she used to run from me, now she like pain
She call me sometimes just to ask me is it a thang
Ever since I ran up in shawty, she ain't been the same (Ain't been the same)
Even though I'm not your man, you're not my girl, I'ma call you my shawty
'Cause I can't stand to see you treated bad, I beat his ass for my shawty
And we ain't did nothin' that we ain't supposed to do, 'cause you my shawty (Woah-oh)
Baby girl, you know I be home, keep me on the ringtone, shawty, yeah
Sing it to me girl
Oh-oh (Whoa), oh-oh, oh-oh, oh-oh (Whoa)
Oh-oh, oh-oh (Wh-oa-wh-oa, wh-oa), oh-oh, oh-oh, oh-oh
Oh-oh, oh-oh (Whoa)
Shawty, yeah
Oh-oh (Whoa), oh-oh, oh-oh, oh-oh (Whoa)
Oh-oh, oh-oh (Wh-oa-wh-oa, wh-oa), oh-oh, oh-oh, oh-oh
Oh-oh, oh-oh (Whoa)
(Shawty, yeah) Shawty, whoa, w-w-wh-oa, oh";disgust
6IwKcFdiRQZOWeYNhUiWIv;No One;Alicia Keys;pop;74;2007;"I just want you close
Where you can stay forever
You can be sure
That it will only get better
You and me together
Through the days and nights
I don't worry 'cause
Everything's gonna be alright
People keep talking, they can say what they like
But all I know is everything's gonna be alright
No one, no one, no one
Can get in the way of what I'm feelin'
No one, no one, no one
Can get in the way of what I feel for you, you, you
Can get in the way of what I feel for you
When the rain is pouring down
And my heart is hurting
You will always be around
This I know for certain
You and me together
Through the days and nights
I don't worry 'cause
Everything's gonna be alright
People keep talking, they can say what they like
But all I know is everything's gonna be alright
No one, no one, no one
Can get in the way of what I'm feelin'
No one, no one, no one
Can get in the way of what I feel for you, you, you
Can get in the way of what I feel
I know some people search the world
To find something like what we have
I know people will try, try to divide, something so real
So 'til the end of time, I'm telling you there ain't
No one, no one, no one
Can get in the way of what I'm feelin'
No one, no one, no one
Can get in the way of what I feel for you
Oh-oh-oh-oh-oh, oh-oh-oh-oh-oh
Oh-oh-oh-oh-oh
Oh-oh-oh-oh-oh-oh-oh-oh-oh-oh-oh-oh
Oh, oh-oh-oh-oh-oh, oh-oh-oh-oh-oh
Oh-oh-oh-oh-oh-oh-oh-oh-oh-oh-oh-oh, oh";fear
5NbasL13ZyTu02X1R5XILi;Ordinary Man;Chinese Man;hip-hop;58;2009;"ContributorOrdinary Man Lyrics
Have you ever met a man of good character where women are concerned?
Well, I haven′t
I find that the moment a woman makes friends with me
She becomes jealous, exacting
Suspicious, and a damn nuisance
And I find that the moment I make friends with a woman
I become selfish and tyrannical
Then you might know me";disgust
7cucVWdmNeaPJuo7WkxaZ8;Boys in the Better Land;Fontaines D.C.;rock;65;2019;"You're not alive until you start kicking
When the room is spinning and the words aren't sticking
And the radio is all about a runaway model with a face like sin and a heart like a James Joyce novel
Saying ""Sister, sister, how I missed ya, missed ya
Let's go wrist to wrist and take the skin off of the blister""
If you're a rockstar, pornstar, superstar, doesn't matter what you are
Get yourself a good car, get outta here
Well
But the boys in the better land
You're always talking 'bout the boys in the better land
The boys in the better land
But the boys in the better land
You're always talking 'bout the boys in the better land
The boys in the better land
Driver's got names to fill two double barrels
He spits out ""Brits out"", only smokes Carrolls
And he's refreshing the world in mind, body and spirit
Mind body and spirit, you better hear it and fear it
Oh, that's the spirit
Saying ""Sister, sister, how I missed ya, missed ya
Let's go wrist to wrist and take the skin off of the blister""
If you're a rockstar, pornstar, superstar, doesn't matter what you are
Get yourself a good car, get outta here
Yeah
But the boys in the better land
You're always talking 'bout the boys in the better land
The boys in the better land
But the boys in the better land
You're always talkin' about the boys in the better land
The boys in the better land
Driver's got names to fill two double barrels
He spits out ""Brits out"", only smokes Carrolls
And he's refreshing the world in mind, body and spirit
Mind body and spirit, you better hear it and fear it
Oh, that's the spirit
Saying ""Sister, sister, how I missed ya, missed ya
Let's go wrist to wrist and take the skin off of the blister""
If you're a rockstar, pornstar, superstar, doesn't matter what you are
Get yourself a good car, get outta here
Yeah
But the boys in the better land
You're always talking 'bout the boys in the better land
The boys in the better land
But the boys in the better land
You're always talkin' about the boys in the better land
The boys in the better land";sadness
32FcjEWPn4aSRqJ6loL01b;Burnin' It Down;Jason Aldean;rock;72;2014;"You slip your finger through the tear in my t-shirt
You stirrin' up dirty in the back of my mind
You keep on flirtin', 'cause you know that it's workin'
You stuck in my head girl writing the lines
Couldn't sing this song without you if I tried
Let's light it up like it's our last night
We're just hanging around
Burnin' it down
Sippin' on some cold Jack Daniel's
Jammin' to some old Alabama with you baby
Laying right here naked in my bed
I'm just doing my thing
You love it when I sing
Say it makes you feel like an angel
We about to get a little tangled up right about now
So girl let's keep burnin' it down
Burnin' it down, burnin' it down
Girl when you want it
You know that I'm on it
You know that I love lovin' up on you
Let's hit the switch and let our shadows dance
And light it up like it's our last chance
We're just hanging around
Burnin' it down
Sippin' on some cold Jack Daniel's
Jammin' to some old Alabama with you baby
Laying right here dreamin' in my bed
I'm just doing my thing
You love it when I sing
Say it makes you feel like an angel
We about to get a little tangled up right about now
So girl let's keep burnin' it down
Burnin' it down, burnin' it down, burnin' it down
Burnin' it down, burnin' it down, burnin' it down
I wanna rock it all night
Baby girl will you rock it out with me (with me)
I wanna crawl through the dark
Just to feel your heartbeat against me (against me)
I wanna rock it all night
Baby girl will you rock it out with me (with me)
I wanna crawl through the dark
Just to feel your heartbeat against me  (against me)
We're just hanging around
Burnin' it down
Sippin' on some cold Jack Daniel's
Jammin' to some old Alabama with you baby
Laying right here naked in my bed
I'm just doing my thing
You love it when I sing
Say it makes you feel like an angel
We about to get a little tangled up right about now
So girl let's keep burnin' it down
Burnin' it down, burnin' it down, burnin' it down
Burnin' it down, burnin' it down, burnin' it down
I wanna rock it all night
Baby girl will you rock it out with me (with me)
I wanna crawl through the dark
Just to feel your heartbeat against me";anger
6or1bKJiZ06IlK0vFvY75k;Rap God;Eminem;hip-hop;78;2013;"""Look, I was gonna go easy on you not to hurt your feelings""
""But I'm only going to get this one chance"" (Six minutes—, six minutes—)
""Something's wrong, I can feel it"" (Six minutes, Slim Shady, you're on!)
""Just a feeling I've got, like something's about to happen, but I don't know what. 
If that means what I think it means, we're in trouble, big trouble; 
And if he is as bananas as you say, I'm not taking any chances""
""You are just what the doc ordered""
I'm beginnin' to feel like a Rap God, Rap God
All my people from the front to the back nod, back nod
Now, who thinks their arms are long enough to slap box, slap box?
They said I rap like a robot, so call me Rap-bot
But for me to rap like a computer it must be in my genes
I got a laptop in my back pocket
My pen'll go off when I half-cock it
Got a fat knot from that rap profit
Made a livin' and a killin' off it
Ever since Bill Clinton was still in office
With Monica Lewinsky feelin' on his nutsack
I'm an MC still as honest
But as rude and as indecent as all hell
Syllables, skill-a-holic (Kill 'em all with)
This flippity dippity-hippity hip-hop
You don't really wanna get into a pissin' match
With this rappity brat, packin' a MAC in the back of the Ac'
Backpack rap crap, yap-yap, yackety-yack
And at the exact same time, I attempt these lyrical acrobat stunts while I'm practicin' that
I'll still be able to break a motherfuckin' table
Over the back of a couple of faggots and crack it in half
Only realized it was ironic, I was signed to Aftermath after the fact
How could I not blow? All I do is drop F-bombs
Feel my wrath of attack
Rappers are havin' a rough time period, here's a maxi pad
It's actually disastrously bad for the wack
While I'm masterfully constructing this masterpièce
'Cause I'm beginnin' to feel like a Rap God, Rap God
All my people from the front to the back nod, back nod
Now, who thinks their arms are long enough to slap box, slap box?
Let me show you maintainin' this shit ain't that hard, that hard
Everybody want the key and the secret to rap immortality like Ι have got
Well, to be truthful the blueprint's
Simply rage and youthful exuberance
Everybody loves to root for a nuisance
Hit the Earth like an asteroid
Did nothing but shoot for the Moon since (Pew!)
MCs get taken to school with this music
'Cause I use it as a vehicle to ""bus the rhyme""
Now I lead a new school full of students
Me? I'm a product of Rakim
Lakim Shabazz, 2Pac, N.W.A, Cube, hey Doc, Ren
Yella, Eazy, thank you, they got Slim
Inspired enough to one day grow up, blow up and be in a position
To meet Run–D.M.C., and induct them
Into the motherfuckin' Rock and Roll Hall of Fame
Even though I'll walk in the church and burst in a ball of flames
Only Hall of Fame I'll be inducted in is the alcohol of fame
On the wall of shame
You fags think it's all a game, 'til I walk a flock of flames
Off a plank and, tell me what in the fuck are you thinkin'?
Little gay-lookin' boy
So gay I can barely say it with a straight face, lookin' boy (Ha-ha!)
You're witnessin' a mass-occur
Like you're watching a church gathering take place, lookin' boy
""Oy vey, that boy's gay!""—that's all they say, lookin' boy
You get a thumbs up, pat on the back
And a ""way to go"" from your label every day, lookin' boy
Hey, lookin' boy! What you say, lookin' boy?
I get a ""hell yeah"" from Dre, lookin' boy
I'ma work for everything I have, never asked nobody for shit
Get outta my face, lookin' boy!
Basically, boy, you're never gonna be capable
Of keepin' up with the same pace, lookin' boy, 'cause—
I'm beginnin' to feel like a Rap God, Rap God
All my people from the front to the back nod, back nod
The way I'm racin' around the track, call me NASCAR, NASCAR
Dale Earnhardt of the trailer park, the White Trash God
Kneel before General Zod
This planet's Krypton—no, Asgard, Asgard
So you'll be Thor and I'll be Odin
You rodent, I'm omnipotent
Let off, then I'm reloadin'
Immediately with these bombs I'm totin'
And I should not be woken
I'm the walkin' dead, but I'm just a talkin' head, a zombie floatin'
But I got your mom deep-throatin'
I'm out my Ramen Noodle
We have nothin' in common, poodle
I'm a Doberman, pinch yourself in the arm and pay homage, pupil
It's me, my honesty's brutal
But it's honestly futile if I don't utilize what I do though
For good at least once in a while
So I wanna make sure somewhere in this chicken scratch I scribble and doodle enough rhymes
To maybe try to help get some people through tough times
But I gotta keep a few punchlines
Just in case 'cause even you unsigned
Rappers are hungry lookin' at me like it's lunchtime
I know there was a time where once I
Was king of the underground
But I still rap like I'm on my Pharoahe Monch grind
So I crunch rhymes, but sometimes when you combine
Appeal with the skin color of mine
You get too big and here they come tryin'
To censor you like that one line
I said on ""I'm Back"" from The Mathers LP 1 when I
Tried to say I'll take seven kids from Columbine
Put 'em all in a line, add an AK-47, a revolver and a 9
See if I get away with it now that I ain't as big as I was, but I'm
Morphin' into an immortal, comin' through the portal
You're stuck in a time warp from 2004 though
And I don't know what the fuck that you rhyme for
You're pointless as Rapunzel with fuckin' cornrows
You write normal? Fuck being normal!
And I just bought a new raygun from the future
Just to come and shoot ya, like when Fabolous made Ray J mad
'Cause Fab said he looked like a fag at Mayweather's pad
Singin' to a man while he played piano
Man, oh man, that was a 24/7 special on the cable channel
So Ray J went straight to the radio station
The very next day, ""Hey Fab, I'ma kill you!""
Lyrics comin' at you at supersonic speed (J.J. Fad)
Uh, summa-lumma, dooma-lumma, you assumin' I'm a human
What I gotta do to get it through to you? I'm superhuman
Innovative and I'm made of rubber so that anything you say is ricochetin' off of me and it'll glue to you and
I'm devastating, more than ever demonstrating
How to give a motherfuckin' audience a feeling like it's levitating
Never fading, and I know the haters are forever waiting
For the day that they can say I fell off, they'll be celebrating
'Cause I know the way to get 'em motivated
I make elevating music, you make elevator music
""Oh, he's too mainstream.""
Well, that's what they do when they get jealous, they confuse it
""It's not hip-hop, it's pop,""—'cause I found a hella way to fuse it
With rock, shock rap with Doc
Throw on ""Lose Yourself"" and make 'em lose it
""I don't know how to make songs like that
I don't know what words to use.""
Let me know when it occurs to you
While I'm rippin' any one of these verses that versus you
It's curtains, I'm inadvertently hurtin' you
How many verses I gotta murder to
Prove that if you were half as nice, your songs you could sacrifice virgins too?!
Ugh, school flunky, pill junkie
But look at the accolades these skills brung me
Full of myself, but still hungry
I bully myself 'cause I make me do what I put my mind to
And I'm a million leagues above you
Ill when I speak in tongues, but it's still tongue-in-cheek, fuck you
I'm drunk, so, Satan, take the fucking wheel
I'ma sleep in the front seat
Bumpin' Heavy D and the Boyz, still ""Chunky but Funky""
But in my head there's something I can feel tugging and struggling
Angels fight with devils and here's what they want from me
They're askin' me to eliminate some of the women hate
But if you take into consideration the bitter hatred
I have, then you may be a little patient
And more sympathetic to the situation
And understand the discrimination
But fuck it, life's handin' you lemons? Make lemonade then!
But if I can't batter the women
How the fuck am I supposed to bake 'em a cake then?
Don't mistake him for Satan
It's a fatal mistake if you think I need to be overseas and take a vacation
To trip a broad, and make her fall on her face and
Don't be a retard—be a king? Think not
Why be a king when you can be a god?";fear
7k97NZTpES8UV88YahNgEB;3 Peat;Lil Wayne;hip-hop;57;2008;"Yessir!
They can't stop me
Even if they stopped me...
Hahahah, yeah
I'm on it, ooh, I'm on it
I'm so on it, and however you want it
You can get it tonight ho, and all night ho
I get the beat from (Maestro), a-fuckin' right, ho!
I might go crazy on these niggas, I don't give a motherfuck
Run up in a nigga house and shoot his grandmother up
What! What! I don't give a motherfuck
Get your baby kidnapped and your baby-mother fucked
It's Tha Carter 3, bitch, better put your supper up
Hollygrove, I throw it up like I'm trying to lose my gut
Fuck is up? Beat him up like a million uppercuts
Got a million duffled up for the fuck of it, shit
Get on my level? You can't get on my level
You gon' need a space shuttle or a ladder that's forever
However, I'm better, if not now, then never
Don't you ever fix your lips unless you 'bout to suck my dick
Bitch, swallow my words, taste my thoughts
And if it's too nasty, spit it back at me
Two more inches, I'd have been in that casket
According to the doctor, I could've died in traffic
Bounce right back on them bitches, like Magic
Abracadabra, I'm up, like Viagra
I just do this shit for my clique, like Adam Sandler
I control hip-hop, and I'ma keep it on my channel
Watch me! Bitch, watch me! Bitch, watch me!
But they cannot-see me, like Hitler
It's the New Orleans nightmare
Money so old, it's growing white hair
Young Money, baby! Yeah, we right here
I'ma make sure we ball 'til we fall like tears
And mama, don't cry, your son can handle his
I got her out the hood and put up in the hills, yeah
When I was fourteen, I told my mom we would see better days
And sure enough, I got Miss Cita in a better place
When I was fourteen, I told my mom we would see better days
And sure enough, we did exactly what I said
I tell my girl, ""When you fuck me, better fuck me good
'Cause if another girl could, she gon' fuck me good""
No sitting at the table if you bringing nothing to it
And I get straight to it like it's nothing to it
Yeah, I got game like Stuart
Scott, fresh out the ESPN shop
And when SportsCenter poppin', everything stoppin'
But you can't fool me, I know what you watchin'
Me! You watch me!
You watch me! 'Cause I be
Weezy, must-see TV, C3
Nigga, that's me, and I'm me
I'm me, times three
So retreat, or suffer defeat
I'm back, 3-Peat!
C3!";anger
0jr6tT2vc4cIFPHb6wufG3;Promise (feat. Usher);Romeo Santos;hip-hop;72;2012;"He perdido el balance por tu amor
En tus manos yo caí, tienes control sobre mí
Tu cuerpo es la cárcel y yo un prisionero
Y jamás quiero salir, condenado y soy feliz
Try to keep my balance but I still fall
But how I fall so hard
Right into your arms, I swear girl
Wrapped inside you, baby, and it’s so warm, yeah, yeah, yeah
Love without a cause
Leaves me trapped inside my own bars
Quiero ser tuyo enterito pero tengo miedo
Prométeme que no me vas a dejar sin tu amor
(Talk to her Usher)
I’ll give you my heart, girl, but you got to promise
Prométeme, mami
Promise you'll hold me (Hold me)
Oh touch me (Touch me)
Love me
Way past forever
Hasta siempre (Forever)
Woh-oh-oh
Escucha las palabras de Romeo
Oh-oh, oh
Yeah, man
Usher, baby
Romeo
Yo tan joven padezco del corazón
Y por tu amor sufriría mil años y con mucho honor (Don't die baby)
Uh-uh-uh
I'm trying to be calm but my chest keeps pounding
Trying to swim but it’s like I’m drowning
All I've got for you love
Oh baby
Quiero ser tuyo enterito pero tengo miedo
Prométeme que no me vas a dejar sin tu amor (Usher)
I’ll give you my heart, girl, but you got to promise
Ay, prométeme, mami
Promise you'll hold me (Hold me)
Oh touch me (Touch me)
Love me
Way past forever
You need this in your life
Yeah, man
Two kings
Revolutionary
Hey yo' Romeo, talk to her
Hey
Temo que me dejes en el abandono
Y tú eres mi oxígeno y mi todo
But I realize that its worth running a race
When the finish line is you
Quiero ser tuyo enterito pero tengo miedo (Oh-oh, yeah, yeah)
Prométeme que no me vas a dejar sin tu amor (Oh-oh-oh-oh)
If I’ll give you my heart, girl, you got to promise
(Promise that you'll love me, baby)
Promise you'll hold me
Touch me (Oh touch me)
Love me (Oh-oh-oh)
Way past forever
Quiero ser tuyo enterito pero tengo miedo
(Turn the lights off)
Prométeme que no me vas a dejar sin tu amor";sadness
57wp7VFnV8X0pSVnYArGeJ;Whatever She Wants;Bryson Tiller;hip-hop;81;2024;"Nah, we just gettin' started
It's Slum Tiller, Volume 2, nigga
My boy Tylian snapped on this shit
We got this motherfucker goin' crazy and we don't even know-
Can't see yo' at, peace, nigga, you know what time it is
Uh
I'ma take her bougie ass to Rodeo and then let her pick up whatever she want
CC, Gucci, hit Bottega, whatever she want
She piss me off, somehow she still get whatever she want
Talking 'bout her nails, I'm finna nail her ass at home
Hit it in the shower, made her tell me where she want (Huh)
Like I'm singin' Mase, I made her tell me what she want (Huh, huh)
(Huh-huh, huh-huh-huh, wow)
She on a power trip again
I know pussy power got me buyin' shit again
Friends ain't jackin' me, you must be lyin' to your friends
They know I'm a beast, I wake the giants up again (Huh-huh, huh-huh-huh)
Shinin' once again
Ran it up, I told lil' mama, ""Slide in my DMs"" (Huh, uh)
Now I'm right back in, oh
Locked in
Shawty got that dress on so the block is hot again
Thick so when I hit it sound like Flocka adlibs (Baow-baow, baow-baow-baow)
Got her ass again
Then she got to trippin' over nothin' yet again
Got a nigga feelin' like a sucker yet again
Close off my emotion then I rush to let her in
Hurry up and let her in (Huh)
I'ma take her bougie ass to Rodeo and then let her pick up whatever she want
CC, Gucci, hit Bottega, whatever she want
She piss me off, somehow she still get whatever she want
Talking 'bout her nails, I'm finna nail her ass at home
Hit it in the shower, made her tell me where she want (Want)
Like I'm singin' Mase, I made her tell me what she want (Huh-huh, huh-huh, huh-huh)
(Oh-oh, oh-oh, oh-oh, oh, I)
I'm already knowin' (I)
She spoiled as a motherfucker
Whatever
Huh
Spoil her ass again
Take her to the dealership, the Porsche got a twin, huh
Patek got a beam, huh, hold it to the lens
Put the ice I bought you on and show it to your friends, huh
Shop until we lean, huh
Bae, let's make it even (Ayy)
She don't hold a damn thing, she spicy like Tajin (Hot, hot, hot, hot, hot)
Ha, yeah, she spicy like Tajin, ayy, look, bae, don't make no sense
I'm finna take her bougie ass to Rodeo and then let her pick up whatever she want
CC, Gucci, hit Bottega, whatever she want
She piss me off, somehow she still get whatever she want (Uh-huh)
Talking 'bout her nails, I'm finna nail her ass at home
Hit it in the shower, made her tell me where she want (Huh)
Like I'm singin' Mase, I made her tell me what she want (Huh-huh, huh-huh, huh-huh)";anger
0mnBhXXnKQoCCXKF5L45ad;Seriously;Katchafire;hip-hop;51;2006;"Since I’ve heard from thee
Since you dropped me a line
Well I know
What you’ve been going through
And I know
What I’ve been telling you
Girl seriously give me another one
Wo yeah
I happen to know what’s gonna happen next
The rhythm will pull you into this here jam
I reckon the rhythm just can’t stop you moving
And everywhere you look people be dancing near - yeah
I don’t drive no flashy car
I don’t wear no flashy ring girl
You don’t see me trying bling bling girl yeah
Give me another one…";fear
3GpbwCm3YxiWDvy29Uo3vP;Right Round;Flo Rida;pop;82;2009;"You spin my head right round, right round
When you go down, when you go down, down
You spin my head right round, right round
When you go down, when you go down, down
Hey, walk out of the house with my swagger
Hop in, there we go, I got places to go
People to see, time is precious
I look at my Cartier, outta control
Just like my mind where I'm goin'
No women, no shorties, no nothin' but clothes
No stoppin' now, my Pirellis on roll
I like my jewelry that's always on gold
I know the storm is comin'
My pockets keep tellin' me it's gonna shower
Call up my homies
It's on and poppin tonight 'cause it's meant to be ours
We keep a fadeaway shot
'Cause we be ballin', it's platinum Patron that be ours
Lil' mama, I owe you just like the flowers
Girl, you the truth with all of that goody power, 'cause
You spin my head right round, right round
When you go down, when you go down, down
You spin my head right round, right round
When you go down, when you go down, down
From the top of the pole I watch her go down
She got me throwing my money around
Ain't nothing more beautiful to be found
It's going down, down
From the top of the pole I watch her go down
She got me throwing my money around
Ain't nothing more beautiful to be found
It's going down, down
Hey, shawty must know I'm the man
My money love her like a number one fan
Don't open my mouth, let her talk to my bands
My Benjamin Frank-a-lins
A couple of grands, I got rubberbands
My paper planes making her dance
Get dirty all night, that's part of my plan
We building castles that's made out of sand
She's amazing, her fire blazing, hotter than cajun
Girl, won't you move a lil' closer?
Time to get paid, it's maximum wage
That body belongs on a poster
I'm in a daze, that bottom is waving at me
Like, dammit, I know you
Doing a show like a gun out of holster
Tell me whatever then I'll be your chauffeur, 'cause
You spin my head right round, right round
When you go down, when you go down, down
You spin my head right round, right round
When you go down, when you go down, down
From the top of the pole I watch her go down
She got me throwing my money around
Ain't nothing more beautiful to be found
It's going down, down
From the top of the pole I watch her go down
She got me throwing my money around
Ain't nothing more beautiful to be found
It's going down, down
Yeah, I'm spending my money (Hey)
I'm outta control (Hey)
Somebody help me
She's taking my bank roll
But I'm king of the club (Hey)
And I'm wearing the crown
Popping these bottles, touching these models
Watching they asses go down, down
Down, down, down, down, down, down, down, down
Nwod, down, down, down, nwod, nwod, nwod, nwod
You spin my head right round, right round
When you go down, when you go down, down
You spin my head right round, right round
When you go down, when you go down, down (Hey)
You spin my head right round, right round (Hey)
When you go down, when you go down, down (Hey)
You spin my head right round, right round (Hey)
When you go down, when you go down, down (Hey)";fear
2ovm5VZJ36s3HKF8nkcIZI;Sexy Lady;MC Magic;hip-hop;60;2006;"Quiero que sepas que todos los dias
Solo pienso en ti
Eres la reina de mi vida
Mi corazon es para ti (Mi Amor)
I wanna treat you like a queen
I wanna love you tonight
Sexy lady with the pretty brown eyes let me know if you down to ride
I remember when i met you
You was standing with your friends at the bar looking so fly
From the hotel sweet to the bubbles in the bath tub
No matter what you want to do i got your back love
Let me give it to you baby let me rub your back
As a matter of a fact
With the lights down low with the beat thats slow imma make you loose control
Let me touch them private places
Homerun hit like four bases
Making all them sexy faces
Damn girl you drive me crazy
I won't stop until the panties drop
Foggy windows in the parking lot
Holiday inn or the Marriott
Dime lo que quieras i make it real hot
(Chorus)
Quiero que sepas que todos los dias
Solo pienso en ti
Eres la reina de mi vida
Mi corazon es para ti (Mi Amor)
I wanna treat you like a queen
I wanna love you tonight
Sexy lady with the pretty brown eyes let me know if you down to ride
(let me know girl)
Let me treat that body like a playground
From the top of the slide to the merry-go-round
Dont stop 'till you get enough
Till your eyes roll back and your legs lock up
Ooh wee i know you like that feeling when im killing
That kitty kat kat and i break your back and you lose your breath like a cardiac
Must be that sex maniac in me
Gotta hit it one time or maybe three
You know that i gotta make it hotter than a hundred degrees
Tell me one thing
In the morning when you wake up
What you wanna do
Yo quiero hacer el amor with nobody else but you
(Chorus)
I told you lady that I'm gonna love you so right
Let me touch that body in the places that nobody's ever touched before
Let me just love you right let me show you what i feel
You're my one and only lady and that's why our love is so so real
(Chorus)
Come on now
M A G I C C I T Y
Nasty boy records dot com
From NBK to NB Ridaz to the magic city
Another one baby come on
M A G I C C I T Y";joy
6yiSyupeI7KYdBZKJdnIUO;Go Slowly;Radiohead;rock;64;2007;"Come slowly to me
I've been waiting
Patient, patiently
I didn't get it, but now I can see
That there's a way out
That there's a way out
That there's a way out
That there's a way out
That there's a way out";fear
3eNOyXmzuA46bUvi8FkIoW;Mamaw's House;Thomas Rhett;rock;69;2023;"Sorry, y'all, my mamaw called me, I'll, I'll be right back, hello?
It was always hotter than the grease she used to fry that chicken
Smelled like Marlboro Reds and all the butter from her biscuits
And that Lincoln in the driveway, circa 1982
Was on the shiny side of rusty and on the paler side of blue
Cussin' and complainin' weren't allowed at Mamaw's house
If every nightstand had a Bible, every front porch had a swing
If every backyard had a garden, every front door had a screen
Well, maybe this crazy world would straighten up and slow on down
If every town had a Mamaw's house
She'd ask if I was hungry every thirty seconds
And say things like ""hellfire,"" ""tarnation,"" and ""I reckon's""
It's where I spent my summers and she put me to work
Shellin' peas and shuckin' corn until my fingers hurt
No tellin' who I'da been without Mamaw's house
If every nightstand had a Bible, every front porch had a swing
If every backyard had a garden, every front door had a screen
Yeah, maybe this crazy world would straighten up and slow on down
If every town had a Mamaw's house
Yeah, and if they did, when I punched the clock
Tonight, I know right where I'd be
I'd walk in and get a big old hug
And a bigger glass of tea
If every nightstand had a Bible, every front porch had a swing
If every backyard had a garden, every front door had a screen
Yeah, maybe this crazy world would straighten up and slow on down
If every town had a Mamaw's house
Yeah, maybe this crazy world would straighten up and slow on down
If every town had a mamaw's house";disgust
4AMr2yB3Ng41sX5uKLIlvQ;White Girl;U.S.D.A.;hip-hop;57;2007;"Hahaha
Yeah!
Ahh Yee-uhh, Boii Ah Yee-uhh
Ahh Yee-uhh, Boii Ah Yee-uhh
Ahh Yee-uhh, Boii Ah Yee-uhh
You know we keep dat white gurl, Christina Aguilera
My jewelry too loud, babygirl I can't hear ya
I need 'bout 50 of dem bricks at the topic
They know we run the streets, mayne dem boys best stop it
You know we keep dat white girl, Christina Aguilera
My jewelry too loud, homeboy I can't hear ya
I need 'bout 50 of dem bricks at the topic
They know we run the streets, mayne dem boys best stop it
Fresh White-T in my all-white, Caddy
Yeah she ya girl but she call me, daddy
Smokin' nothin' but the best, you can call this 'Cali'
Have a brick on the seat, you can call dat 'Sally'
A lil' paranoid, you can call me crazy
Last time we came thru, we spent 'bout a buck 80
""About a buck 80?"" - Yeah, a 180 thousand
Matta of fact nigga, I'm runnin' thru the change right now
You know we keep dat white gurl, Christina Aguilera
My jewelry too loud, babygirl I can't hear ya
I need 'bout 50 of dem bricks at the topic
They know we run the streets, mayne dem boys best stop it
You know we keep dat white girl, Christina Aguilera
My jewelry too loud, homeboy I can't hear ya
I need 'bout 50 of dem bricks at the topic
They know we run the streets, mayne dem boys best stop it
Who it be? - Who!
The boy Slick P
Clean mussle car, rented wit' a big fee
Blowin' my smoke, throwin' up the 4's
You can tell err'body git dat, the kid git dough
's jump (Whudd?!), we call dem ""Mad goes""
Got 'em goin' fo' the 12, yeah we got dem fo' the low
Two cell phones our next tel, Matt Trough
Keep my spot bunkin', open like the ""24""
You know we keep dat white gurl, Christina Aguilera
My jewelry too loud, babygirl I can't hear ya
I need 'bout 50 of dem bricks at the topic
They know we run the streets, mayne dem boys best stop it
You know we keep dat white girl, Christina Aguilera
My jewelry too loud, homeboy I can't hear ya
I need 'bout 50 of dem bricks at the topic
They know we run the streets, mayne dem boys best stop it
B-rawsteen
Got his name from the Raw
Not a stone in this muthafuckin' chain got a flaw
My man - yeah I'm talkin'bout dat white thang
My niggas in The Projects, yeah they on the same thang
My lil' senorita, call her ""Spanish Fly""
I blow a couple O's so, I holla at my dime (Take my chain)
You know bout dem white blocks? - Yeah, I'm talkin' white squares
Move 'em by the two's, so they go by the pairs
You know we keep dat white gurl, Christina Aguilera
My jewelry too loud, babygirl I can't hear ya
I need 'bout 50 of dem bricks at the topic
They know we run the streets, mayne dem boys best stop it
You know we keep dat white girl, Christina Aguilera
My jewelry too loud, homeboy I can't hear ya
I need 'bout 50 of dem bricks at the topic
They know we run the streets, mayne dem boys best stop it
You know we keep dat white girl (Owh!.. Owh!.. Owh!..)
You know we keep dat white girl (Hey!.. Hey!.. Hey!..)
You know we keep dat white girl (Owh!.. Owh!.. Owh!..)";surprise
2UAWVtEwFLJqdJsT8FCzKX;Flashed Junk Mind;Milky Chance;rock;67;2014;"When we were young souls
On the junkyard
Now we are stunned minds
Full of junk-goods
But I feel your heartbeat
Just like mine
I feel your heartbeat
All the time
And we were bound to the city life
Flashlights when we're falling into the night
Focused on what you feel
Just when you were calling her love that day
And we were bound to the city life
Flashlights when we're falling into the night
Focused on what you feel
Just when you were calling her love that day
Aye-aye-aye-aye
And we were young souls
On the junkyard
Now we are stunned minds
Full of junk-goods
But I feel your heartbeat
Just like mine
I feel your heartbeat
All the time
And we were bound to the city life
Flashlights when we're falling into the night
Focused on what you feel
Just when you were calling her love that day
And we were bound to the city life
Flashlights when we're falling into the night
Focused on what you feel
Just when you were calling her love that day
And we were bound to the city life
Aye-aye-aye-aye
And we were bound to the city life
Flashlights when we're falling into the night
Focused on what you feel
Just when you were calling her love that day
And we were bound to the city life
Flashlights when we're falling into the night
Focused on what you feel
Just when you were calling her love that day
Aye-aye-aye-aye";surprise
4r6eNCsrZnQWJzzvFh4nlg;Firework;Katy Perry;pop;75;2010;"Do you ever feel like a plastic bag
Drifting through the wind, wanting to start again?
Do you ever feel, feel so paper-thin
Like a house of cards, one blow from cavin' in?
Do you ever feel already buried deep?
Six feet under screams, but no one seems to hear a thing
Do you know that there's still a chance for you?
'Cause there's a spark in you
You just gotta ignite the light
And let it shine
Just own the night
Like the Fourth of July
'Cause baby, you're a firework
Come on show 'em what you're worth
Make 'em go, ""Ah, ah, ah""
As you shoot across the sky-y-y
Baby, you're a firework
Come on, let your colors burst
Make 'em go, ""Ah, ah, ah""
You're gonna leave 'em all in awe, awe, awe
You don't have to feel like a waste of space
You're original, cannot be replaced
If you only knew what the future holds
After a hurricane comes a rainbow
Maybe a reason why all the doors are closed
So you could open one that leads you to the perfect road
Like a lightning bolt, your heart will glow
And when it's time, you'll know
You just gotta ignite the light
And let it shine
Just own the night
Like the Fourth of July
'Cause baby, you're a firework
Come on, show 'em what you're worth
Make 'em go, ""Ah, ah, ah""
As you shoot across the sky-y-y
Baby, you're a firework
Come on, let your colors burst
Make 'em go, ""Ah, ah, ah""
You're gonna leave 'em all in awe, awe, awe
""Boom, boom, boom""
Even brighter than the moon, moon, moon
It's always been inside of you, you, you
And now it's time to let it throu-ou-ough
'Cause baby, you're a firework
Come on show 'em what you're worth
Make 'em go, ""Ah, ah, ah,""
As you shoot across the sky-y-y
Baby, you're a firework
Come on, let your colors burst
Make 'em go, ""Ah, ah, ah""
You're gonna leave 'em all in awe, awe, awe
""Boom, boom, boom""
Even brighter than the moon, moon, moon
""Boom, boom, boom""
Even brighter than the moon, moon, moon";fear
3HG3QFERdP3Q1b6VGahwWs;Alive (Nightmare);Kid Cudi;hip-hop;60;2009;"So mean
So mean
Every time the moon shines
I become alive, yeah
And every time the moon shines
I become alive, yeah
I'm feeling strange in the night
I'm not myself, I feel I'm thrown into a fight
Ah, nowhere to run, nowhere to hide, nothing's right
My skin is burning and my heart begins to speed
There's something going wrong with me
I am changing rapidly, ay
I'm feeling stronger, more alert, I'm on the move, mm
I smell her scent, and I know I will find her soon, soon, soon
The one to come and free me from this fate
I'll find her, it's not too late, hey, hey
Every time the moon shines
I become alive, yeah
And every time the moon shines
I become alive, yeah
I'm a beast in the night
I'm on the prowl while I'm hoping to find some light
You call it Heaven, I do too, we feel the same
Ain't nothing wrong, I'll be feasting on something brave, ay
A sexy lady who's pure, she has the cure, ah
I hope she can find the man within the beast, and
I hope she saves me from the curse I have to beat, hey
I hope she figures out a way to save my soul
Yeah, to save my heart, hey
Every time the moon shines
I become alive, yeah
And every time the moon shines
I become alive, yeah
Na-na-na-na-na-na-na-na, na
Whoa, na-na-na-na-na-na-na, na
Na-na-na-na-na-na-na-na, na
Whoa, na-na-na-na-na-na-na, na
I watch the sun collapse and took up in the clizzoud
I am the lone wolf, go where I wanna
Let the moon shine, be the guide to the lizzight
Even when I stray away, the light never left me
Uh, I learn to follow my instinct
Blinded by the light, rather that than the evil
Feelin' out of place in a room full of people
Try and be the same, but you know you're not a sequel
Your fate will be
Whatever it shall be, be, be, be, be
Won't fight no more
I let these things just be, be, be, be
Every time the moon shines
I become alive, yeah
And every time the moon shines
I become alive, yeah
Na-na-na-na-na-na-na-na, na
Whoa, na-na-na-na-na-na-na, na
Na-na-na-na-na-na-na-na, na
Whoa, na-na-na-na-na-na-na, na";fear
4wH4dJgrsxONID6KS2tDQM;Maneater;Nelly Furtado;pop;86;2006;"Take it back, take it back, take it back
Oh-oh-oh-ah-oh
Oh-ah-oh-oh-oh-ah
Everybody look at me, me (Oh)
I walk in the door, you start screaming (Oh)
Come on, everybody, what you here for? (Oh)
Move your body around like a nympho (Oh)
Everybody get your necks to crack around (Oh)
All you crazy people, come on, jump around (Oh)
I wanna see you all on your knees, knees (Oh)
You either wanna be with me, or be me (Come on, now)
Maneater, make you work hard
Make you spend hard, make you want all of her love
She's a maneater, make you buy cars
Make you cut cards, make you fall real hard in love
She's a maneater, make you work hard
Make you spend hard, make you want all of her love
She's a maneater, make you buy cars
Make you cut cards, wish you never ever met her at all
And when she walks, she walks with passion (Oh)
When she talks, she talks like she can handle it (Oh)
When she asks for somethin', boy, she means it (Oh)
Even if you never ever seen it (Oh)
Everybody get your necks to crack around (Oh)
All you crazy people, come on, jump around (Oh)
You doin' anything to keep her by your side (Oh)
Because, she said she love you, love you long time (Come on, now)
Maneater, make you work hard
Make you spend hard, make you want all of her love
She's a maneater, make you buy cars
Make you cut cards, make you fall real hard in love
She's a maneater, make you work hard
Make you spend hard, make you want all of her love
She's a maneater, make you buy cars
Make you cut cards, wish you never ever met her at all (Oh)
Ah-ah-ah-ah-ah-ah-ah, oh (Oh)
Ah-ah-ah-ah-ah-ah-ah, oh (Oh)
Ah-ah-ah-ah-ah-ah-ah, oh (Oh)
Ah-ah-ah-ah-ah-ah-ah, yeah (Come on, now)
Maneater, make you work hard
Make you spend hard, make you want all of her love
She's a maneater, make you buy cars
Make you cut cards, make you fall real hard in love
She's a maneater, make you work hard
Make you spend hard, make you want all of her love (Oh, oh, oh)
She's a maneater, make you buy cars (Oh, oh, oh)
Make you cut cards, wish you never ever met her at all (Make you buy cars, cut cards)
No, never ever met her at all (What you saying, girl?)
You wish you'd never ever met her at all (What you saying, girl?)
You wish you'd never ever met her at all (What you saying, girl?)
You wish you'd never ever met her at all (Come on!)
You wish you'd never ever met her at all (What you saying, girl?)
You wish you'd never ever met her at all (What you saying, girl?)
You wish you'd never ever met her at all (What you saying, girl?)
You wish you'd never ever met her at all (Break!)
(I've been around the world, I ain't never seen a girl like this)
She's a maneater, a maneater
(I've been around the world, I ain't never seen a girl like this)
She's a maneater, a maneater
(I've been around the world, I ain't never seen a girl like this)
She's a maneater, a maneater
(I've been around the world, I ain't never seen a girl like this)
Like this, like this, like this, like this";anger
6ptNBM3aWWACAQqC4rgkmp;Save That Shit;Chief Keef;hip-hop;70;2012;"Young Chop on the beat
She say she love me, whatever that is (I don't know)
BandKamp
Do me a favor, save that shit (Bitch)
She say she love me, whatever that is (I don't know)
Do me a favor, save that shit (Bitch)
Like bad kids, bitch, we reckless (Yeah)
Ball hard, stunt like Texas (Bang, bang)
He say he know Sosa, he be lacking (Nah)
Do me a favor, save that shit (Bitch)
You fuck niggas better stay packing (Bang, bang)
A lot of extended clips, no acting (Bang, bang)
She say she know Sosa, he be flexing
Pull up, windows down, smell refreshing
Good loud pack, smell like cat piss
Hanging out the roof, young and reckless
Rocking in my Rock jeans
Campaign Sosa, every nigga following
I ain't with the arguing
My niggas come, click clack, no arguing
She say she love me, whatever that is
We see a opp, shit get hectic
A lot of extended clips, no acting
No sex, bitch, I only want the neck, bitch
She say she love me, whatever that is (I don't know)
Do me a favor, save that shit (Bitch)
Like bad kids, bitch, we reckless (Yeah)
Ball hard, stunt like Texas (Bang, bang)
He say he know Sosa, he be lacking (Nah)
Do me a favor, save that shit (Bitch)
You fuck niggas better stay packing (Bang, bang)
A lot of extended clips, no acting (Bang, bang)
She say she love me, whatever that is (I don't know)
Do me a favor, save that shit (Bitch)";anger
2elA6JLRaQ6iB7hxiuTKN4;I Tried;Bone Thugs-N-Harmony;hip-hop;65;2007;"Bone Thugs, Akon, yeah
You know, don't nothin' come easy
You gotta try real, real hard
I've tried hard
But I guess I gotta try harder
I tried so hard
Can't seem to get away from misery
Man, I tried so hard
Will always be a victim of these streets
It ain't my fault 'cause I
Try to get away but trouble follows me
And still I try so hard
Hopin' one day you'll come and rescue me
But until then I'll be posted up
Right here: rain, sleet, hail, snow
But until then I'll be posted up
Right here with my heat, gettin' dough
First let me explain that I'm just a black man
And I come from the dark side
So I'm havin' a hard time stayin' on track, man
My mind be racin' and I don't even know what I'm chasin' yet
Been in and out of relationships
So I'm startin' to see that it's me where the complications at
But I'm layin' back, prayin' that
You give that peace of mind to me
I thought I was right but really I'm wrong
Then again I was too blind to see
I was in the fast lane chasin' my dreams
And then it seem when the fame and cash came
They just got me goin' crazy-y-y, lately
I've been so faded tryin' to erase it
But I just can't ‘cause the drama just grows greater
And I've been in so many collisions by puttin' shit off 'til later
I tried so hard
Can't seem to get away from misery
Man, I tried so hard
Will always be a victim of these streets
It ain't my fault 'cause I
Try to get away but trouble follows me
And still I try so hard
Hopin' one day you'll come and rescue me
But until then I'll be posted up
Right here: rain, sleet, hail, snow
But until then I'll be posted up
Right here with my heat, gettin' dough
It's like I'm takin' five steps forward and ten steps back
Tryin' to get ahead of the game but I can't seem to get it on track
And I keep runnin' away the ones that say they love me the most
How could I create the distance when it's supposed to be close?
And uh, I just don't know but I be out here fightin' demons
And it's like a curse that I can't shake this part of Cleveland
And Lord, would you help me?
And stop this pain I keep inflictin' on my family?
Hustlin' and gamblin', trickin' and scramblin'
And losin' sight of what I'm supposed to be handlin'
It's hard to manage ‘cause everyday's a challenge
And man, I'm slippin', can't lose my balance, I'm tryin' not to panic
I tried so hard
Can't seem to get away from misery
Man, I tried so hard
Will always be a victim of these streets
It ain't my fault 'cause I
Try to get away but trouble follows me
And still I try so hard
Hopin' one day you'll come and rescue me
But until then I'll be posted up
Right here: rain, sleet, hail, snow
But until then I'll be posted up
Right here with my heat, gettin' dough
I see that things won't change
I'm stuck in the game
As soon as I get out it keeps pullin' me back, mane
Got me doin' dirty dirt
So used to this hustlin' money
That I don't understand no 9-to-5 work
Studied on the streets, hustlas know what I mean
Hustlas ballin' before us
I'm tryin' to make it to that major league
So we will never leave until the sun came up
Gotta get it—no, nope, not leavin' no budge
Today games they play
Gotta go hard to get what you put in
If you fall off then it's all on you
Gotta watch what you sign to
Try so hard but I won't pull through
I tried so hard
Can't seem to get away from misery
Man, I tried so hard
Will always be a victim of these streets
It ain't my fault 'cause I
Try to get away but trouble follows me
And still I try so hard
Hopin' one day you'll come and rescue me
But until then I'll be posted up
Right here: rain, sleet, hail, snow
But until then I'll be posted up
Right here with my heat, gettin' dough";fear
2e9OK4HiyXyAH5oEtaxnIc;Australia Street;Sticky Fingers;rock;67;2013;"It was a real sunny day, we were chilling in the land
Of the Camperdown Park, nobody had a frown
Reminiscing on the days when we used to have a blaze
Everybody came around and we laxed out on the laze
And I remember when we'd drink and we'd smoke
And we'd spar and we'd laugh
And the night would just go on and on
For the rest of my life, that memory will stay
Man, fuck, that was a good time
I don't feel afraid from you
I don't feel afraid from you
I don't feel afraid from you
I don't feel afraid from you
'Cause I'm high
Chewing on your taste
(Forever) Forever feels like such a waste
So many places to be, people to meet
In tropical heat
Well, see, now this was the time when everything was perfect
We can jump around to the sound of the music
When you feel it, the bass coming through the tremolo
Passages just seem to go real, real slow
And this is what I want, and this is what you get
Come and share a toast for all our times we recollect
From the start into these bends, we unwind our weary heads
Being clever never sweats ya when forever has no end
'Cause I'm high
Chewing on your taste
(Forever) Forever feels like such a waste
So many places to be, people to meet
In tropical heat
I don't feel afraid from you
I don't feel afraid from you
I don't feel afraid from you
I don't feel afraid from you
You can not contemplate on all of what we've mastered
Compelled by different women as a strong current passes
All the little organisms swirling through the white
All my rested, hollow bones ready to pick a fight
All my pity get witty and driven through the sky
All the faces that change, the same smile far and wide
I was coming down the other day, next thing I was years away
I only wish that we could stay, my brother";fear
00hVU6kDP67JHurfwG2dtq;Hero Of War;Rise Against;rock;64;2008;"He said, ""Son, have you seen the world?
Well, what would you say, if I said that you could?
Just carry this gun, you'll even get paid""
I said, ""That sounds pretty good""
Black leather boots, spit-shined so bright
They cut off my hair, but it looks alright
We marched and we sang, we all became friends
As we learned how to fight
A hero of war
Yeah, that's what I'll be
And when I come home
They'll be damn proud of me
I'll carry this flag
To the grave if I must
'Cause it's a flag that I love
And a flag that I trust
I kicked in the door, I yelled my commands
The children, they cried, but I got my man
We took him away, a bag over his face
From his family and his friends
They took off his clothes, they pissed in his hands
I told them to stop, but then I joined in
We beat him with guns, and batons not just once
But again and again
A hero of war
Yeah, that's what I'll be
And when I come home
They'll be damn proud of me
I'll carry this flag
To the grave if I must
'Cause it's a flag that I love
And a flag that I trust
She walked through bullets and haze
I asked her to stop, I begged her to stay
But she pressed on, so I lifted my gun
And I fired away
And the shells jumped through the smoke
And into the sand that the blood now had soaked
She collapsed with a flag in her hand
A flag white as snow
A hero of war
Is that what they see?
Just medals and scars
So damn proud of me
And I brought home that flag
Now it gathers dust
But it's a flag that I love
It's the only flag I trust
He said, ""Son
Have you seen the world?
Well, what would you say
If I said that you could?""";disgust
0UFDKFqW2oGspYeYqo9wjA;Bleed It Out;Linkin Park;rock;81;2007;"Yeah, here we go for the hundredth time
Hand grenade pins in every line
Throw 'em up and let somethin' shine
Goin' out of my fuckin' mind
Filthy mouth, no excuse
Find a new place to hang this noose
String me up from atop these roofs
Knot it tight so I won't get loose
Truth is, you can stop and stare
Bled myself out and no one cares
Dug the trench out, laid down there
With a shovel up out of reach somewhere
Yeah, someone pour it in
Make it a dirt dance floor again
Say your prayers and stomp it out
When they bring that chorus in
I bleed it out, diggin' deeper just to throw it away
I bleed it out, digging deeper just to throw it away
I bleed it out, diggin' deeper just to throw it away
Just to throw it away, just to throw it away
I bleed it out
Go, stop the show
Choppy words and a sloppy flow
Shotgun opera, lock and load
Cock it back and then watch it go
Mama, help me, I've been cursed
Death is rollin' in every verse
Candy paint on his brand new hearse
Can't contain him, he knows he works
Fuck, this hurts, I won't lie
Doesn't matter how hard I try
Half the words don't mean a thing
And I know that I won't be satisfied
So why try ignorin' him?
Make it a dirt dance floor again
Say your prayers and stomp it out
When they bring that chorus in
I bleed it out, diggin' deeper just to throw it away
I bleed it out, diggin' deeper just to throw it away
I bleed it out, diggin' deeper just to throw it away
Just to throw it away, just to throw it away
I bleed it out
I've opened up these scars
I'll make you face this
I've pulled myself so far
I'll make you face this now
I bleed it out, digging deeper just to throw it away
I bleed it out, diggin' deeper just to throw it away
I bleed it out, diggin' deeper just to throw it away
Just to throw it away, just to throw it away
I bleed it out, diggin' deeper just to throw it away
I bleed it out, diggin' deeper just to throw it away
I bleed it out, diggin' deeper just to throw it away
Just to throw it away, just to throw it away
I bleed it out
I bleed it out
I bleed it out";anger
3fgehc497TFqKH1zBL2YNK;Heavy Is the Crown;Linkin Park;rock;77;2024;"It's pourin' in, you're laid on the floor again
One knock at the door and then
We both know how the story ends
You can't win if your white flag's out when the war begins
Aimin' so high but swingin' so low
Tryin' to catch fire but feelin' so cold
Hold it inside and hope it won't show
I'm sayin' it's not, but inside, I know
Today's gonna be the day you notice
'Cause I'm tired of explainin' what the joke is
This is what you asked for, heavy is the crown
Fire in the sunrise, ashes rainin' down
Try to hold it in, but it keeps bleedin' out
This is what you asked for, heavy is the
Heavy is the crown
Turn to run, now look what it's become
Outnumbered, ten to one
Back thеn should've bit your tongue
'Cause thеre's no turnin' back this path once it's begun
You're already on that list
Say you don't want what you can't resist
Wavin' that sword when the pen won't miss
Watch it all fallin' apart like this
This is what you asked for, heavy is the crown
Fire in the sunrise, ashes rainin' down
Try to hold it in, but it keeps bleedin' out
This is what you asked for, heavy is the
Heavy is the crown
Today's gonna be the day you notice
'Cause I'm tired of explainin' what the joke is
This is what you asked for
This is what you asked for, heavy is the crown
Fire in the sunrise, ashes rainin' down
Try to hold it in but it keeps bleedin' out
This is what you asked for, heavy is the
Heavy is the crown
Heavy is the crown
Heavy is the, heavy is the crown";anger