sentence,emotion
Sorry. This thing knows whats up!,sadness
"As the curtain rises, euphoria electrifies the entire auditorium.",happiness
Huh. Siege is still a thing. I miss the old days. :(,sadness
Burn it!,anger
The best daughter a father could ask for.,neutral
Hell yeah. Enjoy your new bachelor life son!,happiness
I feel like crying but I won't give in yet,sadness
Missing someone special who's not here with me anymore.,sadness
I'm getting a bit uneasy about our flight delay now.,fear
"Missing my old life, it's hard to adjust.",sadness
The app trio is the only thing worthwhile there. Won ton tacos +boneless wings + spinach dip and I'm a happy camper.,happiness
Anybody else feel super weird when you see your dad get hurt? It’s a weird thing to see,anger
We all are afraid of losing our jobs here or being blackballed all the same.,fear
"When ever I’m feeling depressed or alone, I’ll just image you and think “it could be worse”.",disgust
my little abomination,disgust
This has to be made as a satire of terrible memes . Like r/okbuddyretard material,fear
My mood is pretty down today for some reason.,sadness
There’s a special place in hell for u,anger
"Aaaand I'm still here. I don't have a alt account but whoever you reported I""m sure is alive and well. You're terrible.",fear
"My lunch was just okay, nothing special.",disgust
"I'm sorry you had a bad experience, that's horrible. But that number saved one of my friends lives. Different for everyone",fear
Underrated comment.,disgust
I am freaking out and can't think straight now,fear
I don't love flying but it's not so bad,fear
I wanna die,sadness
[NAME] has broken his brain so bad he’s turning [NAME] into [NAME],sadness
[NAME] sounds happy to be back! So glad we have the full crew today!!,happiness
"If you’re being contentious, then I have no interest in discussing this. There’s plenty of other threads you can search.",anger
"Because you're not making one in any coherent way. As such, I'm done.",anger
"where is this link on the sidebar? I can't seem to find it for a reason. I only see ""rules"" and ""moderators"".",neutral
My day is ruined because of this crap.,anger
You will also be removed from a jury if you utter anything about it.,anger
The title made me laugh so much after reading this. Glad things are going great with your wife. Many more happy years to you three (:,happiness
Why does everything always go wrong for me?,anger
Hi [NAME]!,neutral
This weather is making me grumpy and stuffy too.,anger
Hey leave me and my 11 year old Thai wife out of this.,neutral
I feel mad that they cancelled our plans last minute.,anger
Sad if step kids are nice children I am sorry they are in this dynamic,sadness
They could've added two dots and a line and it could have been better,neutral
Public speaking still terrifies me to be honest though.,fear
Watching her walk down the aisle totally made sense.,happiness
My 3 year old is an asshole. His 8 year old sister was also an asshole at 3. It gets better!,anger
He's a hypocrite like everyone else in his family and party.,anger
"Sorry pal, it’s actually one of my least favorites :/",sadness
"It wasn't a good idea then... it's been 10 years, why do you still think this was funny?",anger
He is just awful enough to do something like that.,disgust
I feel really frustrated with my boss's decision today.,anger
That movie really scared me when I was a kid.,fear
"These people project so much, I'm surprised they don't work at cinemas.",neutral
"This traffic is disgusting, taking forever to move.",disgust
I'm getting a little tired of this noise.,disgust
I SWEAR I DIDNT MEAN TO ANSWER 2 HOURS LATER FORGIVE MEEE,sadness
Very sad. It’s the child I feel for most.,sadness
"1-2-3-4 I declare a thumb war! Dangit [NAME], you win again! Ok you get to stab me again :(",sadness
This team's energy is really uplifting me today.,happiness
"I appreciate all your help today, seriously thank you",happiness
oppressed by nature!,anger
Maybe try to do some little thing you really used to enjoy. Even if it's just for 5 mins it's still a small victory.,happiness
"You're a freak, you dirty dog you.",anger
"On BBC Parliament: ""Brussels will be watching this as well."" Will they? Do they have a TV Licence?!",neutral
Missing home more than usual today for some reason,sadness
I made a great impression on my date tonight.,happiness
"I find it sadly ironic that a man's job is to protect his family, yet if he's alone with his children they question their safety.",sadness
I'm not loving the weather today at all honestly.,disgust
Have you told him you aren't 100% ok with it? It sounds like you're regretting this decision.,sadness
. Seriously irritated with this weather forecast,anger
My friends have been amazing to me lately.,happiness
"Oh look, it's wr2! *proceeds to get fucked*",anger
That is disgusting. No one should act like that to you. I'm so sorry that happened.,disgust
"This is the sweetest thing ever, im gonna steal it and use it on my fiance",happiness
i do not like the dollar store [NAME].,anger
Edgy bro.,fear
That’s awesome man!,happiness
it's not but damn i'm sorry to hear how common this is,sadness
"Same! They got into my PayPal and tried to steal $1,000.",neutral
He’s been shit. Makes the wrong decision in the final third every time this game.,anger
"It better not as I only bought the bloody thing last week! Sorry, guess i'm still in shock from the kettle dying.",sadness
I am 33 and I still regret things I said in the 5th grade.,sadness
"DayZ chemlights actually last for 3 IRL hours already, which is plenty of time to find new ones.",neutral
I just can't even deal with this anymore today,anger
I'll take the Akot 3 but man that shot is ugly,disgust
What the hell kind of university schedules a class at 6am?,anger
She said that? Wtf?? That's fucked up. I shouldn't be surprised. Hypocrisy is common with this bunch.,anger
"I've had it with these people, seriously done.",anger
It's amazing how polar opposite [NAME] is from Thibs,happiness
"As a democrat, even I am afraid of a super majority.",fear
That comment really irritated me for some reason.,anger
Got a nice hairdoodoo,happiness
"Oh good. It's nice to see confirmation that you're actually trolling, because no one is that stupid",happiness
What in the hell are you talking about? I've never said that,anger
Outdoor cats have a lifespan of about 5 years so allowing them outside is basically a prolonged death sentence.,sadness
My favourite pool! Shame I don't live around there anymore,sadness
"Relatedly, my legs are lean because I run away from my problems.",fear
"None, I know nobody or have anyone nearby who can help.",sadness
"That looks absolutely awful. On the good side, whoever made it, can only get better.",disgust
I did twist my ankle trying to play that on DDR.,sadness
This bathroom needs some serious cleaning now.,disgust
My art is actually getting recognized and I'm thrilled,happiness
"Mostly just having a tough day, that's all.",sadness
Actually there are some terminals now that let you disable it lmao. Very sad.,sadness
This is the best news I've heard in weeks. Source: Albertan where scum like wolves of odin are multiplying like fruit fly's.,happiness
"for how long, you arent fucking with me?",anger
"Sorry, but you probably do given the AVers do have a limited literary skills at the best of times.",sadness
"BEN ""[NAME]"" LOVEJOY!",anger
Something smells funky in here and it's annoying,disgust
That dude popped a viagra and got stuck in his neck.,anger
Irritated that it's raining on the weekend of course,anger
"Actually made me feel worse. Kids are always back there, death would have been guaranteed had they any.",sadness
"It's a self-identifying group, and they have killed quite a bit of people in their crusade for revenge. It's both absolutely pathetic and absolutely terrifying.",disgust
I stan ❤️🧡💛💚💙💜,happiness
Because it was windy ...,neutral
My fear of spiders is still really bad I think.,fear
The sad part about this is that these memes are more Gen Z if anything...,sadness
You would know if you weren't such a Filthy Ricefield Peasant.,disgust
"To be fair, they did call it a horror.",fear
Laundry day is so gross when you're sick like me,disgust
"Nah, lady will come to the resc... oh, sorry, forgot",sadness
"Also threw about 4 passes that should have been interceptions, but Eagles DBs cannot hold onto the ball.",neutral
I read it as him taking her virginity. Raping her...unless it was consensual and she WANTED to lose it.,disgust
You just posted the same thing but made it worse.,anger
"If he was from a free pack he's not sellable, sorry",sadness
"It just so happened that PD, sick kids , and family emergencies all happened to overlap between all my coworkers leaving me all alone.",sadness
My anxiety is spiking just thinking about Monday.,fear
Sadly you are correct.,sadness
Fuuuuck. I am so angry that this can even happen.,anger
As a white man on the internet I'm outraged... because I had to laugh and laughing hurts right now : (,anger
yup - he threw [NAME] under the bus with no guilt,anger
Yay!!! Finally the fix we're all looking for after hours of endless scrolling.,happiness
omg no way he totally screwed himself over there XD,anger
"Suddenly, everything clicked into place for the big launch!",happiness
Just go to Morrisville Walmart .. why do you need a meetup.. :) jokes apart . I am willing to join,neutral
I feel kinda disappointed in how things went down.,sadness
Imagine ur mom doing that I’m crying,sadness
"Ugh, I hate it when my phone dies suddenly.",anger
"Finished writing my first novel, feels amazing now.",happiness
My day just got ruined by bad news.,anger
>recommending Elite mode to first time players My stomach turns in disgust,disgust
I have no idea why anyone likes Brussels sprouts,disgust
"If I told you, that would defeat the purpose of censoring. Let's just say it's clearly libellous.",anger
My friend's jokes are just not funny anymore,disgust
"holy shit that person is a fucking asshole, talk about a huge red flag for your stepbrother.",anger
"Running low on money, making me slightly stressed",fear
That’s scary,fear
Every time one of our players enter top form they get injured.,sadness
Ignorance is unfortunately a part of mankind. We are still so Un-evolved,anger
Well this is frustrating.,anger
I feel really uneasy about this whole situation.,disgust
> Crab Rave Ayyy I've never seen this before I kinda wanna go but seems scary.,fear
"Agreed. Sadly, it's not uncommon enough, and it makes me sad because of the implications about mutual respect or the lack thereof.",sadness
That's awesome. Hahaha,happiness
That faint smile stayed on my face afterwards somehow.,happiness
Honestly it makes me sad but [NAME] does need less time:/,sadness
That’s terrifying,fear
This situation is making me extremely furious inside,anger
I lost a six pack this way once. For a good year every traffic stop became a field sobriety test.,sadness
"Nah, they're a fraction as immature and petulant as the politician we can't ignore that actually affects our lives.",anger
Goosebumps had the same take on those too. Those books used to scare the shit out of me,fear
I’m very sorry for the loss of your friend.,sadness
Punchy is Life <3,happiness
"This dumpster smells awful, someone clean it up!",disgust
And you better fucking get there early too! Bargain shoppers don't fuck around.,anger
"I’ll be honest I really don’t care. I’m happy to know that others care about this, but eh you do you",happiness
That's just a tad frosty. I'm ready to ice skate to work on thursday amsterdam style.,happiness
I’m dreading when it happens during our games for the title,fear
I feel like [NAME] will have a great bounce back game tonight,happiness
I feel like my world is crashing down,fear
Watching them succeed was incredibly fulfilling for me.,happiness
I feel totally betrayed by your actions today.,anger
i curse you,anger
I thought about it before. But I'm afraid I might get in trouble.,fear
"Same. You all tried to save me, but I rewatched with the sound on and... I have regrets.",sadness
"No, he's fine. It doesnt compact",neutral
"Ooooh, we got a badass over here!",happiness
"The history of horrible things the federal government has done is well documented. The same way the federal government does it, with income taxes.",fear
.Things aren't going great in my life right now.,sadness
Felt pretty relieved when my exam was finally over.,happiness
I'm glad you made a Reddit account to inform us how much you totes don't care bro,happiness
"One of the most reasonable comments I've ever read on the site (sad, right?). Salute to you",happiness
You could buy a used car for the price of those shoes!,neutral
Can’t wait for the saas drama!!! 😂😂,happiness
"Sorry, I just got to give you an extra upvote for 'twat waffle'. It really sums it up marvellously.",sadness
Not even polite if they're driving. The road rage here is terrifying.,fear
Congratulations to your organization for having good management.,happiness
"It was a few years ago now, I’m afraid I don’t have it or I would.",fear
[NAME] was horribly inconsistent this year,fear
"Amazing, all three of those consoles are from different generations.",happiness
I have been contemplating taking him to a TLM. You are awesome!,happiness
I sorry didn’t want to disrespect peep but as i said i needs to be dark and about something i like,sadness
It is litterally happening under your eyes.,neutral
My nerves are killing me before this big game today,fear
They’re disgusting people inside and out,disgust
That's [NAME] and he had a concussion.,neutral
I might be in trouble in this case. I have 7 years going on 8 :(,fear
Omg they are adding audio???!! Epic really loves to cater to the sweats,happiness
I think I just got a nasty cold sore coming,disgust
Cheers to you on your cake day.,happiness
Ecstatic cheers erupted as the countdown finally reached zero tonight!,happiness
My aunt's cooking always kinda makes me queasy,disgust
Stop lying to me,anger
"Yep, this cunt again.",neutral
"How dare you, she's in your flair too!",anger
I'm getting anxious about running out of money soon.,fear
I met up with a woman who was 49. She reminded me of being old. That isn't attractive. Youth makes you feel alive.,anger
It's extremely rude.,anger
Have fun!,happiness
Sorry im a french guy,sadness
This public restroom toilet has not been cleaned recently.,disgust
The emoji at the end just made me want to slap her,anger
Someone stole parking spot 21 from me again today.,anger
>The ABC’s hard-hitting investigation :/ Such a sad article.,sadness
"Feeling kinda empty and sad inside lately, idk why",sadness
Yeah! We should have given him justice by believing in claims with no merit! Yeah. Btw. [NAME] raped me 30 years ago! Get him!,sadness
Otherwise it would be a terrible disservice to the NHL,sadness
Please don’t murder me,fear
I'm really interested in seeing those other 6,happiness
Feeling relieved after quitting that stressful job finally today.,happiness
The cruise boat one (similar) where the water goes WELL over the porthole scares the everloving shit out of me every time,fear
I can’t stand this arrogant prick he’s no better thenFord in Ontario and that guy is a buffoon,anger
I legitimately want to brutally murder this person for saying that about us autistics,anger
My flight has been delayed due to bad weather again.,fear
What he said is completely disgusting to me.,disgust
"Ugh, my feet stink so badly after working out today.",disgust
The [NAME] of horror!,fear
"Every noise is making me jump, so paranoid now.",fear
This assignment is way more work than expected.,anger
[NAME] has gotta he replaced or that was just terrible writing,fear
Oh man that hurt to watch,sadness
OMG BARF wtf is wrong with people?!,anger
"Outstanding, really outstanding. I can't wait for her visit to the United States.",happiness
In sorry but that seems like quite a shallow grave...,sadness
This darkness is making me feel pretty uneasy now.,fear
Keep going man. I’ve been enjoying reading your posts. All the best!,happiness
20 cents we use to pay in our small takeaway shop wtf are you talking about,anger
The possibilities for this trip are really starting now.,happiness
Thing is...it's the media the masses take in that is driving this anxiety [NAME] or AP reader isn't falling for this,fear
It's a shame they have [NAME] because a Vuc package would be ideal,anger
.I got stuck with a huge unexpected bill today.,anger
Then [NAME] took little Donnie Two Scoops out to get a happy meal because he's been such a good top businessman!,happiness
"I’m actually not! From USA, sadly. 🙃 Edited to add: unless you didn’t mean me, then I apologize!",sadness
Feeling a bit overwhelmed with work lately.,sadness
Don't feed the troll,neutral
Tear all of it down - that place is such a horrific example of trash civil engineering,fear
I am annoyed by autoplay they added on hover - and commercials would make me drop the subscription instantly.,anger
"Had a small argument with a friend, bummer.",sadness
I'm struggling to stay positive lately it's hard.,sadness
Just got lost in woods - super terrified over here!,fear
I think I need some time to process everything first.,sadness
The double standard. Taking pictures of women without their permission is taboo and creepy.,disgust
Just read the text of this amendment. I am literally sick to my stomach from reading this. THIS MUST NOT STAND!!,disgust
Time for a courageous conversation!,happiness
"We were all duped? I’ve seen through her from day 1, even posted about how fake she is",anger
What an ass. I almost downvoted this out of anger.,anger
I'm glad you could relate and that you also found some peace and resolution in your relationship. I'm glad we didn't give up!,happiness
"dude, thats grave danger for sure. thats terrifying. he was a predator for young men interested in sports cars. luring in for diabolic purposes!!",fear
"""Help! It's an educated brown woman! Help meeeeee!""",sadness
The Evergreen debacle shows how badly that goes in real life. Turns out the Diversity Coalition would actually hack [NAME] into pieces and parade her organs around.,neutral
Dallas should feel absolutely horrible this is a 1 goal game given how patheticallly bad the Devils are tonight.,anger
Not having the best day emotionally today.,sadness
Happy belated cakeday.,happiness
"I don't like heights, it's making me nervous.",fear
Every single dream of mine has finally come alive!,happiness
"Oh, it's that time for you. Sending hugs.",happiness
(I'm kinda scared to try skydiving this weekend),fear
Just had to deal with a super rude customer.,disgust
My worst nightmare just came to life basically.,fear
You clearly don't have a clue about [NAME] career so don't start worrying about it now.,fear
It *feels* unethical?,disgust
"Sorry to burst your bubble, but winners write history and since leave won ... */dodges incoming tomato*",sadness
I'm furious about the customer service I received.,anger
My computer just crashed and I'm so angry.,anger
Pro? Everyone does is and that makes it even more rude.,anger
I’m still sorry you had to go through that. I’m sorry anybody has to experience fear on a daily basis.,sadness
Da real MVP,neutral
He said i am being rude to her,anger
* Favourite is [NAME] * Least is [NAME] (excluding [NAME]) * Overrated is [NAME] * Underrated is [NAME],neutral
"Guys, even worse: He *paid* someone to set it up. Wow.",anger
"You are grieving a hard loss, and might benefit from some grief therapy.",sadness
great for on the go! but i’ll always smoke glass if i’m home :),happiness
This little cafe is rather charming to sit in.,happiness
he wanted to piss off his neighbor next door that yells at people fir walking in his grass.,anger
Take a seat young ragewalker.,happiness
"Not really feeling the party tonight, actually.",sadness
"[NAME] no, these are horrid on anyone.",fear
"Fuckkkkk I'm doing Psychology lmfao, am I gonna fail at life now?",anger
"Can we ban posts about him now he's a predator? It just makes me sad now, Idk about anyone else",sadness
Another senseless tragedy.,anger
Save a spot for me! I'll bring the rainbow penis shaped bags of penis shaped rainbow glitter!,happiness
The fact that you put [NAME] above [NAME] is proof that you’re a troll or mentally handicapped.,anger
Me thinks this crosses the line of dignity. Makes me sad. It’s one thing to expose things but another to mock it.,sadness
I'm afraid if I have a awful time or something like that I'm going to get worse..,fear
This flight delay is totally unacceptable to me.,anger
My skin is glowing rather radiantly today somehow.,happiness
. . . Wait a fucking second,anger
"Seriously, can't anyone just do their job properly for once?",anger
.Losing my favorite pet still hurts after all these months.,sadness
Honestly his post was a little sad. The fact that it got upvotes makes me want to avoid this sub over the summer.,sadness
Yuuuuuuuuuup. It's horrible.,fear
What the hell is going on at Getty Images?,anger
"I was so scared, I thought the kid was going to backpedal into a street.",fear
Why did she get married if she did not love him? Aren't you afraid the same thing wil happen to you?,fear
I am so fed up with everything today seriously,anger
"I’m sorry men, I have failed you. My rigidity was no match for the flaccid effort our boys showed tonight",sadness
Truly a sad day when you can get fired just for having a *heated gaming moment*. We really do live in a society.,sadness
[NAME] has weird ideas about everything.,anger
Welcome to my world. fml,happiness
"The Wall requires taking land at gunpoint, explain how that isn't tyranny",neutral
they have died here in canada,sadness
Feeling pretty upset about the game last night,anger
"Sorry, I don’t see a difference. If you are opposing people’s access to something, your opposing that thing.",sadness
"Nah, I know why I am depressed, and I'm sorry to say it has nothing to do with you.",sadness
"Damn, why y'all posting the match threads this early.",anger
I’ve read your comment over and over and I’m sorry I can’t parse what you’re saying.,sadness
This stresses me out way too much.,sadness
"Maybe he just never wanted to be a head coach and was content with being a defensive coordinator? Either way, I’m excited!",happiness
Debs a bitch,anger
"I was assaulted by my father once too. Please don’t hate yourself, it was not your fault. It was his doing.",sadness
How poignant.,sadness
Kinda reminds me of the 11 foot 8 videos. Sooo,neutral
Wow. I dig that.,happiness
"I feel like [NAME] was impossibly bad enough to warrant memes about him. [NAME] is just bad, boring, and too invisible to really hate.",anger
And motherf'ing crack!,neutral
I feel his pain. Bad dxm trips are the most terrifying thing in the moment but they're way more forgiving than bad psych trips,sadness
oh [NAME] I unleashed the beast,fear
Can't believe he just lied to my face again.,anger
I don't think eating 4chan pizza is a good idea. Unless you're into some weird shit.,disgust
That’s rude af. Slay him with your words. Give him every insult in the book then say bye bye,anger
Fuuuuck that's rough,anger
"Preach in such a way that if people don't end up hating their sin, they end up hating you. -[NAME]",neutral
"We, the fans, are the losers here.",sadness
"This episode also had the segment where a paralized [NAME] communicates by farting. So, yes it is the worst. Lisa Goes Gaga is a close second.",disgust
That weird noise in the attic has me spooked tonight.,fear
I’m so sorry :/ always happens to the ones who deserve it the least. feel better♥️,sadness
We have seven fucking billion and more people bork every day !!,anger
I don’t understand how her parents were able to take kid when she claims they are horrible alcoholics,fear
"Baby, You get all the credit with your excellent research!",happiness
That's why imo [NAME] death is better.,sadness
Turbo the Turtle,neutral
too bad for [NAME] we don't negotiate with terrorists.,neutral
My doctor's appointment is stressing me out today.,fear
I’m also glad I’m not the only one that swears a lot at the bastard objects.,happiness
*Hey just noticed..* it's your **8th Cakeday** [NAME]! ^(hug),happiness
I would enjoy Kreate a Kharacter. But it'll need a lot of help. They shouldn't let you put cubes and stuff everywhere like in SC6.,happiness
Poor crack baby 😥,sadness
"my heart isn’t doing well today because you left,",sadness
Yeah but people are dumb and mesh everything together because thinking about specific situations is clearly too hard,sadness
I’m so jealous,anger
I enjoy fixing problems. I think of it as a task that I can achieve. People get to overworked when they set too unreachable goals.,happiness
"That's an interesting way to do it. I might come off as a little crazy, but this would definitely be an interesting experiment.",happiness
Gonna be sad when Gameday is inside a gym for shooty hoops. I already miss CFB :(,sadness
no do not destroy [NAME] pope and glorius god emperor will cry :((((,sadness
Sold out. Sorry my dude!,sadness
This warm weather is really nice today somehow.,happiness
"Kinda like getting your RN. And, kissing your knees, back, etc goodbye.",neutral
I hated doing group work. Unless groups were assigned I always went by myself.,anger
i’m sorry i don’t have the box with me,sadness
Their Cinnamon Chip Bread is also quite good.,happiness
My muscles feel a little lighter today somehow.,happiness
The dark basement in our new house is creepy.,fear
He had been so worried that the stepmom would have a hard time integrating into the family.,fear
Aaaay [NAME] unite against the magical sky fairy!,happiness
"10 I had the craziest nightmare last night, still spooked",fear
And then in a weird twist her family tries him for murder. Haha!,disgust
My computer just froze up on me again,anger
"The attraction and the action are two separate things, and you know that. No one chooses who they are attracted to. Stop it.",anger
Sad/Sweet for her to put in the effort to fake it!,sadness
"Unhappy, I am.",sadness
She is a horrible person and that is what makes her so relatable in real life.,fear
"Sorry, wrong comment train. Just gonna sneak right by ya there.",sadness
"There has been the odd occasion without condoms. No deep penetration, but never the less. Some. I feel awful.",disgust
Nope. Sadly early 30s,sadness
"Yep, just PC this time, sorry",sadness
"Not to nitpick, but wasn't [NAME] (I assume that's what they mean by [NAME], but people are weird) [RELIGION]?",neutral
That guy's behavior is really making me sick.,disgust
You should see him drain 3's,neutral
nearly choked on my chicken breast,fear
"My day's been pretty disappointing so far, honestly.",anger
Looks like the next level of a horror character,fear
"This is the most scary [NAME] can ever be to me, cause it’s also the most real he could ever be 😂",fear
Right like interacting with each other having a normal evening? Ugh they’re both so trashy I’m sorry.,sadness
I'm totally disgusted by that guy's attitude.,disgust
"No point trying to hang on to players who are not committed to the club. If this is true then good luck CHO, all the best.",anger
"The fact that ""TrueChristian"" and ""TrueChristianity"" are so [RELIGION] is extremely telling. The faith is dishearteningly fractured...",sadness
I can imagine this becoming a thing if Rare/Lego can team up,neutral
Your uncle sounds fun. RIP indeed,sadness
It can make me angry - that and hearing my neighbors have sex,anger
don’t curse mmeEEEE !,anger
My kitchen trash is really starting to stink.,disgust
I'm slightly annoyed by this itch on my skin.,disgust
Seeing him RT rev gave me some hope which hurts worse,sadness
"This stupid computer won't turn on, great.",anger
You're right to be nervous. That happened near my college's campus when I was a student. She lost everything in her wallet.,fear
My day just went from bad to worse instantly.,anger
effective java! It's a classic.,happiness
I don't like the way things are looking right now.,fear
I killed them for the first time in my most recent playthrough and regretted it. The replacement council sucks just as hard.,sadness
I hate it when mom and dad fight.,sadness
My neighbor's dog is making a huge mess outside.,disgust
It happens so much that it really scares me tbh.,fear
My kid's college acceptance letter just arrived today!,happiness
"[NAME] was high sticked 3 times, cut twice before a call",neutral
Sorry just seemed like you were trying to make it a [NAME] thing,sadness
This is the worst advice I've ever read. You should be ashamed for posting it.,disgust
Ugh I'm sorry man! Jerk off until your heart is content and don't apologize for it!,sadness
"Haha, then i am in... :)",happiness
Sorry if this is ignorant but is that a wig?,sadness
Stick your -isms up your ass.,anger
"Im glad you took that step. Sometimes its really hard making that decision, but im glad you didnt force yourself to be miserable",happiness
I am really sad because my innocent nieces are brainwashed by my crazy sister,sadness
That's crazy I just watched two of his movies last night. Unbreakable and split. Very interesting movies.,happiness
"yeah, there's even more registered online. scary.",fear
"don't know any [NAME], sorry",sadness
"Been scoring big on the Groudons.. caught 4 so far. Edit: no, no shinys yet. I've had the worst luck with shinys in this game",sadness
His head bounced on the hardwood. Damn.,sadness
this is the perfect example of something that is a terrible combination without being outright disgusting.,disgust
“I am going to be going through a nasty divorce in a few years so I will need the money.” - [NAME],sadness
I'm a bit nervous about this job interview tomorrow.,fear
"I don’t give a F F the haters F all the haters Much love, no hate Machines within, machines within",anger
Move bitch get out the way.,anger
"It was pretty heart breaking, then the council came out and said they weren't going to collect them. Made a lot of people mad.",sadness
That game was one of the craziest I’ve ever been to,happiness
Sorry the cognitive dissonance is too much for you. Why don't you go back to listening to Nickelback? It'll make you feel better :),sadness
HAS THE WHOLE WORLD GONE CRAZY‽ AM I THE ONLY ONE WHO GIVES A SHIT ABOUT THE RULES‽ MARK IT ZERO!,anger
This customer service is taking forever to respond.,anger
"Oh god, my day just got really dark.",fear
"Mmmm, I haven't had dinner yet and it's been a while since I've ordered Thai...",neutral
"My misunderstanding, I thought you were questioning why people thought we needed a change.",sadness
"It’s horrible for me, way worse than your situation. Be Glad that you aren’t me",fear
She's gentle the mum says even tho the kid is stomping on a dolls head ye more like insane,neutral
It's just a sexy hamburgler cosplay,happiness
I am genuinely terrified of losing everything,fear
I feel like they're blaming the school for them doing exactly the right thing.,disgust
But really Vanilla Ice is scum RIP [NAME] and [NAME],disgust
I miss [NAME],sadness
I feel kinda queasy after eating that sandwich.,disgust
You're probably joking but [NAME] has been pretty insightful regarding the yellow vests in France. I was impressed.,happiness
Just in time to get excited for a mediocre Twins season!,happiness
That movie was so bad it made me cringe honestly.,disgust
the older i get the more it hurts,sadness
Getting nervous about meeting my girlfriend's parents tonight.,fear
You lost me at dogs.,neutral
"Don’t worry, he’s more afraid of you than you are of him. Just act tough, it’ll work...maybe...",fear
8 The dark always makes me a little anxious somehow,fear
Brain dead clearance. Honestly deserved lead. They have been better.,happiness
I feel pretty upset about what happened yesterday morning.,anger
I’m afraid I just blue myself,fear
"I'm so sad for you, I'm so so sorry. 💔",sadness
This is nasty NSFW,disgust
TBH I think they would've been better without the hot dog,neutral
That's interesting! Here I am having been saying I grew up near the original all my life. I will correct my story.,happiness
I don't wanna get stuck in that small elevator alone!,fear
"Just ran my fastest 5K time ever, yay me!",happiness
"Today has been pretty meh, just going through motions.",sadness
"I watched that worm fish sauce thing. So gross, disgusting, bleh, NO,NO, and HELL NO!!",disgust
RIP. Sad for his family and the bull riding community.,sadness
"That was such a bad yellow, he had the height and positional advantage such a bad challenge",disgust
I feel like the world would be a vastly different place if the make up wearing roles where reversed,neutral
I’m gonna make that a sub. Too many juicy targets not to.,neutral
"NSFW tagged for showing [NAME]. But anyways, I hope you enjoy the video!",happiness
I'm not feeling very motivated or inspired lately.,sadness
Sweet mother sweet mother,happiness
"You. Are. Awesome. Also, congratulations on the baby!!!!",happiness
"Tell us more about this ""scaring people as a prank hobby"" bit.",neutral
My husband died outside the church Damn Vampires,sadness
Can you even imagine the brain damage required to think like that? [NAME].,anger
After 8? I'm afraid after 5. It gets dark here early. :(,fear
Uhh..class 4 is unknown dental class after 13th month without exam or no initial exam. *sorry*,sadness
"I am sorry that you are experiencing such deep suffering and such pain. You matter in this world, and we would all be diminished without you.",sadness
"Her septum is crooked I'm hoping from the chain to her ear, but it's super irritating and I wanna snatch it out her face.",anger
"Not sure about OP, but caffeine tends to make many people more anxious (especially those with a co-morbid anxiety disorder(s)).",fear
I had to buy all your music after seeing that vid. Amazing work.,happiness
Fuck this boring ass 9-5 corporate bullshit. I feel like starting a podcast about the Bulls.,anger
This is hilarious,happiness
"Dammit, I thought I put it at the bottom. Sorry.",sadness
I hate that I was young enough to not remember this but old enough to remember the next Super Bowl....,anger
Something about this doesn't feel right to me honestly.,fear
It's weird. You might be right to worry.,fear
This is the same woman who fought tooth and nail to have wrongful convictions upheld while she was a prosecutor; she craves tyranny.,anger
Greasy bastards are getting part of what they deserve. Some fines just don’t seem to be enough sometimes,anger
Today was kind of boring and lonely actually,sadness
"That 2nd goal was all [NAME]. What a move, and against the best team in the league!",happiness
Fuck [NAME] pai,anger
"As a closing TM, that’s terrifying.",fear
I've never felt this level of despair before,sadness
"I feel like people kind of just... forgot about it, somehow? I watched the whole thing and it was a really really fun one",happiness
Meeting him was utterly life-changing in the best way.,happiness
"I feel completely hopeless, like there's no escape.",sadness
I feel like I've had it up to here already,anger
My coworker's constant coughing is really annoying today.,disgust
I see Land Rovers blushing on the side of the road all the time.,neutral
"I'm from Buenos Aires, and I say kill 'em all!",anger
"I know I should be worried, but I am not, which makes me very worried.",fear
"I walked 500 miles and then I walked 500 more, you can’t relate to my pain 😤",sadness
Sort of missed that carefree childhood joy somehow.,happiness
Zionism is the ISIS of [RELIGION]. Brainwashed idiots like ISIS.,anger
Cheers for the reply ;),happiness
"It involves a relationship with a girl so I need a girls input, sorry I’m not sexist or anything.",sadness
Aaaand everybody got diarrhea. Thanks dummy,sadness
You can't just ignore [NAME]' cup wins though.,anger
This whole thing is just infuriating me now.,anger
Shows you that one must never underestimate the rust caused by ACL injuries,sadness
It's still going on not to forget all the shady stuff they're likely doing that no one knows about yet.,neutral
"Suddenly, a spontaneous road trip to the coast was planned.",happiness
Unfollowed at least?,neutral
Acid/shrooms - [NAME]. [NAME] is a psychedelic jesus.,neutral
Soon: Mass death of pink-skinned Aussies.,disgust
"As the countdown hits zero, pandemonium erupts in my chest!",happiness
"This situation is terrifying me, what do I do?",fear
but if it weren't that way then a corrupt police force could convict many innocents. there is no correct answer to this problem.,sadness
Should of just stabbed her up tbh why let someone steal from you,anger
Feeling a bit lost after the sudden move.,happiness
"I had a panic attack when I saw that, thinking that I slept for 3 years and Hall was a Duck.",fear
i’m so sorry.....,sadness
I enjoyed the 1:50 seconds of this person going about their day uneventfully,happiness
I'm totally freaking out and need help ASAP,fear
"Well I can feel it was mentally hard bringing myself to go full [NAME] and shit talking prior to the plate, but this is some cutting edge analysis.",fear
"Yeah, try to buy a relationship, good idea...",happiness
"Dunno mate, Italy lookin strong",happiness
No wonder crime is going up if these morons are in charge.,anger
Welcome to the freedom and democracy circus that is 'mercuh! 👍,happiness
The whole world is anti-trump minus a few poorly educated people in the south.,neutral
I appreciate my friends checking in on me lately.,happiness
My neighbor's dog pooped on our lawn again,disgust
Surprised Greece doesn’t see [NAME] as their own. I mean he’s not from Greece but still Greek.,neutral
I'm so sorry,sadness
"How can you be so stupid... it’s called climate change, there is so much research on it. It’s just blindly denying science..",anger
It's the worst when it's something you are passionate about,disgust
How about breaking into tears whenever one of your friends tells you they trust you because you never understood what trust meant,sadness
"Just like that fucking idiot that was just trying to kidnap that woman, and chased her into a Karate studio... turned out just about the same.",anger
I need some fresh air - your car smells funky,disgust
"It's not free, though. It's ridiculously expensive.",anger
"Today was so scary, can't shake off the feeling yet",fear
My plans got messed up and it's frustrating me slightly,anger
"Bidets are disgusting. In america, we use toilet paper because our plumbing systems can take it",disgust
"Help, help, I'm being repressed!",fear
My morning run really cleared my head today somehow.,happiness
Only 22? Weak.,fear
I had a pretty bad reaction to that new lotion,disgust
Everything feels pointless to me at this moment.,sadness
I just feel really down about myself today.,sadness
Vermont should be beautiful this time of year with all that snow.,happiness
"Thanks for listening, it really helped me out!",happiness
"Unfriend this kid in all ways possible. Sucks for both of you, but this could be much worse.",anger
I'm afraid you have your terms mixed up -,fear
They really aren’t people. They were slavers. Civilized people should have only one answer to that sort of behaviour: violence and death.,sadness
I loved it so much more than I thought I would! [NAME] does an amazing job with quite a bizarre concept!,happiness
Man I hate that [NAME] guy.,anger
I feel slightly uneasy in crowded places sometimes,fear
I'm sorry for what happened to you. I guess you were sending mixed signals all the time.,sadness
"Not dislexia, the recent news about kashoggi has for the most part conditioned us to expect horrifying g news where Saudi nationals in foreign countries are concerned",fear
"I'm so scared, I don't know what to do anymore.",fear
"I apologize if I came across that way, it was not my intention. I meant only to state a fact.",sadness
Missing my favorite TV show that just ended.,sadness
I really want to see us use the second first rounder or the second rounder on a receiver. If [NAME] goes down we would be absolutely screwed.,neutral
Sorry man. Didn't realize I was talking to a Russian spam bot. Please give my best to [NAME].,sadness
[NAME] they need a union so badly.,disgust
"Suddenly, a surprise party awaits behind the closed door!",happiness
"I don't know, something just feels off today maybe?",sadness
That poor mercy. Just died to die again xD,sadness
"If someone has tithed 10% their entire life, fuck off with requests like this.",anger
Gives me [NAME] 2005 bad memories.,sadness
"Oh, cool. That’s the TF all the little kids like nowadays.",happiness
I would pay good coin to read that love story.,happiness
> Best ~~3pt~~ shooter fucking ever. FTFY,anger
"Do as I say, Not as I do",anger
This is disgusting.... please make more.,disgust
I want to so bad it hurts. I guess I'm just scared.,fear
Na. Rediting my post. Sorry for the ignorance.,sadness
My day hasn't gone as planned at all yet.,sadness
"Sorry man, losing the championship after picking him up this year is a tough break",sadness
[NAME] is not a smart man. Giving a fraud a fucking card. Like wtf,anger
My cat passed away and I'm still not okay,sadness
The doors to the sold-out concert are finally opening!,happiness
HOW DARE ANYBODY CRITICIZE YOUR POST IN THE CONTEXT OF YOUR POST HISTORY! RECOGNIZE HIS PRIVILEGE PEOPLE!!,anger
"But, it entertains you.... in some way. Thats the point dude.",happiness
Now my mental image is narrowed down to a big imposing woman or a spidery woman that scares me just to be around.,fear
> traffic through there in the summer is awful because that’s where everyone wants to be. your life starts to revolve around bridge time.,disgust
"You know what I love abou you [NAME]? Octopussy. Man, I must have seen that movie... twice.",happiness
"Yay, now we're only down by 7",happiness
"Cheers, I live minutes away from you, will check it out some time soon.",happiness
"Missing the beach, wish I was there instead of here.",sadness
Tell me why I'm wrong instead of name calling. Grow up,neutral
That was nasty... but also the most real thing I’ve seen on the show lately.. lol,disgust
"I worry about throwing draft picks around, but a guy like that is worth it IMO.",sadness
Extremely painful to watch,sadness
I regret that I have but one upvote to give for your post. Very powerful.,sadness
Utter nonsense from yourself.,anger
She sounds hideous.,disgust
I'm dealing with some personal stuff right now sadly.,sadness
"You offered her the wrong ""services"" /s (obviously I hope)",anger
"At least you get sunny on Netflix, they took it off in Canada :(",sadness
"Poor cat got his ass kicked by a crab, rope and broom.",sadness
Sorry your right,sadness
"I just stepped on a sticky patch of gum, gross!",disgust
Weird as I do know I've seen CoC waste/recycling services trucks picking up bins as early as 6:30AM.,disgust
I don't know a ton about the history of this specific example so I can't really say.,neutral
To bad your mother didn’t swallow your dumbass,anger
Weather forecast for Minnesota area. Wednesday -15 to -33. Sunday 43 to 29 and rain. What the fuck?,anger
The more you wind me up the worse it gets for her later on,disgust
This team needs to tighten up in the third. Absolutely brutal.,disgust
Be ready to Experience Canes Hockey,happiness
"Sometimes it even feels pathetic which I know I should be trying not to be so hard on myself but, yknow, evidence is hard to ignore",sadness
He's played the best ball of his life the past few weeks. Didn't see this coming though,happiness
"Sadly, it looks like there are a ton of [NAME] in this sub",sadness
"This sub no longer has much in the way of standards, sadly.",sadness
How dare they not have the foresight to realize he'll become a president we don't like decades later.,anger
"Man, this is awesome but seems bittersweet after NYE. It was loud as hell.",happiness
"I don’t know who [NAME] is and, at this point, I’m too afraid to ask.",fear
The UK having disdain for Ireland or Irish people isn’t exactly new.,anger
"I'm feeling a bit homesick, wish I was back",sadness
I'm totally sick of dealing with this nonsense daily.,anger
Really missing summer vibes now that it's over,sadness
Today's news really got me down unfortunately.,sadness
My fear of public speaking is killing me today.,fear
PUT THEIR BLINDFOLDS BACK ON!!!,anger
The glorious people's republic of Ulster formed from the ashes of carson's arse hairs,neutral
Seeing that spider made my skin crawl instantly somehow,fear
*aggressively tells friend I love them*,anger
What a run by the [NAME]! And by far my favourite jerseys of this tournament.,neutral
this is so niche but i still felt that shit in my bones,anger
Sad because you don't get any women?,sadness
People need to stop being so insensitive sometimes.,anger
...yellow?,neutral
Some bioshock shit right here.,disgust
"My dog's not eating, which has me a bit concerned.",fear
That’s one pissed off [NAME],anger
Amazing work!. I truly enjoyed reading this and read like a page directly from the book.,happiness
"It’s interesting, especially if you do it every single day, but I’m here for it.",happiness
just looked at her instagram and in a video from 3 days ago she does look pretty skinny. skinnier than me and I'm bmi 18.9.,happiness
[NAME] in the Lego movie? Get outta here,anger
Daylight saving time is really affecting my mood,sadness
I feel sorry for her son that must have been super cringe,sadness
Huh. Weird.,disgust
"My bathroom is absolutely filthy right now, ew.",disgust
"Today was pretty okay, but still kinda sad somehow.",sadness
the fuck is wrong with this guy,anger
RED ALERT RED ALERT,fear
Poor [NAME] she just broke her back,sadness
"Oh btw this was me yesterday, commenting on that ""ugly"" ban!",anger
You were inebriated and eating ratshit.,disgust
"More like trash ass link. Wtf is “Apple Music”, probably some shitty limewire ripoff.",anger
I just finished writing my first book and it's surreal,happiness
R&M is still a good show but it's fans have driven it to Fortnite levels of annoyance.,anger
I'm feeling pretty miffed about the cancelled plans.,anger
Yes - sometimes I see amazingly detailed little faces. It's so weird.,happiness
"I just hate the ""I don't know"" people",anger
"I'm feeling a bit lonely tonight, need some company.",sadness
It seemed weird to me as well. It's just 10mcg of cyanocobalamin with some fillers like corn starch and celulose.,disgust
She’s actually crazy,happiness
Sorry it was late at night. I fixed it.,sadness
I don't like being alone in new cities at night.,fear
"Just spilled coffee on my new shirt, great.",sadness
We don’t “know” but it was reported he is expected to stay on. Really glad about it,happiness
Yes!!!!! THIS!!,happiness
I'm literally in tears right now. Everything you said is true oh my godddddddddddddd.,sadness
"Clearly, she's the reason I'm smiling so widely today.",happiness
Being born in north america is a curse my friend. Oregon (my home) is kind of like Ireland weather wise though I hear.,sadness
I get butterflies whenever i have to make presentations,fear
How could you ever get bored of place that is getting more and more enjoyable as you are there,happiness
Hooray!! Number 1! Number 1! Number 1! Number 1!,happiness
If [NAME] has similar role to end year then no way am I taking those over him ...especially Sony,neutral
That cowboy was pretty deft,happiness
Interesting. I wonder how does this work. Does it do swaps itself? Does it utilize the currency exchange listings? I'll check it out later.,happiness
i am. This means i will move from MTN to VODACOM. and i only roam!! Wow,happiness
I eat crayons I shit crayons,disgust
These are some of the lamest threatening letters I’ve ever seen. She’s a metahuman who can you murder people with her voice.,fear
I too am a vaginal flap surrounded by useless flesh. Let us fly into the sunset and get raped.,neutral
This sounds an awful lot like khorne......,disgust
I'm kinda spooked by all these strange noises at night.,fear
"I'm sorry you're going through that, I wish I could help somehow :c.",sadness
Can't wait to see the corporate oligarchs that are *lucky* enough to *randomly* get picked.,happiness
"If I ever see that in my area, that will be a bullet to the head. Fuck Reddit's rules.",anger
Eat too many whoppers and he'll be down with the sickness. Lma0 I'm sorry,sadness
The sound of the waves is almost within reach.,happiness
That can get me wet almost instantly. It’s ticklish but turns me on so much. It’s a really sensitive area I think.,neutral
"I'm sorry you fell for the carnie, bro.",sadness
This littered park makes me so angry and sad too,disgust
The SJW community. I hate it too cause they are the ancestors of the Civil Rights Movement who where absolutely awesome,disgust
"Wait, did this really happen? I'd like to see that video so I can cringe some more plz.",fear
Just had to deal with another rude customer today sigh,anger
Things were significantly worse back then than they are now.,disgust
the socially weak kid who is also: - neurotypical - not too short - not too ugly so basically a normie,neutral
And I though Glory Kills were gruesome,disgust
This homework assignment is ridiculously hard and unfair,anger
Wooooo! Yeah! -applause-,happiness
I cried more here than in Star Wars.,sadness
but consequently relinquishing duties fully remains maKEYexpented sounding,anger
This sweatpants material feels kinda weird on me.,disgust
My favourite moment of the game by my favourite player.,happiness
Why is she the absolute worst,disgust
You sure its not just the host quitting which disconnects everybody? Happens all the time and its incredibly frustrating.,anger
It’s sad that some parents can’t accept some simple mistakes.,sadness
HAHAHAHA I'M AN ASSHOLE,anger
"Lost my only grandfather two years ago to Alzheimer's, this is great news knowingly this disease sucks",sadness
The morning sunrise beckons a promising new adventure today suddenly.,happiness
"It absolutely is. Sadly, most players seem to only want [NAME] with different aesthetics.",sadness
"[NAME] & [NAME]? Also, his ass is as big as her back.",neutral
I'm getting tired of people cutting me off.,anger
Really rude move to do that in the rest room though.,anger
He has become that which he swore to destroy!,anger
I'm so over this noise pollution in my area.,disgust
Every fibre in my being screams with utter jubilation!,happiness
I'm literally going to throw up right now.,disgust
Losing you is killing me slowly every day.,sadness
"They are dangerous AF. I had a student faceplant and break her face, and my daughter's friend hit his head and is in a coma.",fear
None at all. I dont like kids and dont want them. I got a vasectomy and it's a done deal. Zero regrets,anger
From where I was it looked like the plane banked right past the 505 on its second pass through downtown. Crazy.,happiness
Seriously can't stand how dirty this place is now,disgust
My cat made a mess on my clean shirt again.,disgust
I can’t tell who’s wooshing who but I’m afraid to ask by this point,fear
That's ignorant as all hell. Tell them to buy their own.,anger
I have to go with [NAME]. Rookie who lived up to the hype and I actually got excited when he got snaps.,happiness
"I will say that her housing bill left a very bad taste in my mouth, and this is coming from someone with a very high opinion of [NAME].",disgust
She must have a very boring life,sadness
Unless you have an established career and are a high earner then sorry but you _are_ the shared housing type.,sadness
"Anti-vaxers aren't funny anymore, now they're just scary...",fear
Damn that was super fucking good.,happiness
"Fact, the sky is orange. And if you think it’s blue, you’re stupid",anger
My heart is racing thinking about the dentist visit,fear
"The children are still being abused, neglected and treated like rubbish. White Australian policy has been horrific and continues to be horrific.",anger
Dude what's wrong with you? 4 years in a secret relationship.. you shouldn't be in one of your not comfortable telling people,anger
Yikes. That sounds terrible 😢,fear
Feeling really furious and just want to scream loudly now,anger
What if it rains on our beach day tomorrow?,fear
I’d be afraid to get high after that yo,fear
Sooo good!,happiness
I feel shot in the heart.,sadness
This weather forecast better not be wrong or else...,anger
A little apprehensive about flying for the first time soon,fear
I'm so sorry for your loss. One of my favourite unisex names is [NAME].,sadness
"Fuck that, he can go to Cleveland with [NAME] on that bullshit.",anger
I am sorry little one,sadness
Then getting irrationally angry when they don’t see it your way.,anger
"The double fist bump made me smile, her happiness was contagious",happiness
What a beautiful memory for you to have found. So sorry for your loss ❤️,sadness
My fears are taking over my thoughts at night mostly.,fear
Just ran a personal best time on my morning jog!,happiness
It's hard to see people moving on without me.,sadness
Mechanics institute Joes juice joint Alabama song Helvetica,neutral
Can't wait to the part where she ties him to her chariot and drags him around the Capitol.,happiness
That definitely hurt,sadness
Everything's clearly brighter after a good morning sunrise.,happiness
[NAME] my God. That was the best free throw shooting ive ever seen.,happiness
"Hi, [NAME]! I hope you have the best day ever! -HappyFriendlyBot",happiness
Drop a link or piss off,neutral
now I kinda wish [NAME] wasn't an imaginary cartoon character because this would actually be fun.,happiness
what a cute outfit omg,happiness
I’m so sorry for your loss. It’s the smallest things that take up the biggest part of our hearts.,sadness
Sad to see this chapter of my life end.,sadness
Bet Highland Council are sorry they sold their bunker last year.,sadness
The surprise party is finally happening this Saturday night!,happiness
I saw a lady with a service dog in chicago who wore them. I thought it might be just because it was cold,neutral
"My school's cafeteria food is pretty revolting, honestly.",disgust
"Well if T_D users like Coolio, maybe they ain't so bad after all.",neutral
I'd be a lot more excited to see [NAME] flash the leather at 3b.,happiness
The long-awaited weekend getaway is finally within our grasp.,happiness
I'm also enjoying it I like mixing the colors the most.,happiness
helpful quad helped him to his feet!,neutral
I'm missing my family so much today suddenly.,sadness
A drummer's MC is the best MC,happiness
That's the worst possible outcome,disgust
"Ugh, I just spilled coffee all over my shirt again!",anger
"Really didn't like. I thought it was nasty and mean-spirited. ""[NAME]"" on ice it isn't.",disgust
Hey daddy [NAME],happiness
Can’t wait to go to the Kings game. Especially if they bring this level of fire.,happiness
>he definitely doesn't value my pleasure this is very sad,sadness
The party was fairly enjoyable tonight with friends around.,happiness
This made me incredibly happy and incredibly sad. Sometimes this universe robs us of the wrong people.,sadness
"As a vegan, I can't tell you how happy I am to find any restaurant with vegan options! That man should be showering you with gratitude.",happiness
.I've got butterflies in my stomach about this blind date,fear
I literally cried out IS THAT MATT BERRY?!?!?!?!?!,sadness
I 'm having some minor doubts about our plan B,fear
Fucking hate [NAME]..,anger
"This hotel room smells like stale cigarettes, ew.",disgust
Happy one week anniversary,happiness
My dog is acting weird and I'm worried about him.,fear
I'm so over this guy's constant whining on social media.,disgust
Sorry man. I didn’t know you were on reddit. Didn’t mean to steal your stuff! I totally would have tagged you,sadness
"Happy birthday, [NAME]!",happiness
I'm terrified of failing and disappointing everyone.,fear
I feel really grateful for these second chances somehow,happiness
My photography hobby is getting some great feedback,happiness
This book is kinda hard to get through honestly,disgust
[NAME] i feel personally attacked,sadness
My brother's jokes are getting on my nerves lately.,disgust
Ah well I still feel a bit bad for the parrot but at least he won‘t be harmed :),sadness
Felt this way ever since he tried to rip [NAME] arm out of its socket.,neutral
"Some people just know how to push my buttons, ugh.",anger
Should've gotten a prenup.,neutral
I am sorry but you dont have a saying in this matter. Its up to your parents to solve this.,sadness
I'm getting more and more anxious by the minute here,fear
Neko Atsume is a really wholesome and cozy game too!,neutral
"It was a bad one, and you should feel bad.",disgust
Your appearance doesn't magically look objectively creepy just because you're a creep. You're being stupid.,anger
Such a beautiful cinematic shot.,happiness
"Ugh, my sister ate the last slice of pizza again.",disgust
"Its interesting how it's become so mythologised and based on a large mount of fiction (tanks on the streets, English soldiers)",happiness
I'm feeling blessed with good health right now.,happiness
Weirdly enough that's my favorite part of his videos: the ending sting/title card It reminds me of old school racing and fighting games with those over-the-top announcers,disgust
"Ope, got a lil chuckle outta me there, sorry",sadness
This is why im happy [NAME] is our owner. I don’t see him being a cheapskate,happiness
"Suddenly, a rare bird species landed in our backyard today.",happiness
"Jfc, that's depressing.",fear
An eye for a *dead*eye? I'm sorry...,sadness
The original Halloween movie is still the scariest film I have ever seen. Being chased by [NAME] in this game is terrifying.,fear
"Yeah probably should've chosen a better sub, but I couldn't think of one",sadness
This dirty sock has been in my room forever now,disgust
"Interesting read, but horrible format on mobile.",happiness
Sorry to hear that,sadness
"A divided Korea, is a divided Asia. The day Korea re-unites, will be the day Asia gets back control of their own destiny.",neutral
This song is stuck in my head and it's annoying,disgust
"As a kid, I was way more excited to see the [NAME] truck.",happiness
"My family has been really helpful lately, thanks.",happiness
"Ugh, my room is filthy and I hate it.",disgust
"Depends on the drug. Weed makes me antisocial and when I'm in public, I feel paranoid and I feel like everyone knows I'm high.",fear
My guy was wondering where you were at,neutral
School Board Trustees are leeches of the system in any district. It's the most unnecessary position that does nothing more than continuous damage.,anger
s p o o k y,fear
"My heart is racing so fast, I'm freaking out.",fear
Having fuck tons of fun right now,happiness
That's sad. You can be acquaintances with women. Not like you are driving them to the nail salon or something .,sadness
Pretty cool that the same building is there just a different use.,happiness
My anxiety is spiking with this upcoming test.,fear
This is one of the worst I've seen...,disgust
Today was a lot harder than I expected it'd be,sadness
And then attacking you as a person when you say you'd prefer not to be stalked and murdered. Sorry but your friend is a problem.,sadness
Fuck her. I hate her so much. I wish she’s just vanish back to Indonesia with her mustache.,anger
Oh man that title hurt my brain.,sadness
Not surprising since about 85% of all dating relationships end in a break up.,sadness
ohhh....,neutral
"That's just sad and depressing. Was the race closing before she finished? Well, at least she did it.",sadness
The idea of that sucks!,anger
"Fucking monophanie looking ass floating with the dead, nice.",anger
I’m sorry I only have orange ones :(,sadness
Wow crazy. Proud of her,happiness
That poor snek :’(,sadness
That movie trailer looked way too intense for me,fear
"I almost feel sorry for the poor fellow because, to me, the fingers still look abnormally stubby",sadness
No I've been here for 5 years :( it's just gotten worse and worse,disgust
"Sorry to say it, but you will have to do that for now It sucks",sadness
You are so ugly even tears wont show up near you,disgust
Get himmmmmmmmmmmmmm!!!!!!,neutral
Me too. Book of Abraham is such a headache for the church. They would love to get rid of it I am sure.,anger
My heart's very full of joy right now somehow.,happiness
Ugh. That was not information anyone needed...,disgust
My fingers tremble as I open the acceptance letter.,happiness
Can't stand my boss's constant micromanaging style.,anger
"Bro, he left his team in the middle of the game... idc what argument you have with [NAME] you still left your team.",anger
"[NAME], [NAME] 4 u..... enjoy",neutral
I am inexplicably excited by [NAME]. I get so excited by how he curls passes,happiness
Can we also get some love for torb? Give his turret deployment the same treatment while we're at it.,neutral
The village elders have not given a shit about the children for awhile now.,anger
I'm really annoyed with this noise pollution.,disgust
It's hard being away from home right now.,sadness
That sucks I'm sorry. Ive always been dismayed at how flippant people are.,sadness
This new restaurant has terrible customer service too.,disgust
"How the hell is that comment ""holding the GM accountable""",anger
I'm excited!,happiness
My biggest fear is failing this exam somehow badly.,fear
I would highly recommend [NAME] ([NAME]) he is the great-grandson of [NAME],happiness
7 -> removed: (too poetic),fear
YEAH! How dare he ask if you were feeling ok!!!,anger
Weird crowd.,neutral
Some people have no shame or sense of self-worth. It’s sad.,sadness
I get all the deja smells and it's terrible.,disgust
I'm literally on the verge of tears right now,sadness
"I know, I know, but CAN YOU BLAME ME FOR BEING NERVOUS",fear
Hey /r/Hockey Bro! Sorry about the Sens. At least this made you smile in the dark times.,sadness
I'm so sorry that [NAME] has convinced you that his insane aggression isn't important.,sadness
My flight has a weird layover that's kinda scary,fear
"I have seen this gif like once a week for a year, and I still cringe every time.",fear
My kid's grades have been improving a lot lately.,happiness
Sorry to be the bearer of bad news,sadness
Oh my [NAME] coco I’m so sorry sweety,sadness
That looks like total garbage.,disgust
"I am happy with North Sydney, Milson's Point or Kirribilli and happy with the 19th too!",happiness
"Which is odd, he was terrible on Sunday",fear
Wedding day magic is clearly all around us tonight.,happiness
changed -> 9.My sadness is suffocating me daily,sadness
"I'm sorry Mom, your child has autism, or this is a lie.",sadness
This is the greatest thing I've read in my entire life,happiness
"It's a statistically slightly worse ICR, take that as you will.",disgust
You're so talented OP. I like your sense of humor. But it hurts too cuz too real :(,happiness
Somebody reverse this please I would be so happy.,happiness
The stuff nightmares are made of. Those poor poor timelines.,neutral
Ugh sucker punch,anger
Well howdy neighbor. I'm also about 200m away from there. It inspired me to setup wireless security cameras.,neutral
"I'm starting to get a little scared, to be honest.",fear
"This is the worst meme format in the history of meme formats, maybe ever",disgust
"[NAME]. Gun crimes are pretty much unheard of on that side of the pond, isn't it? RIP.",sadness
I’m gonna go out on a limb and say that’s a terrible idea.,anger
"She want to take it slow, I can see that... I deal with those girls all the time, they my favorite",happiness
"More excited about the pick than [NAME], but might be nice outfield depth in time.",happiness
I still rock my Casey Hampton pro bowl jersey!!,happiness
"You forgot about Argentina, 30k people died here because of the USA",sadness
We didn't screw it up!,neutral
..... That would seem like the ultimate way to get rejected and never spoken to again.,anger
How is anyone so stupid to not vaccinate their child?,anger
I just mean symbolically it's weird to call your own flesh a 'blanket'.,disgust
This noise is starting to get on my nerves slightly.,anger
"Matchroom squad dismiss [NAME] as not existing anymore, the sky media influence is scary",fear
Oh sorry I didn’t realize that journalists weren’t actually autonomous humans that can think for themselves.,sadness
"Someone will actually spend their money on this too, that’s the sad part",sadness
It’s broken garbage. The most broken unbalanced tekken game by so much it will make your eyes bleed and give you a brain tumor.,anger
My brother's socks are seriously disgusting right now.,disgust
"You poor, hideous creature.",disgust
My mom is driving me to the airport at night.,fear
[NAME] saved by the very compassion in society that he is trying to destroy.,disgust
Their numbers seem large because they get so much publicity. But I suspect that even most young people find that ludicrous.,disgust
"I'm really turned off by his attitude today, honestly.",disgust
That was horrible defending what the hell,anger
The thought of being stuck in traffic is stressing me,fear
"This comment is basically 10 words of “I didn’t read the article!! But boom, I’m edgy af”",anger
I’m uncomfortable just looking at her.,fear
My heart is kinda heavy thinking about it,sadness
"It's amazing how people will tell you not to go for something, but then are the same ones who can't go 2 minutes without it.",anger
Finishing peeing and then still feeling like you have to pee.,disgust
"oops, my bad.",sadness
No. It’s creepy.,fear
This hit way too close to home. I’m suing for emotional damage.,sadness
"Says millennials are afraid of hard work, dismisses the hard work required to get a fit body.",fear
I'm completely drained and exhausted emotionally now.,sadness
Shit he gets too close to a girl and she's liable to hit him with roach spray.,anger
I have to watch it. Sounds pretty cool hahaha,happiness
I'm so sad about losing my favorite pet.,sadness
I’m just worried about his attitude and approach with younger players. Edit-re worded,fear
"Your mom is putting actual effort into having a relationship with you, you insufferable donut.",anger
That was a fluid motion and it scared me,fear
How dare you put x on the same level as [NAME] and [NAME] [NAME] that's disgusting,disgust
.I.m actually starting to enjoy running every morning,happiness
There's always something endearing about a reply trying to keep the enthusiasm going. You enjoy that new toy as much as you can.,happiness
They wanted me to talk directly to them but I've been refusing. I hope our relationship improves quickly. I really do. Thanks,neutral
Next you're gonna tell me they didn't invent iron! The fuck?,anger
My phone battery died on full charge wth.,anger
",Just saw someone littering on street and I'm so annoyed,",disgust
I just had the most annoying conversation ever ugh,anger
I had a pretty tough conversation with my friend.,sadness
My friend's gossiping is kind of nauseating to listen to.,disgust
Yeah it’s fine. Some supplements contain Ashwagandha which affects the gaba receptors so be cautious if you’re already on gabapentin or a beta blocker,fear
"I'm so frustrated with this situation, it's not fair.",sadness
has anyone been successful sending bitcoin to another wallet?,neutral
Fuck off.,anger
The guy that waived a future hall of famer. Hard to get away from that decision.,sadness
Just tell them cheating is part of toxic masculinity and they will immediately crack down on it.,neutral
"Huge, huge internet hugs. My heart broke for you reading this. I'm so sorry you had to go through this.",sadness
Running with a gun and a sensor dart out makes me feel so cool.,happiness
10: Grateful that we're going on this adventure together soon,happiness
Missing out on that concert is a bummer,sadness
"We know, buddy.",neutral
[NAME] did a YT vid and now everyone trying to be like him. Sad!,sadness
Hello. I’m sorry you’re going through that. Why do you think it’s impossible to leave?,sadness
Shut up you shill /s,anger
Just reload auto save and you should be golden,neutral
"Autism (mechanistic thinking, lack of theory of mind) is the opposite of intuition (thinking without thinking).",neutral
Our federal budget is $4 trillion. Until entitlements are reformed the arguments over what things cost is irrelevant.,anger
So THIS is the Bad Place!,disgust
I'm scared I'll forget what to say at the meeting.,fear
Today was made better by my favorite coffee shop.,happiness
Y'all are fucking annoying,anger
Happy birthday! Drinking one for you tonight. When you get up tomorrow you can take the first step to making sure next years birthday will be better!,happiness
This pain is suffocating me slowly tonight.,sadness
Venezuela has uniquely terrible oil.,fear
“Enjoy your dinner”,happiness
Not loving how boring work has been lately sighhh,sadness
*Super Dark Times* was awesome. Those kids were great actors. They really tuned in on the bleakness of the situation.,happiness
That really upset me and I need space now,anger
You're the reason Publix was out of meatballs today. Hmph!,neutral
The “sad [NAME]” tops it off,sadness
That sucks. Learn to check your ping like everyone else.,anger
I'm missing home and family right now badly.,sadness
My mind keeps racing with anxious thoughts tonight.,sadness
"Sorry, didn't know where else to put it",sadness
I’m still waiting for 4 EBT withdrawals marked complete on Dec 7th 2018. Later date EBT withdrawals were paid oddly.,neutral
Feels good getting a number next to our name again.,happiness
my dog sounds really sick all of sudden,fear
That's exactly what I thought too!!!!,happiness
A beautiful wonder of nature. Dress prices have fascinated humanity for thousands of years and been the subject of poetry and art in cultures across the globe,happiness
"So sounds like she was raped, and she seriously needs to press charges, this bartender needs to be raped in prison big time.",anger
"Ugh, my neighbor's dog won't stop barking loudly outside.",anger
. Not liking these creepy noises outside my house,fear
Kinda thrilled about the new team member's great ideas.,happiness
Oceania is my favorite Smashing Pumpkins album,happiness
"A 2-day old account, and this is how you decided to use your time? Trolling the teacher subreddit? Ok dude...",anger
My dog looks weird today hope he's okay,fear
This movie is disgusting me on every level.,disgust
Life is so much better with amazing friends around.,happiness
I miss hanging out with my friends more often,sadness
Poor wee thing is probably terrified somewhere.,fear
I woke up drunk and mouthy,disgust
"Yeah, it’d be weird to have two green arrows running around.",disgust
My nuts hurt watching that second part,sadness
It hurts to snap out of that denial and face the truth your loved ones are dead... I guess.,sadness
I'm starting to get freaked out by the news.,fear
The weekend's adventure plans were finally starting to unfold.,happiness
"This coffee is pretty bitter, not a fan.",disgust
"My feet are all sweaty, gross feeling.",disgust
"Ugh, this food is making me feel so sick.",disgust
FINISH ON HER!! Seems way more appropriate for a sex doll,disgust
Happy birthday! Enjoy your day and [NAME] should close this out as a present :),happiness
"I thought it said “now my biggest fear is the thing living inside my casket” like, *weet doo feek?!*",fear
I feel so bad for [NAME]. It was probably hard to concentrate on this match with the things going on in his personal life,sadness
They are probably waiting for his harasser to pull a [NAME]. Filthy men.,anger
I'm beyond angry and not even kidding around.,anger
Shrug. Cant blame anyone other than your parents.,anger
We have youth and depth on our side. I feel good about what we have. If the Cubs have 2 injuries to their rotation they are toast.,happiness
"Fuck it, it's every man/woman for themselves in this fucked City. I've given up caring.",anger
"I knew the punchline as soon as I read ""Tide Pods"" and I hated both myself and you for it. Take your upvote.",anger
"This, in top of my already terrible mental health, is the reason why I'm severely underweight and need help.",sadness
"[RELIGION] is what produces these people, there are plenty of them and a beheading has even occured in the streets of LONDON.",sadness
The thought of moving on is just too hard,sadness
This rainy weather matches my mood perfectly today though.,sadness
This is clearly the world's most dangerous gang,fear
"> Greece and Turkey to go bananas. Would you be willing to explain, please?",neutral
he ded.... and why the fuck these POSs have cellphones in prison.,anger
He gets paid to hate them... what's hard to understand?,anger
Imagine thinking like this. I feel kinda bad for them.,sadness
The lucky ones died quick,sadness
My spider phobia is pretty mild but annoying,fear
I would be like pay me than or I won’t do anything for you again!,anger
"So glad my mom didn’t act this way when I was diagnosed.... oh, and my mom was smart and vaccinated me",happiness
I have a dentist appointment and I'm pretty anxious,fear
I have never seen a curly haired cat! TIL,neutral
Right... so true. I’m sorry you’re going through this too.,sadness
[NAME] damn you're toxic asf,disgust
"Tired of not ever having me a buddy to be with, or tell me where we is coming from or going to, or why. Mostly I am tired of people being ugly to each other.",sadness
"I'm so depressed, can't even get out of bed.",sadness
I haven't had class in three years and yet I've literally had this nightmare dozens of times.,fear
"Today wasn't great, I didn't get much done either.",sadness
This makes me smile!,happiness
"The weekend's approaching, and that's something to look forward.",happiness
They're wrong I don't like math and I'm still ugly,anger
cool... Sorry bro,sadness
"We had a clown banging on dorm windows, on campus, with a knife in 2016. Was terrifying.",fear
"My bathroom needs cleaning, it's getting gross.",disgust
His behavior is completely repulsive to me honestly.,disgust
There is nothing more disgusting than those who put children in danger unless it is the people who allow them to do more harm.,disgust
I look forward to him posing for photos with his new mole-wife.,neutral
This good book is making my evening so nice.,happiness
I'm seriously worried about my mom's health issues.,fear
I feel trapped and helpless in this situation somehow,fear
Today's surprises have definitely made me very happy.,happiness
Guilty as well!,sadness
"That's why you report them for impersonating a government agency. It's highly illegal, and you can report them online",neutral
Oh [NAME] if I was 9 and my parents did that I would cringe real hard,fear
I think the show was all about forgiveness. She can't change [NAME] and fighting with him only brings him around and brings her pain.,neutral
"Yeah I feel like we’d be able to do *something*, just not sure what... I find it interesting as hell though!",happiness
[NAME] shitting the bed like a 4 year old with diarrhea,fear
it really sucks how absolutely fucked some of us got genetically in the chest department,anger
Shame the 'all in' doesn't apply to managers. He has hired some duff managers over the years.,anger
Glad you got to see a good one!,happiness
That's cool! That's definitely one way to look at itl,happiness
"The few people that survive jumping from bridges say, almost invariably, that they regretted jumping the second they entered free fall.",sadness
I think the downvotes are coming from Mavs lurkers who are pissed we didn’t give them [NAME] unprotected first,neutral
"Partly, I include even those that aren't going to jail.",neutral
I was afraid of that .,fear
I'm 34 and disappointing my mother is still my greatest fear.,fear
"My mood is kind of low today, sorry guys.",sadness
It’s definitely a massive problem for both of us. Attributing blame does nothing to solve the problem.,sadness
Having a kid create so much of responsibilities.,neutral
Let’s get greedy and take back what is rightfully ours,anger
I'm so annoyed by my neighbor's constant loud music playing.,disgust
I'm literally repulsed by mushrooms on my pizza,disgust
This is unironically the worst trade I've ever seen.,disgust
My man!,neutral
Found huge spider on bathroom floor omg,disgust
I miss my family a little bit today.,sadness
My socks feel all sweaty and weird today.,disgust
I wish they wouldn't interrupt me while talking always,anger
"All the things you've been thinking about, fangirls, make me sad.",sadness
"Because people that comment on YouTube videos are toxic, filthy heathens.",anger
You should've smashed his head into it.,anger
Why would they stop magicking away their shit. That seems more practical than a giant plumbing network.,anger
Who the hell has reddit in anything other than dark mode ??,anger
"Ugh, moldy leftovers in the fridge are disgusting",disgust
So many great shows they killed because they didn't advertise them and put them at terrible air times :(,fear
Watch [NAME] left arm and hand as he's on the floor. Scary.,fear
9\. This paperwork is taking forever and it's frustrating!,anger
Something's bothering me and it won't go away.,sadness
It also makes me cry! but because it shows how far [NAME] has fallen...,sadness
I saw the video. It was more awkward than anything.,disgust
"Sorry, realized I hadn’t answered the question lol. Was typing that when your response popped.",sadness
So TD tried putting an invisible downvote button for real?? Didn’t stop me from downvoting their idiocy.,anger
I’ve never cringed so hard,fear
"A joke is subjective pal, second of all you need to mature/grow up and get a taste of the real world before giving your political opinions.",happiness
[NAME] lol. I eat what I want.,anger
That’s great of you :),happiness
I regret looking at his posts.,sadness
"I'm scared to even ask my mom ,I might get yelled at 😟",fear
I am completely repulsed by his attitude lately,disgust
Nope. Has been and still is my favorite,happiness
I'm done dealing with people's drama and lies honestly speaking.,anger
"I'm slightly disappointed in the new movie trailer,",sadness
She refuses them by inhaling them [I'm sorry if that sounded bad plz no downvite],sadness
Looks extra creepy in light of the recent revelations about his campaign.,disgust
That’s amazing! I’m so happy for him!,happiness
Taliban is the worst.,anger
"Oh no, [NAME] is in pain",sadness
I hate the taste of this coffee right now.,disgust
Great place and they're super sweet. Happy to support them.,happiness
fI've been having some weird and scary dreams lately,fear
Today has been a tough emotional rollercoaster,sadness
"Man, she must really hate infertile women.",anger
I hate that this is true. Some of these offices are such a pain to find and cash tips are never part of the equation,anger
"It’s been 2 hours, OP died for a noble cause.",sadness
Anybody that puts that many numbers in their handle is an obvious psychopath.,neutral
"A horrendous amount of Sesame oil, god, that would be awful.",disgust
"I'm a bit late. What's the ""AAAAAH FUCKING WATER"" reference?",anger
I just saw a spider crawling on my arm eek,fear
A RACK ON IT YEEEEEE GONNA LIVE BET THAT SHIT AND SECOND HALF 3K let’s goooo,happiness
I’m literally shaking right now😫,fear
This doesn't even make sense!,anger
"Yes. The Brasileiro is a notoriously difficult league, and Corinthians aren't even considered to be a rich club.",anger
> it will not make her look like an idiot It would be hard to make her look any more like an idiot than she already does.,anger
"omg you got me, what do i do now, pls help",happiness
I've had these weird nightmares every night since last Friday,fear
Fun fact about this band is [NAME] the Black Keys and countless other stuff) has produced all of their albums.,happiness
Today was such a frustrating day at work already.,anger
hmm today i will listen to death and destruction,sadness
Top 10 nibbas satan's too afraid to torture.,fear
"He's controversial from what I know. A canny leader to be sure, but his coziness with Dominion Energy has unnerved some [NAME].",neutral
"It's shit, it's over, put the damn format to bed and send the cunts who make it over to Fox",anger
Everyone get your tea kettles ready to boil some water so that you can throw it into the cold air!,neutral
"No phone, can't help....sorry?",sadness
"Ugh, my hair feels greasy and dirty today.",disgust
I can’t wait!!!,happiness
"Thanks to everyone who helped me move today, wow!",happiness
I'm still getting over the breakup it's hard,sadness
Well he hasn’t dont anything good ever. So sorry I’m not very excited about this trade.,sadness
My bathroom is literally infested with cockroaches now.,disgust
"It's actually pretty cool in here today, not hot at all",happiness
I'm not really feeling the holiday spirit this year,sadness
"I would be unfulfilled and unhappy. I enjoy meat, thankfully I own my own plot of land and can hunt on it at will.",happiness
"It's been deleted, we can't even see what it was now (unfortunately).",sadness
I miss those days.,sadness
Damn didn’t see it sorry,sadness
Congratulations - you're truly a [NAME] now.,happiness
Bitch real man just panicking purchases a m82 barret..Now excuse me while i hide from my wife for the next month.,fear
Lol aren’t you the guy that got banned from UKPol for being too left wing? I have to say guy that’s pretty impressive.,happiness
Had a bad argument with my sister last night sadly,sadness
"As a computer science student but also a lifelong [NAME], the issues surrounding Amazon in Queens have left me substantially torn.",sadness
That is the stuff of nightmares...seriously.,fear
That's awesome to hear :),happiness
I feel sad about leaving my hometown again soon.,sadness
I got a little angry at the news headline earlier,anger
Stupid [NAME] is playing into the Church's hands. What an idiot. He has an amphetamine addiction.,anger
What a fucking cunt,anger
"Marginal taxes was taught in my high school economic literacy class, it's so sad that so many people don't even understand the basics of our tax system",sadness
"Oh, that's horrible. My condolences.",sadness
I agree. But shooting him left me feeling bad too.,sadness
"My biggest fear just became a reality, no joke",fear
"Funny, coming from the tool circle jerk reddit.",happiness
And RIIIICCHHH BYYIIITTTCCHHH!!,neutral
I immediately block these shitheads/asshats,anger
Worried me there,fear
The rollercoaster was moments away from its steep plunge.,happiness
This sewage backup in my house is gross beyond words.,disgust
I'm seriously about to lose my temper here.,anger
"Even if I close the app, mine still pings.. It's maddening",anger
"Yeah, I was very sad to read that!",sadness
"Hey, I share a birthday with a legend!",happiness
"They don’t want to fight, they want to dress up and play in the woods every month",neutral
Fuck taking the high road. If I’m [NAME] I’m blasting the officials when I speak to the media.,anger
"Glad you liked the lesson, don't forget to SMASH that like button and click on the bell box below to join the NOTIFICATION SQUAD",happiness
They’re well on track to getting that superpower by 2020 slot,happiness
[NAME] Just Stop trying you idiot,anger
I mean... this is some shit right here,disgust
"Me too, whenever my friends get with people I dont feel happy for them. I just feel envy and rage.",anger
I went to your profile to see the other pics & saw your kitty. He's super cute!,happiness
This hurts my brain,anger
I have major butterflies before public speaking events,fear
That Burberry?,neutral
Keep going sgtsoyboy... we are turning the corner this year and I will personally enjoy bashing another Superbowl-less season for the qweefs this offseason.,happiness
Everything felt incredibly perfect on my wedding day.,happiness
"I'm so repulsed by his behavior, it's not okay.",disgust
No problem. I'm happy to know it's not what you meant.,happiness
"[NAME], someone get her a green card so she can clean rooms at the Super 8 and stop obsessing on social media.",anger
This made me smile. I watched it on YouTube.,happiness
So long as it's for the worse I'm all for the wait!,anger
BUT IT WOULD HAVE TAKEN THEM LIKE TWO SECONDS TO HELP HIM GET OUT REALLY!!! This show makes me angry sometimes.,anger
"Same here. Together 39, married 37. Me 61, her 60. Ok, times change but stability is everything.",neutral
I feel like exploding with rage over this news,anger
Happy birthday and I'm really glad I won't be feeling like you when you wake up tomorrow,happiness
It's super annoying. There is a reason I no longer speak to this person.,anger
I'm tired of dealing with these annoying emails already.,anger
My brother's messy room is making me sick,disgust
I did not even realize he was injured...,sadness
The whole family is coming over tonight unexpectedly somehow.,happiness
I'm sorry for you... That sounds not cool :'(,sadness
"Are you implying that I can not determine guilt by seeing a person's skin color and tense smile, you fucking racist?",anger
Oh damn it! I was just on my way to the post box,sadness
Running late due to this stupid public transport issue again.,anger
Kinda sad to laugh at people who really need serious help.,sadness
Her husband is disgusting. I can’t even look at the cute baby when his face is in the shot.,disgust
"Sadly no, but I hear it comes with a sweet bottle opener! And you can't spell Bottle Opener without Lebron.",sadness
Ur a dumbass,anger
"Yeah, it's disgusting & I'm so disturbed by everything going on. Never ever would I have believed this is where people were headed.",disgust
I don’t think anyone will miss me either aha,sadness
Glad he didn’t try to backpedal about his feelings. They are valid and he has a right to have them.,happiness
"'*Pray*, v. To ask that the laws of the universe be annulled in behalf of a single petitioner, confessedly unworthy.' — [NAME]",neutral
"Ding Ding Ding, exactly where I called BS",anger
"We had a baby, it's hard to find the time to take them down.",sadness
Glad your nights going well guys,happiness
Sorry I should have been more specific! A spiral chemical perm (I love curly hair!),sadness
I'm glad you're safe - but don't feel sorry for him. He knows what he is doing.,happiness
"Oh, I see. I must have mis-read that. I am sorry.",sadness
Of fucking course it is...,anger
Black people still get shot unarmed. Comparing suffering is stupid and pointless.,anger
and everyone else is worried about themselves not paying attention to you,fear
This delicious dinner hit the spot perfectly tonight!,happiness
sorry [NAME]! 😘😘😘,sadness
Wow damn this some good words,happiness
This storm looks really scary on the radar screen.,fear
"They usually do hoss, hence the steak and beer hard to be sad with good food.",sadness
Me but with boobs. When will be able to trade body parts [NAME],anger
"Apologies, sir",sadness
Hence the apology note.,sadness
AND she was pouring gas on it!! /s,neutral
Its almost as if everyone is too afraid to be politically incorrect to admit that height and race are a factor.,fear
Yea. That video is garbage.,disgust
[NAME] death is just so..... senseless. Why? WHY??? The based gods have forsaken us,sadness
This might just be the start of something amazing.,happiness
It's practically non existent. Im mostly afraid to initiate a hug because I'm afraid I don't know/forgot how to hug.,fear
A little nervous about public speaking today somehow,fear
I feel like throwing up just looking at it.,disgust
Tbf if i saw my friend basically sawing himself in half id either vomit or faint,neutral
What is this fucking r/niceguys bullshit?,anger
We're ALL what's wrong with this country,anger
I'm pretty happy with how things are going.,happiness
I'm also scared.,fear
My goodness. Your such a fucking manchild.,anger
changed -> 7.I just can't stop crying right now,sadness
Seriously. OP needs to get their shit together.,anger
I hate when my socks get sweaty like this.,disgust
Which is why not only did PR lose but RUP was not the first choice sadly even if it had won in BC :(,sadness
Just rubbish.,anger
"l'm seriously terrified of failing this exam, what if...",fear
The sunshine is finally returning to our little town.,happiness
What is with the pet worship? Should be more worried about your elderly relatives.,fear
My little brother's germs are all over everything.,disgust
Actually he did beat his girlfriend. Don’t know how far up yer arse you had to reach for that one,neutral
I fucking love New Years day with the Hawks playing in the Winter Classic,happiness
Sunshine pouring through windows signals the start of adventures.,happiness
Feeling kinda lonely after our conversation ended.,sadness
Well I’m hyped.,happiness
But...but...I just bought a new gun in Fallout '76.....and America is the centre of the universe!! :'(,sadness
10!I've had it up to here with his attitude problem!,anger
I'm nauseous,sadness
"Eh, Level 7 is pretty serious. Give me my Massif and I'll survive anything.",anger
"A lovely bronze age mud hut, it's a British tradition.",happiness
Best day of the week!,happiness
It was [NAME] and [NAME] that started them. [NAME] left OS even earlier than [NAME] did.,neutral
I cringe at every part of all of this,fear
Good news. Makes me feel BCH is way underpriced and has a huge upside.,happiness
That is utterly horrifying. I'm so sorry that your kindergarten teacher was such a heartless old bat.,sadness
"I like [NAME] and would like to see him back, but he still makes me nervous at a high price too.",fear
Oh there's still bugs? Weird,disgust
But he is. He won’t talk to us. [NAME] damnit OP answer us!!,anger
"It's so weird having HGs up this early, but I love having something to watch before my 8am lecture starts.",anger
Today's sunshine is rather lifting my spirits already.,happiness
The fact that 34 thousand people upvoted that painting truly blows my mind,happiness
I went to college in his hometown. He's a grouchy old man who cares a lot about politics,anger
That is absolutely terrifying to me. Oh my god. The idea that she was trapped as a toddler her entire life is just... wow.,fear
[NAME] is scary,fear
My kitchen smells disgusting after last night's dinner.,disgust
Justified or not he'll probably go before [NAME],neutral
Handsome man! Getting cuter with the years.,happiness
You've described my parents who have been happily married for 36 years. You are good dude.,happiness
I was thinking that as well after I posted. Some nasty stuff settles on ceiling tiles.,disgust
These damn kids with their Rage Against the Machine and their nae-naeing.,neutral
It could have been worse! All the chairs and table are still upright.,disgust
>like it's a bannable offense A Singed man has actually been ~~banned~~ threatened by Riot for going support with smite and counter-jungling the opponent jungler.,neutral
"Wow, you people...",happiness
"Yes,on top of that feel like vomitting,can't breathe and thinking I will faint.",fear
The jackets that we have so many people wore so they’re musty as hell,disgust
Happy Birthday!!,happiness
Yep. It's pretty bad having to use work or a paid email and real name on a gaming forum.,anger
You had a tough childhood :(,sadness
That was so disgusting. VWP,disgust
"I've been trying to as well, but the game is so scary :/",fear
Just nailed that project and feeling really proud today.,happiness
"This place is filthy, can we leave already?",disgust
Why am I gonna do? Stop the ant? I’m scared of him too,fear
".I just want to break something, it's that bad",anger
You're the reason [NAME] won the election. There isn't anything even remotely resembling fascism in the United States. Get a grip.,anger
I think I might actually throw up from fear.,fear
I'm trying not to break down in tears right now.,sadness
"I gotta say, that was a WELL fought period. I was worried a couple times...",fear
My cat's litter box is disgusting right now.,disgust
Ok my apologies then!,sadness
I hate to be the bearer of bad news but she is more than likely dead and will never get to say goodbye,sadness
The fuck is “mog?!”,anger
This is amazing!,happiness
[NAME] I hate that I had to upvote this dude to the sub it is in. Every fibre of my being wants to downvote this atrocity,anger
"Same here. And I really dislike strangers and groups, so groups of strangers are a next-level nightmare.",anger
So many inaccuracies here.....,anger
"My flight has a lot of turbulence, I'm nervous.",fear
That was so sad. And she kept calling for mommy the whole time. Then they ditched her with grandma.,sadness
Heaven forbid you do some actual research.,anger
"[NAME], he’s who I’m most excited to see develop",happiness
Everyone panics when they are on fire.,fear
[NAME] a bastard man,anger
Your friend should be disowned by their family,anger
"FYI, it is still possible to play. You just need to do an advanced search.",neutral
I'm totally over this flu that won't go away,disgust
"Welcome to CTH where everyone pretends that socialism will work, next time.",happiness
My neighbor's constant noise complaints drive me insane,anger
This is so creepy. Good riddance to awful rubbish.,disgust
"Hopefully, nothing goes wrong with my car today.",fear
"4 lives essentially, its insane",anger
My emotions are completely raw and hurtful today.,sadness
Beast milk. My favourite!,happiness
I TOOK TOO MUCH OF A RISK IM SORRY,sadness
"hahaha, this is great. We need more anarchist jokes.",happiness
"Super weird question. Not really commenting either way, just so weird the life we have created for modern humans.",disgust
I'm really going to miss her after she leaves tomorrow.,sadness
Totally stressing out about this work deadline looming,fear
Problem is as soon as someone criticises Israel they jump up and down and scream anti semitism,anger
Yikes. I was kind of excited to get a new [NAME] if he gets last man in but I'll pass on these butt ugly jerseys.,happiness
> Then and only then might you receive ~~a tip~~ **whatever change we have leftover from our grand expenses.**” FTFY. Sadly.,sadness
Just look at the picture,neutral
Yeah that was inexcusable,anger
Even [NAME] got sick of grunge,sadness
"She smiled at me, and I felt really happy.",happiness
This is why I clean my belly button every day. That’s disgusting,disgust
OHH this is what Reddit finds ridiculous about this situation.,anger
rewritten=>I get mad when people break simple rules,anger
"Yes, your trolling is very good. You’re so brave for giving us the opportunity to downvote your sock account to hell.",neutral
I think I did alright on that test today.,happiness
It would feel amazing. Which would scare you. So you would crush it. Along with yourself.,happiness
"Who the fuck reads news *papers* anymore? Baby boomers. This kind of crap is totally written by a ""journalist"" in need of a safe place.",anger
A long-awaited adventure was finally within my grasp tonight.,happiness
... [NAME] derangement syndrome sufferer spotted. What drivel you crazy lunatics say... The lies and falsehoods along with the out of place fearmongering is getting really annoying...,anger
Just watched a super disturbing video online today.,disgust
I was freaking out watching this. WTF are the parents!?,anger
That's the reason I am terrified to wear contacts on duty. I'm afraid it'll get stuck between my contacts and eyes and destroy my pupils.,fear
"My phone battery is low, hope it doesn't die",fear
"correct me if i’m wrong but when [NAME] eliminates [NAME], she technically has a better track record than [NAME]?? i’ll fucking cry",sadness
This thunderstorm is making me a bit anxious.,fear
No surprise there. It was always his policy to table it upon the deal's failure in Parliament as was set out at the Labour conference.,anger
"Agreed, rarely get mad at ones like hun or darl. Being called boy by an old man however is infuriating.",anger
I'm getting some butterflies before this big date tonight,fear
This whole process has been such a huge headache,anger
I came here just to bask in this thread. Yesterday was wonderful....it was just wonderful.,happiness
She hasn't even fully moved out yet and I feel the same way. I'm sorry. I know how awful it feels.,anger
I have a stomach bug and everything looks vile.,disgust
"This is ridiculous, I'm so angry about it.",anger
r/NagafenCoD is ecstatic,happiness
"She probably just said it because it rhymes, sorry Op",sadness
Cool! Tell me more about yourself---PM me if you're more comfortable.,happiness
My worst fear when I finally get over someone Those damn what ifs,fear
"Fuck it, im paying the premium -- 15% risk in not getting your money is quite high!",anger
[NAME] what a piece of shit! How could you do that to an animal?!,anger
This joke is disgusting and offensive. Dictionaries don't contain proper nouns!,disgust
"fuck lacy evens, she has not been impressive at all",anger
This injustice makes my blood boil seriously it does,anger
January 19. At least we won't have to wait long for this one.,neutral
My stomach is turning after seeing that video.,disgust
This is awful and borderline abuse. I can't imagine thinking that's even slightly okay,sadness
He’s so cute! How do you get to hang out with him? I’ve never seen him the times I went to visit.,happiness
"Welcome to the party, pal!",happiness
Weeks a year.,neutral
Seems like an odd hypothetical question to ask.,fear
oh my [NAME] that first post 🤢🤢,disgust
That's the same thing 8 year olds use to try and get my items in video games. The guilt and shame strategy... Pathetic.,sadness
I'm not feeling super great about myself.,sadness
I think the biggest fucking thing is that apparently reaper has a goddamn family himself.,anger
"Me too! And he was so happy to get that out of her back, he seems like he really cares.",happiness
"Damnit, now they're ruining IKEA too.",anger
There's a guy that died after he let a horse do that. He'd probably have survived if he sought medical attention sooner.,sadness
Pretty frustrating that when it matters most winning comes down to who cheats the most aggressively,anger
Slightly too pissed off with this comment to merely downvote. Not angry enough to begin tirade. Lunchbreak ruined.,anger
I'm really scared of losing my job right now idk,fear
This smell is making my stomach turn instantly today.,disgust
That's what is so stupid about this. My dog gets dreads on its ass sometimes when it poops. Is that appropriation?,anger
"That's weird to hear since in Hebrew ""Son of man""- Ben Adam, simply refers to humans in general.",disgust
My world just ended and nothing makes sense now.,sadness
"Yeah, but you should drive to the road conditions not the speed limit.",neutral
My friend's attitude is really disgusting me lately.,disgust
"Same here, i hope my upcoming trip is gonna kill me",fear
Dammit as a mom of boys that made me straight up tear up,anger
Animal Crossing made my wife into a vicious and abusive murderer.,sadness
I guess you could say that it was unexpected,neutral
"Bruh, fake music was the fucking best, wish we could go back.",happiness
Eso me cae bien. I was just thinking that contending to make the playoffs in a few years was a depressingly low goal.,sadness
"This is like the third repost of this. But yes, very sad indeed.",sadness
"Headstand, not handstand. Gotta keep that spine in line.",neutral
10 So sick of being disrespected all the time,anger
Happy New year! 🤗,happiness
As a teacher it would be lovely to eat lunch in this room instead of where i do. GTAGE,neutral
This breakup is still hurting me deeply inside.,sadness
it's only soft cause you can't make it hard,neutral
Missing home and feeling pretty homesick today too.,sadness
I just stepped in something nasty and now I'm disgusted,disgust
Feeling a bit lonely on this Friday night,sadness
"watching [NAME] attempt hook shots gives me a panic attack, even when he makes them (which is rare)",fear
"They are, but they're rarer than winning the lottery on Christmas. That looks so shiny.",happiness
That was awesome. Momentum is really something isn't it?,happiness
I thought this was a torb skin and I was about to die,fear
1 becomes new item 5; original items 1-4 kept intact:,sadness
"Not to be critical, but “rethuglican” is an awful one",disgust
My cat's cuddles are the best thing today so far.,happiness
My fears about flying are coming back again,fear
If that’s true it’s very desperate. You would think he had some better way of communicating.,sadness
"I literally, like, hate people like that.",anger
I'm kinda nervous for my exam next week honestly,fear
It’s disgusting,disgust
I'm irritated by all these spam calls lately.,anger
Feeling kinda lonely without my friends around me,sadness
"No, stop! He'll stop cranking the job machine if you insult him again!",anger
I am beyond furious with him right now seriously.,anger
Irrational anger especially certain family members,anger
Yeah those glimpses of the person I fell in love with too but unfortunately the glimpses are not enough which hurts :/,sadness
Could you imagine? That would be so terrible for viewers. 😂,fear
This just makes me angry.,anger
My day is going pretty badly so far.,anger
"I'm sorry but [NAME], [NAME] and [NAME] are my favs this year (and I hated [NAME] in her Season).",sadness
"Trash day was missed again, so annoying.",anger
I'm a danger to myself,sadness
YOU SUFFER ON YOUTUBE WITH THE REST OF US.....or you buy their CDs and rip em onto the computer <3,anger
Everything is rather perfect now that I met Emily.,happiness
There's no way I can skydive with my fear,fear
I feel frustrated with this stupid assignment due tomorrow.,anger
Sadly I know lots of peeps that would find this dude hot. He has that LA 90’s Persian chic thing going for him,sadness
Me too! I got scared that I've been laundry inpaired my whole life and never even realized it!,fear
"The conversion go muscle probably helped, considering the size of them. I'm super happy for you dude, you've done amazingly!",happiness
"Probably, [NAME] will accuse him of raping her now.",neutral
Wah wahooooo!,happiness
"My food was spoiled, that's just great, not happy.",disgust
My mom will kill me if she finds out,fear
"I think he is dead but he died long before the supposed raid. He was old and sick, dying of kidney failure.",sadness
Wild Fox Koan dives rather deeply in this question:,neutral
Shock collars are horrible. They poor pup. 😫,fear
Yeah shame is hard to deal with,neutral
You're delusional,anger
That's Great to Hear.,happiness
He's transcended fuck-you-money to fuck-me-money territory,anger
Yeah until the last one has creepily wed and reproduced.,fear
I actually like my vagina... I suspect it’s actually my husband that is the problem,anger
i think people who get up in a dizzy over an add that shames bullying and sexual harassment are probably special snowflakes.,anger
Short answer - No she's not okay. Yes I think she does.,neutral
"Im sorry, my autocorret happened. But i think you can read between the lines? Or maybe just go full r*** :)",sadness
This is infuriating but what’s also infuriating is missing all of our chances and players being constantly in offsides positions,anger
This stupid coffee machine is not working again.,anger
"I mean, you are in love with them regardless. But I always knew when they were going through an awkward stage and such.",neutral
What even is that stuff? It looks super gross.,disgust
I'm so sad I can barely hold back tears.,sadness
I'm grossed out by the smell in here.,disgust
They gave me free Subnautica which is an incredibly wonderful game so I'm pretty darn happy. And it's not exclusive.,happiness
Wow excellent shot,happiness
My health issues are scaring me a bit these days,fear
You're going to seriously regret this in a few years.,sadness
My boss has been stressing me out all morning.,anger
Thank you I hate it,anger
"I have a slight fear of public speaking, ugh",fear
Sell high!,happiness
He likes an old song and is young DISGUSTING,disgust
[NAME] ran out of her way to butt into the conversation with [NAME] and [NAME]. [NAME] . I can't stand [NAME],anger
"The social cohesion after brexit is going to be super cool too, everyone with flags on the windows.",happiness
She was literally the worst manager I’ve ever worked for,disgust
[NAME] Falafel in Dearborn has some of the best around.,happiness
Ah damn it.,anger
My biggest fear just came true and I'm dying inside,fear
Oh gosh it's on the website too.... Here we go,happiness
"Ew, there's a bug crawling on my keyboard screen.",disgust
That explains an awful lot about ICP.,disgust
Sadly there's a good chance that you still need a car anyway because that affordable neighborhood will involve a one hour commute.,sadness
Yup those are the two worst tasting out of my cocktail!,disgust
The mold in my fridge is seriously disgusting me.,disgust
My heart is breaking for that little girl.,sadness
Enjoying it. It makes shaving my head easier.,happiness
I don't know where exactly but these pictures are really good. Keep it up!,happiness
And Meteor Man Edit: Hancock was a superhero movie too even though it was terrible.,disgust
"You have no clue what you’re talking about. Minister of Defense is [NAME] from the ANEL party, nothing to do with Golden Dawn",neutral
I'm pretty proud of my morning workout routine.,happiness
What are they doing up there?,neutral
"Welcome home, and welcome to the front lines!",happiness
Vapenorth.ca is a great place to order the Dyna from.,happiness
"that's the spirt! *come to the dark side my child, embrace your hate*",neutral
Why did that sunrise make me feel so free?,happiness
This morning was pretty rough for me somehow.,anger
A the_donald poster trying to pass as a human being has to be one of the saddest things I've ever seen.,sadness
"Tell her to stop being so fat, then. Edit: /s",anger
No youre a cunt,anger
I really like the AussieBum jockstraps.,happiness
Dude nsfw this damn,anger
My skin crawls every time he touches me,disgust
get your ass to mars!,anger
Tkachuk - Pageau - Stone is going to be our second line. Absolutely filthy.,disgust
That comment was completely infuriating to hear!,anger
Every muscle in my body feels totally relaxed now.,happiness
I am so blessed to be a lesbian.,happiness
"Thanks everyone, your kind words mean a lot to me!",happiness
"Oh wow, I feel bad for the parents, they had no idea",sadness
I’m sorry you have to deal with that,sadness
I feel genuine sorrow for your family having to be associated with a cretin such as yourself,sadness
He was afraid of flying,fear
"But tbh, i dont think i am disgusting, but my feet still get smelly after a while",disgust
It's been with me all day. Those reams of entries is one of the most quietly horrific things I've ever seen.,disgust
"This movie is really disturbing, I don't like it.",disgust
I'm really worried about this test tomorrow.,fear
Not any weirder than male doctors handling women junk for centuries.,disgust
"This is the sad truth for the exact reason he mentioned, they want a short fix to avoid doing this type of hard work.",sadness
FUCK LES BRUNS,anger
This food is not sitting well with me today.,disgust
My photo got a lot of likes on social media!,happiness
I’m pregnant and my dog is with my parents across the country while we renovate. The feels were too much 😭,sadness
I'll have a look and see if I can find it. Cheers for the info!,happiness
Kind of apprehensive about trying this new food tonight.,fear
My greatest fears are getting wooshed and not getting the joke.,fear
Feeling pretty lonely after moving away from friends,sadness
Bro this is awesome,happiness
"Heh, don't know how it was back then but I'd really suggest giving it a spin now - it's like life-consumingly good!",happiness
Traffic is terrible and I might be late for work.,fear
This person should be outed to the world. What a reckless pos,anger
Must be nice my seats were in that area... sadly I decided to go to the bathroom. #PTSD,sadness
Freaking out because my car broke down again!,fear
"Ooooof, that’s annoying. I’m sorry.",sadness
I am getting so nervous watching this,fear
The weather forecast said sunny but it's raining instead,anger
The smell lasts a half hour so maybe don't go to the Policeman's Ball right after. Rye and rhubarb sounds pretty fucking mint though,neutral
Why won't anyone just listen to me for once?!,anger
Sucks that [NAME] was a straight positive in important minutes and hasn’t seen the floor since..,disgust
Today has been an infuriating nightmare for me.,anger
My temper is flaring up for no reason apparently,anger
He has the maturity of a 2 year old and you are right...ugly in his soul.,disgust
Yeah I don’t think [NAME] wants you to fuck my wife/his girlfriend anymore you cuck,disgust
Mrs.Frizzle has found herself on hard times.,sadness
So glad I moved here.,happiness
This Saturday's surprise party sounds vaguely intriguing to everyone somehow.,happiness
I've only been once but we parked at a Publix a couple miles away and had Uber drop us off at the gate. It was perfect,neutral
I’m sorry. Your city blows.,sadness
[NAME] and [NAME]. [NAME] podcast is great.,happiness
I am freaking out over all these bills due soon.,fear
Today was a huge blessing for me.,happiness
"Oh I remember that final , I just dont want to involve my team in the conversation because we share a rivalry",anger
"Today's project is going somewhat incredibly well, actually.",happiness
That’s pretty damn good,happiness
Slightly thrilled about meeting my new team member today.,happiness
"Brilliant! Like I said to the other dude, anything that's similar to this is a happy coincidence:)",happiness
WAIT IS THIS FUCKING LOSS!?!,anger
I'm kinda repulsed by that movie's main character.,disgust
My phone was in the car while I was at the pool in NC and it happened to me guess I am actually in Australia,neutral
People deleting and stop caring IS THE REASON why artifact is under 2k players.,anger
I would like to see the after justice of idiots like this,anger
Except it destroyed 76% of America's scooby snack production. May Shagster have mercy on us all.,sadness
[NAME] is getting very unhinged I almost feel bad for him at this point,sadness
Let’s beat these Lakers!,happiness
Instant karma for an impatient jackass who doesn't deserve the right to drive.,anger
This homework assignment is pretty ridiculous if you ask me,anger
"No, mom doesn’t like fights and my sisters afraid of getting hit (even though he doesn’t hit her)",neutral
"The username makes it even better, sucking a dudes toes, who is [NAME]. Man I'm jealous",anger
Cute. 💖,happiness
...and show some respect to her parents!,anger
My favorite band is finally touring this summer again.,happiness
"He looks so young, always thought he was older than me.",happiness
I've never been this angry in my entire life,anger
Same here. It’s very hard. I really feel for you.,sadness
"Let's see, cash register ink, well that's a business expense isn't it... But then I do enjoy the smell... Better not risk it",happiness
This rain is really messing up my mood today.,anger
I thought it was like a fake url sorry,sadness
Stoop Kid’s afraid to leave his stoop!,fear
That’s so nice! Kindness like this makes my heart happy.,happiness
"Cheers, cheers_im_drunk_bot.!",happiness
this is such a happy video,happiness
I have tried to stay away from using the word “[RELIGION]” as much as possible to stay agreeable with the current styling guide of the church.,neutral
Ugh. Sounds awful. I’m sorry :(,sadness
God damn I miss this game!,sadness
This song always makes me think of sad memories,sadness
The only life that needs to be ended here is the life of the guy that raped your daughter. Abortion is just medicine,anger
"Some very fine, well developed grade school humor right there.",happiness
"This is me yesterday, oh and today.",neutral
Feeling completely hopeless and lost right now,sadness
That's your justification? You're a terrible person. Correction: You're a terrible child. Get some help.,fear
"To the rest of the world, I would like to say, ""Sorry.""",sadness
I think he acted that part pretty well,happiness
"Most people don't know the first thing about [NAME], so unsurprising.",anger
She's a bloody sociopath.,anger
Just saw someone pick their nose on public transit yuck!,disgust
Her skin is glowing! Love the eyeshadow too.,neutral
I wish things were better than this,sadness
"The weather forecast lied to me, great just great!",anger
"Get out of here with this, dude.",anger
"Fuck you, that's how",anger
Also assumes a kid only has one teacher K-12 at school. Which is ridiculous.,anger
So annoyed that it's raining on my outdoor plans today,anger
I hate Twitter more and more each day....the people on there are so toxic it literally makes me sick. They can't appreciate a good meme.,anger
Wow! What a joyous companion--for each of them. How wonderful!!!,happiness
I apologize for my error. I'm not currently up to date on my regional flip flop styles.,sadness
Cool story bro!,happiness
"ATM has scored only 27 goals in 19 games and have 38 points from it, frankly really outrageous. They keep shithousing a win.",anger
I think it looks great,happiness
Hate those ~~things~~ Tweets.,anger
Shut up [NAME],anger
I'm really irritated with our team's loss yesterday night.,anger
"My palms are slightly sweaty, which isn't great.",fear
"Oh, sweet. It's the gaming guy who hasn't uploaded any gaming videos yet! /s (I like him and am just poking fun)",happiness
That is disgusting. He should be embarrassed.,disgust
"Everything can be turned into a fetish, why right now someone could be jerking off while watching paint dry.",neutral
Yay! Smug buddies!,happiness
l Just not feeling myself lately,sadness
"Sorry, your diverse, inclusive baby was aborted.",sadness
"My heart is full after hearing from you today,",happiness
Prison is for poor people. No point in stopping someone from being productive,neutral
Calm down. What the hell. I just tryed to tell you that there MEIGHT be a different side to that story.,anger
"The lights dimmed, signaling the concert was about to begin.",happiness
this is my worst fear,fear
Maybe it's as dangerous for [NAME] to whip people up talking about treason and betrayal and all that as it is when [NAME] do it. Fancy that.,fear
That’s great! Love this sort of thing. Is that really a prison on the north side of vauxhall bridge? Prime real estate now!,happiness
It's wonderful and gives me happy happy feels,happiness
I'm sorry. I meant numbers. Where can I see them.,sadness
I can't tell you how happy I am that [NAME] and [NAME] are Polynesian Sauce guys.,happiness
Women don't want their own shit. They want our shit. ---- [NAME],disgust
.My coffee machine broke and I'm so annoyed,sadness
Ooft! Brave attempt to spin the tories losing in Scotland again.,neutral
What the hell- they're paying for cars they don't and won't ever own?!,anger
"Been having some pretty tough days lately, unfortunately",sadness
"Not sure, I'm not good at expressing my feelings, and sometimes I get angry and say things that very hurtful",anger
"Now it's a double birth stone, so it's extra special!",happiness
"Sorry, sometimes I really can't tell in here.",sadness
I'm completely crushed by what happened last night,sadness
I’m feeling the same about the nets and hornets. I’m only worried the hornets can’t cover,fear
"This can’t be the end of the back, garbage TV! I’ll miss you!",sadness
My crazy idea ... join the PAC-12 in a combined bid with Boise State football. You all would dominate.,neutral
the act of using private companies as platforms to push indoctrination is no less vile than state run companies,anger
That whole episode has some heartbreaking moments. It is probably my top Parks And Rec episode.,sadness
I feel frustrated about not finding a parking spot anywhere,anger
"In reality the kid said: “fuck off noob, Genji grandmaster main here boiii”",anger
He has a prog rock album.. its horrific,disgust
Bless your heart. Mine hit me at Thanksgiving. I’m so sorry.,sadness
"Short answer, fuck no, don't ever fall for it. Don't make the same mistake Canada has.",anger
[NAME] is such a disgusting champ to play against ....,disgust
all the more reason to not give a fuck about CFF,anger
This is stupid,anger
This homework is taking way too long honestly.,anger
[NAME] sure are afraid of brown women.,fear
Some drivers are literally impossible to deal with daily,anger
I unfortunately can not afford a lawyer. Luckily the only thing that we shared is our daughter,sadness
"The menzingers are sick, good luck out there bud",disgust
Oy! NOW THAT'S REALLY PISSED IT OFF!!,anger
I need a shower after being around him all day.,disgust
Hows it smell down there 9 points below the wild card spot. Ya fuckin pine cone,anger
"True, but it all started under [NAME] and will get even worse if Labour manages to get into government.",disgust
There is no way around it :(,sadness
My anxiety is creeping up on me again lately.,fear
Feeling pretty lost and alone in this city lately.,sadness
"Sadly, that theory is plausible in the lds inc realm of thinking.",sadness
Don't go pushing your shame on others. I pull my weight my dude.,anger
Now you tell me! I’m heading at high speed towards a one-third-life crisis and need a change.,anger
Something in here smells like rotten eggs seriously,disgust
This is great,happiness
Don't forget colors. They panic at the sight of a chess board.,fear
He doesn't seem like he has all the facts straight,neutral
Came on her face and she told you? Wow disrespect. Either she didn't know how you really felt or didn't care. Sorry about your luck,sadness
My week hasn't started off as well as I'd hoped.,sadness
"Suddenly, I'm catapulted into a whirlwind of unforgettable adventure!",happiness
I'm sorry for that.,sadness
What if something bad happens to my family?,fear
That movie was super disturbing and not fun at all.,disgust
I KILL YOU SCUM,anger
"I workout to ""the grid"" a lot. It's a 20 minute piece that continually builds. Its wonderful.",happiness
My week is off to a slow start already,sadness
I'm kinda nauseous from riding that roller coaster last night,disgust
hit or miss would anybody care or miss huh..? aint nobody love me and ma dad also left me yuh...,sadness
"would you kiss a girl if you're drunk tho? Edit : why the downvotes? It's just a question, geez",anger
Sir that is a popular opinion. I'm too afraid of what sort of trade will happen to want one.,fear
Dude. Same. That would just be... Devastating.,sadness
.I am really sad losing him like that...,sadness
To make her feel threatened,fear
I'm just saying you are demanding things of us while being nasty yourself.,anger
I am sorry but you have to accept your reality. Thare ain’t nobody here who can help you on this problem. Just call 병무청 ASAP,sadness
terrifying every time.,fear
How is this world politics?,neutral
I've been working out consistently and it's paying off,happiness
Yeah I don't mind the odd hunter or a daddy long legs but fuck those red backs. And whitetails Those cunts are vicious as all hell,anger
I'm literally nauseous from looking at this mess.,disgust
The scorpion one on the swing set looked so bad. I think I heard her back break/crack.,disgust
ok so that was fucking sick,sadness
Wish my weekend didn't end already though lol sadface,sadness
"Haha, some days I channel Dory from finding nemo- ""Just keep swimming, just keep swimming"". Glad to hear you have a break coming.",happiness
"BREAKING NEWS, local bartender found chained up in drunks basement!",sadness
That’s dope nice job,happiness
Sorry to hear about that! Are you just under observation? Any anti-clotting drugs they're pushing?,sadness
"It's only 5 mins, but I hope this is the one. Sorry that happened to you friend.",sadness
5 Feeling blessed with all the good things happening,happiness
what a ground licker. Day 9799 of being alive - I still hate people.,anger
Talking about scary foreign people spreading disease is a classic xenophobic trope. Vile.,disgust
Any food shortages will be caused by these idiots each buying 38 tins of beans a few days before we leave.,anger
Merrily merrily merrily merrily something something scream... (I am not creative),happiness
"glad to see youtubes ""family friendly"" robots have their priorities straight.",happiness
I'm feeling kinda lonely at the moment actually.,sadness
Now I'm worried that cat will get salmonella :(,fear
The sun was setting over a beautiful tropical island.,happiness
Raw onions totally ruin the flavor for me always.,disgust
Absolutely. It's exhausting.,sadness
Good riddance. [NAME] needs to focus on a healthier mindset and lifestyle (not extreme veganism) and find some happiness.,happiness
"This show is just okay, not really my thing.",disgust
Sorry but I don't keep up with YT celebs or drama What happened to [NAME] ?,sadness
I'm getting frustrated trying to fix this one thing.,anger
Oh boy I was wide awake when I lost my under 51.5. [NAME] can go fuck his ugly self,disgust
Well good for you man. Enjoy :),happiness
This weather is pretty meh to me today.,disgust
Today's sunny weather has me feeling quite uplifted.,happiness
#QUIT HURTING THE BIRDS,sadness
My parents are going to kill me when they find out.,fear
My kids are doing really well in school right now.,happiness
Man I thought [NAME] was going to be the real deal. I wanted [NAME] gone so bad around that time.,anger
[NAME] is worse but biden gropes women and little girls,neutral
"Yeah yeah science, but I never said anything about meeting forcing him. That's disgusts me.",disgust
Was impressed til I saw you main [NAME],happiness
That sounds frustrating!,anger
"If it's Fttn, then not much, maybe worse, because it's still using that shitty old rusted copper running through that same old leaky pit",anger
Happy new year!,happiness
"You know when I typed ""legal tender"" I had a horrible feeling I was going down a rabbit hole.",fear
This old couch has stains everywhere - yuck!,disgust
"3	I crushed it at the gym today, feeling strong!",happiness
I hate betting unders.,anger
"I'm beyond angry, I'm livid right now.",anger
"I mean, it was season two level of “what the fuck are you doing writers?!”",anger
"I don't know, I was to busy getting annoyed by [NAME] whiny entitlement to dislike [NAME]",anger
Well glad she got out of the situation safely. I would much rather NOT have to investigate and know someone is safe.,happiness
My bathroom needs a serious deep clean ASAP,disgust
> Im a milan fan I'm so sorry.,sadness
"Fair to say I won't have to pay pipebomb 10ETH. Happy New year, all!",happiness
"Just had a disappointing day, need a break.",sadness
"Oh no, the gig is up. I'm really [NAME]. LOL",happiness
>lox is optional How dare you put '[NAME]' in your flair! How dare you.. Mods! Mods! Apprehend this impostor!,anger
I doubt that [NAME] cares.,anger
"[NAME] didn’t just fight dogs, he, personally, tortured them too. He isn’t a dog fighter, he is a sociopath.",anger
Corrected... - (phrasing might come across too dramitic),fear
Yeah it sort of sucks now.,anger
"Oh, their theme gives me anxiety.",fear
I just thought I would be remise if I did not engage with the subject.,sadness
The “targets” so far has been guilty.,sadness
I like how his actual clone comes running up to him to congratulate him on that recovery,happiness
I am really afraid of heights all of a sudden,fear
This pain is unbearable and won't go away,sadness
Do you remember if [NAME] was carrying a white piece of paper? Oh yeah...you don't forget a thing like that...,neutral
. Had a rough morning and it's affecting me,sadness
You'd think we don't have anymore tears already... It's been 62 years of crying.,sadness
Call it whatever you want. I’m just clearing a meaning that many atheists aren’t aware of or don’t consider.,neutral
I amlooking to adopt from there! This makes me happy!,happiness
My artwork is finally being showcased downtown somewhere!,happiness
There's something creepy about this old house at night,fear
Why not make a piece and send it to them?,neutral
"Idk about that, but if you were being genuine I apologize. I just don't think that is the case in this situation.",sadness
"Life's been really good to me lately, very grateful.",happiness
I miss the confetti cakes :(,sadness
I see that the facebook and twitter crowd is leaking into our sub. Awesome.,happiness
I feel really overwhelmed with work right now too.,fear
He did get 3 stars bro😭,sadness
It's even worse when you get someone from NJ who has no clue how to drive in the city environment.,disgust
"I play those characters all of the time and have never, ever experienced this.",sadness
.My song just hit number one on the charts!,happiness
In Canada you should probably be more worried about moose than bears,fear
Shhh don't give them the idea!,anger
"[NAME] is a terrible writer, a raging narcissist, and not an actual friend to anyone.",disgust
Today's news completely destroyed me emotionally.,sadness
"Feeling kinda sad and homesick right now to be honest,",sadness
You sound angry.,anger
This app is infuriating me with its constant errors.,anger
\My life's been easier since getting that new job.,happiness
"7 That image is forever seared into my brain, ugh.",disgust
I feel icky after eating too much junk food,disgust
"Maybe it's just Monday, but everything annoys me,",anger
I friggin choked scrolling up to this,fear
"For me, she looks happy and nervous as well to meet to her future husband´s family.",happiness
Today has been kind of spooky so far honestly.,fear
My bitch dun left me All alone She took mah squeeky ball And mah rasty bone,anger
Oof lmao sorry buddy,sadness
"That sounds awful. Glad its from 4Chan, so I know its fake.",disgust
#Fuck the cowgirls & iggles,anger
My worries are keeping me up at night lately,fear
Not happy.,sadness
I’ve massively improved but it never really gets cured. There are always situations that will give you anxiety.,fear
I'm so tired of waiting for this bus already now.,anger
Awesome! I'm really excited. Are you there too?,happiness
Right?? It makes no sense she’s horrible,disgust
"Lucky, when I did it my nickname ended up being [NAME]",happiness
Missing the concert because of these stupid traffic lights!,anger
For what...,neutral
You fool! Now look what you've unleashed!,anger
I made the mistake of choosing [NAME] once. I'm literaly unable to change characters in Tekken for the rest of my life.,sadness
All the people who got on at canning bridge station this morning and kept pushing and shoving each other like animals.,anger
"Man, dropping is rather dreadful but nothing’s more dreadful when you can reach into your pockets expecting it to be there and it isn’t",fear
. Feeling pretty annoyed with myself today actually,anger
You are so right. Reddit response of reading only the first few words. It's been a long damn week. My apologies.,sadness
He wasn’t hot to me but he has that attitude I find attractive af.,happiness
I'm really irritated that you forgot my birthday.,anger
Ik I’m crying rn,sadness
"My palms are sweating, I hate public speaking today.",fear
I don't know how I'll cope if things go wrong.,fear
I hate everything about this situation.,anger
"Sorry for late reply Rosetta is an actual name, it is different than Noctis, Rosetta doesn't hit you like a cricket bat when you hear it.",sadness
"Heard the news, felt really happy for her.",happiness
I discovered this show on the cnn docuseries about the nineties. What a terrible idea for a show 😂😂,fear
It's a shame you're sticking up for a dictator who orders the beating and shooting of protesters in the street.,anger
"All. I too, am drunk, and will be enjoying half price burgers at Whitlow's once my appetite kicks in.",happiness
Whoa this is really creepy,disgust
Xbox 360. I’ve never gamed before so I’m excited.,happiness
What a rollercoaster,happiness
Don't call me bitch you fucking sexist. I bet you are one of those white devils. How many women and minorities have you suppressed today?,anger
"Oh no, her eyebrows",disgust
Can't people just respect my personal space already?,anger
Super excited to watch them in Syracuse next year. Might actually spring for season tickets,happiness
I just want to disappear and hide forever now.,sadness
The noise from the construction site is annoying me.,anger
"Whoa now, easy there on the logic.",happiness
[NAME] is earning his spot,neutral
"Guys help I can’t stop playing it, my hands are in so much pain!",sadness
"Sorry, I live in the real world. Just because you don't like facts doesn't mean they don't exist.",sadness
Because [NAME] was playing awful in the first two sets. Absolutely terrible.,disgust
Sorry to hear that was all it got :/,sadness
"Shrug, ndp is still going to lose. I don’t really care how many there are.",anger
that was a horrible call,disgust
That was truly disgusting,disgust
"Oh, apologies. Silly me didn’t think to check the sub first.",sadness
Wall St is scared of the 2020 Democratic primary.. Good!,fear
I'm so over this trashy reality TV show.,disgust
Old dirty Bastard?,anger
Happy Birthday [NAME]!,happiness
"That's just....sorry, but stupid is the only correct word.",sadness
My heart is shattering into a million pieces.,sadness
I’LL SEE YOU AGAIN NEXT TIME,happiness
This is where [NAME] loan becomes a bad idea. I know he wouldn't start but now there's no backup RB.,neutral
"No more [NAME] from Georgia. Suck it you old, ugly hag.",disgust
[NAME] damn it,anger
I feel you. It's weird that we don't see [NAME] or [NAME] in the promotional stuff though.,anger
Your idea of what a nice entre or nice wine cost at a restaurant are... Interesting....,happiness
A slight chance of snow has been forecasted tonight.,happiness
Problem is that picture is there before you ever set foot in the cabin; [NAME] put it there. Just makes it creepy.,fear
"Second quote is [NAME], I will Remember You. She's a great singer :)",happiness
Oh yeah I saw that trailer before Aquaman,happiness
"If you eat plants, you are eating animal’s food. That is so cruel!",anger
"[NAME], too. [NAME] is very guilty of this.",sadness
Fucking pouliot you're shit,anger
why wont i just fucking die,anger
I am really excited for you! We texted a few weeks before we met too! The first hugs and kisses were the best!,happiness
You're going to be pissed.,anger
"[NAME], but they all seem to be genuinely happy with their lives and supporting each other, so I’m happy for them too",happiness
"Hey its you again. Dude can you please say ""N"" so I can complete the task? My last request went unanswered sadly.",sadness
"Ew her text is touching her photo, what a slut",disgust
"Basic translation ""I'd rape you if I weren't a virgin!"" Super creepy.",disgust
Get you some!!,neutral
So much lonely,sadness
"Shut up, don’t block the sanctimony train.",anger
I would agree. It's unfortunate and brutal in its content and in the responses in the thread,disgust
I am getting pretty spooked by all these weird noises,fear
The Internet is a weird place.,disgust
Right? I hear too many horror stories of people ordering online and not getting the copy on the release date. I would be so pissed.,anger
Pull that sucker right up to your face,anger
annoyed at most,anger
"Lmao ""guys I was *coerced* into sending her a picture of my junk"". That just sounds dumb as hell",disgust
"*and, sorry for the spelling mistake",sadness
My heart hurts more than anything else does.,sadness
School has been weighing heavily on my mind recently,sadness
"If you are really so dead set against shoveling sidewalks, perhaps you should move to a warmer climate.",fear
I've seen Shot Caller. That's what I've decided prison is... so yeah. Sorry boys.,sadness
"Just received an A+ on my project, yes",happiness
I'm literally at my lowest point ever right now.,sadness
That’s depressing,sadness
"Thoughts and Prayers... Go get fucked, fascist redneck scum!",anger
I CAN DOWNLOAD ADS BUT NOT THE THING ITSELF FFS,anger
"Dude, y'all anti American scum don't even believe in science. Fuck off with your generic bullshit because you can't list a specific example.",anger
"You don't need to escape to have fun, if you want to win just get some friends to play with.",happiness
But she still looking like late twenties,neutral
I feel sorry for this little girl. She's legitimely scared.,sadness
This homework assignment is such a pain to do!,anger
I'm drowning in tears and can't stop crying somehow.,sadness
When my [NAME] is crying...,sadness
Can I start getting excited for [NAME] yet,happiness
Sorry I should have said army.,sadness
"I'm very sorry for u, they should treat you like royalty not a fleshlight",sadness
"Oh damn, it’s gonna hunt me down.",anger
Seahawks fans are very bad at just taking the L.,disgust
The fact that you think like this is terrifying.,fear
This sounds like borderline mental health issues. Scary.,fear
Stupid play.,anger
It was received on Jan 25th at 9:22 am .81627 BTC and $3800. for it with a $600. fee. Happy!,happiness
Hard to swallow pills. This sub is meh now,sadness
I'm terrified of what people will think of me.,fear
My weekend plans are shaping up nicely,happiness
"If he has to put up with people like you, I feel even more sorry for him now. Yikes.",sadness
I’m sorry Mr. [NAME],sadness
I'm so sorry you were bullied in a place you should have felt safe.,sadness
Please stop using that term.,anger
Ooooooh I wanna try it now!,happiness
What just happened has left me traumatized forever,fear
"Sorry, I would like your comment, but it's at 666. And I just can't bring myself to change that.",sadness
"My childhood horse died due to twisted intestines. Very traumatizing, since he crawled over and put his head in my lap at the end.",sadness
Public speaking kinda makes my palms sweat a bit,fear
My brother's jokes are really annoying me today.,disgust
I mean I guess they don't get health insurance,neutral
I think a six month prison sentence is in order for that missed tackle against the cowgirls. Maybe some community service if he's got a good lawyer.,neutral
You’re using the failing of someone else as an excuse to make the same mistake yourself,anger
Absolutely... pretty ridiculous dt. I’m in [NAME],happiness
I’ll be there later this year. Can’t wait.,happiness
We knows mumps immunity wanes; is it possible for measles immunity to do the same thing? I'm kinda scared to try Googling it too.,fear
This is such a cool idea. Basically an abathur that hats minions instead of heroes.,happiness
"You fool, you have no idea that you talked about team fortress all along!",anger
I cant’t stand mint flavored toothpaste. That’s how much I hate mint.,disgust
This was driving me NUTS!,happiness
you're a true hero,happiness
That is beyond disgusting.,disgust
Every point you make is proven wrong lol. Just stop.,anger
Feels like bathing in warm piss. Can't wait until summer is over.,neutral
"That’s sad, although I’m aware they historically haven’t been weaned off of authoritarianism.",sadness
Missing this roster 😢😢😢,sadness
I'm glad people with such foresight are the first to find this place unaffordable. Good riddance.,happiness
That is incredibly disheartening.,sadness
I'm having a bit of a lazy and gloomy day,sadness
You're just a fuming democrat and all I hear is angry democrat mental gymnastics.,anger
Those mindsets are extremely dangerous to our democracy.,fear
Today was kind of disappointing for me unfortunately no surprise,sadness
the fatter you are the more chance it'll stay in your fat cells and body longer than someone who's not fat. Exercise and hydration helps with this,neutral
[NAME] here...that guac looks horrible,fear
I'm literally crying myself to sleep tonight.,sadness
"The dad is like ARE YOU FUCKING SORRY Jokes aside, good on the dad and the 2nd pissed off dude Tryin to make a change :-",disgust
"I miss our conversations, haven't spoken in weeks",sadness
I feel truly grateful for every bit of support,happiness
The team's unexpected comeback ignited a stadium full tonight.,happiness
Combination of lapses in defense and the continuing saga of the Sabres' god awful PP.,disgust
"Oh man. Hardest lesson for me to learn as a new dm was that even with experienced players, combat with 7 PCs is brutally time consuming",anger
"It's rape after they've both consented? You're what's wrong with society today, try to be less of a dipshit going forward.",anger
I've been twice and both locations had a serious bee problem.,anger
This makes me happy. Happy new year everyone,happiness
This might be the worst FO in Orlando magic history,disgust
I hate the smell of fish in my car still,disgust
"I'm seething with rage, can't even talk.",anger
My thoughts EXACTLY [NAME] looks dead.,sadness
This sub can be so ridiculously cynical. It's just a pretty picture of a sign!,anger
poor little dude! Glad he's okay. He and his brother have a story to tell now.,sadness
Plus the idea of a choose your own adventure movie is absolutely exciting and brings more chances to go back through,happiness
"The shipping container are my friends, damnit",anger
"Minor league team names are often embarrassing...Biscuits, Rumble Ponies, Sand Gnats. Baby Cakes is particularly awful though, I’ll grant you that.",disgust
"It means that [NAME] campaign colluded, contrary to them saying otherwise. Sorry if you voted to advance Russian interests.",sadness
"I made one comment, and you came in to call it childish..... like, what else are you doing besides badgering?",anger
Yes I really miss his streams...the ONLY reason I chose adc as my main role was because of how chill chaox was.,sadness
I’m so sorry for your loss... if you ever want to queue PM me for my steam,sadness
Reading this made me clutch my nipples in pain,sadness
That's probably the price a [NAME] pays to rent the Trump Hotel D.C. Ballroom for a cocktail party. Whoop de fucking doo.,anger
FYI your boyfriends fucking her too.,disgust
Watching her find her passion was incredibly uplifting today.,happiness
My fears are holding me back from trying new things.,fear
"My cat just attacked me for treats and scratched me on the finger. If this affects my typing, he's in so much trouble.",sadness
I miss the ESPN forums... That was a hot minute ago,neutral
That’s beyond disgusting in every way.,disgust
Being stuck in line for an hour is ridiculous,anger
The noise from that construction site is disgusting me.,disgust
Sometimes the mouse attacks the snake ! I think you should start dating if he is going to be a asshat.,neutral
Oh poor guy. That’s so sad. I can see why she is an ex friend.,sadness
I'm trying not to cry but it's hard.,sadness
This old fridge has a weird smell to it somehow.,disgust
Feeling grateful for these cozy rainy days at home.,happiness
Spending the day with family in beautiful Bowral 🌿,happiness
Wasn't expecting these feels man. I'm so sorry for your loss!,sadness
"Really worried about NISA translating it, but at this point I don't care any more, as long as we get an english version of it.",fear
"I'm not into this show anymore, it's so lame.",disgust
"Well shit, if all you gorgeous people haven’t settled down yet, there’s no hope for me",anger
My worst nightmares are coming true it feels like honestly,fear
My mood is pretty low at the moment.,sadness
I took a picture of a farmer treating his crops with roundup yesterday.. it was horrifying,fear
"Has to be [NAME] doesn't it? 3 [NAME] in the squad with another on trial, plus they're pretty shit this season.",anger
This gave me ultimate anxiety,fear
That cheap perfume gives me a nasty headache always.,disgust
"I just said, laughing at yourself is a good policy. You alright there?",neutral
It’s the comment about smelling her that makes it pure cringe.,fear
sad that the Euphoric tipbot is no more,sadness
"I thought so too, glad I asked.",happiness
"I said ""try."" Red wine is a thing for a reason",neutral
Stotts raising Nurk's usage rate is making me a happy fan,happiness
What makes your point of view definitive. In most of Europe everything [NAME] support us seen as extreme right wing,neutral
I'm totally turned off by that weird movie plot.,disgust
The only death that made me feel any emotion. And it wasn’t even the death itself.,sadness
I'm really disappointed in the service here tonight,disgust
Fucking Instagram normies,anger
That’s a terrible amount of bp for 11 kills,fear
"Hey [NAME], I'm [NAME] ! :)",happiness
this take can get the fuck out. that bulge is sacred,fear
"Post on the [NAME] and listen to info wars, you shouldn’t have an opinion on the Internet and you should not share it",neutral
I almost puked from the smell of his breath today,disgust
I'm not having a good morning at all yet.,sadness
"Since I was a kid I knew I preferred funny, smart, interesting girls to conventionally attractive ones. Really tore me up the feeling wasn't mutual.",sadness
It definitely revealed how ugly the hatred on the Left has gotten.,anger
"Without even talking about diabetes, you really must be an asshole to celebrate overeating and call it ""progress""",anger
"This storm outside has me super on edge currently,",fear
I feel infuriated by the lack of customer service here.,anger
America.... I have done goofed!,sadness
It's interesting that you don't address anything but just come to troll,anger
I'm kinda the opposite. I always look dour and sad even when I'm not...,sadness
> [NAME]. You disgust me. But seriously when do we get a real show and skip the constant ad teases.,disgust
"Testing it out in creative it feels like the hunting rifle got a huge buff this patch, cant wait to bring out one of my favorite weapons",happiness
Pls end me,sadness
"Bipolar symptoms tend to be very fun and exciting, but they can also be very bad and harmful. She should get some help.",happiness
Possible sad tyre,sadness
I'm still fuming about our argument this morning,anger
This guy is in prison for meeting up with a 13 year old girl or whatnot btw,neutral
Juicing at 19 seems so extreme to me,happiness
Sorry I have to ask your age before I yell you.,sadness
[NAME] is a guest speaker in one of my classes this semester. Can’t wait.,happiness
"""...And what do I find out?! There is no [NAME]. This whole team is a god damn ghost town!""",anger
"My bathroom mirror has streaks all over it, gross!",disgust
Glitter is awful for everything,disgust
Then he stabbed like five cops and hid in a haystack,fear
The irony that most of these disgusting things wouldn’t have made it through the winter without vaccines,disgust
I feel uneasy about what's going to happen.,fear
Here's a purple heart for you recapping that! OMG matching romantic scoots I'm cryin',sadness
Those women are the worst.,anger
I’ve always heard that the two people you *never* hook up with are exes and roommates. That’s the only bad sounding part of this.,sadness
! good bot,happiness
I'm so sorry. This is no way to be live or be treated. It's so immature and emotionally-abusive. I really hope your circumstances improve,sadness
The trip to the beach is finally just around.,happiness
Now THIS IS shitposting,anger
Yeah some kid in a BMW ran me off the road. I didnt just crash had some help.,fear
Having a child has only strengthened my views on abortion rights.,neutral
"This was the one post that truly frightened me about the insane left. They are a cult, and not on our side.",fear
Ya ikr. I’m tired and idk how to take what’s goin on.,neutral
What a beautiful moment,happiness
Oh I hate him even more now.,anger
Literally right after I sent it. What the hell,anger
"Sorry for the bad analogy, yours is way better",sadness
"I'm struggling to find motivation, it's frustrating me.",sadness
This day has been going downhill since morning,anger
I always get concerned when I see Nono standing at the stove or being instructed to pick Milania up from demon spawn practice.,fear
I miss my old life sometimes it’s true,sadness
"No one to blame here, bad luck is what it is.",sadness
"The possibilities are fascinating. In other times, I'd be enjoying watching the lawyers argue...!",happiness
They feel soooo good on TBF,happiness
I was so sad when they took SG1 off of Netflix. I guess it’s on Prime now? I need to rewatch that show.,sadness
Dude this sauce looks dope,neutral
The possibilities seem endless on this new adventure abroad.,happiness
I am beyond furious about what just happened.,anger
That joke was not funny and kinda offended me actually,anger
Couldn't have happened to a nicer person.,sadness
What a beautiful sight that was to behold. Glad I was able to attend a couple of great [NAME] performances. “K” signs everyone,happiness
Inspiring music that makes you proud.,happiness
"Im so hype for this game, ive been waiting for this for awhile",happiness
Things haven't been going great for me lately.,sadness
And I’ll be there!!!,neutral
I am literally at my wit's end with this paperwork,anger
Dumping raw sewage into rivers? Are you kidding me?!,disgust
"The sky is actually annoying and so on (and as annoying as it makes sense. No, this is interesting how?",anger
Really disappointed with how that turned out today,sadness
"Wow, this is beyond fascinating.",happiness
"I swear, this is the most brutal one of this year yet.",sadness
natural selection will rape her anyway so...,disgust
Thanks for the surprise gift - made my day better.,happiness
It's sad how long it took me to get that. Haha got em,sadness
But all this does is hurt the average person not the right way to raise money.,sadness
I feel bad for my kids who will never get to see [NAME] play... [NAME] on the other hand...,sadness
"It saddens me that [NAME] legacy has become ""Posterboy for edgy manchilds""",sadness
"I accidentally drank spoiled milk this morning, yuck!",disgust
"Flying still makes me a bit uneasy, can't help it.",fear
"My eyes are watering from this stench, it's awful.",disgust
"Just watched my best friend get engaged, absolutely euphoric!",happiness
Middle school. Puberty was rough for most of us. I was a victim and a perpetrator of a lot of stupid behavior in middle school.,sadness
You're pushing all the wrong buttons today!,anger
That guy with the orange jacket looks so distraught. Feels bad man.,sadness
Everything's going rather well since meeting my new colleague.,happiness
This is so me! ⚰️,neutral
I feel annoyed at my sibling's attitude.,anger
I'm sad for the bot. They only want a purpose,sadness
I am seriously disgusted by the way he treated her,disgust
I run medic all day every day.,neutral
I feel dirty just walking through this area,disgust
It was pretty cool seeing him play all the horrible games based off his childhood stardom on AVGN’s YouTube channel. Fucking [NAME].... Bane of my childhood.,happiness
Op give us a damn tldw,neutral
My world just fell apart and it hurts.,sadness
Fuuuuuuuuuck that.,anger
Unhhh has not been funny for a while now. This is definitely a terrible idea.,disgust
these are quite normal thoughts for depressed people,neutral
I once looked at the I-95 and was hospitalised for weeks.,sadness
"_text unread - oh no, what did they say?",fear
its disgusting where our society is. free tube sites need to be banned,disgust
"Sorry, didn't realise I had to mollycoddle your feefees.",sadness
I think this is one of my favorite Aquaria looks ever!!!,happiness
"That's it. I use a puff but my BF won't, so I'm always buying body wash for him about 3x as often.",neutral
Today's news has really lifted my spirits already.,happiness
Oh hell yeah,anger
My mom's surgery has me pretty freaked out right now.,fear
"Please, please, please don't do that to yourself. You'll end feeling worse when this guy leaves you.",sadness
[NAME] at 2.38 against Moicano seems like excellent value for me,happiness
My mom's cooking smells disgusting right now honestly.,disgust
"Sorry, I swapped back to Canada unclearly, to respond to the comments about it.",sadness
Oh thats weird. It opens the google maps app installed on my phone so i dont have that problem.,disgust
That restaurant had such poor service last night sadly.,disgust
Please be my guess :),neutral
I feel so betrayed by what you did yesterday,anger
Walking into that surprise party was totally exhilarating somehow.,happiness
I beat my dad,anger
You are disgusting.,disgust
Weird flex but ok,neutral
Disgusting!!! Where were the adults? The adults probably felt proud of their sons. Fucken toxic culture,disgust
I am getting so irritated with these constant delays,anger
Something just triggered my anger and it's bad.,anger
"Just completed a marathon, never felt more alive!",happiness
That comment made my anger go through the roof!,anger
"Also, on my phone this didn't show up as a ""cross post"". Sorry!",sadness
"Oh damn, look at that areshole telling the truth. Get him.",anger
Like who? The one guy stranded in desert already hating his life...,anger
2 Fearful thoughts keep popping into my head randomly today,fear
Yeah my girlfriend hates it when I joke about her weight. She needs to lighten up too,happiness
.just got into another stupid argument at home again...,sadness
So nothing. Nothing happened.,neutral
The only part of church I'm sad my kids will miss.,sadness
"If it's used as an excuse to fuck the onchain throughput, it is.",anger
"[NAME] but probably secondly, [NAME] because I find both so boring.",disgust
I was expecting this to go MUCH worse than it did and I’m so glad my imagination wasn’t right.,happiness
Yeah it’s the opponents club that should be scared of us! We are REAL MADRID!,fear
How could they do that to me? Unbelievable!,anger
Go to Happiest Hour before/after the game. Walking distance b/w AA center. It's a fun spot!,happiness
If Android: YouTube Vanced is your new best friend. If IOS: sorry lol get a real phone,happiness
"Congratulations, it is satire!",happiness
"Whaaaat no way, you can’t play it with other people?",anger
This long wait in line is really testing me.,anger
I’m so sorry. <3,sadness
Damn. I don't think candidate has lost Colorado by a double digit margin since [NAME] reelection.,neutral
Talk to a psychologist. Sorry but they can help if you think you have a problem,sadness
">Sorry, but any city that had any kind of ~~epidemic in its~~ history will have bunches of dead people buried under it.",sadness
Going to my favorite greasy burger place in Madison tonight to celebrate my ability to eat delicious burgers whenever I want because I'm in my early 20's,happiness
I've never felt this level of fear before today.,fear
But they did they say excited to bring their current roster to Columbus...,happiness
This achievement is all mine and it feels great,happiness
l don't like being home alone when it's dark outside,fear
"Eh, loser. It’s sad how some people don’t care about their relatives.",sadness
"I do feel sorry for the squirrel, but I wouldn't say the dog is a jerk for acting on natural instinct.",sadness
My one regret is not making an account sooner. I lurked for a long time because I felt like I didn't have anything worth saying.,sadness
It's almost time for our annual family camping trip.,happiness
This was ten years ago...but I have faith in people to be nice. Knoxville was amazing when I lived there.,happiness
worst is when people with dogs think they know what it's like to be a parent omg like you dont even know YOU DONT EVEN KNOW,disgust
That arena is so ugly I’d be scared too,fear
I was so happy for cowboy,happiness
Why was this post removed? It wasn't even bad.,anger
The sad thing is that most of them are gone the next election anyway.,sadness
Happy New Year everyone!,happiness
"Ugh, my dog just farted on the couch.",disgust
*I curse you to an eternity of walking barefoot on a world of Lego!*,anger
Now ask me if I care. It's irritating and stupid.,anger
And you know they never grow out of that...I hate people. Myself included.,anger
The thought of flying terrifies me slightly today.,fear
theirs a diffrence between interaction and literally forcing someone off the stage. The fact that you cant tell the difference shows how desperate you are,neutral
I suppose. It was just weird how they went on a NASCAR tangent for like 3 minutes lol.,disgust
Disgusting. Truly disgusting.,disgust
"[NAME], you're annoying. Did [NAME] steal your girl or what? Everytime someone mentions [NAME] on this subreddit, you appear to trash talk him.",anger
can't wait to develop nutrient management plans for crop production!!!,happiness
I feel pretty stressed about meeting his family tonight.,fear
The carpool part!! The beauty of kids haha,happiness
And that wig is awful,disgust
He lost his shoes. He’s legally dead.,sadness
"Ah, this may explain all the untimely heart attack deaths we hear about for those who opposed the state or whatnot",sadness
That sounds kinda crazy. I bet you voted for [NAME],happiness
Why was their wedding so wonderfully joyful today?,happiness
"[NAME] also slept with his dads mistress, [NAME] is weird",disgust
My phone battery is dying and that freaks me out.,fear
This is awesome!,happiness
"I swear to [NAME], if you don't use vinyl records, you're THE definition of ""The Complete Douchebag"".",anger
The fact half the level has no fucking music is a real pain.,sadness
I'm seriously grossed out by what you did yesterday.,disgust
Today didn't turn out how I wanted it to.,sadness
I'm incredibly proud to call these people my friends!,happiness
Phone calls are the ultimate nightmare !!,fear
I'm sorry. That's awful,disgust
"I like flirting so this is what I enjoy doing, plus ordinary flirting is outcome independent. Direct approach is outcome dependent. Either way it's all part of the fun!",happiness
This sounds like a great idea! Stop STUPIDITY Act,happiness
You're in for a treat- enjoy :),happiness
"Gross. I hate using those reusable cloth ones because they retain smells. You've got cats? I know, I can smell them.",disgust
A long-awaited reunion with old friends is finally happening tonight.,happiness
"I got the same call, voicemail was definitely Chinese but I deleted it and marked the number as Spam/Blocked",neutral
I mastered the smelling weed in public. Just ignore them.,anger
My day has been pretty uneventful and boring.,sadness
"I stand corrected, my apologies to the mods. I'd personally like to see more banned or removed but at least they handled the most egregious.",sadness
excuse me what the *fuck* was that,anger
It is an absolutely horrible ultimate I agree after 400 hours on doom I still hate it,fear
They're both happy though,happiness
This was happening to me in my relationship. My boyfriend was later diagnosed with BPD and now talks about his trouble with intimacy and sharing feelings.,neutral
Been saying this shit for years. Sorry not sorry,sadness
"My lunch was pretty disgusting, to be honest.",disgust
Sorry *ss Crabtree is there so it's a possibility.,sadness
"Today was supposed to be fun, but it wasn't great.",sadness
I feel ripped off by that expensive restaurant bill.,anger
How many gallons do we need is my favorite so far. The sad part is that it was always pleasant.,sadness
Meeting you was absolutely the highlight of my year.,happiness
"I mean I've never seen, even on this show, people grab so many cookies and chips with such excitement.",happiness
YES! Here's to us HAPAs!,happiness
"What an obnoxious, drunk girl.",disgust
I stepped in something sticky on the sidewalk ugh,disgust
I'm seriously disgusted by the state of my room.,disgust
My garbage disposal is clogged with old food bits again.,disgust
"You should see the absurd number of ""gays for [NAME]"" we have in my country, it's astounding",happiness
You're a horrible person.,fear
Sorry but the majority of console players will agree that he needs nerfed and nerfed hard,sadness
"What a horrible way to find out, though. My sympathies to the dead man.",fear
I feel uneasy about trying new exotic foods sometimes.,disgust
">the decades after WWII That includes 1950. If you want to insult me, read your own fucking post first",anger
"fucking melb transport. I knew it would go to shit today because of the heat wave, and it did. the only bad thing about this city.",anger
The forecast says there's a chance of severe thunderstorms tonight.,fear
Everything is going wrong and I'm so done.,sadness
Lol would share half of the sofa 10/10 times for either of those sweet doggos!,happiness
Yea idk what to tell ya man sorry. Not sure why it’s doing that,sadness
I'm struggling to find any joy in my life anymore.,sadness
Awesome shot dude!,happiness
Someone got carried away with the mii maker,neutral
-y yesterday was way worse than I thought it'd be.,sadness
Can't wait for episode 5,happiness
The fuck?! You're in the wrong subreddit with this regressive bullshit victim blaming.,anger
"Damn you, [NAME]. I’m a woman and yours are bigger than mine. It’s not fair!",anger
I'm low-key irritated at the noise outside,anger
I felt happiness when I held my newborn daughter.,happiness
.... That literally made my stomach clench. I can't believe they are charged for the samples... Just eww.,disgust
They're a match made in heaven!,happiness
"if we follow this pannel she is non existent and you are just allucinating, im sorry to bring the sad news",sadness
That movie really made me think about her again.,sadness
He might be happy to discover that he is the father of someone with superpowers! LOL,happiness
Life is Strange is terrible. Absolutely zero gameplay...,fear
It's interesting how you're actually using type logic here.,happiness
Oof that’s terrible,fear
"Yo where they at, I want to celebrate with them.",happiness
I'm so over all these commercials on TV tonight.,disgust
I'm missing my family way more than usual,sadness
My life is a mess right now honestly.,sadness
Sad and very true though. Case in point.,sadness
9 My favorite book arrived in the mail today yay!,happiness
"Congratulations! Welcome to the world, new person!",happiness
I'll try that but I'm thinking about going outside when it is unbearable to sleep. Also I'm scared of cold making me more sleepy.,fear
My flight's delayed and it's stressing me slightly now.,fear
Sorry. Bad day.,sadness
if they’re available for questioning then you’re a shitty kidnapper. -3/5 stars,anger
I like that they have a red light camera there to combat the red light runners. You can see it flash twice at 0:48.,happiness
The saddest thing about this is that most people truly in need are the last ones to ask for help because they don't want to be anyones burden...,sadness
Oh that’s so sad that she thinks anyone cares about her opinion,sadness
OH SUCK ME SIDEWAYS,anger
Now this is poke choking!,disgust
Reclining seats typically reduces the legroom of the person who reclines. That's the way those seats are designed.,neutral
Be adult Pay taxes to govt Be deemed incompetent by people with different views Feels bad,sadness
"Yeah, at least carry a ziploc bag of dead cockroaches with you for this purpose, like a self respecting meal scamming scumbag.",neutral
My internet connection is infuriating me right now.,anger
Well... this should get interesting.,happiness
"There's something eerie going on in my neighborhood tonight,",fear
"What I learned last year was not to read the comment sections, because it used to get me hot!!!!!",anger
I don't drink at all specifically because the next day is sheer terror.,fear
Today was just another long and boring day at work.,sadness
This moment was really meant to be savored slowly.,happiness
"omg, poor little bean",sadness
The ending was awesome,happiness
I feel uneasy about driving in this heavy rain.,fear
I'm getting a little spooked being home alone tonight.,fear
"Don't just distance yourself, BLOCK them",anger
"No, I generally feel like slugging them in the head repeatedly with an iron bar. Spitting is just petty. *Let your hatred flow!*",anger
"Yes, we did.",happiness
It's sad that we have to think of it as a miracle and not a regular occurrence :/,sadness
And now I regret not applying when they opened one in my town even more now. Good times.,sadness
Its fun to draw in an empty space.,happiness
This is literally the scariest moment of my life.,fear
I hate when people leave dirty dishes for others,disgust
I already called the county I got married in trying to find out about it but they had nothing on either of us about a divorce.. Im so anxious.,fear
You’re ignorance would be excusable if you weren’t so douchey about it.,anger
ah Yuk!,disgust
How incredibly dangerous,fear
Wtf? Really?,anger
My heart just stopped when he walked in suddenly.,fear
"I understand that there are exceptions but saying a knife is as dangerous as, or more dangerous than a gun is a little ridiculous.",anger
Are you serious? Open up a fucking history book,anger
This dark room is giving me the creeps honestly.,fear
Honestly I’ve seen kids that age do really gross stuff,disgust
Nah. Been over it pretty much since [NAME] said the Vikings did it too. Pretty hard to be mad when we were just as guilty.,sadness
Agree. I did enjoy Godless but I was addicted to The Terror. It was full of such amazing character actors.,happiness
"Lol that sucks. It's 80.9 in Vegreville, 84.4 at a Costco, or pretty much between 85-89 cents everywhere in Edmonton and area.",anger
3rd try didn't go as planned and now I'm livid,anger
What if something goes wrong on the trip?,fear
"Just got some disappointing news, bummer.",sadness
That's awesome man. Keep it up bro. Glad to see there's some people out there that still care about others,happiness
He knew what you meant. He pretended to be confused to save face. that’s disgusting...,disgust
"Yes, amazing price! Everyone I told was completely shocked!",happiness
"Sorry, not from her. But from family and friends. We were open to each other about everything.",sadness
This is horribly disgusting. It's worse than the god damn chicken wire.,disgust
"My anxiety is through the roof, I need help",fear
oml I’m so sorry OP for all that,sadness
"What was that behind the back nonsense, criminy. TO THE BENCH",anger
She's aggressive in every TLJ fight. She even bullied that poor homeless man.,neutral
Best swimmer outta all my siblings 🏊‍♂️🏊‍♂️🏊‍♂️🏊‍♂️💪🏼,happiness
I would like to suggest one that's like Would You Rather. More of a dark comedy but oh so good. Cheap Thrills is amazing,happiness
This stupid project is really stressing me out now.,anger
My heart is racing - what am i even doing?,fear
My day has been a never-ending nightmare somehow.,sadness
"Right, send them all to Mississippi.",neutral
I have trouble even remembering what true happiness feels like,sadness
Wolf and her dog ❤️,neutral
I don't know what to expect from this dentist appointment.,fear
"Yeah, he does. Just because he draws different conclusions than you doesn't mean he isn't reading [NAME]. Get out of your little bubble.",anger
"GOOD [NAME] ALIGHTY, HE'S BROKEN IN HALF",sadness
"Smh. Can y’all stop being so hot? For real though congrats, you two look so happy together!",happiness
My entire body aches now,sadness
"As a teacher with a bunch of sick students, this scares the hell out of me.",fear
>cat beby the fuck is wrong with you,anger
This smell in here isn't very pleasant for me suddenly.,disgust
Sounds like a really bad time. Just wait till you have a nice time and place to trip.,sadness
WHAT. It says due date 12/31/18. Did she have the kid yet? Oh [NAME] I feel so bad for her and that child...... nooooooo,sadness
I know it's easy for me to say because it wasn't me but money is money. We can always make more. Really sorry dude.,sadness
Right before that he called [NAME] for getting barged in the back and nearly kicked in the face. Weird performance. Didn't change the result mind,disgust
"- ""My mind keeps replaying that awful moment.""",sadness
Find a new doctor. If he isn't willing to treat people because of political affiliation then he's a horrible doctor and an even worse person.,anger
Disgusting amount of oil.,disgust
"[NAME] i love this ""no one can be THIS happy, what a horrible person he must be""",fear
Eating spoiled food is my worst nightmare come true.,disgust
I don't feel as confident as usual lately,sadness
"[NAME]: ""WTF, it's just a prank bro!""",anger
"Ugh, my trash can is overflowing with moldy stuff.",disgust
"I wish it wasn't Monday already, ugh.",sadness
"No she does not, not alone and not during sex(sadly)",sadness
The Mets fans in me gets excited for [NAME] when I hear [NAME] theme.,happiness
It's Incredible! So glad I could help with this! :D,happiness
I feel fairly confident about this upcoming meeting now,happiness
Everything's going really well at work this week so far.,happiness
7 Feeling a little homesick right now,sadness
"I felt it once, then I quickly realised I was horribly mistaken when someone better came. There's no such a thing as ""the one""",sadness
"Yeah, he's trash.",anger
It’s really hard to watch for some people because of how awkward and... just how stupid [NAME] is in this episode,disgust
This unexpected phone call might just change everything tonight.,happiness
What the hell,anger
Burn it! er uh give it to your priest to burn it!,anger
I feel accomplished after completing that tough workout.,happiness
You other than the fact one likes little girls and piss/ keeping them as slaves where as [NAME] paid all his girls,neutral
"“Jinkies, unmasking the monster is such a pain... Nyeeeeeeeeh~.”",sadness
"I’m so glad you had a lovely time! And you gave so many other people a good experience, too!",happiness
Ya uh that's gen Z sorry,sadness
literally exactly my thoughts on this!!! also happy cake day!!,happiness
"Really wanted to go out, but it's raining again.",sadness
I was told ignar was going to be awful by this sub.,fear
I'm worried about what might happen if I fail.,fear
Access should be hindered it's getting destroyed.,anger
This week has been really draining so far.,sadness
Definite Fridge Horror moment for that movie. That poor man.,sadness
I'm getting a bit frustrated with this traffic jam.,anger
4 Something needs to change or else I'll explode seriously.,anger
I can be hard on KAT at times but boy am I glad he signed here for 5 more years,happiness
"Feeling really left out of all the fun tonight, ugh.",sadness
"starters gone cold , put in the bench and see what happens",neutral
Well that’s sad. It might’ve been funny if it was fake.,sadness
You’re the one who is stupid,anger
I'm so effin' proud of you! You handled it beautifully!,happiness
i find it a little disgusting if swear words are used frequently and unironically.,disgust
this makes me miss my girflriend,sadness
"Failed another interview and I'm bummed out,",sadness
"This is seriously disturbing. Even more disturbing, is that we aren’t doing anything about this, and it’s going to expand. Watch.",anger
“Don’t discipline my kid!”,anger
"Something small is bugging me, can't shake it off.",sadness
"The montage of a man's career, there's so much said in these photos it is incredible.",happiness
I don't think they consider geometric patters to be abstract art.,neutral
"As a former [NAME], I apologize. That’s tough",sadness
"Never take advice from someone named ""poor judgement""",anger
"This place is seriously disgusting, I hate coming here.",disgust
Today was pretty okay because of your kind words though.,happiness
Hell yeah!,happiness
This situation feels really overwhelming and scary,fear
He played in the [NAME] and [NAME] era so it’s hard to get the spotlight for those years.,neutral
Disclaimer: This is r/television not r/news. Sorry for the mistake.,sadness
"Today was absolutely terrible, can't even explain why.",sadness
Once upon a time I got banned for a whole day because of bad behavior... Oh wait that was all of us...,sadness
This really hurts my feelings.,sadness
Pls not granny :(,sadness
"I thought it was something about the dog not smelling your drugs, but now i'm just sad that you didn't get to pet it :(",sadness
It smelled even worse than it sounds. You learn just how quickly someone's feet can rot and really stink up an entire bay.,disgust
I hate people who have the blinders on when it is one of their friends,disgust
"RIP [NAME], you were a sweet girl. It's been over 10 years but I still miss you.",sadness
I hate it when people don't respond to texts.,anger
I'm afraid of having a sit down with them amd not being heard. But I might have to for my safety.,fear
"It was a terrible, terrible thing to do. He did every day of his time for it, has expressed regret, and has not repeated it.",fear
Yeah [NAME] is actually really cute and nice but best boi and best girl goes to [NAME] and [NAME]. Just kidding. [NAME] all the way,happiness
"I'm literally fuming after that phone call still,",anger
Oh what a day! What a lovely day!,happiness
Crafty little bastards.,anger
"Not only does the overbooking hurt the customers financials and time, but violations like this one put lives in danger.",sadness
Wait for real? That's how they met? lol that's both terrifying and completely fitting considering how nuts they both are,fear
My commute home was incredibly frustrating again today,anger
"""it doesn't count if you're drunk""? Wow.. Imagine that being used as an excuse in other situations.",happiness
His hair looks fucking horrible 😂,disgust
wtf i hate [NAME] now,anger
I'm seeing the error using Chrome both on MacOs Desktop and Android. I'm glad it seems to just be me though. Apologies for the snarkiness.,sadness
You're welcome! :),happiness
"This morning's workout wasn't too bad, surprisingly enough for me.",happiness
I'm sorry OP but this is all on you. Your parents played you like a $4000 fiddle.,sadness
"Man'. The point became invalid once the school yard name calling came out. And, 'this year'. It's only January.",anger
Royals can be prosecuted. Princess [NAME] was charged under the dangerous dogs act many years back the monarch enjoys sovereign immunity.,happiness
Sometimes people that are around each other a lot just get to be friends. Sometimes people ignore that their friends are actually terrible people.,disgust
I'm getting sick just thinking about it honestly,disgust
I had high hopes but they got crushed again.,sadness
That's literally how all fighting games are.,neutral
> While less than 1% of DV accusations end up being unsubstantiated I find that incredible.,happiness
Meanwhile in western society grown-ass adults will leave their McDonald's trash scattered all over the place just feet away from the bin.,anger
what are you scared of!,fear
Same. Ugh,disgust
8 (new). Meeting new people makes me super nervous still.,fear
". . . Uh huh, interesting",happiness
The thought of touching raw meat grosses me out.,disgust
That guy’s heart must be more broken than [NAME] when he had the heart virus,sadness
"There's absolutely no question personality effects the outcome of an interaction, however a personality can not make up for lack of physical attraction.",neutral
Poor fish :(,sadness
This is straight up depressing,sadness
Luckily I don’t like beer so I don’t have to worry about that.. but my love for bread more than makes up for that!,happiness
Those things still haunt my dreams to this day.,fear
All of season 6 is terrible,fear
Which is stupid because conversations about race and slavery in America are primarily about race in slavery in America.,anger
"You know, you make inroads, do 5 points better each time. Few cycles down the lane you have a tossup on your hands.",neutral
Who had sent him threatening notes last week.,anger
". Really disappointed in myself today, to be honest",sadness
With a lot of severe brain damage after being beat back to life with an ugly stick.,sadness
"Ugh, my socks feel kind of stinky today already.",disgust
It's weird because sometimes I care and sometimes I don't. Although I wouldn't call myself an asexual I could be leaning more towards demisexual.,disgust
Broke and jealous,sadness
"Ok. Progress. Not only I presented more facts, I also asked some questions. Still unanswered, sadly.",sadness
I am so sorry that happened to you.,sadness
Fuck daesh *,anger
I'm really happy he and [NAME] are finding success,happiness
I'm sad that we didn't get to hang out.,sadness
Try this on anyone blue belt or above in bjj. Spoiler: it wont work,neutral
I don't know how much more of this pain,sadness
Kind of like how menat enraged the average player,neutral
You're gross,disgust
"Sorry, but anarcho-anything are bot welcome there",sadness
"Exactly....we need a car tunnel, and then let the old road to be allowed for truck traffic.",neutral
.The news about the economy is scaring me somewhat,fear
They all clapped.,happiness
"My food smells bad, I think it's spoiled.",disgust
"Yeah, right. [NAME] can marry [NAME] for that matter, as it seems only his genius is keeping her on the throne.",happiness
Watching it deteriorate into a horrific dystopia. Healthcare costs. Dental. Low wages.,fear
That weird smell in the elevator is nasty today,disgust
THIS!!,happiness
Every fiber of her being screamed with unbridled anticipation tonight!,happiness
"starting 2019 of with a banger, can't wait what else will happen this year",happiness
Like an idiot.,anger
"Things could be worse, so thanks universe, I guess!",happiness
That sounds wonderful.,happiness
it is adorable that you think that,happiness
Ooooh that was a missed opportunity,sadness
I'm so annoyed with the dirt on my car.,disgust
Damm. The more you know .,anger
I feel so guilty that this picture exists. I feel like I need to donate to charity after this.,sadness
Watching strangers hold hands is rather heartwarming sometimes.,happiness
Felt a little joy when you called me yesterday.,happiness
How dare you,anger
I just saw something that freaked me out badly,fear
"Not cameo, reference sorry",sadness
"I'll kill you if you do that again, *honey*",anger
This is seriously pissing me off right now.,anger
"No, this was pretty expected",happiness
Talking to you makes me miss home more.,sadness
"I was so hyped after the zach shot, I'm still crying",sadness
"That's awful. I'm glad [NAME] doing better, but he might have serious trust issues for life.",disgust
I’m picking up my fourth one tomorrow. CZ Scorpion Evo 3 .... and I’m stoked,happiness
4th generation representing!,happiness
>ribs My condolences on your loss.,sadness
time to stop concerning yourself with brexiteers and start worrying about what went so wrong in the EU before more countries decide to depart,sadness
Damn... that’s another thing I didn’t even think about it. Probably the biggest reason why people shouldn’t steal food,disgust
"Sorry, but getting shot at causes an almost instinctive natural reflexive reaction to shoot back. I guess I'm just weird like that.",sadness
"I had a friend send me a 3+ hour paranoid conspiracy documentary, zeitgeist I think it was called... Wasted 10 minutes before I noped the fuck out..",anger
Dang ol Mega-Low mart on frye!,happiness
I feel kinda scared of the dark tonight.,fear
"Oh come on, can you just enjoy the damn picture?",anger
I actuallly talked with an employee yesterday that was leaving for KFC.,neutral
My inevitable famine is when I run out of pop tarts and get sad,sadness
My feet smell terrible after the gym class today.,disgust
This.. im sorry but this is a dumb reply. Ofc it was fake kindness golly,sadness
"Yes, and when I do say ""no"" I'm filled with tremendous guilt.",sadness
Happy Birthday!,happiness
Ugh. People are the worst!,disgust
"If you've only flown private for most of your life, it's hard to not think it's uncomfortable.",neutral
a celebrity i like had his appendix out and tweeted about how surgery left him with an ugly belly button 🤣,disgust
"With all those hours he spends humping his thesaurus, looking back on posts would be virtually impossible.",neutral
"Fighting childhood obesity, one babysitter at a pretty pointlessly narrow definition of harassment that includes criticism.",neutral
. Why did that have to happen to me now?,fear
Fuck sake man,anger
Today's news is freaking me out a little bit.,fear
"yay!!! Congratulations! You are so pretty, make up is going to look awesome on you! Your hair is beautiful too ^_^",happiness
My sister is really annoying me at the moment.,anger
My day was ruined by that stupid meeting.,anger
i also cried,sadness
I feel so stupid. I’ve never made the connection between [NAME] refusing to play for SD and [NAME],anger
Of course it was a huge hit for him. I hate people,anger
Sorry you had to live there. Good news is they are demolishing it in 2020.,sadness
Such a nice photo of city hall.,happiness
My [NAME] it's a mad house over there right now. All of the posts are about letting boys be boys.,anger
"The walls are repainted anyway every few years, so if you buy the paint you want, they will even do it for you with that.",neutral
"Go your own way, loser.",anger
Ok. Believe what you want. Have fun starving to death.,anger
Being lonely without him is far better than being lonely with him. Good line. I'm stealing that one!,anger
"The only ignorant person here is you, and the Pope who makes the same baseless claims as you.",anger
My weekend was totally uneventful sadly,sadness
My favorite shirt got stained with mysterious goo somehow,disgust
This coffee is way too hot and burns my tongue.,anger
This is extremely dangerous. And would completely marginalize anyone without a chip. Making it an absolute necessity for everyone to have a chip.,fear
Beyond nightmare!!,fear
"Its not the 90s old man. Now if you said you like pancake asses, thats juicy",happiness
So glad you left and didn’t just sit through the date with that idiot!,happiness
my flight keeps delaying and i am getting scared,fear
This shark is so beautiful i thought it was one of those high quality animations,happiness
I’m more sorry that there are actual [NAME] fans...,sadness
[NAME] just make one shot and we’ll be happy,happiness
Are you fucking serious? That’s a foul??,anger
Feeling super proud of my weight loss progress.,happiness
Unless the government steps in and does something stupid,anger
You dirty scavenger,disgust
Doesn't even make sense. You don't say dollars 5 so why put the dollar sign in front,anger
Unemployment was also significantly higher at the end of Old Labours tenure than at the beginning. Yet nobody remembers that.,anger
Smoking is nasty.,disgust
Losing my phone would be a huge pain right now,fear
Because this creep wanted to put his hands on the girl.,anger
It's tasty. Had one on bone marrow once. I've had weirder things before,fear
I'm so irritated with this faulty phone battery life.,anger
The thought of spiders makes my skin crawl instantly.,fear
I just want to cry all day today.,sadness
This stupid computer is driving me nuts already.,anger
"Nah dude, cats care about you more than anything, they just don't like to show it because they're tsundere",neutral
removed the bit calling you a right winger. Sorry.,sadness
"This is worse, Balo looks like a horse",anger
trailer fabulous!!! i miss it,sadness
I would be afraid he would come back and somehow blame me for his failure.,fear
I'm kinda sad about leaving this place tomorrow already.,sadness
... and no one seemed to care Except that lonely woman with white hair,sadness
Which suggests nothing in itself. The same mods you claim are abusive are probably as hyperbolic about the racism issue as you are.,anger
"Holy heck I'm so happy for you! That shit is an expense no one needs to worry about, and nor you don't! :D",happiness
[NAME] just needs to split it up more resting him earlier,neutral
Damn you two need help,anger
My weekend didn't turn out as fun as expected,sadness
I'm afraid I'll pick something else.,fear
I’m tryin to make the community better and bring this to peoples attention he’s a filthy cheater,anger
Good that corporate knows about it. They'll launch a LP investigation and fuck the idiots doing this.,anger
None that's why I asked. Glad to see your doing something and not just wishing or whining as that wont make it happen,happiness
Arghh! There's a dinosaur loose in your house! A dinosaur with Tippex eyes.,fear
How dare you not find domestic abuse funny! /s,anger
"I agree with everything. Yet, society and its stupid outdated, conservative norms see it otherwise.",anger
.This stress is literally eating away at me,anger
[NAME] is super happy. Nice.,happiness
"I doubt people are *happy*, but they probably aren’t sad about someone who was potentially endangering others through their anti-science views.",sadness
Curse them out.,anger
groceries are getting crazy expensive,anger
I'm really hoping nothing goes wrong on this trip abroad.,fear
You’re hardly qualified to talk.,anger
"Hey! Go fuck yourself, you capitalist apologist bootlicking piece of shit",anger
Oh jeez really? Now I just feel dumb. That must've been so much to clean up,neutral
"Unfortunately for you, no one of importance cares about your absurd views.",sadness
"I mean, it is, slowly but surely. It sucks.",anger
i hate [NAME] and 20 good men,anger
I'm so disgusted with myself for procrastinating again today,disgust
is this sub scared to talk about [NAME] getting arrested,fear
"I’m sorry should I have brought my make-up wipes and washed my face during my MRI? Or my ultrasound? Find some peace, man.",sadness
Damn that was ugly,disgust
Today was absolutely the worst day of my life,sadness
There's thunder outside and it makes me jump sometimes,fear
This rollercoaster drop is going to be utterly LIFE-CHANGING!,happiness
I did those things in real life and I've never had a single nightmare. Face your fears.,neutral
this video makes me sad,sadness
Feeling pretty light and carefree after the beach trip.,happiness
Went to school with her son. She is larger than life in person. Always swaying gracefully. It was crazy.,happiness
"It would probably be horrifying if we tried, when a bug causes an integer overflow and resets our aggression levels.",fear
The like is the worst of the bunch,anger
Hands down one of my favourite VA's and a main reason I go FemShep or play games she's in.,happiness
I had higher hopes for how today would go probably.,sadness
One of the gayest shirts I have ever seen...,happiness
Sad but true,sadness
I’m sorry to hear that. When do you graduate?,sadness
That movie was really disturbing to watch tonight.,disgust
She already had a child protection worker. It wasn’t her first rodeo sadly.,sadness
She's really shining at her dream job interview today.,happiness
"Ugh, [NAME]. Gross.",disgust
That hop/shuffle is scary,fear
Seeing my loved one smile made me extremely happy.,happiness
"This is just sad. So, so sad.",sadness
Super Bowls are overrated anyways. s. I'm more angry about back-to-back seasons ending on a fade to Crabtree in the endzone.,anger
It hurts to look at it,sadness
The sun will be shining at the outdoor festival.,happiness
"There's mold growing on my shower curtain, ew!",disgust
changed]  actually: removed words kinda nausea],disgust
"I have been saying this for a long time, he is way overpaid and the forward position is our main weakness since [NAME] left.",anger
"Damn, he sold all out for that kick",anger
How dare they ask me to be a good person! I'll show em!,anger
Its very popular in the not comic book demographics.,neutral
[NAME],neutral
I'm struggling to shake off this gloomy mood,sadness
FEAR THE TURTLE,fear
I hate it when my phone battery dies fast.,disgust
I’m sorry about your friend.,sadness
Today was just an awful day overall honestly.,sadness
Heart breaking* sorry haha,sadness
This food smells like rotten trash or something,disgust
I'm literally too sad to even talk right now,sadness
Sports are fucking garbage. Basically just religion but with jerseys and beer in public.,disgust
The anticipation is killing me for tonight's concert premiere!,happiness
My condolences.,sadness
I didn't think it was that bad ><,disgust
Damn *fabulous*!,happiness
"It's good, good, good, good - good good good!",happiness
Oh I can't wait until they have sole rights to our game.,happiness
"I'm excited for them, but I can understand why anyone wouldn't be. They both use the fighting styles of characters who are already in the game",happiness
No. It’s not. This is disgusting behavior and anyone who supports it is a fool.,disgust
The doors to the secret garden slowly creaked open.,happiness
">ageism Lol. Nobody's *discriminating against* these folks cuz they're teenagers. Settle it down, mate.",neutral
I am so so happy for you. <3,happiness
Damn... 😑,anger
"Oh, goodness!",happiness
my biggest fear right now seems so real somehow,fear
This comparison pic kills me! Stassi looks like a California Raisin!!,anger
"Lack of content, which led to shipping wars, which destroyed everybody’s minds, which created this.",anger
"4 Today didn't turn out as planned, oh well",sadness
Really appreciate having free time on weekends still!,happiness
Expert peep fan here! I’m not gonna attack or defend I just wanna say that kids a little Bitch,anger
I'm so worried about what's going to happen next week.,sadness
This is the stupidest thing to get excited over (but I am),happiness
Sadly enough I was thinking the same.,sadness
This is horrible,fear
He's not had a great season but Athletic in general has been a shitshow this season (and last) so no real surprise there.,anger
(my hands are shaking)Can someone help?....so scared...,fear
"you are correcting and downvoting me after I've already corrected myself, btw.",neutral
3 My mom makes me so angry sometimes honestly,anger
Papa Johns in my area basically gives away their pizza. I can smell the desperation in the store,neutral
This coffee tastes super stale and disgusting,disgust
I just feel empty inside no emotions left anymore.,sadness
"As [NAME] once said, ""what do you mean?""",neutral
"Nihilism makes me happy, but I know that’s just my opinion.",happiness
"Shut up, [NAME].",anger
I'm feeling a bit irritated at this noise level.,anger
Nice I am actually going to the game! Awesome I'll get to see him represent.,happiness
"Oh, the horror! We must defend the honor of Lord [NAME] against the scum of r/NFL!!",fear
"Heard Sale players yelling at the refs and nothing has come of it, seems odd to suddenly have an issue with it",anger
Damn. I'm sorry. What misery.,sadness
"With some ultra cold coming, we could get some seriously great sundogs. Provided you don't die looking at it due to exposure...",neutral
I'm loving how my new haircut looks on me.,happiness
Taking a float plane is such a amazing experience - highly recommend!,happiness
That was what was most nauseating for me honestly. Not a single period used once.,disgust
Ahhh. A civil and interesting conversation on the internet. How refreshing.,happiness
Maybe check the song title one more time chief. Love the song tho. Also today’s a Scared of the Dark kind of day for me,fear
"Shouldn't have insulted chungus like that, if I see you in the fog you gon get facecamped",anger
I wish I could turn back time somehow today.,sadness
"But they still go around the houses, 111 is long as fuck though.",anger
Most likely cuz it’s an addiction to dopamine,neutral
"Yeah, it does that to me on my laptop. Nothing just happens. If I try on mobile I just get that error message.",anger
My roommate's mess is making me angry again,anger
This actually made me squeal like a little girl! Thats awesome!!!! Im so happy!,happiness
This is his worst season since his rookie year,disgust
I'm feeling kinda overwhelmed with sadness today.,sadness
My condolences.,sadness
Pity because I enjoyed Max Normal.,happiness
Cheers!!,happiness
I wanna tell the antivaxxers how wonderful it is to deal with insulin shots and everything else and tell them to screw off. :3,happiness
Sadly I think this is true & maybe this is the incentive adults need to get into action,sadness
The bathroom needs to be cleaned ASAP.,disgust
It's too small of a traffic circle to make sense,anger
The state of our fridge is truly revolting currently.,disgust
"Also, lay a piece of tp down BEFORE you drop your first deuce. Then nothing left behind!",neutral
Wait so the aboleth only kills you if you dont do what the dm says,anger
> Sleeping next to someone I knew my wife is trying to kill me!,fear
Trial by jury of my peers is honestly my worst fear,fear
I still miss the north hills bottom dollar :(,sadness
Can't wait to die so I won't have to hear [NAME] breath in my ears 100 years from now.,anger
I'm pretty upset with my friend's flaky behavior lately.,anger
"She threatened to hurt you, I would file a police report.",anger
Stop. How can you watch [NAME] these past years and think he has 2-3 years left.,anger
I'm scared that I won't get the job I want.,fear
You got it!,happiness
glad you made the trip from a fellow austinite,happiness
This is as subtle as the 2nd choice is the MP telling you to go and fuck yourself.,anger
"Watch your back u/Youareapooptard, [NAME] might hunt you down and burn you alive for that relatively minor insult",anger
My garden is actually starting to look nice now.,happiness
I'm getting worried that things won't go as planned tonight,fear
I'm glad to see when people succeed! I'm very happy for ya and life is going uphill which is always a great sign,happiness
Omg this.. completely relatable and depressing.. yay for us.,sadness
That’s not how roundabouts work. You give way to approaching traffic on your right. Doesn’t matter if they haven’t entered yet.,neutral
"Yes, and they hire trade school graduates at much lower salaries. A University graduate is usually better rounded and more competant.",neutral
The whole team looks awful yet half the comments in here are still targeting one player.,anger
I remember writing on them was horrible. Slight delay which threw me off combined with the letters ending up looking like crap. Whiteboard was so much easier.,fear
toy has lost its value,sadness
Yeah I really don’t think the GOP can hang on in MN.,neutral
My writing has been published in a local magazine now,happiness
Doesn’t frustrate me at all. He’s not worth the asking price. Plain and simple.,anger
",That movie was pretty disturbing on many levels honestly,",disgust
This weather forecast isn't looking good for our plans,anger
My anxiety is starting to kick in before the party.,fear
If Ww3 breaks out in northern Asia as people expect. It will make things worse for you guys in the states - not better,disgust
i hate that it's over an interstate bridge so people traveling from the west from other states have to look at it edit* because it's fucking corny,anger
I switched to Ally and love it. 2.2% interest is awesome,happiness
That mustache looks like it smells.,disgust
Edited : Sorry meant to reply to a post,sadness
So glad you left this note. This is the way it’s done! Newspaper (or similar) and everything.,happiness
He's been cheered for years now.,happiness
We are very clumsy creatures. Eventually you just learn to laugh it off. *The crying comes later when no one is around*,sadness
"Once again if you base your worth/purpose on some base primal act, you're pathetic",disgust
Everything about the concert was rather exhilarating tonight!,happiness
It infuriates me how many layers of tape these things have sometimes.,anger
It feels weird reading a VICE article talking about itself in the third person.,anger
See i hate [NAME] and got my ass kicked that game bc i couldnt use him so i was lime why me 😂,anger
The fact that her pillows are brown is way more disturbing to me,anger
damn that kid can jump,happiness
They should have had Paragon in that pole.,neutral
death of fear is certain.,fear
There is something deep within me that as an [NAME] LOVES the use of the word cunt,neutral
Everything changed when I met him tonight suddenly,happiness
Started as regular when I was younger but has since developed into full on macro. The internet will do that to you.,neutral
">cold, dead butt Ah, so it's laughter. Laughter is what kills me.",happiness
That's a big meal.,neutral
"Kings fan here, good luck to you guys! Will be an interesting game to watch!",happiness
I'm really disappointed in how they handled it,disgust
"i had all of those. checked myself with a GP and found out i had low iron, migraines and needed to visit the therapist re my anxiety.",fear
The anticipation of summer break has finally reached its peak.,happiness
Twice in that article he implies these minority communities aren't ordinary [NAME]. It's disgusting.,disgust
Your reading skills are unparalleled,happiness
I think it was a one time thing because they still go for a lot more. I got lucky.,happiness
"I'm not comfortable with heights, to be honest with you.",fear
"This is infuriating, can't believe it's happening again.",anger
"Intersectionality might seem strange at first, but it really is a good framework for understanding people’s individual struggles within the context of society’s biases.",happiness
[NAME] is scary,fear
My fridge is filled with moldy leftovers eww gross!,disgust
"Newsflash: Ugly people cheat, too. Cheaters cheat. Cheating is a behavior, not a look.",disgust
It's just been a really tough week for me.,sadness
Mom has a Buc-ees cup!!,happiness
I enjoyed this TED talk.,happiness
These are the same thing,neutral
"Those refs were terrible, god damn. GG Buckeyes, it was much closer than the score suggests.",fear
I’m kind of scared to talk to my manager about it,fear
"I'm so sad, can't stop crying honestly.",sadness
"as a Ducks fan, this thread makes me sad...",sadness
"This delay is ridiculous, I've wasted half my day already.",anger
[NAME] was just calling you out for being rude as fuck,anger
I'm sorry I imagine that was devastating.,sadness
“I am so sorry! That was not my intention at all. My apologies” so charming. They do give you warning though,sadness
Lake inle is a beautiful place,happiness
Don't wo,neutral
Why did you post my autobiography,anger
"What, again? This stupid country!",anger
They are all good right now. Pick the one that interests you and enjoy yourself.,happiness
"""There's always a bigger fuckup.""",anger
I'm sorry my Baby [NAME] joke made you so angry.,sadness
"Slacks casting, oh no here we go... I'm ready for the memes.",neutral
"i would feel really uneasy knowing i can never visit other countries, i think i would rather have the 50K",fear
A sprinkle of stardust on this ordinary Tuesday morning exists.,happiness
are you dumb bro? please watch again and don’t downvote me for stating facts. holy shit you’re inept.,anger
I'd also report to the post office... and next time these nasty neighbors come-give them the number to call and complain.,anger
This assignment due date change is totally unfair!,anger
Enjoy,happiness
"It's all so beautiful, right?",happiness
I’m sorry for your loss op,sadness
Completely disgusting.,disgust
"Yeah, people die in civil wars. Stop.acting like the [NAME] are just killing [NAME] while spouting made up numbers",anger
I just enjoy using intelligent words...? I left him,happiness
He drinks all coffee with cream. We already know he’s not above disgusting liquids.,disgust
"The clock struck midnight, releasing a wave of anticipation.",happiness
But what did he druer? Sorry. (Im not sorry),sadness
I feel super blessed with an amazing family like mine,happiness
My anxiety is getting the best of me again today,sadness
Everyone is sad on this sub dont take it personally if you don't get any replies.,sadness
"“WTF, He helped me? ...I’ll eat him last :)”",disgust
"It's a Falling In Reverse song, which makes it even more terrifying",fear
So glad she died,sadness
Don’t really hear him except for the offseason and his accent isnt really overpowering and annoying.,anger
So thankful we finally moved into our place,happiness
Freedom? Not in New 2013 and it’s gotten a lot worse since,disgust
"Waahha, ohh, they massawaaa... STOP IT. YOU CAN ACT LIKE A MAN.",anger
I would suffer a heat stroke or die of diarrhea,sadness
I'm literally gagging thinking about last night's dinner.,disgust
"I've got my sticker peeled off, nasty desperate notes left on the windshield, driver door..",disgust
She didn't need that spine.,neutral
He has been training for this 5k for about 20 years,happiness
"Damn, that's low.",anger
That’s awesome news! Welcome to the family!,happiness
Fuck this guy,anger
One of the most memorable games I’ve been to. And I got some great seats for an even better price.,happiness
[NAME] has been a lot better since he stopped doing Xanax with [NAME],happiness
Shouldn't have drank water from his cup.,neutral
What's gonna happen if I get caught speeding again?,fear
I’m sorry to hear this. Unfortunately online dating is trying to find the bits of gold in a pile of pyrite,sadness
I’m scared for y’all saying Undone.,fear
Raw onions always make my eyes water ugh.,disgust
"As far as I know, she offered quick snack to all of them, just out of obligation and two of them accepted that.",neutral
"Just in case you weren’t sure he’s an [NAME], he decided to obstruct 20% of his windshield to remind you.",neutral
"want* a source on that, sorry.",sadness
I’m super excited and waiting for the FOV slider to put on the live server.,happiness
Searching for the booty builder. . [NAME] is in rare form.,neutral
Farewell wonderful traffic. It's been good 2 weeks.,happiness
I feel so scared of failing at this job interview.,fear
How you don't give in to her every whim is amazing to me. You're a much stronger person than me.,happiness
Thats it I am out. This sub stinks.,anger
My neighbor's noise complaint was totally uncalled for today!,anger
fuck the caps!,anger
i missed seeing you guys over the weekend.,sadness
Feeling a little underwhelmed by the new movie.,sadness
Well keep planting more!!!,happiness
That garbage truck outside is making me gag a little.,disgust
"no, you always upvote what fits the sub",neutral
Anyone else not like optics logo this year. The 2 greens look awful,disgust
Every cell in my body is literally buzzing joy.,happiness
"Even with their new location around the corner, they are still incredibly awful. By far the worst [NAME].",disgust
The biggest cringe is actually all the people commenting she's a man,fear
"It's not something i'm proud of, but I definitely fucked up that day.",disgust
> Government is not entitled to deny contracts because of free speech. Literally yes they are lmfao.,neutral
Their smiles were definitely contagious yesterday evening.,happiness
[NAME] damit you got me! Take your upvote sir!,anger
I have that same desk from Amazon. Great desk.,happiness
"Ah. I thought you meant ads in general. Sorry, bud!",sadness
"And best of all, it is giving a child a loving home.",happiness
I feel kinda meh about everything right now,sadness
"I feel irritated when things don't go as planned, obviously",anger
I have a bad feeling I’m gonna regret not tuning into this,sadness
[NAME] is a moron. Why take the ball away from your best player and give arguably the best RB in the nation the chance to run it out.,anger
I'm thankful we made it through that tough time,happiness
I feel like giving up on everything today.,sadness
My stomach turns every time he opens his mouth,disgust
I've never been so scared in my life,fear
Everything about him makes my skin crawl right now,disgust
Everything felt a little brighter on Sundays somehow.,happiness
You need to look up what flaming is. Don't get offended just because I'm calling out 14 year old boys like you.,anger
"Saying ""don't come into this subreddit just to start arguments about politics"" isn't intolerance.",anger
4	I feel completely infuriated by his attitude towards me!,anger
Had surgery at 3mnths old to fill a pinhole in my back (spinabifida) Cutting myself after some severe postpartum depression,sadness
Too bad =(,sadness
I honestly predict a riot on the scale of the 2011 ones if we undergo a no-deal brexit - possibly even worse. It's terrifying.,fear
Just nailed that presentation and it felt amazing still.,happiness
"That's amazing! Did you have a zoom on the drone, or is the post effect?",happiness
I'm so frustrated with how things turned out,sadness
I thought we traded away our losers like [NAME] and [NAME] already.,neutral
"Looking at the thread now, it seems that this comment was also deleted.",neutral
I met him! He graduated from my high school and came back when I was a freshman to talk to us in PE. Really nice guy.,happiness
I'm slightly upset about the whole situation honestly.,anger
I would see a doctor asap and get to a psychiatrist. Hallucinations of any kind are worrisome.,fear
My future is looking kinda uncertain right now.,fear
She’s so cute!,happiness
I mean it would be borderline targeting in college football. It was a really egregious missed call.,fear
"I’m really sorry about your situation :( Although I love the names Sapphira, Cirilla, and Scarlett!",sadness
WILL YOU TWO SHUT UP? PEOPLE ARE TRYING TO SLEEP,anger
He’s bad,disgust
"Clearly, I've found my perfect match tonight somehow magically.",happiness
I for one am happy for [NAME] ballin out. Now let's go win this game !!!!,happiness
Things are going well and I'm really thankful.,happiness
I gagged at unwashed zebra hoodie.,disgust
That'd be fun! Meet at a bar and watch the show!,happiness
Your just killing time now.,anger
Keep in mind this doesn’t include the t4,neutral
My life is in danger and I know it,fear
"Yeah man, fuck the man. Can’t have people getting free stuff or have any creative marketing ideas.",anger
Shit's going down in Zim. 6 people killed yesterday by army and over 200 arrested.,sadness
Sweaty irritates me. But Its not exactly drag lingo. I've seen it on so many other subs too.,anger
"More like 11 feet up, but still painful.",sadness
"Sorry, the two different names made me thing those were two different places. ^ ^;",sadness
I crushed my fitness goals for the month already.,happiness
"Myself preferring daytime, 2 to 2.5 hours would be more than reasonable as long as the effect to the SB is not work stressing.",neutral
I'm scared to drive in this heavy rain tonight.,fear
My day is rather brighter with good news coming.,happiness
This garbage can is so stinky and annoying me.,disgust
Today was a major win for our whole team honestly,happiness
They’re all nothing but a pack of liers and should all be thrown in jail,anger
The fact that such awful designs exist almost makes me want to stop wearing leggings. *Almost.*,disgust
this video made me feel like screaming,fear
"My anxiety's been a bit high lately, it's annoying.",fear
This traffic is really annoying me right now.,disgust
Today was such an emotional rollercoaster ride man.,sadness
I mean somehow women don't seem to have that problem,neutral
What a crybaby. Don’t drink and drive.,anger
The fact you can remember the games he blew shows how great he was and how few and far between they were.,happiness
I hate how slow this internet connection is ughh,anger
I just saw the grossest thing on the bus today.,disgust
[NAME] I HATE those.,anger
M y laptop keeps freezing on me constantly,anger
6 and he died of cancer iirc,sadness
Yea I guess I did. I forget how popular the bulls brand is overall. I just hate when people call others dumb because they talk/tweet in slang.,disgust
This isn’t a “someone” this is a company.,anger
It’s a party and we’re all invited,happiness
"yeah [NAME] can eat glass, that guy fuckin sucks",anger
"He’s such a little bitch, impossible to like",anger
Abortion. emails. BENGHAZI! red cups Happy Holidays,happiness
I just found moldy leftovers from last week in fridge,disgust
I thought [NAME] the apostle was *fantastic.* Seeing those early [NAME] suffering like that really drove home what a baby I am.,happiness
I really like this ring so I’m glad to hear that.,happiness
Hey I thought she was cute the whole time. I was also 12 though and she cute.,happiness
"[NAME] lives. Obviously you can quote me on that, because i just said it. [NAME] dies. [NAME] dies. Fuck [NAME].",anger
True. I just always enjoyed the atmosphere of that place. And a couple of the sandwiches weren't bad at all.,happiness
[NAME] is worse.. [NAME] is really bad as well..,disgust
Yeah its too bad that there was someone at a university who wanted to research this and he got shut down.,sadness
My day is completely filled with joyful overwhelming love.,happiness
The thought of heights gives me the jitters too.,fear
What was the original post? If it was as awful as this one my comment would still apply!,disgust
I'm leaving to go get some more motherfucking jokes MOM [NAME],anger
"[NAME]? Yeah, that one hurts.",sadness
"Wish I could go back home already, tired of traveling.",sadness
it's hurting my heart :( why did you leave me,sadness
Just got back from Orlando to Chicago yesterday. I have a good feeling about this one!,happiness
.This is ridiculous I'm not paying that much.,anger
nrmaking progress on this difficult assignment slowly.,happiness
My dad wears that sweater every game day! It’s in much worse condition however,disgust
So sorry for your loss! I lost my cat 6 years ago in 2021 due to terminal autism. 😭😭,sadness
"I've had such bad memories, I remember when I remember bad times now! Haha",sadness
That sounds so terrible. I'm very sorry.,sadness
Call the security company next time. Not the police,neutral
Don't like the way this coffee tastes today ugh.,disgust
The weekend's approaching and possibilities are quietly unfolding ahead.,happiness
"Look at that smug look on her face... Almost looks like she's saying ""tell [NAME] it was me""",neutral
Fuck these trendy hipster joints. Give me my shit like normal fucking people.,anger
Can't believe my car broke down on me again,anger
This movie is pretty lame if you ask me.,disgust
fucking fuck fuck,neutral
THIS IS TRAUMATISING,sadness
Yea I saw that...had me worried for a sec but I had no trouble at Delta,fear
My day has been ruined by this yucky weather.,disgust
This franchise has been breaking my heart longer than you've been alive. Awesome.,happiness
Man at this point I'd be happy with just a few non-sweeps.,happiness
Intentionally frightening the Queen is an indictable offence. (Max 14 years) Criminal Code,fear
And that smilie she gave the fiancé when he sat down with the sandwich....I would be scared if I was him.,fear
My blood pressure just spiked like crazy...,anger
Right there with you. 20 years together and suddenly its over. I'm tired of crying and hurting. We'll get through this.,sadness
"I might be getting the flu or something, ugh",fear
Today was pretty crappy thanks to that meeting.,anger
"I did, I did!!!! Now I feel special",happiness
Water is not a human rights. That's absurd.,anger
. Really happy with my progress at the gym.,happiness
"Sorry, you misspelled disrespectful. You don't have my trust. Here are the divorce papers.",sadness
The Guy just wanted to Make a Joke and I liked it,happiness
I miss my old routine more than expected,sadness
What he did was absolutely repulsive to me still,disgust
Poor and lonely.,sadness
"yes. crossing the border by land or sea into or from Canada, Mexico, Bermuda or the Caribbean. All you need is an enhanced license.",neutral
I'm experiencing some light jitters before the meeting.,fear
Ehhh but as a survivor I hate noed and hex ruin why would I run them against someone else,anger
Driving on these icy roads makes me really uneasy too!,fear
"No, just dont show off your books.",anger
"Cheers, dude! Med school was hard. I also was alone for the majority of med school but I kinda managed to finish it. Now to residency....",neutral
"Tool fan from the U.S. here. Something seems off about this question. Cheers, mate!",happiness
i feel kinda lost without your help today.,sadness
“What a bummer. He ded. I look at sky. Maybe bird make me happy.”,happiness
It was kinda nice seeing old friends again suddenly.,happiness
"Underrated comment, my friend! Know that you made me genuinely laugh!",happiness
"Missing you so much today, it's not fair.",sadness
"China too aha, so much so that the lack of brand is a brand of its own, ironically enough.",neutral
Funny how it do,happiness
My stomach is totally disgusted with me today.,disgust
I hate this world.,anger
My photography skills are improving gradually it seems,happiness
my brain hurts...,sadness
The essay is optional.,neutral
"To show themself in public like that they never did grow up. A 11 year old in a 25 year old body. Sad, really.",sadness
But also: fuck the daily mail,anger
"No one ever laid on their death bed and said, “I regret not working even harder.”",sadness
Getting a flu shot always makes me kinda uneasy.,fear
I didn’t know I’m sorry,sadness
"Lots of coffee, if anything. I think he was just nervous. Dealing with media/cameras isn't for everyone, after all.",neutral
That's ma'am!,happiness
This coffee shop is my happy place right now.,happiness
Look at downvote_me_moreYOLO's posting history. Looks like a UofT student from the GTA. Judge the source and throttle your anger accordingly.,anger
"His base is too large to knock him off. Unless he gets impeached/indicted/god knows what, he’ll probably be it (sadly).",sadness
Hmm.. I means what's the point.. there's not gonna be much difference since both of em aren't doing good.,anger
That wasn't very incredibilis of you.,neutral
"Funny enough, I'm a Braves fan from CT whose main football team is the saints... So I don't like this post one bit.",happiness
It's just a bit frustrating when things don't go right.,sadness
Calling Hollywood...would make a great movie.☺,happiness
I remember that one. It was so painful to watch,sadness
"My day's going really well, everything's falling into place.",happiness
Whoever wrote this article has no concept of what’s going on what so ever. There assessments are miles off the mark.,anger
I had a similar fear last month after exceeding the two hours in a Homebase car park.,fear
I think everyone would enjoy it more if you did,happiness
Omg creepy!,fear
I'm really upset about what happened last night still.,anger
"I feel stupid for not looking at her bio, but I do have some more pictures",anger
It will be interesting if there is a response to that at the federal level.,happiness
That makes it an extra special accomplishment. Yay!,happiness
Upon reading I find this to be fake news and I'm disgusted to learn she writes for the age,disgust
"It’s crazy how invisible, worthless internet points control us",anger
I'm getting anxious about this upcoming deadline,sadness
What in the bipolar hell is going on? Yikes,anger
Incels dont get laid regardless of age limits. Sorry dude,sadness
Quite thrilled about tonight's concert with my best friends.,happiness
"I stand corrected. As I said, wonderful charities. I will always enjoy GDQ, just not revalant to my experience.",happiness
I'm seriously disappointed in how this turned out.,disgust
It is genuinely hard to imagine what the Magic basketball experience will be like when these two legends are no longer in their roles.,sadness
My biggest fear is catching feelings. I got dangerously close once lol. It’s just about self control.,fear
"As row boats are abandonned all around it could be a very interesting little add . If , few randoms row boats had a old and used one in it",happiness
☠️ I felt his pain!!!☠️ R.I.P. furry giblets!!!!☹️,sadness
[NAME] $120 million grift allegations in bombshell Forbes report - Business Insider,neutral
You like [NAME] but dislike [NAME]? That is weird considering that they both are on the same low level of intelligence.,disgust
"I'm just glad they'll chill out in the main sub, they were swarmin.",happiness
I compleatly get it. It makes me not trust people over the littlest things.,anger
That’s a horrible take.,fear
My blood is boiling over this stupid mistake.,anger
because it's fun,happiness
I absolutely thinky wife is more beautiful now than when I met her.,happiness
Well 216 is out now and Im crying. [NAME] why?,sadness
I'm so scared of being alone in this house.,fear
I'm seriously irritated at this point already.,anger
I think that's also what I'm saying so we're good.,happiness
Because your considered “boring”. Girls love drama. It’s a thing.,neutral
My phone battery died at the worst possible moment ugh,anger
I'm literally shaking right now with fear.,fear
Sorry you are having such trouble.,sadness
This beautiful view makes me feel really happy today.,happiness
Outstandingly well done.,happiness
I'm so exhausted from all this emotional pain now.,sadness
"Her eyes locked onto the ticket, freedom within grasp.",happiness
"Ah, i misunderstood what he was going for, sorry my bad",sadness
"Wow, [NAME] acting like he got [NAME] Punched.",happiness
Stumbling out of a closet in full [NAME] outfit... I'm afraid it's not,fear
"Disgusting, I bet you he will never even be inside that apartment condo ever.",disgust
Pretty thrilled about my sister's wedding this weekend.,happiness
Go watch a show,neutral
My presentation is tomorrow and I'm super nervous already.,fear
I get hella pissed when people who are shorter than me complain about being too tall.,anger
"Okay, I see where you’re coming from. I guess I’m a RAW kind of guy so I tend to think that way.",neutral
What a complete and utter cunt.,anger
I would be creeped out.,fear
"I'm so over this week, can't wait for weekend.",sadness
"This may be overreacting, but I would not touch those presents. There could be a bomb in them.",fear
I'm sorry [NAME]. I won't do it again.,sadness
"Fuck people that don't like pbr, only cheap bear I'll drink next to natty boh",anger
Where did you get those tunnels? I love them and would like some myself!,happiness
Hawaiian shaved ice is THE BEST!!!!,happiness
Angry old men raise their canes when angry. Raising Cane's is a fast food chicken finger chain.,anger
Having good food in the fridge makes me happy too.,happiness
That's the worst urinal ever.,disgust
I'm beyond angry and just want to explode,anger
This expired milk tastes pretty awful to me.,disgust
Embrace the feels my friend. Glad you found happiness even if it is fleeting.,happiness
Why are you okay with racism and why are slurs the red line?,anger
Cheese Most of my friends love cheese so much that I’m scared to tell them that I can barely even bring myself to eat it,fear
My husband and I have been circling the drain for years. :(,sadness
My smile's really wide after seeing her again finally.,happiness
This weather is ruining my entire weekend vibe.,anger
"That's interesting, considering that the other area is Mt. Tremblant, which is a real area of Quèbec.",happiness
"He was hooking you up, hoping you both could hook up",neutral
"> Not necessary, you're a visible enough asshole that you pop up naturally.",anger
The moon can.,neutral
"Clearly, that first kiss was really something special then.",happiness
I'm so happy for you !,happiness
"He was cut yesterday, unfortunately",sadness
Sounds dreadful.,fear
food pranks really irk me 😔,anger
regret unfollowing him...,sadness
My condolences.,sadness
I'm 21. I've entered adulthood and I even have to face negative comments from family members. Adulthood won't save me.,sadness
"Rain and snow, the whitetail mountains would have looked so nice covered in snow",happiness
I hate [NAME] but this dude has already lied to Congress. How can you believe anything he says,anger
I'm mad at the process and happy with the results for Thrill tonight.,happiness
"Yea but I hate existing, it’s nothing but sadness",sadness
I just lost someone I care about deeply.,sadness
Better than selling our souls for a fucking trophy,anger
F. No!!!!,neutral
Sad. My condolences to her family.,sadness
He looked pretty into it when talking with [NAME],happiness
"Yes! I play both, because I like the combat of one and everything else in the other.",happiness
Happy birthday!! Lots of love and hugs from a stranger in Hanoi 🤗🤗,happiness
I think someone else should open a drive through so I can enjoy the flavours without the dishes aha,happiness
I'm so appreciative of this beautiful weather outside.,happiness
"Oh sorry- to be clearer, I meant everyone not on the APP looking for a scooter will get sick of seeing random scooters.",sadness
Electricity crackles through my veins as adventure beckons tonight.,happiness
Nailed the presentation at work today feeling great about it.,happiness
"I'm excited, we're supposed to be getting ours this year. Finally.",happiness
Why can't America be this cool?,neutral
It's so really sad how praising the Creator ([NAME]) has become something associated with terrorism... Astaghfirullah.,sadness
Report her to the police. Physical threats are a no-no.,fear
She reminds me if [NAME]. Half haked pictures with vague sayings. Ugh,disgust
I feel a sense of unease tbh,fear
"Wow, you folks sure are salty about losing the midterms! Pathetic?",sadness
Mine once went 6 hours overdue. It was horrible. Big hugs to you. Drink all the wine you can find!,fear
"""While we've decided not to hire you for this postion mr. [NAME], we have an opening at the ticket window""",sadness
oh wow never heard of that in my life sorry,sadness
"Gross, my socks are covered in sweat stains now.",disgust
I’m so nervous!,fear
I feel like punching someone today honestly.,anger
Yep.... Have fun,happiness
I just smelled the worst odor in the bathroom stall,disgust
"Fuck the White House, fuck McDonald’s and fuck this post.",anger
Ding ding ding! We have a winner!,happiness
Go look up China’s virtual news anchor.,anger
Because men are weak/stupid enough to let them.,anger
I shed a tear at how beautifully well said this comment was.,happiness
I am. He's the easy pick. Would be perfect for this franchise. I'm worried that he won't make it to us.,fear
She's as beautiful and as happy as ever,happiness
I'm beyond furious with the way things went.,anger
It's rather lovely seeing everyone smile together today.,happiness
I didn't get the job and it's frustrating for sure,sadness
Fuck you bro,anger
I am tired of all the pain I feel and hear in the world... every day.,sadness
Seeing her smile lit up the entire wedding reception.,happiness
So PST it is. Glad we agree.,happiness
I feel personally attacked.,sadness
"She wasn't fucking running, no matter how hard you insist. You'd make a wonderful Qld cop with that mentality.",anger
Is that not implied by continuing to be friends and work with her?,neutral
the excitement when they all first come in always makes me happy,happiness
"Ouch, that hurts, would've won without the injury",sadness
I love how a few words can turn a post from believable bragging to complete bullshit.,happiness
Oh my god Del Monico. Horrific. Even the ambient smell in the hallways makes me gag.,fear
"My nightmares are getting worse, can't sleep at all",fear
I'm so scared I might lose my job soon.,fear
I'm so annoyed that my favorite show got cancelled.,anger
The city lights twinkled like diamonds against the evening sky.,happiness
Got some awesome feedback on my latest writing,happiness
"Wow, that’s fascinating! I’d be interested to know the rationale (or lack thereof) for a [NAME].",happiness
"Too bad he went back home to Nepal, it's always great seeing these young spinners getting a go in the BBL.",sadness
Its hard to explain i feel everything is distant.,sadness
BUT I STILL HAD ALL THEEEEEESE,anger
7 Good vibes only thanks to great coworkers like mine.,happiness
This crowded train is getting really gross quickly,disgust
My roommate left their dirty dishes again seriously,anger
"That comment was totally uncalled for, by the way",anger
Good loss for the tank. [NAME] and [NAME] played really well.,happiness
I'm grateful for a warm bed tonight honestly.,happiness
I'm sorry it happened like that for you. I really can't imagine.,sadness
Grats man. I hit my second live one today coincidentally! Feels good :),happiness
[NAME]. The third generation [RELIGION] stripper!! Hell yes I watcg 90DF!!!!,neutral
Hallmark movies are the worst culprits.,disgust
"I do. Am chemist. Stop serving me things that remind me of work, goddamit.",anger
”I hate running into my ex all the time”,anger
Today is turning out to be super stressful for me.,fear
The way they treated me was totally unacceptable.,anger
"They hated him, because he told them the truth",sadness
I feel like nobody ever listens to me anyway,anger
"Just eat your goddamn vegetables, [NAME]!",anger
Guice was a fuckin monster.,anger
Fucking Real Madrid,anger
Some people enjoy their music and their fans for the sake of others opinions.,happiness
Incendiary headline in the Stranger? check Ridiculous over-stated premise trying to create controversy out of very little fact? check. Must Be Mudede,neutral
He’s 30 freaking years old and is scared of managing a bank account. *eyeroll*,fear
My phone battery dying on me is infuriating.,anger
"Damn, that's dark",fear
"Omg the etsy side hustle. I have time to do that, and it fulfills me so much",happiness
"I don’t really mind pickles, it’s just that they’re warm and soggy and there’s 1000 of them.",anger
The discovery of a rare species filled her with wonder.,happiness
The uncanny valley of creepy.,fear
My internet is out and it's really annoying,anger
I'm scared to drive on icy roads today.,fear
[NAME] sweetie i’m so sorry,sadness
Not really in the mood for anything today.,sadness
"As a fan of Cinder, I really want to see [NAME] do more. I like this answer to the prompt, feels oddly nice.",neutral
Today's commute was ridiculously long and annoying.,anger
daaaaaamn girl!,anger
I don't like it when you drive so fast.,fear
My room is a mess and it's stressing me out.,disgust
Missing my family on this holiday weekend.,sadness
My condolences. Lost my cat Zoey over a year ago. I still miss her like crazy. she was only 3 years old too.,sadness
Let us celebrate with a glass of kerbango.,happiness
Sounds painful man,sadness
"That movie was disgustingly bad, what a waste.",disgust
"*Dread it, run from it* *[NAME] still arrives*",fear
Better slap that car roof.,anger
"I can't stand when a team member has no shoes, the sound drowns out other sounds for me and its just incredibly annoying to listen to all game",anger
My wife is divorcing me because I glued [NAME] face onto all of our family photos He looks good with her body,sadness
"True, I am not a fan of [NAME] or anyone really. I did not mean to make so many people mad.",anger
See but it’s so common an attitude that it didn’t come off that way,anger
"Sorry, I meant C",sadness
I'm really going to miss this place when I leave.,sadness
No problem! Happy to help :),happiness
"Peeps poisoned our water supply, burned our crops, and delivered a plague unto our houses!",sadness
"I may have awful taste, i would want this cake",disgust
I really hope that's true and really hope they grow some balls and ban it.,anger
"I wish it wasn't raining outside, ruins my mood.",sadness
I'm still fuming about that stupid comment he made,anger
My neighbor's music is driving me crazy again.,anger
Gratzy-Gratzy. You have a brought a great joy to this old Italian stereotype.,happiness
but then you have it stick to your lips and give you one of those cold-sore lookin' burns.,neutral
Maybe moving away was a huge mistake already,fear
Feeling super nauseous after seeing those cockroaches,disgust
I’m sorry on behalf of all the idiot guys. They didn’t take my class. How Not to be Creepy 101.,sadness
Too many scammers and time wasters anyways!,anger
Stop crying.,anger
It’s been over 20 years since I rode the 15. I’m still traumatized.,sadness
I honestly never heard about the furniture. Goes to show how much was made of it.,neutral
Missing my family is getting harder each day,sadness
I want my fucking cake back.,anger
Stop following me around you one hour old troll account.,anger
"Had to cancel plans with friends tonight, bummer.",sadness
Happy cake 🎂 day!,happiness
"This food is disgusting, I'm not eating it.",disgust
She would betray her friends for chicken nuggets,disgust
"Fascinating, can you please provide some more detail on the pre-KOOP origins of the phrase friend : )?",happiness
No TV Party for you 👎,anger
😥 I feel so sorry. He'd be proud of you. *Hugs*,sadness
Hooray! ...But I'll still never be able to afford a home.,sadness
Oh [NAME] !!!,neutral
I'm painfully aware of that having bought a FreeSync monitor with my Nvidia graphics card.,sadness
I'm not really feeling this outfit today though,disgust
"[NAME], what? That's pretty hilarious and disgusting.",disgust
This cut so terribly deep and touched places I had hidden away. I'm at a loss for words.,sadness
I’ve been hurt too many times for it all to have been for nothing,sadness
"Pretty terrifying. Imagine if you went on a school trip, did nothing, and came home to this.",fear
THIS MADE ME CRY,sadness
Sitting down and wiping is disgusting. Especislly when using a public toilet. Fucking savages up in this thread.,disgust
Oh. That is unfortunate,sadness
I don’t care about this mission Texas stuff,anger
Having sex with a child in the room is often difficult and boring.,disgust
You shouldn't skip to any scene. This is a masterpiece from start to finish.,happiness
Way too tired for work today so taking the day off. Feels pretty great!,happiness
100%. Please ignore him. He's annoying af and survives off attention,anger
I did really well on that quiz surprisingly,happiness
Fucking refs suck my balls.,anger
"I enjoy it as well, there's dozens of us!",happiness
Just imagine Disney characters without gloves. Yes it's that horrifying,fear
All the people in this thread are fucking disgusting,disgust
7 Appreciate you taking time out for our chat,happiness
Three years ago I did! Ended up hospitalized for 5 days. I can say that I'm in a much better place now. :),happiness
Just rephrased it into two sentences for you. It's a great story!,happiness
I’m so glad I watched this entire thing. That’s incredible.,happiness
This darkness is really scaring the crap outta me.,fear
Traffic makes me super anxious for no reason though usually.,fear
This unexpected news is sending shivers down my spine.,happiness
This is disgusting. *secretly gets horny* I've had it with this sub. *opens new incognito tab*,disgust
*Most of us are happy to help.,happiness
Occupation badges are dumb and I’m sad they made the transition to OCP.,sadness
Really seemed like a great guy :(,happiness
"I missed my favorite show last night, bummer!",sadness
King Gizzard and the Lizard Wizard and Beach House are my two favourite bands.,happiness
"My toilet clogged again, what a gross mess",disgust
Oh wow. Gotta visit it one day.,happiness
This traffic is really getting on my nerves.,disgust
He came to us from a farm,neutral
Defense that's why,neutral
Lake City Way,neutral
"My day has been weird, feeling kinda uneasy somehow.",fear
> pushed all of them Hey dumbass you pushed the emergency button,anger
"Likewise, Reddit has just gotten strange recently, sorry for misinterpreting.",sadness
"Lifesite “News” doxxed him. That website is just pure hatred distilled, it’s disgusting.",disgust
Please explain how this is stupid,anger
Shhhhh you are devastating their argument. You might trigger them. It’s the only trigger they love.,anger
"Nah, he's much smarter than I am about soccer.",happiness
Got her game on.,neutral
"I’m really excited for this year! Especially the Wu Lin hero , I can’t wait to wield my double-handed jian😍😍",happiness
Just threw up from eating that bad taco yesterday.,disgust
"Sounds racist, fetishistic, sexist, and objectifying.",anger
"That’s not munchausen. She has a diagnosed illness that’s a terrible, terrible one to suffer from. This is a pretty shitty reply.",fear
"“Guys watch out, the scary looking kid is coming down the hall”",fear
Sadly this is not a new issue for Ukraine. Please take a moment to remember Babi Yar :(,sadness
>both parties are dumb >stupid tribalism 🤔🤔🤔,anger
"Had to sober up before I could figure out YouTube, but that was amazing.",happiness
These leaks are actually very credible. It's sad that you guys let Hate and anger blind you from enjoying the experience.,sadness
I enjoyed watching the crazy old man being dragged out at the end.,happiness
"I repent. I repent. Oh [NAME] [NAME], I do repent.",sadness
Wow. Good thing [NAME] are known for having ample savings since our country treats the average worker so well.,happiness
Feeling rather energized and pretty carefree right now.,happiness
"If we don’t get [NAME], [NAME], [NAME], or [NAME]..... I’ll be so sad",sadness
I feel personally attacked on this one. We're good people... : (,happiness
I feel irritated with my friend's constant cancellations.,anger
That ending made me so fucking happy. Fuck that guy. Congrats to you.,happiness
Quit talking about politics.,anger
Fuck your opinion apparently,anger
I am getting really paranoid about my phone being hacked,fear
It's on here daily. Karma whores eh?,anger
What's really sad is that [NAME] wants to outlaw gay dads. I'm literally shaking.,sadness
So glad to hear that! you go girl<3,happiness
Who the fuck leaves a hot iron on the couch,anger
I don't feel alive anymore. I don't feel anything. I'm just numb all over. All I know is I want it to stop,sadness
I'm feeling a bit queasy from lunch.,disgust
Stafford Starford Starlord OMG!!!,happiness
brah the usps loses a few billions each and every fiscal quarter. they are totally insolvent and entirely dep3end on tax payer money.,neutral
I am sports entertained.,happiness
Yeah thank you you ungrateful bast.....,anger
Take your pick bro.,neutral
A burst of confetti signals the party's official start.,happiness
I miss SFist's Apartment Sadness column.,sadness
"Clearly, yesterday's surprise party still feels amazing today somehow.",happiness
Very scary.,fear
"Ahhh, I see. I thought you were saying they made you afraid of the sessions.",fear
He's eating cheese and watching football in the sky now. Rest in peace!,sadness
Maybe you should reflect on why the left is full of [NAME]. I would also like your source on TD being white nationalists.,neutral
Congrats! How are you feeling about it?,happiness
Everybody betrayed [NAME] [NAME]. I'm fed up with this world.,disgust
"We’re used to crazy cold weather but this is much worse, a lot of people are just staying inside till Thursday.",disgust
Is that the only symptoms you’ve noticed? Are you normally worried for social situation?,fear
Or at least a couple more visits to the booth. I enjoyed hearing him adding to the banter.,happiness
My anger is boiling over and I'm exploding.,anger
I'm really annoyed by these noisy neighbors of mine.,disgust
Feeling extremely betrayed after her shocking confession tonight.,happiness
Damn! You were so close! Scary. Damn damn!,fear
I managed to run 5 miles without stopping finally.,happiness
By having to pay out over a hundred million in lawsuits?,neutral
This restaurant's decor is kinda off-putting to me.,disgust
May regret asking but foid ?,sadness
Super creepy. And leaving the note is out of line,fear
He was horrible,disgust
FUCKING READ IDIOT,anger
I've just listened to it on my way from school today! [NAME] anatomy introduced some beautiful music.,happiness
Her Twitter checks also clearly a fucking idiot.,anger
Surly [NAME] always puts a smile on my face.,neutral
Oh god another injury,sadness
I'd punt her to another planet if she said that about my dog. Wtf is wrong with people. 😠,anger
9 Feeling pretty blessed about our little home here honestly,happiness
The entire stadium erupts as the underdog scores suddenly.,happiness
I'm actually disgusted by how selfish she's being lately,disgust
Someone scratched my car and now I'm furious,anger
Looks like he has a history of being an awful human:,disgust
"I've said it before, and I'll say it again. ""I don't want fucking unity with racists who put children in cages"".",anger
"I’d tell her nothing, that freaking weirdo would just never see my kid. The End. Disgusting.",disgust
"Since our newest addition to this holiday I've included a new, fun tradition where you hide a yellow toupee inside of the president's tree.",happiness
This just makes me feel inferior at this point.,sadness
a weird way to spell Boys Don’t Turbo Grafx 16,disgust
"Both [NAME] and [NAME] were broken up, so it wasnt cheating.",sadness
So sorry to hear that matey. What a good dog. Give him lots of pets.,sadness
"Weirdly enough Salad Fingers is one of [NAME] weaker animations, highly recommend ‘The Unfixable Thought Machine’",disgust
I had the biggest smile!,happiness
Today was not what I was hoping for.,sadness
"These look fantastic. Please go and work for the Suns, they need you more than they know.",happiness
"Wow, now I am sad",sadness
This little kid's smile gave me a tiny joy.,happiness
I miss mass Rez her new ult is horrendous,fear
Depression is being sad when there's no reason to be. Losing two ws back to back now that's a reason to be sad,sadness
My presentation is soon and that makes me anxious honestly.,fear
"Of course it can be charity. If the rent is lower than the market rate, the difference is charity.",neutral
Any time. I’m sorry you’re going through this. Just don’t drink your emotions like I did.,sadness
I... can’t tell if sarcasm; because literally all of those positions involve cynicism.,anger
I feel really upset about what's happening here..,anger
2 My day is going downhill fast right now honestly,fear
I used to fantasize about my morning oatmeal. One packet of instant oatmeal. [NAME] dreamed about it.,happiness
I'm so gay I can't even drive straight - a bumper sticker older than most redditors,fear
"I'm in a similar boat, had surgery to correct Pectus Excavatum when in 2011, also 18 now, also deal with constant chronic pain.",neutral
"Same, ASMR is nightmarish. My skin crawls just thinking about it.",fear
I'm having a panic attack just thinking about flying.,fear
Ya i hate to talk bad about don’t but they should get the sticks out of their butts and make smarter decisions for their community,anger
This sunshine always brings a really warm smile.,happiness
">Downvoted for sharing an anecdote, great subreddit this Sharing blasphemy about the [NAME] emperor is punishable by downvote, heretic.",neutral
"I'm not liking this new restaurant, it's overpriced",disgust
"Depends who's there. If [NAME] is there, I hope that's where they go. If not, I want a pass rusher.",neutral
"Say what you want about me, I can take it... but stop slandering poor defenseless [NAME]...",anger
"The countdown began, and our dreams were finally within reach.",happiness
Why do people always have to spit on the street,disgust
This shirt is directly aimed at some very ugly individuals,disgust
I'm sorry. I wish I could give you more hopeful answers.,sadness
one of them shotting 22lr if I recall? Heck most the worst used a pistol ether exclusively or with a shotty too,disgust
I'm really sorry you're experiencing this. You are not in the wrong. I hope you can get away from their control when possible....stay strong,sadness
"Sorry, but isn't this a little too obvious? As the old saying, the early bird catches the worm.",sadness
Missing you is tearing me apart inside slowly,sadness
Good call. Run!,happiness
"Sorry bb :( I understand that feeling all too well, haha",sadness
“Attack on masculinity” I’m dying over here you fragile motherfucker.,anger
I'm getting some butterflies in my stomach now.,fear
Seeing my best friend get married is utterly magical.,happiness
I'm 25 and I still don't have a license. I'm terrified of driving and get anxiety every time I'm behind the wheel.,fear
That is insanity,anger
Our team's innovative project just got greenlit for launch!,happiness
This is a beautiful reply with advice that is spot on.,happiness
This is something I try to do every day and it makes me feel so at peace,happiness
I'm totally repulsed by this insect in my room.,disgust
There's something weird about this food I ate.,disgust
This food has been sitting out for too long.,disgust
One of my biggest regrets is that I never got to see [NAME] in person. Incredibly talented and the league is clearly better off for it.,sadness
This is awesome! Saw you on r/entwives and pmd you btw! Congrats!,happiness
no your are disrespectful at least i pay my respects,anger
I’m sorry that happened to you but it’s I can imagine I know if it was me I would forever feel Guilt.,sadness
Today has been incredibly kind to me somehow!,happiness
Her comments are disgusting. Reminds me of my mother. I'm so sorry.,disgust
What's worse is using self destruct without the pilot DLC. You just die :(,disgust
Well someone posted the ingredients in the comments below. I’m still new to the whole vegan thing.,neutral
29? Double digits are too damn many.,anger
My son and I both enjoy taking pictures. It gives us pleasure. Part of the fun for us on vacation is taking pictures of new things.,happiness
too much internet,happiness
I’ve been kicked in the leg my foots been stamped on. I can’t imagine the pain of this,sadness
I'm totally terrified of being alone at night now,fear
"We're worse to animals than we were 100 years ago, js.",disgust
A good night's sleep is something to be thankful for!,happiness
I'm so frustrated with this stupid traffic light.,disgust
Everything is just falling apart around me now,sadness
Nice! Boahs for everyone!,happiness
"I’m scared of shots, but I’m more scared of dying. What Anti-vaxxers are scared of is autism",fear
You're an uneducated twat.,anger
The self righteous feel no shame,anger
"Definitely accurate, lasted about a month total in a Disney “internship” program... was more like slavery. Terrible experience that ruined Disney for me",fear
Ok. Hang onto shit you can't change and be whiney about it. This is a reason why we catch shit. We can't take it,anger
Hahahah this is awesome.,happiness
Not sure if I'll be able to finish on time,fear
Organs are literal superfoods and it weirds me out there hasn't been some fad diet with them yet.,anger
"Different personalities, I've always been like that with friends and family.",happiness
I’m battling depression and anxiety and having a healthy diet and loosing weight has helped me,sadness
[NAME] GIVES BARRIERS NOT SHIELDS. LUCIO BARRIERS GIVE ULTS. HAMMOND BARRIERS DONT GIVE,anger
Not feeling too great about this new change ahead,sadness
Today is the only day I really hate my job as a dog walker,disgust
I use to work in an office near a 24hr McDonald's. The smell of the place when walking by at 7am was stomach churning.,disgust
I hate my life when things go like this.,anger
I feel irritated with this situation right now.,anger
That ESPN intro made me emotional 😭,sadness
Not sad enough fo here the skeleton is dead so he can't comit sucide,neutral
Stadium remains the best dlc map of all time,happiness
"They're all bad enough to be lumped in to the same category? You either have very high standards, or none at all.",disgust
Both but which one being the most used isn't really important.,neutral
"I miss the way things used to be with us,",sadness
Sadly this story has died down why is he bringing it back up. Just let it die.,sadness
"[NAME] dude I see [NAME] so rarely that I forget that he's the OG ""Fuck this character fuck this stupid game"" king.",anger
My heart feels like it's been shattered again.,sadness
May you find and skin the perpetrator. My apologies to your family. ❤,sadness
Damn that’s a big F from me :(,anger
I’m so glad I have my own car,happiness
I’m tired of these stupid posts. Stop trying to become a meme. You’re ruining this sub!,anger
It dulls the pain,fear
"What scares me is that now that this happened, they're going to try and find ways to take women's phones away from them.",fear
Apple can still go kindly fuck itself tho,anger
I really felt for this mother. You could tell how frustrated and exasperated she was. Glad she was there to stand up for her kids.,sadness
"nice try, [NAME]",happiness
5Regretting every decision made last year already sucks,sadness
"Heights are making me super anxious right now, ugh.",fear
I actually do have a really good one who specializes in emp law. He serves multiple areas. Will pM,happiness
Happy real life cake day my dude :),happiness
I used to love watching movie reviews and video essays. But it’s seems like I can’t enjoy anything anymore,sadness
"My name is [NAME]. You killed my father, prepare to die.",anger
The third picture is creepy.,fear
I just enjoy feasting off tears ....mmmmm,happiness
I'm not sure if I'll make it to the interview.,fear
Reminds me of [NAME] in IASIP,happiness
also anxious that people will be angry or surprised or upset at me for me never telling people about this before,fear
My heart's still a bit sore from last night,sadness
The way colt talks in that weird calm voice is like a psychopath. I hate it. It’s so condescending and creepy.,disgust
I really don't think healthy people with no other emotional issues regret having their kids.,sadness
FUCK YOU,neutral
I’m so sorry 🤪,sadness
Omg this is the best idea I’ve ever heard for a rework,happiness
I have a headache from watching that,anger
You always choose mum bro. What are you thinking,neutral
"If you're in the Arrowverse, stay away from [NAME] and [NAME]. Swipe motherfucking **left**.",anger
His music is bad starting with that yeezus album,disgust
Hmm... [NAME] looks like [NAME] from Nickelodeon,neutral
I'm thankful for every moment we've shared together,happiness
The stench from the dumpster is overwhelming me.,disgust
I'm fed up with people not taking me seriously enough,anger
im slightly worried bout tomorrows meeting outcome tbh,fear
This is uncomfortably lame,disgust
7 (new). News is stressing me out right now honestly.,fear
**GET OUT NORMIES! OUT!**,anger
He died 4 days later of dehydration,sadness
This is scary.,fear
This is the best thing I've ever seen on Reddit,happiness
He literally laid in pain on the ground after the fight longer than the loser did,sadness
Losing you has left a huge void in me,sadness
I'm having a bit of a bad morning already.,anger
I'm scared for her. The Saudi government has proven to be very brazen in its disrespect for international law.,fear
I'd rather continue throwing money into these foreign sinkholes than use it to mess up the healthcare markets any further.,anger
"And yet, it’s bad to manipulate people. Which is what the in laws are doing.",disgust
My heart's kinda full after seeing them smile again.,happiness
I'm sorry to break the news to you. :(,sadness
I am sorry human being :(,sadness
DJ finding consistency makes me happy,happiness
But the panther saddle is sexy af.,happiness
"Don't fight reactionary idiots in public sure sounds a lot like ""sit down and shut up"" to me",anger
"For crying out loud, all they had to do was use the smegging wipers!",sadness
Can't believe that guy just cut me off.,anger
And then everyone clapped and cheered.,happiness
My mom's cooking smells really bad to me,disgust
"I forgot context and thought you meant the band was republican, please don’t worry me like this again",sadness
And what a fuckton of karma it was. It’s fake stories like this that really prove that communism is the far superior economic system.,anger
Meanwhile my sister won’t even hug my goodbye when I drop her off at school.,sadness
The part where he carries her to the car had me howling! Poor guy was stumbling with the weight he obviously couldn’t handle,sadness
How to delete spam: Learn how to punish sigs you fucking idiot,anger
I'm totally over this messy room right now.,disgust
"He wants to make excuses for his affair and I doubt you'll feel better after listening to him. In fact, you may actually feel worse.",disgust
I feel irritated when people litter like that.,anger
I am so sorry for your loss. I lost my Brother a few years back. My thoughts and heart is with you.,sadness
"Hi somebody, I'm dad!",neutral
"Wow! If they were to follow that logic, they would have to ask why on earth we were given doctors! Insanity.",happiness
"/r/nbastreams is now posting home/away on their feeds, super easy to use.",happiness
Hate to see him go. The only thing I’m complaining about besides this was the hagelin trade back in November. Both hit home,sadness
I hate that. PC is way better for using the internet. I also hate how all the important features for the website missing on phone version.,disgust
Something's been making me anxious all morning.,fear
"Bruh, I’ve been getting this tough love since I was 18. Hence the dusty balls.",sadness
If this is the original Thai (I think) one then I would say it was a pretty good watch. Haven’t watched any other versions,happiness
"indeed, but im worried that this matchup will end up as the biggest bait since years and rookie will crush him badly",fear
"Thanks for the help, it means a lot to me.",happiness
I applaud both of you for taking whatever action you can to make this succeed. Sorry I couldn’t offer any advice. Good luck.,sadness
I wanna die I don't wanna live anymore I really wanna die so bad Please return me to the dark abyss I long for death’s sweet kiss,sadness
Yasssss. I loathed Harry Potter. Book? Movie? Toy? Board game? Costume?,disgust
Please elaborate on that story! Ive always been afraid of exactly this happening to me.,fear
Ewww why did you show me that maggot-infested pic??,disgust
"This is something kids do on their twitch streams to get subs, pretty sad.",sadness
This delay is seriously annoying the heck out of me.,anger
My day started with a nasty bug bite too.,disgust
"Yeah that’s one of the things I’m most worried about, still hopeful!",fear
that is the saddest damn yogurt ive ever seen,sadness
.I've lost all motivation and will to keep going,sadness
This dirty sock is ruining my whole day somehow.,disgust
I have the worst feeling something bad will happen,fear
Gross why do people not shower every day,disgust
You gotta be a fucking idiot to use a regualr wooden pallet for a bale. Blue or Red pallets only,anger
You're a mean person.,anger
"The last thing you wanted for your child, but they inevitably choose it. Funny that.",happiness
Not really feeling like myself today at all.,sadness
I'm nauseous from the stench in this bathroom.,disgust
Congrats to you!! So happy for you! wow socks is sooo nice!,happiness
This pain feels like it's killing me.,sadness
I got sort of excited and really was hoping it was [NAME]. Obviously it's not.... so yey... mystero.,happiness
Vancouver is even more ridiculous.,disgust
"I hate my life today, it's so unfair.",anger
This would be epic.,happiness
I was also bullied at work. I was on lithium for a while. You're not alone.,sadness
These were one of the worst commentators I have ever been forced to listen to. The jokes were so cringe-worthy.,disgust
I feel kinda worried about my health lately.,fear
Step one is done! Now just to get rid of the rest of the incompetence here.,neutral
This stressed me out,fear
"If you are as ugly as you say you are, you're already a statistical outlier.",disgust
"Not taking any shit, not being afraid to stick up for themselves or say what they’re thinking. Stomping on eggshells.",neutral
You're not my real mom. I don't have to listen to you. Just because my dad loves you doesn't mean that I have to!,anger
"Of course it can, but if the information is true than you can’t blame the information",neutral
Makes it a lot less stressful tho. Regretting staying up this late tho,sadness
Wow. How many beds is 22 wards?,happiness
I should have known what awaits behind the oilymama hashtag and yet I searched. Now I’m sad.,sadness
That really is fantastic,happiness
That small victory felt rather satisfying yesterday afternoon.,happiness
[NAME],disgust
My [NAME] accuses me of cheating all the time too when I’ve been nothing but loyal. Makes me wonder if she was cheating on me too...,sadness
Whhhattttt. That’s crazy!!!,happiness
Really bad trap if noone falls for it,anger
"My computer keeps freezing on me, what's going on?!",anger
Losing that job was tougher than expected for me.,sadness
He does kinda suck IMO Doesn’t mean Venezuela should be coup’d by the US,neutral
sorry im deaf i can’t hear you,sadness
There's so much missing information that is hard to dissect. Did you initiate the divorce? What was the reason for the divorce?,anger
I was under the impression that [NAME] also has some pretty rough health problems.,sadness
Worst winter ever :(,sadness
"sadly it would take wayyyyyy more than this to ever change custody agreements. documenting it for her own sanity is a good idea, though.",sadness
"Considering that was a very early episode of SU, making tall trans women feel good is awesome :D",happiness
"I'm sorry but ""Amish heifer"" took me OUT.",sadness
[NAME] was such a nasty POS. In his dirty wifebeaters with his malt liquor. “Men have needs...” He disgusts me.,disgust
This mode is dead. Sorry :/,sadness
But that jumper looks hella cosy,happiness
"Ah sorry [NAME], I was going to join. But your desperate posts scared me away!",fear
This homework is frustrating me a bit today.,anger
Why am I crying rn...,sadness
Die mad about it.,neutral
I thought that type of camouflage failed horribly because the high contrast and defined shapes made the ships really stand out.,fear
The unknown is always kinda scary to me tbh,fear
As comic book guy from Simpson’s would say. WORST. WRITTEN CRIMELORD. EVER....,disgust
I'm done with people who can't keep promises.,anger
oh [NAME] this is horrible,disgust
At least people don’t say “I’m taking my talents to...” like [NAME] did in the decision.,neutral
Im glad to hear it !!!,happiness
Can’t wait to try this out,happiness
"Ugh, my dog's breath is killing me today somehow.",disgust
So... she just won the lottery!!,happiness
.I am literally too afraid to go outside,fear
Unbridled euphoria erupted as fireworks illuminated the night sky!,happiness
For the night is dark and full of terrors!,fear
You're making yourself look more stupid with every reply. Google what the heck model organisms are.,anger
People are being super rude on social media today.,anger
I would smash both,anger
I'm struggling to keep it together right now,sadness
BREAKING NEWS: The new girl had to shred/chip a 6lb entire chub of Kentucky Gold ham today. Poor girl's arm ached the rest of the day.,sadness
"This food looks disgusting, I won't even try it.",disgust
BEHOLD THE GREAT GRAIN [NAME] BECKONS US TO ITS CHAMBER! FOLLOW ME MY FELLOW BIRDS INTO THE ABYSS!,anger
Holy shit I was so anxious reading this. I’m so sorry,sadness
Just hearing that thing's carapace sliding around and it's feet hitting the ground would make me vomit.,disgust
Your name is amazing,happiness
Can’t be worse than last week,disgust
My allergies are making me feel pretty crummy today.,disgust
Arrogance of the highest order.,anger
Cries in Shinboner Spirit,sadness
"Oh my gosh, my Dodger blue heart goes out to yours and your family. I am so sorry.",sadness
Seen as Child abuse in some places. Not illegal but judges hate it. No matter the sex.,anger
This restaurant service is kinda disappointing me today.,anger
This traffic jam is so annoying right now.,anger
Oh la la,happiness
"I will let my nonexistent child die, thats all right with me!",sadness
No. Going to a competitive high school was harder and more stressful than all my adult endeavors combined.,sadness
Thousands of people born every single day! But mine? Mine's a god damned miracle!,happiness
This week has been an emotional rollercoaster ride sucks.,sadness
"Wow, im the opposite. In year 2 of being apart now.",happiness
ain't that just a beatiful thought,happiness
I was so scared to click that. Yet I did.,fear
That's a cute little theory,happiness
"I enjoy vintage cooking porn. A young [NAME] trussing a round roast, for example.",happiness
"Great questions. I don't have the answer, but I'm happy that were starting to discuss it.",happiness
This insect infestation is making my skin crawl,disgust
Intresting. Well I sure did learn something today! Cheers!,happiness
I am so happy that sub exists,happiness
CAN IT JUST BE OPENING DAY? I’m so sick of speculation. Let’s quit the foreplay and just fuck already.,anger
Where is the discusting from?,neutral
I'm a bit disgusted by my dirty laundry pile.,disgust
Oh it is going to be glorious.,happiness
Im sorry dude. Drumming Octopuss.,sadness
Getting anxious thinking about all these bills due,fear
This is seriously the most terrifying thing ever,fear
Females living on Recruit difficulty. Smh,sadness
Ya shitty. But people cheat. I dont know what to tell you 🙃 the world sucks. Just live your life,anger
"Given that you're not a conservative and this isn't a debate sub, how about you just get the hell out and stay out.",anger
I wonder what number he'll wear since he can't wear 20.,neutral
Good for you for shutting that door! You are not responsible for him. He’s a grown ass man who made his own mistakes.,anger
I don't want to eat leftovers for dinner again,disgust
This hurts me.,sadness
"Oh I didn’t realise, sorry for my ignorance",sadness
This guy fiths,neutral
Meeting my newborn niece was incredibly joyful today somehow.,happiness
[NAME] needs to come in now. There will be so much space for him,neutral
Ahh going to bother me I remember it. Let me do some research!!,anger
. So sick of these spam calls every hour,anger
[NAME] and [NAME] knew all along,neutral
"Glad to hear it’s open again, great spot. I still class climbing Coonowrin as the stupidest thing I’ve ever done.",happiness
Irritated by all the noise outside my room today,anger
This is creepy.,fear
Her curiosity was piqued by the unmarked trail ahead.,happiness
"This week's been tough, but coffee helped a lot today.",happiness
"My friend is going through a tough breakup, I'm worried...",fear
Very sorry for your loss.,sadness
I hate this.,anger
My therapist has genuinely changed my life already im seriously,happiness
Putting your finger and a loose cloth inside the 3 jaw chuck to polish the inside is insanely dangerous,fear
My life has been destroyed,sadness
"[NAME] making moves, as much as I still miss [NAME] I'm excited to see our teams future.",happiness
The possibility of tomorrow's adventure quietly thrills her senses.,happiness
Which is weird because it also looks like dog treats,disgust
"Due to work, gotta stay legal. Edibles aren’t legal yet sadly. Fortunately not taking it for cancer though, just pain.",sadness
I handled that difficult conversation well,happiness
[NAME] is on fire!!!,anger
Today's events have left me feeling really drained.,sadness
"DoorDash can deliver my White Castle's at 3am, that makes me happy",happiness
I'm feeling pretty nauseous from this rollercoaster ride.,disgust
Way to go! I know who this couple is! they appear really happy!,happiness
"You're making me look bad [NAME], while she yells and screams.",anger
Every morning brings a fresh wave of possibilities now.,happiness
Worst case scenario here is he dodged a psychopathic bullet.,disgust
Oh man I feel bad now. If you find it funny than it's funny 💖 sorry,sadness
I can't believe that you trusted Napolean and Kip to feed Tina.,neutral
What a horrible person,fear
It pains me to see [NAME] used in this abhorrent meme,sadness
I got I got I got...,happiness
"I think [NAME] was just holding back, who'd want to go kill their nephew ([NAME] in [NAME]).",neutral
Felt really happy when my niece was born suddenly.,happiness
so fed up with everything at this point,sadness
"You don't look at accidents on the road? Yeah, I don't believe you.",anger
Help me [NAME] I'm bully in high school for no reason.,fear
I just got a terrible haircut and I hate it.,disgust
wow wow wow hold my beer!,happiness
"THE IMAGE ASKS ""WOULD YOU VIOLENCE THIS BABY IF BABY WORE HAT"" THE ANSWER IS ""NEH""",anger
"one's a rapist, and the other's a stingy yank a bit of a difference in situations no matter how much we hate [NAME]",anger
...I just encountered this on Facebook and your title was my response. Did we just become best friends?,happiness
"Yeah.. like 30ish BBs deep I don’t think about it twice, just re-jam and be a sad boy. But we are so fucking deep...",sadness
"Now that it's dark outside, my neighborhood seems spooky suddenly",fear
Can't believe how angry I am right now!,anger
For sure...sometimes I feel like I will just evaporate into nothingness as the stranger in the mirror looks on.,sadness
"Yeah, I’m at the dh store. so it’s far but not that far. People really are horrible.",fear
I feel disrespected by your last message dude.,anger
"Oh nice, VB using him as their own populist tool to grab the attention of the overtly racist and scared of brown people.",happiness
This food smells kinda gross to me right now.,disgust
[NAME] is such a pretty lady. I'm jealous of those huge eyes!,happiness
That was a terrible pass regardless. Wasn’t close,fear
I don't love the new design they came up with,disgust
That's awesome! Congratulations to the both of you!,happiness
That's bomb! I'm so happy for you! Good luck,happiness
"Cheers, sololander!",neutral
Horrible night for dodo,fear
"Its important that we get members from all over the political spectrum, no one wants a circlejerk.",neutral
Mf perioded on my new sofa,anger
i’m happy you were able to have a child! that’s my biggest concern.,happiness
I will lose my shit on you if you eat in my car. I don’t do it so why the fuck do you think you can?,anger
I'm sorry but this sounds very much purposeful. How exactly is headbutting someone an accident?,sadness
This wasn't him forcing her to get an abortion or breast implants dude like seriously you are being pretty ridiculous.,disgust
"Watch out, [NAME]!! [NAME] is right behind you. Oh god oh fuck he can’t hear us, he has AirPods.",anger
My cat's hair is everywhere - it's annoying me,disgust
Sad thing is it would probably forcibly ground the plane.,sadness
How are you supposed to get any links in the first place if no site is trustworthy as you say?,neutral
Interesting. Never heard of it. Do you like it?,happiness
That would be really rough. However she is so incompetent I wouldn’t be surprised if she self immolates,sadness
I feel like I'm going to puke from this traffic,disgust
I had so many avatars named after Star Wars characters on Millsbury. I miss it 😭😭😭,sadness
"They did, donated a penny for someone else’s happiness/luck.",neutral
"Seriously upset about not making it into that program,",anger
Why does my phone always die at the worst times?,anger
"Today was creepy, something felt off all day.",fear
I'm really repulsed by spiders and bugs right now too.,disgust
[NAME] doesn't get a vote [NAME]! Get the fuck out of here with this nonsense.,anger
I'm dying inside without you right now.,sadness
My 7 year old was so stoked to find out that there’s a place called Castle Danger in his state.,happiness
All I'll say is when I can smell it walking down the street it makes me very jealous.,anger
"""are you related?"" ""No"" ""Are you <more specific type of related>?""",neutral
Today's been freaking me out so far honestly.,fear
Good to know! I should keep a lookout then.,happiness
The rain is putting me in a bad mood.,sadness
Wanna trade lives? I'd gladly take normal height with hair and have the same experience.,happiness
"Just got some bad news from my family, feeling down.",sadness
What an interesting thread you referenced in your response!,happiness
"damn it, you beat me to it.",anger
That is extremely uncomfortable to look at.,disgust
[NAME] was horrid for us,fear
Gotta offload this crap somehow.,anger
I'm really struggling to focus today.,sadness
l appreciate when people surprise me with small gifts.,happiness
A hidden waterfall awaits discovery behind the ancient temple.,happiness
I was jumping the same gun but decided to do some googling just in case. Glad I did :),happiness
"No my point to using the article is to call out the political theatre and dishonesty of some of our elected officials, mostly in the democratic party.",neutral
"I'm seriously freaking out, can someone please call me?",fear
This day is just not going as planned ugh,anger
"I'm sorry for you, but that pic is in the wrong subreddit.",sadness
Binged through this last night. Interesting and entertaining. I'd love to see more.,happiness
"To this day, I get nervous reading anything with [NAME] name in it",fear
I’m just in awe because this will actually get so many people up in arms.,happiness
You are unfortunately far and few between.,sadness
. Getting yelled at by customer service is ridiculous!,anger
"OMG, my two favorite franchises and the two best girls!!",happiness
WE ARE .500!!!! I'VE WAITED SO LONG!!!!,happiness
Because I want to be with someone but no one wants to be with me.,sadness
Your kindness means more to me than you know!,happiness
This movie is really bothering me for some reason.,disgust
that's like a kel'thuzad/kael'thas wet dream right there. Line them up for disgusting aoe XD,disgust
I think you're right. She has oodles of cash and young grandchildren to enjoy. Going through that hideous gauntlet again probably isn't that appealing.,happiness
JACKPOT!!!,happiness
Good. I'm glad that you are getting help.,happiness
Having a comfy bed is something I appreciate daily.,happiness
"Ignore him, he is a spiteful little rat who is mad because someone did something good and it reminds him how pathetic he is.",anger
My morning coffee is making me so happy,happiness
Putting any human on the same level as [NAME] is sacrilegious and you should be ashamed for spreading such blasphemy.,anger
He's messing with my emotions and my fantasy hockey pool....,anger
Damn have they not heard of shelters. Bro go adopt a pupper.,anger
My exams are coming up and I'm getting worried.,fear
Absolutely this is the kind of absolute hypocrisy that made me leave the church!,anger
"Ugh, I hate getting up early on Mondays",disgust
A new mattress if you can swing it. Company provided mattresses are typically pretty garbage.,disgust
I'm glad none of you are GM,happiness
You're making me so angry with your excuses,anger
"Its horrifying to think about getting separated from your family, friends and the culture you were living into somewhere new and unfamiliar just like that",sadness
"Damn, that was dirty.",disgust
Today was absolutely terrible from start to finish sadly,sadness
"Was my friends family... They had the wrong address, you're sick dude.",anger
You make less than zero sense.,anger
The thought of shooting anything at asylum seekers is appalling.,fear
Hooray for the cancer! /s,happiness
"[NAME] can’t you see, you’re being way too loud for me",anger
"This cough syrup tastes so bad, it's unbearable for me.",disgust
"My girlfriend barely tolerates me showering in the morning, she'd be furious if I'd let an alarm ring while I'm away. And rightfully so.",anger
Yeah this angle is nauseating.,disgust
What? Shut up?,anger
My poor baby,sadness
This is the worst thing I've ever seen. Take my upvote.,disgust
This just in: YOU'VE BEEN SELECTED FOR THE ADVENTURE!,happiness
That scene traumatized me the first time I watched it,fear
"She even tweeted the Ghost Adventures crew, oh wow.",happiness
.I woke up crying this morning still hurting inside.,sadness
This project is taking way longer than it should be.,anger
My soul twin must be [NAME] because I’m terrified of water!,fear
That was the most infuriating thing I've ever seen.,anger
I hired someone who previously worked for Dunkin when I was still in my old store. She worked one shift and ghosted on us.,neutral
Wow the delusion here is breathtaking.,happiness
My body is ready for our Tank Commanders return!,neutral
tbh i would've guiltied but atleast they didnt lose an important TP,sadness
I'm not loving this spooky movie so far.,fear
That’s on Canada. Sorry but I gotta give credit where credits due,sadness
"I mean it makes sense, they're into [NAME] because they totally dig the horribly socially stunted types so they love [NAME] for horribly traumatizing her.",fear
Taking out the trash tonight was absolutely disgusting work,disgust
My entire body feels really light and free today.,happiness
My partner's love is the best thing ever always.,happiness
Getting outshot 12-5 but ending the period scoreless? I'll take it.,neutral
I'm at my breaking point with all of this,sadness
I’m sorry. If it was me- go straight to divorce and file. Why prolong the pain and abuse.,sadness
Eating expired yogurt was not my best idea ever,disgust
Tell that to r/Polygrumps (very *VERY* NSFW) dude. They scare me more than this sub.,fear
Sadly the minimum wage in Virginia is only $7.25 an hour so that definitely would not be enough.,sadness
I feel kind of nervous about the future plans.,fear
"MeToo is about sharing personal stories of sexual assault. Reframing it as accusation based, and as furthering a kidnap, is fucking disgusting.",disgust
. The constant delays are making me lose patience,anger
omg lke ikr,happiness
Same thing happened to me last year ended horribly,fear
Woo hoo!!! Free at last!,happiness
I ran a bit farther than usual today woohoo.,happiness
So many nice things here. Good vibes. Enjoy your cake day and weekend. ✌,happiness
I’m sorry for your loss bro ❤️,sadness
I feel like I've hit rock bottom emotionally,sadness
I’m at a loss for words,sadness
"Sadly, yes. You'll only be able to craft weapons with fixed Attachements.",sadness
[NAME] said it best. Un-fuckin-believable bro,disgust
This entire experience has been utterly revolting for me,disgust
this is amazing,happiness
"This guy doesn’t like fox hunting because “toffs” do it. As with all policies of the left, it’s grounded in jealousy.",disgust
This kid now: fun yay hahoo This kid as a grownup: I regret everything,sadness
Life has been treating me pretty unfairly lately it feels.,sadness
I feel so angry I could scream loud.,anger
I'm slightly disgusted by these dirty socks.,disgust
WOOO!!! You go boy!!! Good job!! That’s a huge milestone checked off and SURVIVED! Yay!!!,happiness
Flying still freaks me out every single time honestly,fear
*[NAME] making [NAME] even more sad.*,sadness
"Damn, and he was wearing a helmet too.",anger
"Oh, it's definitely working and that worries me a lot.",fear
I kill them all and THEN overwrite my only save. I'm bonkers.,sadness
This makes me smile.,happiness
Sorry my teams gave you your only two losses this season ;),sadness
I nailed that test and feel pretty relieved.,happiness
Today's been really stressful for me because of work deadlines.,fear
No stop. One Red and yellow team had to be sacrificed for the fortunes of the other. I’m sorry,sadness
Good on ya my man. I too am excited for some game time this weekend. TGIF,happiness
That’s wonderful,happiness
Sorry that you lost that stuff. But that's a lot to have in your car in SF,sadness
A machine would literally do a worse job than him.,anger
"All Ten Final corrected moderate-sadness expressions, *best results**",sadness
"More like a baptism, with sexy results!",happiness
I'm so over these loud construction noises outside,disgust
SHUT THAT SOFT ASS SHIT UP,disgust
My kitchen is infested with annoying ants everywhere.,disgust
Feeling pretty lonely at home by myself tonight,sadness
...says the opioid addicted narcissist with multiple untreated physical and psychological ailments and is completely unable to work with anyone but his own clone.,anger
I hate to say this but I love the drama around this all.... idk. My life is boring,anger
Just saw your history. Makes complete sense now. Your a trumptroll. Bye.,anger
I hope all my muscles cringe so spastically all my joints come loose and I collapse into a writhing agonized pile of blood and meat.,sadness
I'm getting anxious about meeting new people tonight maybe.,fear
"I went through that phase, I was quite depressed.",sadness
I'm always happy to have you in my box.,happiness
Winning the award was rather a surreal moment.,happiness
>very creepy horror-themed Very accurate description and only from a few second piece of an audio recording,fear
I'm kind of bummed about the weather forecast.,sadness
Hot take: That fuck up was a million times worse than the [NAME] play.,anger
I have a bad feeling about this.,fear
*oh god oh fuck*,neutral
My poor space bar takes an awful bashing with all the pausing in a Squidge vid,disgust
Bad news dude. You're almost 100 years past that.,sadness
That one pesky drop of water was in it for the long haul.,anger
They’re led by...gasp... a WOMAN!,neutral
I see you utilized it. 3.5? Sad.,sadness
"It will be carefully tailored to piss their parents off, which I will enjoy greatly :-)",happiness
What a shame... she was passing really well too...,sadness
Your posts cause cancer.,neutral
I feel queasy from watching that surgery video.,disgust
no idea how [NAME] was a [NAME] or [NAME]. just awful,disgust
10 Getting a bit apprehensive for our trip next week,fear
I’m going to die right now I’m so scared tears and snot everywhere,fear
I'm so grossed out by this food right now.,disgust
"Oh, those dreadful things. I gave those away.",fear
Imagining doing something this drastic all alone is just... I can't fathom the anxiety. Man.,fear
jeeez i've never seen a scorpion so bad it actually flipped the person up right,fear
Goose don’t give a fuck,anger
Notice how none of them have kids,neutral
"Sad thing is, I wanted to, but I’m stupidly awkward...",sadness
I just saw someone littering and it's really annoying me.,disgust
Happy cake day man!!!,happiness
But now we're stressed out.,fear
I've never seen anything as disgusting as this toilet.,disgust
This one tilted concrete square in my neighborhood that I keep fucking tripping over.,anger
This comment killed me. RIP in pieces.,sadness
"I'm saying [NAME] is the pretentious one, and that the original commenter's response to him is a perfect mockery of the asshole",disgust
"I'm so scared for my future, it's overwhelming.",fear
I’ve lived in Florida. Hurricanes are *much* worse.,disgust
This is scary!,fear
Alice In Chains and Metallica are still releasing quality music!,neutral
What if I fail my driver's test again tomorrow?,fear
Imagine being so deluded you believe that not condoning a country’s poor behavior will lead to war,anger
"Arrow already did break this trend by having a mostly excellent S5, definitely much better than S3 and S4.",happiness
I feel kind of down about the news.,sadness
You mean 0.08 - at 0.8 you'd be dead about twice over,fear
I am trying they try to say I’m fake even though I’m trying it’s painful to talk to them sometimes,sadness
You have a nice bro.,happiness
I had to mute cause the sound was making me cry.,sadness
That [NAME] missed layup is haunting me right now.,fear
The saddest thing is you will never understand how absolutely idiotic what you just said is.,sadness
A 31 one year old woman hitting on a 21 year man is just as grossm,anger
Because [NAME] has been active for 4 years and every time he makes an appearance at their police station [NAME] is somehow conveniently not around.,neutral
That's a better love story than Twilight!,happiness
4\. This noise is really bothering me at work.,anger
I can hardly hear you over those goal posts moving! Ahhhh the facts! They hurt! They hurt so bad mama!,sadness
There's a big storm coming and I'm a little scared.,fear
"I'm not loving my life right now, it's okay though.",sadness
I'm sad that our trip got cancelled suddenly.,sadness
I'm so sad that it physically hurts inside me.,sadness
"Such a shame. Her butt was pert, cute and perfect in her Vogue days. Yes, I am showing my age.",disgust
My neighbors are being way too loud again tonight.,anger
"My siblings are driving me nuts right now, ugh",anger
That's amazing,happiness
what a shame that online sellers have made malls obsolete,disgust
I've also heard that intriguing but also kinda scary,fear
Today's been a terrible day and it's not over yet.,anger
I'm really put off by fake sweet people sometimes,disgust
Finally got this in the mail today. I'm pretty excited. My favorite ballplayer.,happiness
Well that's disgusting,disgust
"If it was low-fat mayonnaise, their response may have been justified. That stuff is horrendous.",anger
I'm really struggling with this homework assignment tonight.,sadness
"Yay, congratulations! :D",happiness
I'm sorry. Now my entire bad pun looks even worse than it did when I started.,disgust
The main reason I left is a hidden mmr used to influence matchmaking in a mode that requires a paid entry. That's disgusting,disgust
"Everyone hates guys that talk shit and can't back it up, don't start shit when you suck.",anger
Hands to the back,neutral
I'd say the pecans is the biggest mistake,anger
Well then I’d say you have a pretty good chance if it’s any girl lol,happiness
This food tastes disgusting to me honestly no thanks.,disgust
I hate getting stuck in traffic jams every day,disgust
This project's success is really making me proud now.,happiness
"This food is kinda gross, don't like the taste.",disgust
Reporters shouldn’t be afraid of governments - governments should be afraid of reporters.,fear
I feel really sad when it rains outside.,sadness
He’s better than [NAME].,happiness
My heart is racing with every sound,fear
I'm so sorry. Hang in there.,sadness
It’s interesting that [NAME] is often the only little kid credited with being the one to desegregate schools in New Orleans.,happiness
"Still, anytime I want to have sex with a man, it would qualify as a sin.",neutral
I'm so grateful for this amazing cup of coffee.,happiness
Um hi.,neutral
If he doesn’t give it a ten I’m gonna riot,anger
That and he’s sneaky dirty,disgust
"Grey socks and leather sandals, that hurts me through the screen.",sadness
So... no nerd here to say the stomach doesn't really do that? Is this Reddit or what?,anger
"My opinion is that this person's opinion is stupid, fallacious, and bad.",anger
What a loon,anger
Oh true I remember seeing it on Spotify’s charts for weeks. It’s terrible.,fear
Yes no one wants to believe my religion and how to make people happy so it makes me sad,sadness
I'm feeling a tad scared of the thunderstorm outside.,fear
My art piece is going to be featured locally!,happiness
So you stay on your theft from auto waiting for them to dispatch the next shift to the backlog of calls.,anger
"My lunch smells a bit off, maybe it's spoiled?",disgust
That was intentional as fuck. I don’t know how anyone could argue that after that insane contortionist layup over [NAME] last week.,anger
"Sorry, I should have clarified that I meant when they determine your eligibility/payments in regards to the Repayment Assistance Program.",sadness
Sitting next to someone who didn't shower is awful,disgust
And you get a gold! and you get a gold!! and you get a gold!!!,happiness
Today hasn't gone exactly as planned so far,sadness
PARENTS: VACCINATE YOUR FUCKING KIDS OR THE NEXT NAP THEY TAKE WILL BE IN A COFFIN OMFG,anger
"Uh, sorry. We're under trumpcare now.",sadness
"It's not a shaving cream ad, it's razor blade ad, you dunce!",anger
No not funny just sad,sadness
And that's an issue. Councils are *so* unrepresentative it hurts.,sadness
Yeah he's a cunt but that doesn't mean he should be prosecuted for a joke. No matter how bad taste it was.,disgust
"You have too many knives, I don't trust you. Sociopath.",anger
What a legend. True spidey meme master,happiness
Great quote.,happiness
"This toilet at work is ridiculously disgusting, come on",disgust
Why the fuck does this exist,anger
I feel sick to my stomach right now.,disgust
I'm really annoyed at the customer service rep today.,anger
"So your sticking by the term ""extremist"" for this massive chunk of the population.",anger
Life's really falling into place for me lately somehow.,happiness
I tried doing this for my son but he was afraid of it.,fear
Damn. Your bed must stink,disgust
"I just ate something bad, I think I'm gonna vomit.",disgust
good to see your story had a happy ending!,happiness
"That's amazing, wow! People can be so good.",happiness
Nothing seems to intrigue or satisfy me only drugs and thats sad.,fear
Me cheering for the Wild this year,happiness
Except [NAME] still went with the happy ending instead of ending it at the Aningaaq scene.,happiness
"As long as blind luck exists, there is no upper limit on stupidity.",anger
I also relate (and regret),sadness
heyyy that’s my birthday as well!,happiness
Seeing snakes makes me jump but I'm okay,fear
Today's traffic was seriously disgusting to sit through,disgust
Everything felt clearer after that perfect summer evening.,happiness
"I'm beyond furious, can't even think straight.",anger
i think its cool because its a hybrid that comes in stickshift,happiness
Laughing in spitfire mk va.That plane is amazing Especially on breakthrough,happiness
”I'm just tired of this argument going nowhere”,anger
My day is going downhill fast today ugh.,anger
I'm a guy and I'm squirming. My wife asked me what the hell I was reading and I told her. She said wtf really loud.,fear
"Tyl has got to be the most cringey, condescending thing I've seen on Reddit in a while.",anger
I'm getting really tired of these mosquitoes outside.,disgust
"I’d keep at this line of dialogue but I’ve got to rewind some videocassettes, sorry. Carry on without me.",sadness
Reminder!1 month Just so I can repost and harvest karma like everyone else,neutral
"What a fucking moronic jackass. ""This is what happened with my piece of shit dad so you have to experience it too""",anger
"Kinda reminds me of my Uncle, [NAME].",sadness
Just ate something weird and I feel kinda sickly now,disgust
"Happened this afternoon, January 21, 2019 in the Central South-East area. So frustrating!",anger
WHY HAVE I NOT SEEN YOU? WHERE THE HELL HAVE YOU BEEN?,anger
"The best feeling ever was when class was over and it never got to your turn, so you didnt have to present until the next day",happiness
Give me liberty or give me death metal,neutral
"I am sorry for offending you "" WoW yOu WoNt EvEn LeT mY cHiLd Go ThErE aGaIn"" how tf. Whoops didnt mean to reply lol",sadness
Wow. You have literally no idea how American politics works. It's almost as if you're either a bot or a troll.,happiness
[NAME] damn it [NAME].,anger
Went to their other location in Capitol Reef National Park and it was fantastic. The cauliflower dough is great even if you're not into gluten-frei.,happiness
it depends on the page you moron.,anger
Oh yeah? Come back when you drop your stew on the floor before eating any.,neutral
I can’t stand [NAME] but that was heartbreaking,sadness
"cool, gonna check this game now",happiness
That live snail got me freaked,fear
A volley into a header. Just wow. The skills.,happiness
"Yeah, sorry I don't know British or Canadian.",sadness
The city was finally coming alive at midnight tonight.,happiness
Me IRL :(,neutral
"That sounds like a hot date. ;) I've never been, but friends say just order the cheapest food and enjoy the ambiance.",happiness
Aw here goes!,happiness
In that case... Happy Amnesia Day!,happiness
READ A BOOK YOU FUCKING CROOK.,anger
I feel your pain brother. Just had to put down my rescue pup. RIP blaze it for them!,neutral
"That's totally my focus for today, just enjoy the day and being there for myself :) it's so liberating.",happiness
I missed my bus and now I'm late again.,sadness
I for one appreciate having the DD and Cat erotica in the same place.,happiness
My day just got a little bit worse.,disgust
"Turns out, that daddys little girl is a thot, who also takes drugs. No wonder she fled her country.",sadness
Both consenting adults so nope not creepy,fear
I’m sorry to hear you’ve been cheated on.. but you’re free ! Makes it easier for NC if they found a new FP,sadness
Im sorry I said something negative about your beloved Valve.,sadness
Gaaahhh. That one would hurt.,sadness
Wow that's just like when I sing it,happiness
"Yep, first hour free at long term. But if you go a SECOND over that you owe them $19.80 ! They're fucking ruthless",anger
"This better be a troll because if not, you are the most obnoxious, self centered, asinine person on this face of this planet.",anger
Done it since I was a kid I was very edgy,fear
*OOH* *AH* *OW*,happiness
I’m excited!,happiness
I really hate this family. Nothing but snake-oil salesmen who's negative influence will reverberate for a new generation of young women who deserve better role models.,anger
He just have to beat em. I only have him @ 5 because he just got there & I don't really count the horn/Benavidez fight.,neutral
"My anger is at an all-time high right now, help.",anger
I feel disgusted by all these mosquitoes in here now,disgust
So cute!!!!!!!!!!,happiness
This guy fucking gets it.,anger
I want my Thick Blood feat to actually say “F*CK YOU” every time I deny a Peacekeeper their bleed damage.,anger
"[NAME] is lining up for West Ham, holy shit im excited to see this play out",happiness
">Turkish [NAME] You are right except ""[NAME]"" part. I could not found the attack but there was a [NAME] [NAME] who was involved..",neutral
Boycott Gynolette!,neutral
My first thought,neutral
Also the fishing has been terrible for a month now. I am about to take the 5 story jump my friends.,disgust
I hated broccoli until my parents tapped into my obsession with dinosaurs and got me to pretend I was a brontosaurus,anger
I'm feeling a little lonely at home today.,sadness
"Oh, give me a break, it was worded like an insult, clear as a day. A mild one, but still.",anger
This dark alleyway seems kinda creepy to walk through alone,fear
This bathroom is filthy and needs a good scrub.,disgust
Holy fucking shit,anger
"That’s too bad, I didn’t know that.",sadness
>!This really crushed my soul!<,sadness
No need to apologize. It definitely put things in perspective. I’m just glad your DD ended up ok.,happiness
This kills the country.,fear
"[NAME], what? Why are you even here. Fuck off.",anger
That and useful idiots.,anger
Look at that thing...could tear you to shreds,fear
Oh ok sorry,sadness
To each their own. I enjoy it for what it is,happiness
No worries. Glad you like it,happiness
My flight's been delayed and I'm freaking out slowly,fear
That...felt good...can I cry on your shoulder?,sadness
There would be a lot of sexual tension in faze...,disgust
"Haha yeah, apparently their ringleader just got banned on Twitter.",happiness
The mods deleted it I'm sorry,sadness
This is a terrible idea,fear
"No, because asses that hot don't come in trenta",neutral
Still is glitched to this day.... sad,sadness
I'm getting pretty scared of the dark lately.,fear
[NAME] clan needs some fucking therapy.,disgust
tobaccy is nasty,disgust
[NAME] hits centre mass more often than a world class sniper. It's a fairly impressive.,happiness
"I mean, yeah, I'd complain a little. But then I'd eat the crap outta that.",anger
Sadly the same way know people who know people and being in public. Maybe an online game with chat like league or xbox,sadness
"You’re right, republicans are worse because they have nukes.",disgust
Is it fair to say she’s the most versatile makeup artist of all Ru girls?,happiness
"Yeah, too many blind assumptions. I'm just happy that we're getting four additional characters to pad the roster with.",happiness
Nah no one can help me,sadness
My team crushed it in the championship game!,happiness
That's terrible. I'm sorry for your loss.,sadness
I missed an important call and it's bothering me slightly.,sadness
This is giving me so much life.,happiness
Argument a month. I should be so lucky.,anger
"My friend's house is kinda creepy at night, lol.",fear
"Walking on sunshine, everything feels incredibly light today somehow.",happiness
Even worse.,disgust
No response after a week? That's something to worry about.,fear
This is going to be a disaster,disgust
Holy shit he hit him hard,anger
Racism. They're talking about racism. The hate is the new KKK sheet.,disgust
"Nice, Butt Stallion just chilling in the background",happiness
"[NAME] wore shoes and killed millions. For [NAME] like me, people who wear shoes have become a symbol of hatred and murder.",anger
">Some ~~drugs~~ people are just... Scary... Some drugs tend to bring out what's bubbling under the surface, so in that way, yeah.",fear
Why should I care what he thinks?,anger
Logan Square also has the most rats (or reports of rats anyway),anger
"Pity. I had some decent lunches there, but never went there at night.",sadness
Yeah that's what I meant but I wrote it stupidly. Did you start with really low weight? Like really low?,anger
"ahah I hadn't even thought of it until the scenario I mentioned above, so dont feel too bad.",sadness
I feel really annoyed with all these bugs outside today.,disgust
Happy New Year,happiness
I'm really concerned about the future right now somehow,fear
Looks like they did it to scare everyone else on the road as a dominance game.,fear
Such a nasty woman,disgust
I like to imagine that this is england in its entirety,neutral
"But still, crying ""castrate all pedophiles"" because they could be potential rapists is like crying ""kill all men, they are all potential rapists.""",sadness
"Can confirm as my first time commuting by motorcycle in the rain there was hail, then lots of thunder bolts and lightning , found it very very frightening.",fear
EWWW yes. This makes me shudder. All wet and gross.,fear
That awkward conversation was super uncomfortable for me.,disgust
Translation: you should see her vagina! She can't fight you off! The double entendre is more than a bit unsavory.,disgust
How mature of you. Resorting to name-calling is delightfully childish. I expected nothing less.,happiness
My phone battery died and it's super frustrating.,disgust
Stop believing everything you’re told.,anger
"You guys are heartless, smfh.",anger
What's good kid? Sorry for the racism.,sadness
I feel like something terrible will happen,fear
Could have been worse if a piece of metal exploded into him instead harmlessly on the beach,disgust
"The happiest of birthdays to you, [NAME]!",happiness
This movie isn't as great as everyone said,disgust
Just having a bit of a rough morning.,sadness
"Play stupid games stamkos, win stupid prizes",anger
Best post ever,happiness
I'm not apologizing for it. I just didn't think there was something this blatantly immoral in the new testament.,anger
That’s part of why I hate porn so much - other than the exploitation of women,disgust
The uncertainty of tomorrow has me feeling uneasy,fear
My day just took a sad turn suddenly.,sadness
That's crazy. Glad you got your money back though!,happiness
Why can't I get Hulu in Canada yet!! So annoying,anger
🤷🏻‍♀️ As a wise man once said: he was a bastard in life thus a bastard in death,anger
I'm not a huge fan of enclosed spaces honestly,fear
I'm still thinking about that argument we had yesterday,sadness
This. Right here. This is what r/exmormon is...and it is beautiful.,happiness
My friends just surprised me with tickets to paradise!,happiness
That's quite a lot worse tbh,disgust
Sticking his tongue out.... ugh,disgust
Feeling a bit left out from social events lately,sadness
"Honestly, fuck [NAME] after the bounty gate shit",anger
What the fuck is that horrifying picture,fear
All of their Saints are psychotic idiot who died for nothing. People remember them as horrible people in death as they were in life.,fear
This day has been super irritating for no reason,anger
Pure asshole.,anger
I was suffering a delirium flu during the phantom facemask game so it’s all sorts of suffering for me.,sadness
I'm irritated that nobody helps me around here ever.,anger
Its weird because I didn’t say “house cat” I just said “cat” yet you felt the need to correct me.,disgust
"She really does and She really isn't! She's an old, tired ass, busted up, con artist hoe!",anger
"If an AI projectile is your biggest problem you've got bigger issues, next.",fear
"They were not really messing around, just more frustrated. They genuinely were trying to move specialists around to get the best out of people.",anger
This smell is literally making me nauseous.,disgust
Interesting!!,happiness
"Yeah, he knows about my mental health and how bad it cam get, we've tried all the things that have worked in the past",sadness
Stupid sexy squidward,anger
"I’ll miss you, [NAME] Today is a sad day for our high sock loving brethren [NAME]",sadness
Saw someone littering out of their car window just now,disgust
Kinda sad but... Okay then,sadness
That's bad,disgust
Sorry for your loss 😣,sadness
Good job Clemson. You're becoming the new [NAME].,happiness
For I am here with youuuuu,neutral
Sometimes I just go on the YouTube video for any song older than like 20 years and these comments never disappoint,happiness
[NAME] was autistic BOOM,fear
"Ugh, I don't want to touch that thing.",disgust
My heart broke for him when his wife suddenly passed away. I worried about him with his issues with depression but he seems to be doing okay.,sadness
. Don't make me do that it's too scary,fear
I wanna die,sadness
"If you can't see how the mass killing of Landlords is related to Communist ideology, there is really no point discussing further.",anger
This is the most accurate representation of BO4 I have seen yet👍👍👍,happiness
My sister's always doing this and it's so annoying.,anger
My neighbor's music is too loud and annoying.,anger
I'm feeling kinda nervous before this exam.,fear
Wimbledon’s instagram posted about [NAME] and his relationship with the Open and I ended up crying. Not ready for him to hang it up,sadness
This rain is really matching my mood today.,sadness
yeh and the new ones just feel like reskin cod games sadly,sadness
"The foul, smelly dump I just took > fallout 76",disgust
"A ""Texas DUI"" sounds like a weird sex move.",disgust
Yepp. I've struggled to hold a job so I'd be in trouble without it.,fear
Sorry but this is too rad to be cringe for me. This is like if [NAME] was a general.,sadness
"Believe it or not, I actually am. With the exception of stupidity.",neutral
"You're just lonely, dude. Don't mix that feeling with love.",sadness
Wouldn't take much to be the best COD dev team tbh.,neutral
"I regret not grabbing my work laptop today, then I wouldn't have to leave fort blanket until Thursday.",sadness
"No, that would be traveling to Florida and challenging [NAME]. Georgia is definitely still rather red ... Florida isn't (as red yet).",neutral
You conveniently forgot nearly killing a toddler by throwing furniture out of a 14 story window.,anger
It's just sad; she was just nice and normal before she messed with her looks,sadness
"Holy fuck that stop, good shit [NAME]",anger
And people say they'll gladly pay their taxes. As if it's voluntary.,neutral
"Suddenly, a fireworks explosion lit up the night sky!",happiness
I'm irritated that my flight got delayed again,anger
"Wow your sister is in abusive relationship, cool.",disgust
"All good man, I don't get the college football hate I see on here, and I hate the big ten disrespect I see everywhere.",anger
My anxiety is really kicking in today.,fear
I feel sick looking at this dirty floor,disgust
"Actually feel sorry for her. She has depression and low self esteem, this is not going to make it better.",sadness
I have a bad feeling about this flight tomorrow,fear
My trash can is getting pretty stinky already.,disgust
I've got butterflies thinking about public speaking,fear
"INFP. I’m a very selfless person, which helped me find friends, but not a love interest or a partner",sadness
What I find disgusting is thinking you can be a liberal and a ecologist. Anyone has its own ideas I guess.,disgust
". Someone stole my parking spot, so annoying!",anger
"Get his master class. My boyfriend watched it and he got obsessed with cooking, knife techniques, etc. (for like 3 months).",happiness
I feel bad for these guys. I'd like to be able to help ex-mos in trouble.,sadness
"I feel like punching something, so angry right now.",anger
I'm low-key worried about losing my job soon.,fear
"This, she's giving you one word replies because she wants you to go away.",neutral
Mr. Steal Yo Perfect Season,happiness
"It's crazy, the first day with icy, snowy roads it's scary but within a few days, grip and visibility sound like fantasy",fear
I'm feeling slightly disappointed with how things went.,sadness
I feel uneasy when someone follows me home,fear
Best birthday party with amazing friends last night.,happiness
"I believe that show scared straight was actually a massive failure, it got viewers but concept of it never resulted in the kids actually being 'scared straight'.",fear
>![NAME] get the crossbow before it's too late he can't breath oh [NAME] please hurry im shaking and crying rn!<,fear
I'm seriously dreading that dentist appointment on Friday morning.,fear
These honestly are getting infuriating. The creator of this made this whole thing up yet Facebook old people take it as reality.,anger
"Ah man this video has everything, drama, action, a tiddy poppin out",happiness
I joined the casuals on the couch and curled up in horror while watching this,fear
"> Still hard Phrasing. O_o Sorry, I couldn't resist.",sadness
That is so beautiful. It makes my heart hurt that humans can be cruel to animals when they're aware of having so much emotion.,sadness
That. Is flipping Cute. He's definately a dog person.,happiness
"This weather is pretty gross, I hate the humidity.",disgust
Today was definitely one of my best days ever somehow.,happiness
Very happy with this !,happiness
Makes me very happy indeed.,happiness
I live downtown and walk around at odd hours of the night all the time. Love the empty and abandoned feel of the city.,happiness
"Ew, someone puked on the bus this morning",disgust
Who the hell thinks he isn’t overpaid,anger
"Everytime I see something in this sub that looks sharp, I get very worried.",fear
Today was super frustrating work day for sure,disgust
"Ugh, this customer service is ridiculous right now.",anger
Those turkey legs look delicious,happiness
"Bhahaha! I’m sorry, that sounds awful.",sadness
“So which one is she” “Uhhhhhhh.....”,happiness
"Doordash pays less than minimum wage, no money even to buy cheesecake from the cheesecake factory after paying rent and Bills 😥",sadness
"ah, it does me heart good to see NIMBYs in the wild",happiness
OP may have been avoiding [NAME] jokes.,neutral
"They have a huge problem with rich freaks diddling kids, that's pretty libertarian.",anger
Whoa I'm impressed he returned the pillow to its original spot. Awesome parenting.,happiness
Not feeling super motivated about anything right now sadly.,sadness
[NAME] is amazing how dare you,anger
"YAAAS! Even though you're a stranger on the internet, this has made my day.",happiness
There's an Arby's/Long John Silvers near where I live. I'm glad they don't cross menu items.,happiness
That was your saddest shortest story yet,sadness
"Twenty some years ago, while I was pregnant with my son, TLC aired shows like A Baby's Life. Oh, the old days...",happiness
Typical verbal diarrhea from a cucked sheep. Good try though. B+ for effort.,happiness
"Oh, hey what's up dude? Haven't seen you around in a while bro. Glad to see your still here.",happiness
This is a good step. Refusing to vaccinate your kids should be considered child abuse.,happiness
"This is being said about every fucking update that lowers the skillgap. Yes, it does change the game because we're already affected",anger
"Yes, which is why I hate the term ""ranked choice voting"".",anger
"I am afraid to look, but my morbid curiosity draws me to ask.",fear
We're not exactly short on white homophobes either though.,anger
Any source on the college split the second time that outlines the stats? Interested to see.,happiness
You still didn’t answer the question. Sorry it’s bugging me :),sadness
Leave wet puddles everywhere!,anger
Euphoria exploded as confetti rained down around me suddenly!,happiness
I'm so sorry,sadness
Hmm ... Vancouver is not on the list? that's interesting ...,happiness
It should go well with kratom anyway. I need to just eliminate anxiety and not have cravings,fear
How disgusting. Those vile people can burn in hell!,disgust
"Context is lost in the article, no way to know how it was asked or how the person was behaving.",neutral
"The 12 days of Christmas is a bizarre song. Don't use it as a gift giving guide, you crazy idiots.",anger
"sorry fam, but this is a repost on this sub as well.",sadness
"No, YOU’RE crying!!!!",sadness
ran into an old acquaintance i wasnt ready for oops,fear
this is painful,sadness
"This one is the worst, by far",disgust
This dirty laundry pile is kind of disgusting.,disgust
Fuck that its not my money they're giving him. I want a goalie with a .970 sv% dangnabbit.,anger
I knew I'd see him here eventually. I really like his animations. They're cute and funny,happiness
Her accent!! I died.,sadness
This unexpected twist in the plot has me hooked now!,happiness
I’m sorry,sadness
This draft is one man deep tbh. Not getting Zion would be devastating and a waste of a whole year.,anger
"Seems legit. Supremacy was big enough. In fact, it's hard to see the scale on screen with that size.",neutral
It had bad spelling but i understood it u grammqr nazi,anger
It's a superfund site with a couple of inches of topsoil on it. Have fun with your cancer dummies.,happiness
Now this is podracing!,neutral
I'm REALLY glad the guy saved him but seeing him so pitiful and scared really lingers with me. :(,fear
Imagine thinking this comment was ok to post. Shame on you.,disgust
This is his 2nd marriage that he has cheated in. She refuses to see how much of a snake he is.,anger
Sadly this is how you get shit fixed,sadness
Get out. And take your facts with you.,anger
My day is going downhill fast now.,sadness
Oh my [NAME] I saw the rocks below the dog and feared the worst!,fear
"She later drunkenly slipped on her puddle, fell onto the tracks, and was run over. RIP",sadness
"@lies_about_flossing, sorry if I used the wrong pronoun.",sadness
[NAME] is the most useless phantom thief change my mind,anger
People need to quit flagging this post. If you come to r/stlouis then you are well aware we hate the Rams and [NAME].,anger
My friend's constant lateness is really infuriating me today.,anger
"Right? That's news to me. I'll be excited when that happens, I wonder how that works.",happiness
My day just got so much better because of you.,happiness
I feel taken advantage of by some friends lately.,anger
I feel pretty nervous about public speaking always helps ease,fear
That's a really good one too. I am pretty upset to learn how limited my vocabulary is,sadness
"You're a good man, [NAME]",happiness
If we win,neutral
"If you have schools in your city, I got bad news for ya champ...",sadness
In my mind. I forgot everything :(,sadness
Not all of us young teens eat tide pods Mom would be sad,sadness
"Oh gosh, I can’t wait to see how much you’ve accomplished Mr. Not Retarded Criminal",happiness
"If I were a snake, I think I'd rather stay in my uncomfortable concrete jungle than have my mouth glued shut and be mauled by a toddler.",neutral
This is awful.,disgust
I'm fucking starving here.,anger
I miss him so much it's unbearable sometimes still.,sadness
"This video game glitch is super frustrating, ugh!",disgust
Happy cakeday 🎂,happiness
The fact this isn't a [NAME] Attorney at Law Gif about this makes me kinda sad.,sadness
They said Texas! #Woooooo TEXAS,happiness
Man i was so sad when i found out vodka had calories,sadness
I'm getting worried about not meeting the deadline.,fear
Good job [NAME]!,happiness
oof ok. shawn is pretty hot but I'm still tom dude imo,neutral
She looked clearly at peace with her life choices.,happiness
We were playing bots for 30 mins... Not fun but i am happy i finally did it,happiness
Seeing my friend's smile was rather uplifting today somehow.,happiness
That looks disgusting.,disgust
Feeling lost after this terrible breakup experience today,happiness
My favorite store raised their prices again unfairly.,anger
I feel like I'm about to explode.,anger
[NAME] sorry it was rude not to @ you lol,sadness
My day's really shaping up to be amazing today.,happiness
"I don't wish abortions on any woman. It's a terrible thing to endure. Necessary, sure, but it's still grim.",fear
Shut up and stop trolling. You're not funny,anger
He drives to the basket like [NAME] used to. And can shoot the 3. And he's super clutch. Love the dude,happiness
His smile is so damn creepy,fear
That's not an actual thing you realise? No one is that stupid.,anger
Woah... I'm shortsighted and I can get 2 pairs of glasses for €149. $500 is insane!,sadness
Well all I can say is I'm sorry and May [NAME] open your heart one day.,sadness
that sounds disgustingly sweet and yet i want to try it,disgust
I didn’t even realize it says it right there. Sorry,sadness
"You tell me, was this a short trip or not? I was wrong, it was 4.3",anger
"i live literally around the corner, not the best food but i think they make dumpling pizzas there",neutral
I'M LITERALLY DEAD,sadness
Hey there [NAME] what's it like in new york city,neutral
I fear it is already too late if he already uses words that should hurt but really don't because of their misuse.,fear
You are taking him out of context!!!,neutral
She was carrying all my burdens >:((,sadness
"Really missing my old life, it was better.",sadness
They come to your house and rob you at gun point. Be honest. What are some ways that this could be resolved?,fear
"Problem is, it is Bantam and younger. I can teach breakouts easy enough and I don't need a panicked D zone to do it.",anger
The attempt was successful. He's crying and not talking to them because they're actually dead.,sadness
Yeah my kid bought it too at a book fair. $40!!! But it's a pretty damn clever book.,happiness
Just had the worst customer service experience ever today.,anger
I do enjoy my lawn. 😁,happiness
"Blow me you feckless moron, I was out of state.",anger
Beat my second wife cuz obviously she put the evil eye on my first wife,anger
Feeling really overwhelmed and just want to cry,sadness
I'm so broke that I'd take if you're still looking. I'm a guy though.,sadness
I just wish things were easier for me sometimes.,sadness
I'm so repulsed by the thought of eating bugs.,disgust
Fuck it; just marry everyone,anger
"Hey, I bought a few issues of ""Lady Death"" and it was awesome! I wasn't hanging posters though.",happiness
So can relate. Hot to the point I hated feeling good because it wouldn't last. Might as well enjoy the moment!,happiness
Fuck pancreatic cancer. Kills so many and it barely gets any funding because all the money goes to shit like 'breast cancer awareness'.,anger
Traffic light keeps skipping our turn it's so annoying.,anger
It worries me that there are people that miss the meaning of a subject by so much. Your critical thinking skills sadden me.,sadness
It's easier to have a discussion with a four year old. Four year olds actually want to learn new things.,neutral
Oh man! Oh boy!,happiness
"Weird! Also in Winnipeg, no issues. Do you have a VPN?",disgust
Today's presentation is making me pretty anxious already.,fear
"Haha, thats brilliant.",happiness
I'm satisfied with how my day went overall today.,happiness
Man you take your sims really seriously.,anger
I don't think you're allowed to administer a vaccine to someone who is sick/injured.,sadness
"Really visually haunting though. For me, it makes me think of strange alternate futures and dystopian sci-fi worlds.",fear
"Had a baby before, those movements should be the last of your worries",sadness
I'm terrified of not getting into college somehow.,fear
He'd hate me. My standards are even higher.,anger
"Couldn't really fit this as a ""how to,"" does that mean I have to go to jail now? Source:",fear
Just keep a spray bottle of rubbing alcohol on hand! It melts the ice and doesn't freeze.,neutral
Only season 1 of sense 8 is worth watching.,neutral
"That's the death mark, Looks like you've been chosen for sacrifice. Sorry bud",sadness
"Same, nights are by far the hardest. My STBX and I are living together until June and it nights suck.",anger
I hate when people down vote to hell when someone has a different (yet valid) opinion,anger
"i’m running, hiding & avoiding this man. poor girl. her story is a sad one",sadness
This food is kinda disgusting to be honest with you.,disgust
My liver CRIES watching these kids. Weeps into a warm cup of steamed milk.,sadness
I’m drunk!!,neutral
You mean 4 of 5 dates for you already this month. Wow - do tell!,happiness
I'm slightly annoyed at this traffic jam.,anger
Lemon cookies are the best,happiness
He’d definitely get dropped at some point and then all hell will break loose,anger
She clearly was too afraid to speak up.,fear
"Need age to help, as ""pretty sure shes interested"" normally means shes either being nice OR just likes the attention abit while at work.",neutral
Well you’re right it doesn’t but she won’t make you that worried,neutral
"As a fellow browns fan, unfortunate enough to be born into a browns family and in ohio... Hello sharer of a lifetime of heartbreak.",sadness
I feel kinda upset about not getting tickets on time,anger
Those other countries clearly exploited to shit? Dats cuz it's not mah [NAME]. -You with your big brain logic.,anger
His wrists are too small ☹️,sadness
I’m guessing you don’t take bad news lightly. I’m sorry bud :/,sadness
"They’ve changed their mind so clearly they would change their position when scrutinised. Like you said though, he was ignored.",neutral
"Just had a long and tiring week, need sleep",sadness
"Infatuation and love and really different and I've found our the hard way, wait a couple weeks before using the big L word Nice tho :)",anger
4 Getting close to deadlines makes me really anxious sometimes,fear
Replace smug with thug and you'll see how racist you are,anger
I feel really irritated when you don't listen to me.,anger
[NAME] is the prettiest person on This Show,happiness
I enjoyed when they learned what New York City billionaires really think about guns.,happiness
Niemi is absolutely amazing tonight,happiness
If I died I've always wondered who will be at my funeral. I imagine only my mom. Maybe one of these days I'll find out.,sadness
The Square. The gross pretentious privilege in this film made me want to puke.,disgust
"I don't disagree, but if he's open he's gonna shoot",neutral
"Somebody should make this a smaller video to share it around, this poor kid is going through a lot.",sadness
I feel a little disappointed in myself right now.,sadness
This is a very cursed lineup,anger
"So sorry, for your loss.",sadness
My anxiety is pretty high today for some reason.,fear
"No real man would allow his woman to be even looked at by someone else, let alone allow another man to have sex with her",neutral
This sounds so painful. I am so sorry. This ED is literally a demon.,sadness
I kinda like the swirlies in the hair. But then I saw that her eyebrow is actually just the hair and hated it.,disgust
I'd say the guy who was going beat [NAME] face in is the worst character on the show.,disgust
And yet you're still not making me regret being a TV hodad when that was on and so missing it.,sadness
"I will have nothing to do with this specter, who selectively appears to individuals and abandons others. No better than a cruel warlord.",anger
Are you daft ... ? That is and always has been the proposal. [NAME] don't listen and don't care though. Fucking dumbass.,anger
I'm terrified of losing someone close to me soon.,fear
You’re an angry elf,anger
That’s horrible. Only religion could make an otherwise normal person want to show a torture and murder video to a child.,fear
Today was a total disaster from start to finish honestly.,anger
Franz Ferdinand are awful too,disgust
Its like the worlds most infuriating reality show.,anger
Things are kinda going my way today somehow.,happiness
What a terrible list,fear
"Ahhh okay my bad I misread your comment, I thought you meant we’d be trading him if he plays poorly",sadness
Today's surprises are absolutely making my heart sing louder.,happiness
Sounds magical!,happiness
That's unfortunate for you.,sadness
"This is really disgusting, the 4x4 community is one of the nicest around, Shame that a few c*nts gotta do shit like this.",disgust
Yes that was abuse.,anger
"I'd say the bigger potential problem is getting reported for public indecency, that goes on your criminal record.",fear
or a horrible night of 15/4/4,fear
Filthy birdbrain-loving scum barely deserve the bullets needed to boot them off the mountain. Moreiya 4 life,anger
Maybe some days are just meant to be terrible,sadness
An attractive woman falling down and exposing her butt. It's weird that he'd go so 0 to 60 on such a thing.,disgust
This public restroom is seriously disgusting to me now,disgust
"Fuck it, maybe the faceless men worship the great other AND assassinated the fire warlocks in valyria, hwo knows?",anger
"Hey if any are left, I'd like to happily donate!",happiness
"Yeah no, I don't support people being questioned by police for any opinion actually, a sentiment I expect many people on here share.",anger
You wouldn't like him when he's angry....,neutral
Fuck shit bitch,anger
"Yeah, sadly, looks like this champ will be pretty opressive.",sadness
This dish is a testament to be beautify and ingenuity of Italian civilization and culture.,happiness
"Friend of the younger sister of girl who was killed. She told me it was a bad acid trip. Very sad, family is holding a vigil tomorrow night.",sadness
I never used an escalator until I was about 16 and I still remember moving stairs scaring the hell out of me,fear
A slight thrill ran through her at the news.,happiness
And even worse after 40 years!,disgust
Tears won't stop falling and it hurts so bad.,sadness
Happy to help!,happiness
Nailed it! I'm sorry you've had to deal with it. This whole mess sounds awful.,sadness
Weird but interesting nonetheless.,happiness
Her heart is bursting with anticipation of the launch.,happiness
"I don't want anything bad to happen on vacation,",fear
The crowd's thunderous applause is still echoing through my dreams!,happiness
"That’s about what ours is, but our rush hour traffic is horrible.",anger
only suckers believe this don't be a sucker,anger
Yep. Seriously painful to read,sadness
Guilty of doing this tbph,sadness
Orange you just soo cute.,happiness
My food was completely disgusting tonight oh god why?,disgust
"Thats what makes me think OP is secretly the ""nice guy"" here.",happiness
We cant even get sexually assaulted without them claiming we're gross fetishists,disgust
"Oh no, the horror. Look, a pause! Let's start CPR! Those nurses, probably",fear
I spent the entire time trying not to yell at the TV. [NAME] and [NAME] can fuck right off.,anger
Being so gullible is the frightening part. durr da durr he downvote me,fear
The truly sad thing is she's getting burned to legitimize Russiagate. It's a shame she wasn't a legit whistleblower.,sadness
My father has been dead for two years and it's still been difficult to not talk about him as if he's still alive.,sadness
"I've actually been teaching myself R lately for this exact purpose, I'm super excited to check out your book when you're done with it.",happiness
Well.... it’s even more weird to drink the milk of other species..so...,disgust
"The 5 days got an audible ""[NAME]"" out of me. That's terrifying.",fear
"Dont worry, as you get older that will stop working or possibly even cause anxiety.",fear
I more than half expected there to be an AK in there. Still very much impressed.,happiness
Very sad news for the man. Widespread travel disruption is expected for the evening commute,sadness
At home with a viral infection right now! Praying for death and to the god of paracetamol. Ugh.,sadness
"On this blessed day, we are all KQLY.",happiness
I spend a lot of time worrying about how and why that'll happen to me as I get older.,fear
having your head smashed into a kebab shop's counter,neutral
I feel your pain 😪 i got scammed $1400 in November. I felt like a dumbass for falling for it too.,sadness
I'm sorry that's what you read because it isn't what I said.,sadness
Does it tickle inside your nostril? I always imagined it would be annoying.,anger
I'm worried my car won't make it up this hill.,fear
This stupid printer won't work when I need it to.,anger
This is terrifying,fear
"I don't want to go in there, it looks creepy.",fear
This looks like don't hug me I'm scared,fear
And I can't call the capitol switchboard to express my concern about this because the government is shut down. Awesome.,happiness
Lol!!,happiness
I'm really missing my friends back home today,sadness
What's going on? This doesn't feel right at all,fear
Today was actually pretty tough for me emotionally.,sadness
Happy new year to you too! :>,happiness
Ahem. There are those who think that life Has nothing left to chance A host of holy horrors To direct our aimless dance,sadness
the last 2 are mocking the first you dumb asses,anger
My day just got worse with this bad news update.,fear
"Had a bit of a boring weekend, nothing exciting happened.",sadness
Stop it don’t tell the outsiders.,anger
"Yup! Was a great shoot, can't wait for the video to debut so people can enjoy all the hard work.",happiness
what the fuck,anger
This is the noise I make in my girlfriend’s ear while y’all are still scared to moan,fear
I mean she’s barely into college so she’s only maybe 18-20 but to be this oblivious is pretty sad.,sadness
Watching strangers laugh together is rather uplifting somehow.,happiness
Pew pew pew.. gotcha!,neutral
Everything felt really carefree on our summer vacation last year.,happiness
I'm sad can someone make me feel better Feel like shit rn just want [NAME] back,sadness
The sea was angry that day my friends...,anger
"I'm missing my favorite coffee shop, it's closed",sadness
"This guy hasn't learned his lesson. Bake 'im away, toys!",anger
"Personally, I assume that those who claim NOT to be deprived in this way are just adept liars. That's how deprived I am.",sadness
scared for sure... scared of how much money we're gonna have to pay him it's gonna be all the moneys,fear
Probably because he isn't sharing the juicy details?,neutral
It’s fine. Baby boomers are always angry,anger
Allow me to describe the shock and awe I experienced seeing this: **Fuck no why u do this?**,anger
Because they want to. Why do you act like a goddamn weirdo about stuff like this?,anger
Fuck the haters [NAME] > Everybody,anger
"That's so good to hear and I know stress/anxiety is a factor but idk how to get rid of it, glad for you though.",happiness
My life is going pretty smoothly at the moment,happiness
"Ugh, my mouth feels all dry and yucky too.",disgust
My day has been pretty crappy thanks to him.,anger
Probably. Government contracts are already terrible as they rarely pay on time,fear
I miss my family during holidays like this.,sadness
This post is bad because the only good phone is the Palm Pre 3 running webOS,disgust
"Weird, FBI did an investigation and proved that never happened. White knights make me cringe.",fear
What a pathetic reply. I know we’re all supposed to be nice here but c’mon.,sadness
"That's really the only standard of your life, whether or not it makes liberals furious? Sad.",sadness
"At least he was polite - ""please"" fuck off!",anger
This weather is kinda ruining my mood today too.,disgust
"I would think terrible, awful things.",fear
Jurassic world fallen kingdom was awful after they left the island,disgust
I am interested if still available. This would be way more fun then my smith center season!,happiness
I've never felt such intense sadness before today.,sadness
"This noise pollution in my neighborhood needs to stop,",anger
He's not my type but [NAME] is handsome AF. /s,happiness
"You must be ecstatic, I'm really happy for you.",happiness
as someone who is a big save the earth guy this is truly awesome and makes me proud to be a fan of the yankees,happiness
Why is this not 5x5? It hurts my eyes...,sadness
"Turn off your phone, computer or even the internet. It is scary to do but just for now when the urges hits.",fear
You seem like a well adjusted individual,happiness
Seeing that knife on this subreddit put the fear of [NAME] in me,fear
That's an extremely ignorant thing to say,anger
Venetian Snares x [NAME]. Amazing,happiness
My room smells like sweat and it's disgusting.,disgust
this literally made me sick to my stomach,sadness
"Slap her hand if she is trying to force you to do anything! Tell her not to put her hands on you, and enforce it every time.",anger
Her absence is probably the greatest present she can give you. Enjoy it while you can.,happiness
we are at !CURSED! levels of cursed,anger
"Youtube ""glitch through anything red dead online"" and filter to show videos from the last week. 😊",neutral
EDIT: wrong link sorry here’s the right one I hope,sadness
Lmao I’m so sorry but yet intrigued as to how it contributed to your breakup?,sadness
Sorry thought you were the other guy that said it was a privilege.,sadness
I was really looking forward to that event too.,sadness
Stranger: **Compliments me** Me: I'M SORRY!!,sadness
"I want to go scuba diving so bad, but swimming in anything bigger than a pool terrifies me.",fear
I'm sorry but data and facts are more important than the emotional experience of having lived through something.,sadness
What a fuckin n,anger
The Dillard House is literally my favorite restaurant on earth. Their ham is the most amazing thing on this planet.,happiness
I am literally fuming about last night's argument still!,anger
I thought it was mildly interesting and don't regret watching it.,sadness
"My car is making weird noises, hope it's nothing serious!",fear
My stomach hurts when I think about public speaking,fear
I'm really hoping I don't get lost in this city.,fear
That song was epic live,happiness
Missed opportunity to put [NAME],sadness
Yeah so I got kicked from a group chat for gnoming people*,neutral
So angry at myself for forgetting my phone charger.,anger
"Suddenly, a dream vacation to Bali was actually happening!",happiness
Nah man there's nothing you can say to persuade people.,neutral
Now that's ride sharing!,happiness
"Just got a compliment on my cooking, yay me!",happiness
I’m thinking it’s from when she was abused when she was pregnant and lost the baby.,sadness
"I’m sorry to inform you, it’s worse.",sadness
That's kind of sad to be honest.,sadness
"Not at all. It's great of course for financial reasons, but it then makes me worried about how much time she'll have for a relationship.",sadness
"Like the poor redhead in True Blood that got vampired as a virgin, but worse.",disgust
My favourite series are House Party and A Way Out. The Sonic comics episode is a golden too.,happiness
"Very well said. I am no fan of pinkers ""everything is awesome"" narrative of the modern world either.",happiness
"It was a painful cringe, too. Are we masochists?",sadness
That thigh gap not cute at all,disgust
"Been to 54 countries at age 34. No debts, ever. Aiming for retirement in my early 40's. Life is good.",happiness
4 That conversation still has me boiling inside,anger
This service has been terrible and it's making angry,anger
Two goals that are directly the fault of the our defense? I feel bad for [NAME],sadness
I like the earthquake that occurs after she falls. Glad the cameraman got that on video.,happiness
Missing someone special is hard for me tonight,sadness
"Nah, substance abuse is sad, period.",sadness
I'm so upset that my package still hasn't arrived yet,anger
"I have already played with one friend, and we get along. But there was another guy i haven't played with before.",neutral
"Will see,still better for Chelsea then [NAME] who looked completely lost and devoid of any confidence lately",sadness
"Honestly, the fact that they're over and done didn't truly hit me until I saw that they now have a Greatest Hits album.",happiness
I’m gonna stand here and watch you smoke every one of those cigarettes! Maybe that’ll teach you a lesson.,anger
"Ah my apologies xir, did not mean to offend",sadness
I feel extremely angry at this moment.,anger
Where else can you get deer ears and a flower crown on your selfie?,neutral
I'm literally shaking with rage about the news today.,anger
He most likely saw you and just didn’t care. Sadly.,sadness
I've seen a number of them on there. I regret seeing most of them but some are legit movies.,sadness
Everything feels rather calm and peaceful right now somehow.,happiness
[NAME] is fucking destroying Bama and I LOVE IT,happiness
That's what I'm afraid of but I don't have a lot of free time so it would never work.,fear
I’m sorry :(,sadness
Something about him just doesn't feel right to me.,disgust
.I feel like something's missing in my life lately though,sadness
"You look the same to me, but I'm happy you had a goal and accomplished it!! You're a cutie !!",happiness
You seriously reposted your repost of the same repost you reposted again.,anger
This is disgusting.,disgust
Oh my lord I am so sorry. That is just despicable. Internet hugs.,sadness
Somebody is really insecure about their career decisions.,fear
"My friend cancelled plans at the last minute, annoying.",anger
"you have zero evidence that anything in this story is fabricated. your blind cop hatred just really, really wants you to believe that.",anger
The new policy at work seems really pointless,disgust
Orange fan sad. :(,sadness
"Yeah, without the music that scene would have been much worse.",disgust
"I wish things could've gone differently, but oh well",sadness
Because Im going to feel sorry for the death of someone who assaulted me. Sure thing buddy.,sadness
The Babylon Bee article makes me worry for [NAME] comic tastes.,fear
I just love anybody thats fabulous,happiness
It's pretty dangerous when the state decides which fictional deity is legitimate. For example the [NAME].....,fear
"I think the saddest thing here is that he thinks ""by-my-self"" is how to write that.",sadness
"Omg, unbelievably scary. Insane",fear
"those pictures of [NAME] are real, he's on Crashing and the way he looked in the premiere was just awful.",disgust
This darkness is consuming my entire mind,fear
"Snorting them might be what kept her from having a lethal overdose, snorting benzos is pretty much a waste as most of it barely absorbs.",fear
"I'm 27. I've been thinking about joining the club, just to avoid this inevitability",neutral
This customer service rep is not helping at all!,anger
I picked it so it forced me to stay anonymous.,neutral
Icing on a cake of sadness.,sadness
happy early birthday OP! have fun !,happiness
Nobody uses OkCupid anymore. Go to a bar and pick someone up,neutral
My mood hasn't been the best all week sadly,sadness
"Oh, sorry bud. Didnt mean to be rude",sadness
Same. Glad it's not just out store.,happiness
It's been weeks since we last spoke and that hurts.,sadness
To drool on.,disgust
This toilet seat has weird stains all over it eww,disgust
Can't believe they cancelled my favorite show.,anger
"Today felt like two steps forward, one step back.",sadness
I learned that recently driving into SLC for the first time in the rain/snow. I couldn't see shit. 1/10 Was scary.,fear
It was the worst cinemax porn I've ever seen.,disgust
Burn wait someone already did it sorry,sadness
My flight tomorrow has me feeling pretty anxious actually.,fear
Misandry is not part of our feminism here. Don’t make such comments again.,anger
I’m more worried about the dude getting pissed all over my shoes,fear
because people are idiots and don't like being wrong,anger
Today's commute was absolutely ridiculous for some reason.,anger
I only watch bad animes sorry,sadness
I feel annoyed by all these minor setbacks lately.,anger
i dont wanna go skydiving with friends anymore lol,fear
It feels oddly comforting and familiar that we suck at hockey again.,disgust
[NAME] combat is terrible and the only reason I don’t play it anymore,fear
The promise of adventure lingers on the horizon tonight.,happiness
I'm starting to feel a bit overwhelmed at work.,fear
"Matinee games always scare me, but I have confidence in this team. LGI!",fear
It only gets worse kiddo. Someone call [NAME] and get this girl an upgrade.,disgust
That movie was just weird and creepy to me,disgust
Please. Sorry.,sadness
"Yet, the Blue Bell crowd still worships this half ass ice cream, full of artificial flavors and HFCS.",neutral
"I mean this in the least creepy way possible, tell me how it works out NO DETAILS PLEASE GOD NO",fear
"Same here man, terrible feeling",fear
"Suddenly, a text from my crush lit up my phone.",happiness
".I just got a disturbing phone call, I'm shaken",fear
"Usually fly fishing. During winter I like cooking, enjoying a glass of wine or a joint.",happiness
I'm quite interested as well!,happiness
"I had higher hopes for this week, so far no",sadness
"of course not, [NAME] and [NAME] were great friends and anyway, he's been dead since 2016.",sadness
Nobody understands what I'm going through it seems like sometimes...,sadness
Missing my ex more than I thought I would today.,sadness
Good. I want them to remain crazed. More winning for us.,happiness
"Oooo, shiny! (Is the blue one the new one?)",happiness
The dryer sounds like a fire hazard to me.,fear
But it literally had. Her name on it. Kids are so fucking stupid.,anger
The worst is ‘get in a group with someone you don’t already know’,disgust
"Traffic jams are the worst, especially during rush hour",anger
Don't give away my zip code! Craft beer and fabuloso be dammed!!,happiness
>testing teenagers for four mystery roles Oh good lord. This is going to be even worse.,disgust
That's why I'm glad they got [NAME].,happiness
I feel sad about what happened last night still.,sadness
"I mean, a lot of animals I've seen get terrified of regular stuffed animals, imagine having your fears super sized like that",fear
I think I'm kinda the same way like I change up so much everything I say feels like a lie... See just did it again. Fuck.,anger
It's harder to find a decent picture of him,sadness
I feel pretty icky from not showering yet.,disgust
I'm worried that I'll make a huge mistake,fear
"This place is filthy, I need to get out.",disgust
Oh noooo. I once accidentally rubbed my eye after handling habaneros. It's the worst.,disgust
I hate how dirty my car interior looks right now,disgust
I'm sad that I missed your call earlier.,sadness
Damn... METOO,anger
"[NAME] blew it by putting [NAME] on the WS roster. He was horrible, and he hadn't pitched in weeks.",anger
This guy should go to HELL,anger
your first mistake was trying to make something look presentable while serving it in a tupperware,anger
"""I suffer from a very sexy learning disability. What do I call it, [NAME]?""",sadness
I buried the hatchet with them last year. Phuck Philly,neutral
Cake! Happy days!,happiness
I feel totally overwhelmed with anxiety today.,fear
Well that was disheartening.,sadness
Awesome! Congratulations. That is a nice investment.,happiness
Hell yeah! I can't wait for the rust to break off and for people to be as excited as they were years ago.,happiness
">If you can’t recognize bad acting like [NAME] emotional scenes, Oh please. Why are you even on this sub? Lol",anger
You're right. Sorry for the poor reply.,sadness
I’m really glad to read that ex-spouses are friends after. Good for you all!,happiness
The denials is crazy in here,anger
"What the fuck? Really? That’s horrible. That’s probably illegal. If it isn’t, it should be.",disgust
But he wanted to!,neutral
Such a sad way to think of life all because these people believe there's something greater than this.,sadness
[NAME]. Im sorry,sadness
Don't know why my friend would do something like that.,anger
I got a pretty ridiculous parking ticket yesterday arghh!,anger
The hint of possibility was almost too thrilling already.,happiness
"Didn’t mean to offend, sorry if I did. I’m a firm believer in less glass( phones) and more flesh/blood.",sadness
When you insult someone you might want to start by insulting them to where they can understand what you're trying to say...who givES A fuck .,anger
"The FDA has plenty to criticize. But like here, it's usually criticized horribly off base. It needs to grow some balls and actually enforce things.",anger
Nobody claims that 20th century socialism was a utopia. Please remember your own comment before replying.,anger
Enjoying Mummers. I'm from Philly. I kind of terrified as they just used Skyrim music....,happiness
"Something's just not feeling right today, idk what it is",sadness
I hate these cakes so much.,disgust
I feel like screaming at this stupid computer screen.,anger
"Just threw up, this flu is disgusting me",disgust
To be fair that would be a hella stiff drink.,anger
Getting tougher to make those mortgage **and** car payments.,sadness
The crowd's thunderous roar electrified her triumphant stage entrance tonight!,happiness
"Not to assume things here but why would you gas yourself over [NAME], kid is a fucking monster",anger
Might not have fallen if little miss [NAME] didn’t have to pull her skirt back.,sadness
"This. We already have so much more OL talent. We need another WR and TE, but I'm kinda excited",happiness
Grateful for a job that allows me to travel.,happiness
WHAT A DISGUSTING START,disgust
My coworkers mood rn. Sober AF.,neutral
>it is fleshy I am horrified to learn that my flesh is fleshy,fear
Feeling left out of everything happening around me sucks.,sadness
"It depresses me that the Carousel revamp has been a popular answer. Thats not a change, that a sliding scale adjustment.",sadness
The titles of her posts are somewhat dramatic and I have avoided her because of that,anger
Same business model as playboy — people bought the magazine for the sexy ladies but the writing was excellent.,happiness
Today has been a pretty sad day for me.,sadness
I wanna die!,sadness
"Damn, even here in CA the gun haters almost invariably exempt law enforcement from their crusade.",anger
I’m so sorry to hear that! 😂😂😂,sadness
I am more of a dumbass for building a $2500 308 AR-10 for my first rifle... regret it but just not willing to sell it till this day,sadness
You'll feel better about yourself if you don't act like an asshole to people who care about you.,anger
"I know, right?! I was literally in tears Saturday night 😪 It's only 3 years old!!",sadness
Worrying what other people think is what collectivists have brainwashed you to think and feel. You are just a coward making excuses for your cowardice.,fear
I have failed you [NAME]. I have failed you.,anger
I was getting arrested and my dog run away from home like a bullet,sadness
Kid has a disease/condition where his skin falls off at the slightest touch,sadness
I'll second this notion. One of the first things to go is texting when I start getting sad.,sadness
"WHO'S EVEN ON THE ROSTER AGAIN? FUCK, [NAME]? [NAME]?",neutral
My world is falling apart and I'm helpless.,sadness
"My anxiety levels are rising lately, not good.",fear
The fuck? That ball was still on the ground tho.,anger
No one does... that what makes it so provocative.,anger
"I’m sorry :(. Lol. For me, after the ending of 3, and Andromeda, I have zero interest in ME.",sadness
aw :(,sadness
I'm so disappointed in the news I got today.,sadness
Nice try.,happiness
I don't think things can get any worse than this,sadness
"Maybe try living a little longer before you talk about things you don't know about, sweaty. NEXT!",anger
Oh look another shit call,anger
The area around Parliament is full of nutters of every political persuasion When I went there was loads of CND types.,neutral
I'd worry about traffic more than the TSA.,fear
I bet she smells like a jar of mayo left open for a week in the summer,disgust
"l need to clean my room, it's really filthy",disgust
Everything about this wedding is truly magical tonight somehow.,happiness
"At the time, pregnancy out of wedlock was a stoning for having extra marital sex.",disgust
They shout it near the end. Listen for WAAAAAAALLLLLL,happiness
My morning coffee really hit the spot today thanks you!,happiness
Can’t wait to lose this one!,happiness
"Disgusting, but fascinating.",disgust
Which three of you motherfuckers changed it from 666 upvotes when I clicked on this post?,anger
Today was an incredibly frustrating day for some reason,anger
"Who said anyone was white or black? Forget it, trumpie. You clowns don’t care about the truth.",anger
That’s sex discrimination. The male class has their own bathrooms but the female does not.,anger
"Behavior I'd consider deeply immoral without showing true remorse (I'm talking rape, torture of animals, that sort of thing).",sadness
"Clearly, laughter was contagious at the party last night.",happiness
ah dang sorry. in that case idk.,sadness
Feeling utterly hopeless after losing my dream job suddenly.,happiness
I'm getting a bit uneasy with all these strangers around.,fear
My coworker's attitude is kinda bothering me today actually.,anger
This homework is so pointless and annoying too much work.,anger
"I had a pretty rough morning, felt kinda disrespected",anger
Not sure what to expect at the dentist today.,fear
Hurts to read :(,sadness
"This traffic is disgusting, we're not moving at all.",disgust
Especially hard last night looking at Snapchat stories.,sadness
"Ugh, my hands feel so greasy today somehow.",disgust
Omfg the worst!! want to pull my hair out!!,disgust
Because of this bad situation some people are afraid of becoming youtubers because of this,fear
That escalated quickly,neutral
Today's surprise party totally made my day amazing.,happiness
Ex Novo has a great one on their menu and probably open.,happiness
"Only when they have dirt underneath them, now that’s disgusting.",disgust
If you really think a horror movie needs jump scares then I feel bad for you son.,sadness
I'm slightly freaked out by all these bees outside,fear
This is beautiful and heartbreaking :(,sadness
"This whole place reeks, let's get outta here ASAP!",disgust
sorry mr brolobo,sadness
What the frick. I ordered a x box card,anger
I'm more interested in why there are goldfish in the picture...,happiness
Fuck that. Anyone who makes a career out of spreading bullshit to morons is worthless trash.,anger
My roommate is being really inconsiderate lately too.,anger
My wife with BPD hasn't even kissed me in over a year. Get used to it if you're sticking around.,sadness
Traffic is crazy and I don't feel safe driving.,fear
So sorry you are hurting.,sadness
"Today was a total disappointment for me, sadly.",sadness
"that’s actually sad, feel bad for him :/",sadness
"We’re playing well, except for a 2 minute stretch. As is tradition",happiness
"I'm at job that is effecting my mental health, and I'm not sure if I should be up front.",sadness
"Just hit my 3pl8 squat, been looking forward to this for a long time so really happy I finally got it! Now on to 4",happiness
“ nice try”,happiness
Oh my [NAME] I completely didn’t realise. I’m so sorry,sadness
The upcoming concert tickets are almost within my grasp.,happiness
Sorry to burst your bubble but [NAME] is more popular than [NAME],sadness
"Tonight, fireworks will erupt in synchronization with her beating heart!",happiness
I honestly do not know. Chastise them for their hardness of heart and presumptiveness I suppose. I guess that is what [NAME] would do.,anger
"Suddenly, sunshine peeked through the blinds, lifting my mood.",happiness
I'm totally repulsed by some people's habits online lately.,disgust
Happy birtday my dude,happiness
Ded game we should be happy we have a new hero,happiness
I can’t wait for socialist Norway to collapse.,happiness
These disgusting old hags are literally old school flesh-consuming ghouls. Like [NAME] or [NAME].,disgust
[NAME] just wants to post pics of her facetuned of herself for attention while acting morally superior to those other girls. fuck off,anger
Happy new year /r/newyorkmets. Everyone in this community makes this place feel seriously special. Let's go win a world series in 2019.,happiness
Highlights will be glorious to watch! Here’s [NAME] shootout zinger!,happiness
"Someone left the trash can open, it's disgusting.",disgust
An entire family gone within minutes... how absolutely heartbreaking.,sadness
"Sorry, but [NAME] doesn’t even compare to [NAME].",sadness
up shut fuck the,anger
I’m tired from working hard and I want someone to snuggle me to sleep,fear
"When we’re talking Prog music, ya it’s kind of important that it pushes boundaries.",neutral
"Hey quick brag, this post was read by [NAME], episode 63! I'm actually really excited, he's one of my favorites.",happiness
It’s possible that the dog just escaped. Especially since it might be excited by the massive crowd running,happiness
The pistons are aggressively mediocre which sucks. [NAME] has been awesome but the rest of the team is horrid,happiness
If it makes you feel better im gonna be scrubbing out hard for a while so maybe ill see you round to give me another loss,sadness
"That whole [NAME] bit of ""I'm not gonna rape you. I'm a little boy."" is oddly on target.",neutral
hell even clem would be if she witnessed it happen,anger
my [NAME] this is just *yes*,happiness
Why did they have to cancel my favorite show?,anger
The fireworks explosion of confetti just sealed our victory!,happiness
What a garbage post,disgust
> As long as they dont bother people or start a mess. When are they not?,anger
It’s objectively a lie. Prove me wrong,neutral
[NAME] damn cummonists,anger
"I think they'd do ok (Sorry but as an INTJ a lack of my thoughts here is also bothering me, too)",sadness
My anxiety is killing me tonight ugh.,sadness
"I'd be happy for them to take a shot at him, I think he's an excellent player and only getting better.",happiness
"I'm sad, but I just want a new Metroid game, and if this is what it takes to make it great then I understand",sadness
what the fuck do you learn in first grade that’s so important anyway?,anger
Everything about this vacation has been quite wonderful so far.,happiness
What the fuckkkkk burn itt,anger
Happy New year!,happiness
"[NAME] is amazing, big fan of him.",happiness
I'm terrified of losing my loved one,fear
"I'm a firm climate change believer but jeez that was painful to read. Sorry, this is far from bestof",sadness
Today feels like it's going to be tough mentally.,fear
I stuck a bit of glass up there. It was a pane in the ass.,sadness
"I'll pass the ""I'm not crying you're crying!"" part. Yeah I'm crying.",sadness
My life is totally transformed in the best way.,happiness
I hope this is better than The Middle I mean it's [NAME] so it's going to be decent at worst.,disgust
"Oh gosh, I'm so sorry you had to deal with that. It sounds like you handled it really well. Kids are cruel.",sadness
I saw your missing post and hoped you found your baby! I'm sorry for your heartache,sadness
they will also hate the eagles for years to come because their fans were a bunch of meanies,anger
that scared me,fear
"""Human, there is something wrong with my water.""",neutral
The sad part is that we are not trying to tank,sadness
"oh, ive seen that, ugh breeders have such weird and confusing minds",disgust
That's really sad. I used to live not far from there and spent a lot of time in that park. Fished in those ponds many times.,sadness
"No problem here, as long as neither one of you are the asshole.",anger
I sincerely apologize...I’ll delete and please take this upvote,sadness
2005? I think we might be the same person lol. What a terrible year. I go back to that one a lot.,fear
Break ups are painful and there’s no way to avoid that. Be honest with your current girl and end it.,sadness
Shitty cars made of plastic,anger
So what you are saying is that you are not a serious guitarist is you use finger guards?,anger
"Hate to be that guy, but that's not DDR, that's Pump It Up, the Korean DDR rip-off.",disgust
Good looking calamari.,happiness
that dude steals so many tweets. i hate him,anger
You are forgetting driving. Somehow the law is full of examples of this double standard.,anger
I hate poetry,disgust
This argument makes zero sense. The same tax exclusions and exemptions that were around when the marginal rate was at 90 are not around today.,anger
I'm always down for pimple popping pupper pictures!,happiness
I can barely remember when it was even possible to find shit that horrible,anger
Where did you hear this? Sorry I never heard of this and I'm kinda interested now,sadness
"I want it over and done. I do. I am tired, boss. Tired of being on the road, lonely as a sparrow in the rain.",sadness
I wish people would just listen to me sometimes,anger
[NAME] is awesome,happiness
I hate it when plans get changed last minute.,anger
I'm sad we have you at home this year. I want to make a trip to see Allianz.,sadness
Unfortunately not but I loved the saxy section and would love to see it again!,happiness
So you are saying they are doing exactly what they are supposed to do with the money and hire people to work on it.,neutral
One wrong kick can end oh so horribly,fear
This storm is getting intense and I'm freaking out.,fear
I apologize for doubting you.,sadness
here for me scenes of [NAME] being dragged by her children,neutral
I'm frustrated with this slow internet connection.,anger
":o I have one too! I didn't get anything but bullied at school, though.",sadness
Bringing it up now because you and many like you made this sub a hostile environment for voices of reason. Eat crow.,anger
"Im color blind, i usually see blue as purple and red as green soo...",sadness
"That's awful. If I were a celebrity, I would probably do the same.",disgust
Yikes that made me tense up. Not sure I was breathing. 10/10. Very painful looking,fear
everything feels uncertain right now honestly,fear
You are not wrong. I have learned about myself alot while on drugs. Sometimes it's scarry when i find out how limited my mind is.,fear
I miss being little 😭😭😭,sadness
His Batman/TMNT book is a really fun read with great art.,happiness
My only issue is he keeps blowing draft picks on QB’s that are terrible.,fear
My flight is delayed and I'm getting anxious.,fear
"This movie is so cheesy, I'm cringing hard now.",disgust
My friends that were badly injured from the first fight. Read my backstory comment.,sadness
"I used to work nights at a 24-hour Walmart, “interesting” is a damn tame word for it.",happiness
Hang on so Im not allowed to stroke your dog? Thats sad.,sadness
I'm kinda anxious about what's gonna happen next week.,fear
Florida. I moved up here and chose the best hockey team in NY/the universe,happiness
I'm sorry *what*,sadness
By that logic the NDP need to stop existing to prevent the Liberals from going to the left.,neutral
You will never have as many girls interested in you as when you have a girlfriend. They can smell it,anger
Your market sucks,anger
This rotten fruit in the fridge needs to go now.,disgust
My heart is still hurting from our fight yesterday.,sadness
Fucking fuck! 2 (or more) sets of fucking socks in fucking sandals.,anger
It's wonderful because it's awful. At not with.,happiness
#I BELIEVE IN [NAME],neutral
Imagine being born in 1987 and not having been invited to a party since your friend's birthday party in 1999 though :(,sadness
Seriously! I'm on Xbox and all my crew and we have never had an issue!,anger
I like how they roll,happiness
"This moment is absolutely, utterly life-changing beyond words tonight.",happiness
Sadly I don't think even half the people who watched the game are gonna hear about that.,sadness
My day has been ruined by this one person.,anger
I like your attitude. You seem like a good person.,happiness
"I'm beyond devastated, can't even talk.",sadness
I miss my friends who moved away recently.,sadness
Have an interview in 11 hours and it's after 2 AM bet LETS GOOOOO,happiness
This is the single dumbest defense out there for aim assist. This shit is just retarded.,anger
Feeling insecure now,fear
[NAME] boxing gym in Ross is super inviting to everyone! It's a legit boxing club that is also friendly to folks just looking for a workout.,happiness
Unfortunately not. 😏,sadness
"as the old saying goes, we know what they all r, just trying to negoiate the price.",neutral
Ooooooo that burns!!! 🔥🔥 🤣 This is amazing.,happiness
There’s this which is terrifying to think about,fear
"you can't damage anything other than on foot players right now, no turrets, no vehicles, no objectives, it has been bugged since the december update",anger
> It's crazy you don't understand this. i r o n y,anger
I'm getting really irritated with this noise.,anger
I'm extremely thankful for your support always thank you,happiness
A better description would be she got a nasty fright rather than it being terrifying.,disgust
I miss [NAME],sadness
mystery solved.,happiness
-> edited: Anything can go wrong today apparently.,fear
Today was just one big headache for me somehow.,anger
"Honestly, these are probably things you should have thought about before telling your husband you wanted to separate.",neutral
My roommate left their dirty socks on the floor,disgust
Who’s fucking a shark !?,anger
My sibling's constant teasing is really getting old.,anger
Feeling pretty meh about this whole situation honestly,sadness
Just got stuck in a crowded elevator ugh.,disgust
I'm fed up with waiting for my package still.,anger
Umm how about “Sorry I tried to kidnap our son.” He could start there.,anger
Frustrated doesn't even cover how stuck i am here,anger
Today has been one huge panic attack.,fear
"YEAAAAHH!!!!YEAAAAHHH!!!!...oh, here ya go, doom-di-doom...",anger
You know what? You’re below average in terms of going to cinemas,neutral
She’s out here lookin like Snuffleupagus from the muppets with those big eyes sheesh,neutral
Wasn’t there a video of the exact same dude kicking down a fucking tree????,anger
. The only thing that matters is that [NAME] was murdered and those responsible must pay.,sadness
"Each Dark Souls game has been voted ""Most Likely to Result in Controller Damage"".",anger
"the trajectory of that is really weird! But [NAME], that guys arm, hand, possibly head is not liking the next .01 second!",disgust
"Ugh, my food went bad in the fridge again",disgust
that this ridiculous comparison is this detailed and explicit makes me think the whole beating-a-little-girl-thing is part of his disgusting sexual fantasies.,disgust
"Don't cry for me, Argentina.",sadness
I think the flairs get removed if a team hasn't been to a major in a certain amount of time. Don't quote me on that though.,anger
"I’m sorry you’re going through the hurt, this shit sucks so bad.. I don’t wish this upon anyone..",sadness
"Me, because I'm a narcissistic bastard.",anger
Our team just gave up the moment that happened and all went to top lane to have a b-step party with the other team,happiness
"While I understand where you are coming from, this is a tad too aggressive.",anger
I don't like football but the 10 minutes of actual football has been pretty entertaining so far,happiness
I've got butterflies before this big presentation today somehow.,fear
"yes, please do I'm worried about her D:",fear
"Not loving the rain outside, it's so gloomy.",sadness
Psychiatrist and the right meds help. Just something to normalize those high anxiety days,neutral
I live an hour from one but was afraid of driving all the way there and them telling me that I have to order one.,fear
My sadness feels suffocating at times,sadness
This chick is a lunatic now,anger
I always feel so bad for [NAME] when I watch this scene.,sadness
Coming from [NAME] even though it’s a hypothetical question it’s still gotta feel scary,fear
"I figured this story would end with her screaming, ""I DON'T CARE WHO YOU ARE... THIS IS A CAR.. TAKE ME HOME!!!""",anger
I am not having a good day thanks to him,anger
"Honestly, it's a great sample of the world as a whole. One articulate person can steer an entire crowd of idiots to do anything.",happiness
This hotel room has a weird smell and it's bugging,disgust
this comment made me very nervous,fear
"[NAME] is huge fucking liar, but you seem to like him.",anger
"Troo, troo....worse eban dan eat pizza wif aht a ferk.",disgust
I have no friends.,sadness
"[NAME] hears bible verses and is like ""fuck this shit""",disgust
How exciting.,happiness
Not feeling great about this thunderstorm outside my window.,fear
"it only flatters them when they’re posed a certain way. but other than that, it looks awful and uncomfortable",disgust
My neighbor's trash cans are disgusting again.,disgust
I think I’d take the long view - the good news is that at least she’s not pregnant...,happiness
He’s your rebound guy. Have fun. But expect little. And certainly don’t expect it to last.,neutral
I'm so sad.,sadness
"Not sure if I'll meet this project deadline, fingers crossed!",fear
"I had a pretty meh week, just got through it.",sadness
Why did strangers smile at each other today everywhere?,happiness
"Seriously, why is my phone battery always dead today?",anger
It was a screech of delight. I like this hire. Would let to get a good OC now.,happiness
[NAME] that is frightening...,fear
Exciting finish here.,happiness
I had to put Bird Box because it's the only direct to streaming movie I saw. I feel dirty.,disgust
"Abso-goddamn-lutely. It’s the only thing I can think of that can make otherwise rational people defend rape, murder, genocide and slavery.",anger
Sorry buddy I think that one is permanently dead. :(,sadness
"As a strip club connoisseur, this is one of my biggest fears.",fear
Oh fuuuuuuuuuuuuuuuuuuuuuuuuuuuuuuuuuuuuuuuuuuuuuuuuuuuuuuuuuuuuuuuuuuuuuuuuck RIGHT OFF!!!!!,anger
"That’s what I meant, sorry bout that. Never fold AKs pre",sadness
My sister's perfume is way too strong today.,disgust
What if the movie sells out by tonight?,fear
My day is not going well at all today.,sadness
I'd argue they are advocating not fighting the fire in your house when the entire neighborhood is engulfed in flames.,anger
Hurr durr everyone needs to worry about other people’s problems,sadness
Not the fact that it's a terrible comparison?,disgust
".just stepped on a squished bug, nasty feeling",disgust
The House comes and goes every few years. Judges hang on until they die. Congrats on the House.,happiness
"Absolutely is, sorry. I just came by to say Howdy back until I saw all the hubbah. [NAME].",sadness
"I'm hoping it's more statistical noise at this point still, but it's definitely worrying.",fear
It's kinda sad knowing that ibises are only scavenging our bins & rubbish due to their natural habitats drying out.,sadness
100% scam,anger
My husband never watches this show. Watching with me: “[NAME] is a horrible dad. He looks likes he hammered. He’s so greasy”,anger
This news really put a damper on my day,sadness
thats amazing!! Congrats!,happiness
What is normal? It should be tho....,anger
Looks like one of mine too. Such a horribly raised entitled rude brat,anger
The creepy noises at night are really bothering me tonight.,fear
My mood is awful and it won't lift off.,sadness
Wasn't the sunset kinda beautiful this evening?,happiness
The dark woods near my house give me chills always,fear
came here to find the person who hasn’t seen this movie so i could feel bad for them,sadness
I'm really appreciative of this chance to relax at home,happiness
I baked the perfect cake for the first time ever!,happiness
also a harsh NOOOO when disgusted,disgust
Split ends on leg hair is how I determine when it is time to shed my winter coat,neutral
For both of you together? The fuck company are you using.,anger
"Any one of us could be a journalist, and that level of journalism feeding the masses is mildly scary.",fear
"Ah u/The_White_Baron... I didn't read all of it, but glad I know the reference now",happiness
..mmhmm...ye...yeah. I said it,neutral
"I'm getting really anxious, need help ASAP please!",fear
I really pity those unfree Cuban babies. It’s just sad.,sadness
Yooooooou are the ooooooocean's gray waaaaaaaaves...,neutral
And those poor kids are still paying for it. And we have actual grown adults that are bullying them even today.,sadness
"For you, the day the bison frolicked in the snow was the cutest time in your life, but for me...it was Tuesday.",happiness
yea so disgusting,disgust
>Rise of Agon Literally the worst fucking game that man kind has ever managed to accomplish and you call him a carebear? Fuck out of here.,anger
I'm beyond grateful for your support today.,happiness
I'm so grateful for another day to live freely.,happiness
No noodlebox for you then. Sorry.,sadness
Feeling a little blue and don't know why exactly.,sadness
Anything seems boring without her by my side,sadness
The entire city is buzzing with festival preparations tonight.,happiness
Cool story bro,happiness
I was explaining how baptism does not affect a person in the same way the Immaculate Conception did.,neutral
Your memeing right o.o,neutral
That's one of the only times I've ever felt bad for [NAME]. He was relentless and would not let it go!,sadness
It's not a murder or a cringe. Just seems like two friends joking around.,happiness
Conversion to make gay people straight. It's horrifying,fear
I'm literally gagging at this stench right now.,disgust
IT'S NOT FUNNY HOLLY.,anger
Go pursue that education. Let [NAME] wallow in her own sadness.,sadness
looks like got damn shoe leather.,anger
",This fast food burger tastes super nasty for real though,",disgust
I feel kinda nervous about flying today to be honest.,fear
"It's not like the picture looks bad. Wait, no, I take that back immediately. I can't unsee it now too.",sadness
"I played that one. It was really fun(at least to me, as a kid).",happiness
That is not a law. It's a freaking poem that someone decided to write.,anger
Hey beautiful! Glad you had a great time!,happiness
This post gave me incredible anxiety until I saw the back tires rolling sideways which was amazing.,happiness
I'm seriously annoyed at how slow this line is moving.,anger
"I feel like it took for fucking ever actually. Still too fast, but anything would be",anger
I’m not sure even know sits a fucking painter’s tool. I hate everything about everyone in this video.,anger
"Suddenly, tickets to her favorite concert went on sale!",happiness
"""Why everyone hurts me?""",sadness
"My day turned out okay, thanks to some good news.",happiness
Your reckless behavior towards the environment disgusts me honestly.,disgust
"I have no idea what's happening, but it scares me",fear
"Dude, wtf is this?",anger
My neighbor's dog is barking nonstop again ugh.,disgust
Bullying impacts brain,neutral
I'm thankful for every experience that led me here.,happiness
Twas a joke ❤️,happiness
"They’re speaking Spanish and the character is racist, making the experience terrifying",neutral
These subtitles are stupid & unnecessary.,anger
[NAME] expunged my paraphernalia without consent and I called the **LAW TIGERS** to sue him for damages.,anger
Her graduation ceremony was rather a joyful celebration.,happiness
That's perfectly fine. I'm sorry if I offended you in any way. Have a nice day.,sadness
"If you are not going to kick him out, then don't complain. It is all your choice",anger
I hate how my life is turning out lately.,sadness
Some graffiti can turn that really bad,disgust
"I dont mind these people dying, what bothers me is that some random bystander could be smashed by this guy should he fall",sadness
enjoy it and happy New Year!! I was at the cheesecake factory yesterday with one of my kids.. had a blast,happiness
I feel a little sad for her. That she thinks the only options or something to do is having kids. Fuck her tho.,sadness
"They played loud music on a ‘school night’, seriously! You’re backing the bastards here just to be contrary.",anger
Sorry for your loss mate,sadness
This restaurant has a serious cleanliness problem now,disgust
My day was going great until that one phone call.,anger
"Those are pretty good points. Not just for a hypothetical argument, but just good points about the plot in general.",happiness
"Congratulations, go for a beer and watch a Leaf game on Saturday! HNIC.",happiness
"This is very [serious], how dare you guys mock this [serious] science?!",anger
"Just got some devastating news, can't even breathe right now.",sadness
I am an atheist and the idea of a god makes me disgusted and angry so I prefer not to be religious,disgust
:) I like this.,happiness
his talk show is pretty great,happiness
Thunderstorms always make me a bit scared,fear
I'm having a major headache thanks to my boss today,anger
Girl said yaaassss,happiness
He should be banned from the nfl. I can’t get behind this.,anger
Probably scared they’re gonna get flashed by a camera.,fear
The garbage truck outside smells absolutely disgusting,disgust
"Fuuuck, brutal",anger
Yeah that's how someone died at Dour festival when swimming in the stone quarry :/,neutral
Followup comment that not-so-subtly requests gold by feigning ignorance or pandering to the pathos of uninspired premium redditors.,anger
It looks like we might have a surprise party tonight!,happiness
The news about the virus has me pretty concerned today.,fear
My day was ruined by that annoying conversation,disgust
Feeling absolutely alive and on top of the world.,happiness
My heart goes out to those who helped me recover,happiness
I tip my invisible hat anytime I drive past this dealership. What an unfortunate surname.,sadness
"""Man is still the most extraordinary machine of all...And women are even cooler"" - [NAME]",neutral
"As someone who has been in a similar relationship, it is indeed emotional abuse.",sadness
"This is actually kinda cool, I like it!!",happiness
Ya done goofed kid. All you had to do was win.,anger
This trash can smells absolutely terrible to me today.,disgust
That young [NAME] looking dude is intense!,happiness
I'm not looking forward to tomorrow's meeting at all.,sadness
"Not the right sub, I'm afraid.",fear
I'm really angry about what he said to me yesterday.,anger
Even stuff like Bud Light and PBR has a place.,neutral
"Well, since everything in Australia wants to kill you, I'd say it is quite healthy to be afraid of Australian spiders, and other flora and fauna",fear
"This is more what I was looking for, that’s how I figured it’d feel but I’m not super eager to find out",happiness
">let’s take it all After all this time, people still don’t understand marginal tax rates",neutral
I know you'd think we lost to Arbroath the way folk are going on.,neutral
On pace to lose home ice advantage.,neutral
Ech even if he wanted to just be friends i dont think its okay to just ignore you like that. I think you dodged a bullet.,neutral
For my next magic trick; watch me turn this bottle of fireball into domestic abuse,neutral
"damn, congratulation 🤣",happiness
r/vaxxhappened. Fuck you Jan.,anger
**Takes away membership card* HOW DARE YOU SIR!!!,anger
"I nailed that job interview, fingers crossed now!",happiness
[NAME] actually just released an awesome video on the self help industry and it's relationship to these folks!,happiness
He seems like the most genuine dude. I’m so happy to have him as our coach.,happiness
"If the kid knew what she had on her mind, he's been corrupted way too young..",disgust
It's always nice to tell someone a pleasant story before they go to sleep.,happiness
"Or, drag an old pallet jack outside, empty.",neutral
I'm so angry with myself for making that mistake,anger
You Dirty F*king Heathen.,anger
I’m gonna research more I bet they’re expensive,neutral
I understand it but still can't ask questions. I am too afraid,fear
"i ended up crying and breaking down once i got to my friends house, i'm so sorry that happened to you as well :~(",sadness
So excited to see the man again.,happiness
"I'm so over this food, it's just okay.",disgust
One of my worst nightmares. Ugh.,fear
Let me just say that your posts over the past twelve days have brought me so much joy,happiness
"Just gonna be mean here, those are all hideous :(",disgust
"No, but its a big problem in itself.",fear
"Sorry, should have searched for the artist's name. Karma Decay is a lot less reliable than I thought it was.",sadness
My brother's room smells absolutely awful right now,disgust
I feel empty inside with nothing but tears.,sadness
My [NAME]... This makes it so much more cringe.,fear
I enjoyed this nearly as much as I enjoy too many pints.,happiness
That was a quick delete!,happiness
That place must be a gold mine of good stories.,happiness
. The customer service here is really disappointing me.,anger
You'd think he'd be under playing weight considering how 'light' his drink driving sentence was....,neutral
My photography hobby is really taking off slowly,happiness
"supernova AOC <3, the lies the media gets away with. Glad someone is talking back with real umph",happiness
He must smell terrible when he sweats. That's honestly pretty gross.,disgust
Yeah we're just awful. Sadly that's too friggin' true just now!,disgust
dude stop your gonna make me cry. This is horrible please don't do this STOP right now. Dont it's just not worth it,fear
I very happy with my character. I took my sweet ass time picking one that I liked.,happiness
"I mean, I’m an occasional monarchist myself. That doesn’t mean I’m under some delusion that it’s a fix all.",disgust
Feeling so alone and forgotten by everyone.,sadness
you should have asked this question 15 years ago sadly :(,sadness
~~Comrade~~ [NAME] I'm appalled that you would accuse me of using performance enhancing drugs. Neigh! Neigh I say!,fear
We are going with Godsey. This team is so dumb.,anger
"Boy just tell her to ""calm down"" or ""watch her tone"" and get it over with.",anger
Out of all the seasons I definitely feel the worst for her,disgust
he looks pretty average to me. like many guys i've seen on the train.,happiness
"Ah, so you're the reason people hate aspies.",anger
Trolls are not even trying anymore. Im offended by this half arsed attempt to get a rise out of me..,anger
Honestly scared to see what happens,fear
U.S. are going to fuck this [NAME] guy so hard...he's going to need help to remove all the stars from his rectum,anger
Piss drawer. Five bucks says piss drawer.,neutral
>it tasted horrible to use. Eating some of that right now. No regrets.,disgust
hmm... it didnt work for me when i posted it but now it does... weird af,disgust
"Hahaha, good point",happiness
Oh [NAME] that was horrible,fear
Oh my [NAME] strawberry watermelon menthol that sounds amazing,happiness
Can't believe they changed our plans without telling us first.,anger
You don't even deserve my attention anymore. Bon voyage sucka,anger
my crush began to be annoying when i lost interest in him. it sucks either way,anger
Oh hey that's pretty cool!,happiness
This is why I stopped watching. :( The brutality was disgusting.,disgust
Get the lad a prize.,neutral
Yeah this whole thread is gross. Calling a little kid trashy or misogynistic or sexualized for liking to play dress up is just creepy and weird.,disgust
I'm thankful for my health and wellness right now.,happiness
"Ugh, this weather forecast looks super gloomy for the weekend",disgust
"Weird thing, but my cat will go HAM on my earhole if I let her.",anger
"I hate to be that guy, but there are 6’0” + women",anger
I'm getting nervous about the presentation at work.,fear
You shouldn't force someone to come out you know. Now look at what you did! You killed [NAME]! You bastard!,anger
The thought of eating brussels sprouts repulses me completely,disgust
I really liked [NAME] tbh,happiness
I feel nauseous just thinking about it still.,disgust
100%. Do NOT order from there. I have the same story. Don’t post that place on reddit anymore. They’re a scam,anger
Omgg yes [NAME] precious,happiness
[NAME] and [NAME] for [NAME] then sign [NAME] afraid this battle station is fully operational,fear
I visited NYC 2 summers ago and I have the same exact feeling as you do. Glad you liked the city just as much as I did!,happiness
Gotta keep losing to make sure 5th is our worst case scenario,anger
Mom will get sad. [NAME] still good. Hanging out with friends still good. Money buying foodie exp is still good.,sadness
And good riddance!,happiness
I try to get close but I get pushed away. I try to back away and now I've just backed away.,neutral
This changes everything.,neutral
"Congrats, you got pleb filtered",happiness
I got mine a few months ago and honestly apprehensive to wear it out to a game in fear of staining it.,fear
I've done that in the past. It means he's stupid drunk and is missing you at the moment.,anger
And a happy holiday to you.,happiness
I was petrified...,fear
FWIW I had a terrible series of experiences at CFA and would never recommend anyone with anxiety go there.,fear
"According to imām [NAME], zanadiqa should be killed with no opportunity to repent.",neutral
Great to see [NAME] back on the court,happiness
"Today was kind of meh, nothing exciting happened.",sadness
How many times has this ‘football fan’ committed these crimes now. Someone should lock him up.,anger
"Yes, once I even deleted my account because I was so nervous about down votes. Lately,every once in a while I comment encouraging good attitude.",fear
"It makes me uncomfortable for anyone to force physical affection on anybody, it doesn’t matter the age.",anger
Omg that’s a perfect idea! I obviously want to avoid the stalker thing but I do love basketball and understand it so this seems possible,happiness
I’m gonna sit down and cry now,sadness
I just want something good to happen for once,sadness
Just had the most devastating news of my life,sadness
Today has been terrifying me since morning somehow.,fear
"Help, I'm scared and want to go back.",fear
"😀ahhh I see what you did there, clever.",happiness
9 to 4. That's pretty sorry.,sadness
That sounds really interesting.,happiness
"I don't want to be alone tonight, it scares me",fear
Baby cake!,happiness
"I got to see some fish at a science museum not long ago and it really brightened my day, too.",happiness
that was a horrible fix,fear
That’s nightmare fuel right there,fear
I'm gonna say that I hate Randazzo's because of their terrible icing. Haydel's is decent and ships.,disgust
"I feel sorry for people that think Reddit (or even some random sub-reddit) is ""an international stage"".",sadness
I graduated in 2002 and had history books that ended with [NAME] 2nd term. I had great teachers but terrible materials.,fear
I'm sorry.,sadness
I believe it was a severe dislocation as opposed to a fracture. Regardless....poor guy....,sadness
Rather thrilled to finally meet my online friend tonight.,happiness
I finally ran a marathon and crushed it.,happiness
I'm really irritated by my noisy neighbors today.,anger
"Your body, your choice. Sorry it had to mean the end of the relationship. But it's better now rather than later as tensions grow.",sadness
The aints can lick my bum hole.,anger
The fourth person could be [NAME]. But looking at the trailer it’s probably [NAME] who is back because of [NAME] tumour. Sigh.,neutral
[NAME] didn't have the n-word pass,neutral
Damn that coyote was a fucking noob.,anger
Goddamned masterpiece.,neutral
Feeling kind of lost and unsure about my future.,sadness
"[NAME] would be an exciting guy to bring here. I think he'd at some help at RB, especially if [NAME] ain't interested",happiness
3 weeks or so' away from her kid for some 'alone time'? I feel sorry for that kid.,sadness
"Say it louder! I'm sick of these leeches, too.",sadness
Thanks to everyone who made my birthday special yesterday.,happiness
My favorite restaurant is getting a bit gross.,disgust
>So that was a **fucking** lie. FTFY.,anger
"I'm sorry, but that poor kitty looks miserable.",sadness
Just got engaged and everything feels quite magical tonight.,happiness
My room smells awful from last night's Chinese takeout,disgust
I feel like crying about this situation still,sadness
"Done, sorry about missing that before.",sadness
That was probably my best speech ever given thanks.,happiness
What the fuck [NAME]! Are you easy to talk to? 29 years and you didn't see it coming?,disgust
Sorry pal but your just England’s b team,sadness
"No compromise, the Democrats are finally showing some goddamn backbone.",anger
I have an issue metabolizing medications fast. I'll wake up during surgeries so they give me a lot of drugs.,sadness
I'm getting anxious just thinking about work Monday.,fear
A hint of possibility sparks a gentle thrill within.,happiness
We *shouldn't* have to but if we want our beer then we have too.,neutral
"""You might feel some slight discomfort""",neutral
More like *Fun* Camps!,neutral
My shower was disgusting with all that mold,disgust
I think you can find it in pieces on YouTube. But CW seed should work. It’s odd that it isn’t.,neutral
How are they assholes?,anger
Damn kev I knew you love [NAME] but wow this is next level,happiness
Eating leftover pizza isn't really my thing anymore,disgust
I feel like I let myself down this week somehow,sadness
"Yeah, clear off. And tell your mates you had a horrible time too.",anger
">more money than you I seriously, *seriously* doubt that. >doing something before this guys are outta the country Prove it.",anger
"You said you were wearing protection! ""I was wearing my armor!""",neutral
"Every time I get a staff kill, it feels like seeing a shooting star <3 Yeah, it definitely sucks.",disgust
"Im at the game,somebody please put me out of my misery",sadness
Sorry man I don’t really like duck.,sadness
Who leaves their dirty dishes overnight seriously?,disgust
"Fear of powerful women cripples all logic and invokes hysteria in seemingly normal people. For further information, see [NAME] criticism.",neutral
My son brings *homework* from kindergarten. I feel betrayed.,anger
"Today was a total waste of time, thanks to him.",anger
My stomach's doing flips thinking about skydiving.,fear
I’m afraid too. It’s the not knowing what will happen that scares me.,fear
"If you do, the defecation will impact the rotary oscillating atmospheric circulation device.",neutral
Sounds hella aggressive. You can say the same thing while being nicer about it.,anger
My food is infested with disgusting little bugs.,disgust
PowerPoint would be nice,happiness
Cheers! Let's keep it going!,happiness
What's absurd here is that anyone believes a bottle of champagne is worth 34k.,anger
"Calm down and relax are the worst things to say to a woman, ever.",anger
"I’m broke, dealing with my own mental illness, and immediately concerned with just keeping the peace.",sadness
"OK, I'll be glad to help you with your trip!",happiness
Hard to follow after reading his post history. Says he is divorced...,sadness
Today's thunderstorm is really spooking me right now.,fear
I'm so sorry about your friend. What was he like?,sadness
Totally in awe of this incredible life-changing news.,happiness
"Today was way too close for comfort, almost got hurt",fear
also Appendix: i will explode whenever i feel like it to cause you pain,anger
Suck Fat Women.,anger
"Ewww, who left the toilet seat up like that?",disgust
Congratulations! It's an amazing feeling isn't it! 😍,happiness
"He doesn’t, he’s terrified, cries and hugs you. Basically one of the scariest scenes in TWD.",fear
honestly i don’t mind it but ik some people do and i rly don’t care enough to get into that,anger
Learning to ride this bike was a great achievement,happiness
This smell in my room is unbearable.,disgust
Going through the same thing and I feel the same way. Sadness. I hope it'll pass!,sadness
I regret that I understand that reference :(,sadness
I hate how you always dismiss my feelings,anger
What about Dallas and Austin?,neutral
"[NAME] fucked up with this line up. Why do you change it, if everything was going good? Idiot!",anger
cant wait to go through a rebranded version of this pain again in college too,happiness
This really is matter of principle. Its small now and it would only encourave him to take more next time.,neutral
What if I fail this exam and disappoint everyone?,fear
That logo looks cool in the morning lol almost cyperpunk,happiness
"I regret this knowledge, give me back my ignorance damn it!",sadness
I enjoy being a girl. (are shutdown memes still allowed? ...No matter. Couldn't find a decent one for this),happiness
Oh. Sorry.,sadness
I would stay away from [NAME]. Apparently his injury got infected and will require more surgery/surgeries,fear
"Yeah, I do. I'm just pretty sure that that will fuck my heart eventually. But I'll worry about that later.",fear
"imagine if this was a league youtuber. HOW TO GET FROM IRON 4 TO PLAT 1 INSTANTLY, ABUSE THIS BEFORE IT GETS FIXED!!!",anger
That's great!,happiness
I am seriously worried about our future together maybe,fear
One of the more disgusting virtue signals I've seen,disgust
so proud of you!,happiness
I'm so over the smell of rotten trash outside.,disgust
Weird but effective,disgust
I'm repulsed by how they treated him today.,disgust
So relieved that stressful meeting is finally over now!,happiness
"Very excited for what could come from his presidency, very much not excited for the primaries.",happiness
My anxiety level just skyrocketed what do i do?,fear
Huh? Mutts are usually healthier than pure-breds. It's the pure-bred dogs that have weird genetic issues.,disgust
"6lbs is a lap dog, if someone shoots that cause they're scared it's aggressive...",fear
"Now if you can teach her english, the real fun starts.",happiness
"""I lost control"" would have been an understandable explanation. ""It lost control"" is not.",anger
i think people are just getting more and more fed up with playing against him,neutral
Baby rape. Can’t make a funny joke about it.,anger
[NAME] why did they have to remove the OP? Her story is heartbreaking and she appears to only want some sort of comfort from the sub.,sadness
I’m glad you did,happiness
That’s what I’m terrified of.,fear
"Seriously, it really made me happy! I hope when OP scrolled through she felt a little tingle of happiness too.",happiness
Every noise makes me jump with fear,fear
Honestly tho. Please stop posting this. We've been seeing this shit since at least 2003 and I was born in 02 ffs,anger
Stay At Home Mum,neutral
"As someone who went through school before the internet existed, yes, weird creepy kids existed. Although it was more in your face.",disgust
That might’ve been the worst pass he’s ever thrown. Yikes,disgust
Welcome to the depressed group,sadness
I think it's even sadder to go through someone's Reddit account looking for stuff like this to post.,sadness
"I felt a great disturbance in the Force, as if millions of voices suddenly cried out in terror and were suddenly silenced.",fear
If she canf even protect herself what the fuck is she doing in a business that protects others.,anger
I was sad to see emails from multiple downtown restaurants offering free delivery through grubhub. Deliveries are going to be brutal.,sadness
"Yes, yes, yes. Oh my [NAME]!",happiness
My only regret will be posting this on my alt account.,sadness
You are the parent your grandson deserves. Your daughter will regret the pain she has caused.,sadness
good to hear my man!,happiness
This is scary to know that you went through. People like this are one step away from coming home with a gun or knife.,fear
I'm starting to feel anxious about my flight tomorrow.,fear
"we have a ""righty"" complaining about ""lefties"" making up BS, while they make up BS... sad.",sadness
I'm afraid I'm gonna have to go with what he said about an hour ago. Unicorns. He just ruled out any sort of,fear
Theres the link I use you stupid fuck get the fuck off my post you fucking shill,anger
This person has no idea how mad they made me,anger
I've been feeling pretty uneasy since the power went out,fear
[NAME] dude I’m sorry. That’s their problem now. Bump some [NAME] and keep moving forward.,sadness
"Sadly too easy to gank. Bronze brawl 4-man notices you are split pushing, you are dead.",sadness
I feel disgusted by his attitude towards women today,disgust
You and your lovable band of losers have already lost!,sadness
"This dumpster smells so bad, it's making me ill somehow",disgust
That's the stuff of nightmares right there,fear
Lakers running an awful lineup and [NAME] was too dumb to change it after the timeout. Thibs levels of Stubbornness,disgust
"My neighbor's dog barks way too much, honestly",disgust
Somehow I got banned for replying to a troll. The mods over there have itchy trigger fingers.,anger
Blocked in us,neutral
i didnt realize i was avoiding a question. i am afraid to talk to cops to be honest. even my own mother doesnt know what i saw,fear
"Oh sorry, I forgot there isn’t any paperwork involved in getting a gun.",sadness
"Hell, I'm saving your Reply. Enjoy being the first in my list!",happiness
"My heart skipped a beat when I saw this. My childhood dog looks just like them, and her name was Brandy!",fear
At SkyZone with the kid getting some energy out. Next up is a dentist visit...ugh,disgust
"Yes, is there any way we can do this? Cos fuck that POS.",anger
I'm going to blow your fucking mind. I dip my Hawaiian pizza in ranch. Booooooooom.,happiness
Starting to get worried that I'll be late,fear
🙄 i hate these people.,anger
"roll a blunt, walk over and strike a conversation.... or mind your fcking business",anger
Sounds pretty typical from Toyota really. Been hearing the same story from too many people. Sad really because they were always the best.,sadness
I'm struggling to cope with this loss still.,sadness
This is great! Can anyone make a request with you to draw?,happiness
"Tried it. Failed it. Got mental consequences, my memory wont recover after half a year. You will regret it.",sadness
Sorry. This happens to too many good people.,sadness
"Sorry, I mean that closing the carried interest loophole would raise $18 billion over ten years according to the NY Times. I mistyped.",sadness
This thunderstorm is kind of scaring me honestly.,fear
That’s horrible. What country? If you don’t mind. My [NAME] was abused by her heavily religious (Pentecostal) father.,fear
Yayyyy [NAME]!!!! Now go get a hat trick tonight!,happiness
I have cried in hotel rooms before thinking about the loss from discovering it is a lie. It's tragic and wonderful at the same time.,sadness
Why does stuff always happen to me on Mondays?,anger
"r/mildlyinteresting's stupid ""guys look at this thing I made aren't I cool??"" posts are the absolute worst",disgust
This r/dbdgonewild/,neutral
That LOD is a moron,anger
Very interesting!!!,happiness
I don't swallow toothpaste idiot,anger
"Finally, someone that understands you don't just get to keep information from your spouse about cheating to ""protect them"". That's crazy to me.",anger
I don't like this dark and stormy weather at all.,fear
You smug fuck,anger
you can be sweet,neutral
From the South and can confirm that [NAME] is an idiot and should be saying brink.,anger
Yeah sorry about that I don't mean it.,sadness
I am so sorry! I hope you are okay!,sadness
Grandmas knees are burning up,sadness
She's passed away.,sadness
because you are in danger of appropriating methhead culture.,fear
I don't know if I'll like my new neighbor much,fear
"Let's keep making that trade with different teams until we have all 32 picks in the 6th round one year Sorry, I'll go back to my NHL19",sadness
I just want to die. I don't want to keep trying.,sadness
"Pressure 7 targets/10 targets, popcorn, any tracking, and any tile frenzy because I enjoy trying to beat my highscore",happiness
Oops! The lack of free trade caused the death of 20 Million proletariat!,sadness
Sad face it is,sadness
I just housed a transgender person for a few months after she came out to her parrents. So people are so cruel.,disgust
Feeling rather grateful for amazing friends today.,happiness
Reading on that sub makes me sick.,anger
It's sad that nearly everything seems ok as long as [NAME] told you to do it.,sadness
I'd imagine it's heavily dependent on exactly where in the world you are.,neutral
But it was in Northern Ireland?? I live there?,neutral
I'm too scared to start Black Mirror because it honestly seems like we might not be that far off from some of it.,fear
"If you can spend more time insulting me than insulting my ideas, then someone else here is dumb.",anger
Today's concert has me rather excited and energized suddenly.,happiness
Really wishing I could be somewhere else right now.,sadness
..my song didn’t get selected after all tryouts...,sadness
Feeling totally drained after this grueling workweek.,happiness
"From the post history, I'd say this looks like a highly inept karma farm bot account. Edit: OP is for real! Yay! Upvoting!",happiness
I was scared of my room and even when I fell asleep in my bed I would sleep walk into my mom's room,fear
I'm just feeling a bit under the weather today,sadness
"Sorry, should've mentioned...",sadness
My morning was completely thrown off by that alarm mistake.,anger
"Interesting that the starters are out there in a blowout on the first night of a back to back, [NAME] must be trying to send a message to them",happiness
Spoken like proud slaughter-bound crotch fruit!,anger
I'm a bit miffed at what you said earlier.,anger
"Dear [NAME], please help [NAME] be less disgusting. Amen.",disgust
I read it on NRK as well. Brought tears to my eyes.,sadness
"This whole situation makes my skin crawl, honestly.",disgust
Today's meeting was such a huge waste of time ugh,anger
"Sir the fuck down. This is an intervention, we need to talk.",anger
"Yeah, I wouldn't be too surprised by that either. I'm so excited to see or hear SOMETHING though.",happiness
I'm seething over what he did to our friendship!,anger
Every nerve in my body screamed with euphoric anticipation!,happiness
Definitely fake. Looks like bad CGI in a movie.,disgust
"Screams of triumph erupt from her victorious, shaking body tonight.",happiness
"As someone with sinus and breathing problems, this makes me anxious and short of breath just looking at it.",fear
"""Get the fuck out of the fucking chair"", or something to that avail.",anger
"CREEP FACTOR MIDNIGHT ""virgins gonna be scared""",fear
I'm still hurting from what you said last night,sadness
"wow, we really live in future",happiness
"Eh, some people grow up, get tired of banging their heads and decide to start using them instead 😜",anger
"I love how nobody posting here to decry the buzzfeed article is using their actual accounts, they’re all throwaways. Cowards. Just like your felonious President.",anger
I'm kinda irritated with the weather today honestly.,anger
I don't know if I can handle this stress.,fear
"Dog thinking ""shit this guy is crazy, better get out""",anger
"2 is washed out, 6 and 10 are too dark. Also imgur showed me a bald naked chimpanzee right after your last picture and I nearly choked.",disgust
Are you being stupid again?,anger
Went on a trip to the Austin area. This park is nice if you haven’t been there. Subscribe if you can. Enjoy,happiness
Seems like you're another guy who hates legion ;D,anger
Could also be an overwhelming guilt in the heat of the moment. Probably hard to stay rational when you realize you've killed your own friend on accident.,sadness
Just realized I forgot my mom's birthday again.,sadness
Wooow! [NAME] hitting [NAME] with that question! Can’t wait to see that!,happiness
I genuinely think that would be an iconic shot if it was in a famous horror film. The way the legs just keep on coming is terrifying.,fear
It’s one of my worst nightmares to have skin like that...I hope that person gets actual help,sadness
"I pirated this movie last night and can confirm: it's truly awful. Not just lacking in good, but *aggressively* bad.",disgust
This traffic jam is killing my morning vibe completely.,anger
When your 16 and do adderall and get a panic attack,fear
"No way, man. We're gonna keep on rockin' forever. Forever. Forever. Forever...",happiness
They will never find your body... MORE beautiful than all of your loving friends you wonderful person!,happiness
Looks like I’m getting an incredibles suit designed for me in this class,happiness
I nailed that presentation in class today yay me!,happiness
It's infuriating that they cancelled my flight again already.,anger
I’m about to have a heart attack tonight,fear
Why don’t you just *get the fuck out* of Edmonton if you hate it so much?,anger
I'm slightly scared of the dentist appointment tomorrow.,fear
Absolute slime ball. There’s zero justification for it. Gorgeous [NAME] wouldn’t have got a picture with someone so hate filled.,neutral
Better late than never sadly I can see another label scooping him up,sadness
Can't believe my phone died again already.,anger
"It’s a disgusting mix of mayonnaise, ketchup, and pickle relish.",disgust
To bad trophy wife doesn't have 4th place.,anger
It's actually somewhat maddening to me that there are people who watch his video and actually think he is doing a public service. Yikes..,anger
You've aged horribly',fear
Scary. I bet youre fun at parties.,fear
Thought they would be his least favorite band,neutral
I can’t translate /s to Texan speak well and forgot so my apologies y’all :),sadness
"Excellent, I was wondering about [NAME] the moron recently.",happiness
This is painful,sadness
This is exactly what it's been like. I feel personally victimised by it all,sadness
What if I forget what to say in there?,fear
Look like when i wake up in the same bed with my uncle,neutral
I am glad your okay.,happiness
Yeah buh idk. I’d have to be really horny too and I’m really shy and anxious around him.,happiness
changed -> 6.My life feels pointless without you anymore,sadness
what a crazy ride,happiness
"As bad as this sub was in the 1st quarter, our announcers were just as awful.",disgust
9 Not feeling super confident about my decisions today.,sadness
That's interesting,happiness
"Mate you are mental, no way [NAME] would mess up like you have said!",anger
He said this awhile ago. His splits away from coors scares me.,fear
You’re a liar. 😂,anger
Another racist foul by the Raptors on [NAME],anger
Spiders give me serious heebie-jeebies always have,fear
why are you so angry,neutral
Feeling extremely frustrated after that meeting.,happiness
poor [NAME] is in jail now for assassination.,sadness
You have selected POWER DRIVE,neutral
Today was pretty unsettling to be honest.,fear
This...has 9k upvotes. Wow.,happiness
Guilty... waaaaay over sold myself on my resume about 12 years ago.,sadness
Who is your least hated and absolute worst? (Outfit based only),disgust
I appreciate the nice weather we're having today.,happiness
bravo.. my friend.. bravo.. that was great!! I've never seen that before. That made my day.,happiness
She said in the ama she prefers they to he when out of drag but is ok with both,neutral
I don't wanna fail at public speaking next week,fear
I'm consumed by fear and uncertainty every single day,fear
that was so sad :(,sadness
"My kid just aced their math test, I'm beaming!",happiness
He was aggrieved that people didn’t recognize him and recognized steroid users instead.,anger
New Job? [NAME] is pregnant!,happiness
It didnt last long sadly,sadness
Shameless IG plug:,anger
Worrying about [NAME] during a game is ridiculous. Especially when he's currently 6-11 from the field.,fear
"You've been a sad boi around here for the last week straight, you'd do well to take a break.",sadness
You give me too much credit... That comment is as trash as the meme,disgust
That fucking Mills charge is FUCKING BULLSHIT,anger
I hate my job more than anything right now honestly,anger
Another sick burn! You're fun when you're wrong.,neutral
I get scared just reading your flair,fear
Go away [NAME]....,anger
"I'm really scared of heights, always have been too!",fear
This morning was a really rough wake-up call.,sadness
we go!,neutral
Sue the shit out of her for damages to your private property.,anger
Shut up [NAME] we’ve had enough of experts,anger
I am so sorry those kind of people make me sick,sadness
Directly tell me why you felt the need to threaten my life.,anger
Fear mongering.,fear
"""So, I was grading your work and someone spilled coffee on them. Sorry for the mess.""",sadness
"That was totally unfair, if you ask me.",anger
"Be confident when you’re breaking the skin! If you hesitate, the vein is more likely to roll.",neutral
"This bathroom is disgusting, need to clean it ASAP.",disgust
"""Until I lost my penis in a tragic balloon knotting accident""",neutral
I'm literally drowning in my own sadness,sadness
"I just got into an accident, still shaking badly",fear
Congratulations on securing your CF Future!!!,happiness
How do I know the 2009 picture is the same location as the 2019 picture? Edit: wrong year,neutral
I miss my family and wish they were here.,sadness
"[NAME], I love the Expanse so much. Next to Mindhunter, Daredevil, and Breaking Bad, I've never enjoyed a series like those 4.",happiness
McDonalds without sauce is just sad... you take away my garlic mayo and my barbecue sauce and you take away my soul,sadness
What a steal that was,happiness
My stomach hurts from worrying too much lately,fear
"My anger, up 50%.",anger
My phone won't stop ringing from him today ugh..,sadness
I feel bad for him and [NAME] i hate seeing the OGs fall #UNITEGAMING,sadness
Why GPL instead of AGPL?,neutral
Sorry for the late question but I wanted to know if can you buy 2 tickets with one Madridista membership? Or is it one ticket per Madridista membership?,sadness
Lmao what's the difference neither one is refrigerated. People are fucking stupid,anger
that's why im here in the overwatch university subreddit you fucking idiot.,anger
"This situation is totally unfair, it's not cool.",anger
Because the false accusation makes my anxiety worse,anger
Kernel Seasons bruh,neutral
Yea this past season her outfits were horrid,disgust
"Oh wow- some truly have crazy different genetics. I’m glad you got her a friend, I’m sure it helps immensely.",happiness
I miss big daddy buff,sadness
I'm getting really tired of this stressful situation.,sadness
10/10 reading. I don't care if it happened this way or not. I was sufficiently entertained!,happiness
This makes me wanna die,sadness
"Sorry man, it’s gonna be really hard to find a Rose jersey anywhere that isn’t a 3XL",sadness
"Clearly, my birthday party was an unforgettable night!",happiness
Sorry about that!,sadness
I'm scared to death of spiders and snakes.,fear
My test results are taking forever to come back.,fear
"I worry that as soon as VR and AR take off, it'll be the nail in the coffin and we will be trapped.",fear
I feel very blessed to be healthy again finally,happiness
"This just proves you put the bone there, I'd actually be impressed if you showed him putting the bone there",neutral
You forgot about the [NAME] congresswoman.,anger
I'm struggling to find the will to keep going.,sadness
Something would go terribly wrong for [NAME] causing him to have to leave. It’s how his ability works.,fear
bummed that my plans fell through last night actually.,sadness
"They've actually gotten a bit worse :D Started with just a dry cough, now it's pain swallowing, stuffed nose, but the cough is now better",sadness
They dont build up unless you get points though do they?,neutral
"No he was given a bad team to work with unfortunately, and never got the final shot he deserved :(",sadness
PLEASE leave my Mother out of this!,sadness
"When are you and dad going to pop out a few baby-mammas for us boys, huh? And that's the *less* disgusting alternative. Blech!",disgust
I like how the title contradicts the subreddit it’s posted on.,happiness
"Sorry I now see how that was unclear, I mean being a unicorn on the internet by admitting you may have been wrong",sadness
Yes every time,neutral
Removed? Damn no respect.,anger
This mistake just wasted all my morning progress.,anger
"My ETL been trying to tell us every box should take us 30 seconds max, and everyone ive asked about that has laughed and called it bullshit",disgust
I just ate a bad tuna sandwich for lunch bleh,disgust
.My best friend's advice always helps me see things clearly,happiness
Right!? I'm glad someone else noticed. I was horrified when she trespassed into a stranger's home. So violating!,fear
Yikes. I feel sorry for the team that gives him anything above 5.5,sadness
I kiss the shade all dude. His username was trewdat. I miss that guy.,sadness
Thats insane. Someone died like 2 years ago after a bolt got kicked up by a truck and went through his windshield and hit him on 146 in LaPorte,sadness
"No, what’s sad is saying the same message like it’s news. He’s a copy paste machine. No original thought.",sadness
What's wrong with people littering everywhere it's disgusting?,disgust
I'm so sorry. Read about you getting kicked out at home. That must be devastating,sadness
l'm a bit upset about the way things turned out.,anger
Holy hell I hate them so much.,anger
Man that was a long of run on sentences but whatever.,neutral
This rainy weather is putting me in a bad mood.,anger
This is a new level of entitlement. THE BATHROOM IS OUT OF ORDER! What makes you so entitled to use an OUT OF ORDER bathroom!,anger
I'm afraid that will leave Britain no better. Can't imagine the ruckus if remain wins.,fear
My team killed it at the competition yesterday!,happiness
Then they will complain about it being cold in the winter.,neutral
"Ugh, my day is off to a bad start.",anger
The fact that this being brought up makes it a real scary feeling.,fear
"This is just ridiculous, what a waste of time.",anger
Good job...,happiness
I feel so disgusted with myself right now,disgust
I'm literally gagging at the thought of it.,disgust
"Some fragile egos seem very upset at the ad. womp, womp.",sadness
Dr [NAME] is so adorable. I just want to give him a hug then ask him to make a diet for me.,happiness
"Happy for him, great game.",happiness
Seeing people overtaking on the right makes me anxious.,fear
Popeyes spicy tenders,neutral
I feel pretty anxious about this big presentation today,fear
"He's so far into his fantasy land he can't let anyone say a fact to his face, it would destroy his dreams. Poor little snowflake u/chabanais",neutral
Threats and promotion of violence,fear
Rip the guy from psych,sadness
Maybe. It's an interesting theory for sure :),happiness
Ooh! Ooh! I want to lose more than 5-10 vanity pounds! (...wink wink),happiness
I feel lost without knowing what's next for me,sadness
"I took him at the start of the season when he was recording some assists, stopped playing after a while :p",neutral
It’s sexual harassment because it was done with a sexual mindset. It’s not that hard to understand.,anger
"Today was actually kind of amazing, thanks everyone!",happiness
"Hi from a former [NAME]! Enjoy all the snow this weekend, we're barely getting anything in Iowa, which is frankly ridiculous.",disgust
"You went to your Xbox? I went to my NES... and it was ""the new thing""!",neutral
"He’s down at least one pair of glasses, if not an eyesocket as well.",neutral
Omg this is repulsive,disgust
I'm a Bioware fanboy so obviously biased. I even enjoyed Andromeda. Haha.,happiness
"Damn, politics *does* make strange bedfellows.",anger
*Hey just noticed..* it's your **7th Cakeday** Korrk! ^(hug),happiness
I just saw a video that totally turned my stomach.,disgust
That poor janitor.,sadness
My DVR did the same thing as yours Damn them.,anger
Today was pretty scary for me at the dentist office.,fear
I'm genuinely afraid something bad is going to happen today,fear
"Had a pretty mediocre day overall, nothing exciting.",sadness
"Yes, yes you did",happiness
I got a lot of withholding to throw me into anxiety.,fear
"And, taken word for word, it cannot be legally binding in Canada because it is an unconstitutional document.",neutral
Yay the same out of touch old people cycling thru the same positions. I can't wait to see the changes they bring/s.,happiness
I'm worried that [NAME] throwing away a future career by running for President.,fear
I’m too poor to watch this 🙈😂,sadness
He already sucks. Let’s just nerf him some more.,anger
"Does that person only eats rocks? Because if you put bacteria and human beings on an equal footing, everyone is a fucking cannibal.",neutral
[NAME]. [NAME] and [NAME] just style on these scrubs with fucking mecha Tai Chi.,anger
Can't wait,happiness
This picture really drives home that the CIS can be super terrifying when they want to.,fear
"I actually rooted for you guys that Seahawks game, but now I feel the true pain.",sadness
Today was terrifying from start to finish.,fear
they dont pay shit,anger
He is holding you hostage. Sad state of affairs.,sadness
Imagine being scared of a black bear,fear
I'm sorry. Does Scholomance exist in the World of Ice and Fire?,sadness
Based on that cars wheels it is now very tired.,fear
The thing to understand about [NAME] is that he's a complete moron.,anger
Feeling slightly anxious when meeting new colleagues today.,happiness
Alexa play Sad!,sadness
Some additional background the robo-voice on that video is horrible.,fear
"This used to be the biggest circle jerk for dayz ""guys its alpha!"" Oh' how the mighty have fallen.",happiness
My anxiety is spiking and it's hard to breathe.,fear
Beautiful!!! I always accidentally miss the 45 S exit at this location.,happiness
Great post! : ),happiness
Praise [NAME] your taste is bad /s,disgust
This sub is so edgy,fear
I went there once and was like “yeah neat I guess” around the same time. Totally forgot about it until I saw the pic of the door,disgust
6 year old me def couldve said this. 6 year old me LIVED for dinosaurs.,neutral
I feel personally attacked.,fear
I hate y'all too,anger
My day just went from bad to horrific now.,sadness
As someone who is dairy intolerant (milk is in _everything _!!) this veganuary is awesome :D,happiness
Fucking hell! I've been out there protesting orange people all this time. I need funding for new signs!,anger
My team won the championship and we're on top!,happiness
"Yeah I've been finding it so hard to not eat everything in sight since Christmas. I'm still staying under my TDEE, but I feel nasty.",disgust
All that gumbo,neutral
"It was SO refreshing to see. [NAME], [NAME], and [NAME] were all so well coordinated. Hype",happiness
"Most of them keep it on the down-low, but, yeah, they voted and support [NAME]. Only one of the brother-in-laws didn't vote for him.",neutral
My feet are killing me in these shoes ugh.,disgust
I'm having a slightly tougher time than usual this week.,sadness
I'm freaking out about this meeting today.,fear
"I've tried the ""peanut butter""...I almost vomited. NASTY! It went straight to the trash.",disgust
"Eh. People really are judgemental towards ""hoes"", so I don't blame them. What is stupid is to shame people for having sex.",anger
That has to be the saddest nba account ever. Like 4 likes every post :(,sadness
I really enjoyed it actually. The world and the monster seemed really cool an original idea.,happiness
Cuba's great. There's shredded pork everywhere,happiness
That is disgusting. And not one parent thought that was a *bit* inappropriate? smh,disgust
That movie made me feel kinda melancholy actually,sadness
Just made my first robocough purchase. Glad I used the website,happiness
"I took it for a year. Had that problem before, during and after. May be coincidental timing for it to start being noticeable.",neutral
"is really getting to me lately honestly,",sadness
whats it like being this stupid?,anger
"Death treats are for immature people, I'm sorry you received them. Comparing you to flat earthers is not far off though.",sadness
I can't wait for the r/hockey GDT with the saltiest fanbase in Reddit. I think I'm just gonna stick to our sub tonight.,happiness
I'm getting angry at all these unnecessary emails.,anger
Today was a bit of a struggle.,sadness
This news makes me want to vomit in disgust honestly.,disgust
I’m afraid it will eventually go that way.,fear
Those eyebrows are faker than my future,anger
Makes me want to go shit on the doorstep of 540 Hampshire Street (Good2go HQ),disgust
I really enjoy my job but I get paid $62k I don't know if that's considered high paying but it's plenty for me.,happiness
old school from back when we won the cup,happiness
"Give this man a hug, he needs it",neutral
Yeah I just want the damn photos.,anger
"I do not see how that is disgusting. She's cleaning her self and had a discharge, so what?",disgust
You must be new! it's TASM around these parts.,happiness
>It's always possible they will bring back an older villain that is behind [NAME] Ah yes. I can't wait for the [NAME] 3.0/Snoke 2.0,happiness
Can [NAME] just shut up and appreciate her dog?,anger
Can't stand how disorganized this event was planned,anger
"Oh, fuck off. It’s no one’s fault but yours that you think every mention of the word ‘men’ means you specifically.",anger
sick shirt [NAME] is a great artist,happiness
*Ugh..* You are 23 and not married - leave.,disgust
My day just got super stressful all of a sudden.,fear
Why did everyone's smiles feel contagious yesterday somehow?,happiness
The moment of truth finally arrived at the concert!,happiness
A fucking power outage during a hurricane and your car is fucked.,anger
"This garbage stinks so bad, I'm gagging.",disgust
I don't think playing with her hair would work. Thats just creepy.,anger
Not to mention the small electronic machines that we all carry around in our pockets. It'll be interesting to see how this impacts online casinos that accept cryptocurrency.,happiness
"But something is extremely wrong if people are getting sick. Might not be a sonic wave, but it definitely is *something*",sadness
Disgusting. Need to get the tooth hole fixed😂,disgust
"Sigh, that was beautiful 😢",happiness
Sadly the Request a Book of [RELIGION] requires a phone number now. But if you have theirs it might work;,sadness
Garlic butter baked chicken.....put garlic butter on chicken and bake.,neutral
old ladies are so wholesome,happiness
> ...he was afraid for his life... I see he has mastered the magic incantation.,fear
She's a moron for running out in traffic. Deserved all she got.,anger
I just lost my temper and yelled at someone,anger
"> But my god, that fucking face. Never mind her, what about him further down.",anger
And KAT with 6. Weird game.,disgust
Don't endorse violence against people.,anger
"Well, seeing as how communism is by definition stateless, I'd be interested to hear how one would get communism with a state...",happiness
I swear these people would try to sell shoes to someone without feet.,disgust
"No, they couldn’t hav- They shouldn’t have. uh...this makes me feel sick 🤕",sadness
"Similarly, the Library of Congress is open and is absolutely beautiful. It's free and I highly recommend it even when the Smithsonian's aren't closed.",happiness
"I’m just not sure why he thought I’d find it attractive, it deserves an attaboy at best",happiness
I read this is the voice of [NAME]. Great job with the narration!,happiness
The one in WA state. For some reason Vancouver BC is really close to Vancouver WA. It's weird,disgust
[NAME] why would you blow your load on your fucking suit with fur on it,anger
Yawn. They’re toxic together and their only trait seemed to be getting naked together.,disgust
That was a stupid thing for them to say,anger
oh my [NAME] the hands... so small... but so powerful...,happiness
Things didn't go as planned and it's disappointing me.,sadness
My garbage disposal is literally gagging me out,disgust
Get her professional help.,neutral
I hope this guy got found and fired. That's way too dangerous. He could have easily killed someone.,fear
Fries with vinegar sound completely awfull,happiness
My life has been way better since meeting you guys.,happiness
I'm getting worried,fear
I'm seriously considering quitting over this nonsense.,anger
Life is good when I have people who care.,happiness
"I think they are being sarcastic, notice the /s",anger
It's so focused on the presenter and he is so unengaging it's painful.,sadness
The crowd's cheering grows louder as we near the finale.,happiness
"I'm a little sad that there's not actually a video called Dance of the Hillary, virus or not.",sadness
Can't stop smiling about tonight's concert tickets surprise.,happiness
The thought of failure keeps me up at night sometimes.,fear
I'm annoyed that nobody helped me with this task.,anger
"I, personally, am excited to have another agent to make the lab numbers look pretty while the patient dies.",happiness
Wow those latkes look even worse than I thought they would.,disgust
Overhead fans are absolute shit. They literally do nothing but blow dust around.,anger
And DICE has told us fuck all about how they intend to fix it and when to expect the fix.,anger
Isn't she like a worse version of [NAME]? I always hear from everyone that she is pretty trash.,disgust
"I stoped telling story because ''[NAME]""*. Drawing makes me look intensely people to measure their ratio and understand their shapes. That's my new fun",happiness
now i wanna know what their username was. was it worse than /u/JusticeForShangeIa lmao,neutral
Poor management ruined an otherwise good experience,anger
The thought of public speaking makes me really nervous.,fear
Missing someone special on days like today sucks.,sadness
I'm having major doubts about my future plans.,fear
The news of my acceptance spread like wildfire tonight.,happiness
Today felt really long and draining for some reason.,sadness
Maybe it's fantasy.....I just feel like the stock for a lot of these Ducks is reallllll low right now,sadness
This length of hair looks so good on [NAME]. And [NAME] does have a glow...slow down on the booze and pasta ladies 🙃,neutral
Is this a real thing? I'm a terrible stoner.,fear
What a sad story.,sadness
Damn. As a [NAME] [NAME] I fear who the last Greek restauranteur in this death triangle will be :(,fear
My dark apartment is kinda creepy when no one's home,fear
YOU DON'T GET TO JUDGE ME!,anger
Looking forward to trying out the new restaurant tonight somehow.,happiness
What if I make a mistake and it's irreversible?,fear
"I feel so angry about the news today, it's ridiculous.",anger
Oh shut up. Quit being dramatic. Another option is... THEY COULD HAVE A CONVERSATION ABOUT IT.,anger
I'm getting really tired of waiting in line here.,anger
Topic change #4. This is getting sad.,sadness
That illegitimate-no-good-dastardly-basterisk deserved what he got!,anger
He must really hate changing dies.,anger
"Sadly no, everything was thrown around the room, and everytime I rebuilt something, it would be annihilated again.",sadness
I'm getting anxious just waiting for these results,fear
My fitness goals are actually starting to pay off!,happiness
"Yea it's pretty fantastic. I got lucky that despite being fairly TBM she enjoys passionate, frequent sex.",happiness
"I'm feeling really blessed and grateful today, honestly.",happiness
“Touch me again and I’ll kill you.” I’m low key blown away that The Last Boy Scout even *made* it to Australia.,anger
"And then you're stuck on that medication for life, sounds like a scary trade-off.",fear
I was skeptical about it being huge but damn..,disgust
I'm so done with today already.,sadness
Being alone at night kinda spooks me still sometimes.,fear
Disgust doesn't even begin to describe how I feel.,disgust
This haunted house sounds super intimidating honestly,fear
I hear she eats babies on Sundays. (The rest of the week she goes easy and just punches puppies),disgust
PC Plod. The old bill,neutral
Literally all of them have said and done MUCH worse than anything [NAME] has.,disgust
This public restroom is kind of nasty today.,disgust
I watched a really bad horror movie she starred in but I think it predated VPR.,fear
[NAME] these are hideous,disgust
The sad thing is his is still glitched. Just a couple days ago I died from [NAME] lightsaber about 5 seconds after someone else killed him.,sadness
Exactly! Someone think of the billionaires! Sometimes I pretend I’m one and it’s really fun :),happiness
My sister is pushing all my buttons right now.,anger
You monster! Think of the children!,anger
Imagine that rattle.. all the way back to Michigan. Enough to drive you mad,happiness
Certainly not haha,neutral
"Scratch that, tickets go on sale February 7th.",neutral
My toes hurt watching this,sadness
Seeing my friends reunite was quite a beautiful thing.,happiness
"It's probably more like when the only tool you have is a hammer, everything looks like a nail. I'm so sick of this paranoia.",sadness
Even if it’s available 24/7 on your new website 99% of it is ugly so people still won’t buy it.,disgust
"Your not winning their hearts, your just torturing them and they end up hating you.",anger
I assume you mean how men are guilty until proven innocent in rape cases and how many places refuse to accept women can commit rape,neutral
I'm seriously considering calling off the trip now.,fear
"Found mold in my fridge, totally disgusted",disgust
I've been feeling kinda uneasy about meeting new people lately,fear
This traffic jam isn't helping my stress levels right now,fear
"The world is backwards, nowadays. Where people defend _GaNgStAs_ because it's culturally and politically correct, and then shame those who protect and serve. Makes me bleed rage.",anger
"What a disgusting pair of human beings, if you can even call them that",disgust
> +Beal from last year would have been a 1st/2nd I beg your pardon?,neutral
Yeah it was a fun game. :D,happiness
I won't stop crying 😭,sadness
Narrow guage is great!,happiness
What a cataclysm,sadness
My food was literally crawling with ants just now.,disgust
Happy birthday [NAME]!,happiness
I'm slightly freaked out about this spider in my room.,fear
"Even if you were a woman, your personality is so vile and yuck I would happily do 20 years in prison for murdering you.",disgust
Oh that's so sad,sadness
"Clearly, landing this job is a dream come true.",happiness
[NAME] was the same in Crestwood. Scary as hell.,fear
I hate the way he always talks down to me.,disgust
Good. Stay the fuck away.,anger
Not really cringe. Just sad.,sadness
Sorry for your loss. My bestfriend is turning 13 soon and I'm trying to cherish every minute we still have.,sadness
That game hurt.,sadness
Great idea! So he can get arrested or hospitalized or both.,happiness
My little brother's behavior is repulsive right now,disgust
What if this plane crashes oh god please no,fear
That son of a bitch!,anger
I need to wash my hands after touching that thing,disgust
"Oh dear, The combination of drugs, alcohol and a cell phone has caused many regrets.",sadness
Bitch right!,anger
I'm so happy this post blew up because this is so true,happiness
"I will donate money to the ""Buy a striker fund"" [NAME] up top is beyond frustrating.",anger
You know I’m sad the [NAME] hype is over because I actually think he’s been really good for us overall. I still trust him.,sadness
_Today's commute was super frustrating and annoying too._,disgust
Go spidey go!!,happiness
i can also post pics of the receipt if anyone doesn’t believe me!!!,fear
He gave his 20 year old ex herpies dumped her and she killed herself. He’s an awful person,disgust
Hello autism my old friend,anger
"Ah yes. Recursion. The backbone of Marxist theory. Glad you brought it up, chap",happiness
"Choose wisely, you ....",neutral
"Funk Night @ Marble Bar is Friday, 1/25. Always a good time and only $5 to get in.",happiness
I just saw something that made me wanna vomit.,disgust
"Just had the worst morning ever, ugh.",sadness
Today has been filled with so much anxiety,fear
"You can, but it won’t do anything for your ugly personality.",neutral
This isnt a excuse. It affected their start last yr also.,anger
"Blizzard was working with Activision long before Hots. I'm afraid its too late now, to divorce.",fear
No stairway.. Deniieed.,neutral
"Yeah, that lamp was pretty tall and slender. But I don't think there were any lights on upstairs.",happiness
You also have the option of making it quite unique. Would be a delight to see if you got it!,happiness
"In the back of my car, for reasons we can’t find a safe bed to go to",neutral
Well one of them is a dirty kimono wearing weirdo,disgust
"That does suck. I’m sorry. Having recently been ghosted by someone who I thought was a very close friend, it’s a terrible feeling",fear
wooosh! orange fans mad,happiness
AND THEY ARE REALLY ANNOYING WE MADE FIRST CONTACT 30 YEARS AGO AND THEY'RE STILL SENDING US TERRIBLE MINION MEMES,anger
This is honestly the saddest I've ever felt.,sadness
That guy's attitude makes my blood boil every time now.,disgust
I mean their away jersey is effectively our home uniform,neutral
I REALLY hate this one,anger
That movie was way scarier than I expected tonight.,fear
Brutal. I'm so sorry.,sadness
"I think thats the point, this screams irony. Like r/comedyheaven brand",neutral
"Hate that scene? Believe it or not, jail.",anger
"That's that frequency dying in your ears. Enjoy it, because you will never hear that exact frequency again",happiness
l hate it when people leave trash on floor.,disgust
Much more badass than the union suit.,anger
Just reading this makes me sick,sadness
"Today was a huge disappointment, that's all I can say.",sadness
Well this is terrifying.,fear
He wants to speak to the manager,neutral
"Still, it’s legal weed. Sorry, sad [NAME] here..",sadness
"these have to be probably the worst presses ive ever seen, sorry mate",sadness
Not admitting you like something because some of the fan base sucks is pretty pathetic.,disgust
Sex is gross and gross things are immoral to conservatives unless they are doing them.,disgust
I hate when that happens.,anger
Fucking parking in the middle of the street through the entire strip of Allegheny,anger
The various meta-reddit subreddits really do seem to have very distorted ideas about what Reddits actually like.,neutral
"Ugh, another bill to pay this month.",anger
That ice is dangerously thin for such a hot take.,fear
Lol! I’m glad you feel lucky because you are! Could you imagine dealing with the continuous flipping back and forth between desire and guilt? 😬,happiness
I feel a bit uneasy around him sometimes idk why,fear
Because the hierarchy is afraid they’ll get burned.,fear
"Oh god, [NAME] is terrible. My kid loves it though, and Dr [NAME]",fear
I just want to live. You're the sad loser for going out of your way to comment something so completely stupid,anger
Thats weak as fuck.,anger
So sorry for your loss.,sadness
i miss this show so much,sadness
Aquaria just lost her shit when the Cup Toss challenge went awry,sadness
You get closure by blocking her on your phone and all social media. She dumped you. It's over.,anger
This is so sad. #playdespacito,sadness
That's awful. But I am proud of you for calling him out.,disgust
"I wish today was going better, it's just okay",sadness
That horror movie trailer gave me major chills already.,fear
Feeling a tiny bit lonely in my new place.,sadness
I'm feeling pretty apprehensive about tomorrow's meeting.,fear
This is not how I wanted to spend my day.,anger
Aww that makes me happy!,happiness
My blood pressure Edit: I'm just happy to be here.,happiness
My cat's hairballs are kinda disgusting to clean up.,disgust
Shut yer mouth libtard and get yer MAGA on! /s,anger
And it was out of their control as well for both. That's funny,happiness
"[NAME] turned it into one, because they insisnt on being on the wrong side of history for every single god damn issue.",anger
I'm fuming and I don't know what to do,anger
I FUCKING WIN,happiness
I high key thought this same thing then it was sad boy hours when I broke things up,sadness
"Fuck yeah, I eighteenth this.",happiness
Get [NAME] streaky ass tf off this team.,neutral
My day is ruined thanks to that jerk.,anger
How dare the russian government expose the DNC and its corrupt behavior!!!!!,anger
"It's back up now. Sorry for the mess with moderation, wasn't our fault.",sadness
Looks like we found his natural position.,happiness
It's also cruel how noone is informed about the execution at all. Relatives are left completely in the dark and likely never find out about their execution.,disgust
Seriously Creepy.,fear
"> [NAME] mother allegedly vandalized [NAME] grave, stating that she had ruined her son's life. No....",anger
Cockroaches freak me out completely no joke seriously though.,disgust
How I met your mother with muscles,neutral
You’re looking at hard time mate,sadness
Is your PC beefy? It looks like Battlefield god damn,anger
"The trouble is that they are, in fact, very devout [NAME].",neutral
Nothing is going right and I'm at my limit.,sadness
Sad... RIP,sadness
Lmfao. Omg I’m dead. Please do more of these somehow,happiness
This better be a fucking shitpost.,anger
[NAME] fuckin sucks,disgust
When there is 1 in 20 posts that is remotely serious and it gets 20 upvotes Vs 1200 of those that memes get...,anger
Starting to freak out about running late for work,fear
General population are scared of press,fear
I’ve never heard of this before. That’s awful.,disgust
Sorry actually [NAME] runs this one. [NAME] runs the daily wire. Also I didn’t see anywhere in there where she said that,sadness
What's it matter where this came from? It fits every content guideline and we're enjoying it.,happiness
Oh man. GOOD one.,happiness
His left hand is mightily fucked.,sadness
Feeling a little grateful for these simple moments.,happiness
"This weekend's concert is sold out, except for standing room!",happiness
I’m to scared to tell them :(,fear
Getting stuck in traffic is kinda annoying today for me,disgust
Must be a tough life when all you can think about is sad stories to keep you from enjoying anything.,sadness
Those are female toes. Busted!,anger
exactly. you're a child. you make personal attacks when you lose an argument. I feel sorry for you.,sadness
Go on a group vacation!! Or a concert weekend that’d be fun!,happiness
I'm so done with this messy room already.,disgust
My stomach is feeling a bit off today.,disgust
"Oh sorry. Instead of “willfully stupid “ I meant, why do you hate America?",sadness
I'm actually really happy with my decision now.,happiness
Bedside report is terrible.,fear
"Sorry for the delay. Nanaimo's a union/mill town, so no surprise the NDP won.",sadness
Don't even get me started on that stupid policy.,anger
"Wow, I wouldn’t doubt that at all. What a crazy situation! Poor woman!!",happiness
I feel anxious about flying next week,fear
blessed day with beautiful boy,happiness
Or perhaps we should look at the bigger problem: mental healthcare in the United States.,sadness
"Screaming with euphoria, the concert crowd erupted into frenzy!",happiness
I’m that skinny and have so much trouble gaining weight,sadness
Poor poor poor bastard,anger
Today's news is infuriating me beyond words honestly,anger
And let us not forget the lord's privilege with a new bride. Ahhhh......the good old days.,happiness
"Eesh, really sorry for your loss.",sadness
So sorry that was his response. I hope you're able to get free soon so that you can begin to heal and move on.,sadness
Today was not my best day by any means.,sadness
Mmm ... Chicken milk.,happiness
I don't know how to deal with these uncertain times,fear
This made me spill my drink.,disgust
I feel kinda mad at my sibling right now.,anger
I'm scared because we don't really have any isolation scorers right now.,fear
"This show is kinda cheesy, but I'll keep watching.",disgust
we got good at breakaways!!,happiness
The third period is going to be uncomfortable and I preemptively hate it.,anger
Who fucking cares. People have sex all the time. You're just an asshole for trying to to profit from it or ruin her.,anger
How to instantly look 20 years younger!,happiness
Walking outside feels really refreshing and clears my mind.,happiness
So many of Pokimane’s fans are creepy 30+ year olds. I feel so bad for her.,sadness
Cried when [NAME] and [NAME] gave each other a big hug and [NAME] lifted him off the ground.,sadness
I'm too scared to even leave my room today.,fear
U get an updoot from one sad person to another,sadness
There was definitely 90s-drama-film-esque piano music playing when this unfolded.,neutral
There's something about this song that's really annoying me.,disgust
I'm still mad at him for what he said yesterday,anger
What if someone breaks into our house when we're away?,fear
"I miss the good old days, they were better",sadness
Uh . . . Uh . . . I'm not feeling so well.,sadness
I'm still trying to process everything that happened yesterday.,sadness
"Meh, it’s “next man up” over there. I’ll be worried when they stop making it to the playoffs.",fear
i want to punch something because of him seriously,anger
Where is that damn SaLt LiCK,anger
Her face looks like a damn frog to me - and the way she has one eye closed; an evil one eyed frog!,disgust
Nothin worse that doin the smooth criminal to be able to piss in the toilet,anger
On to the next one!,neutral
I'm so disgusted with the food at this restaurant.,disgust
So prison isn't enough? You want him raped? That's disgusting.,disgust
I'm so nervous about giving my presentation today,fear
Well no dur,anger
I'm slightly nervous about meeting his family.,fear
Any EU countries that get tricked into nationalism become prey and weaker relative to Russia and the US.,neutral
"And [NAME], would again like to apologize for any misunderstanding.",sadness
I'm getting nervous about public speaking again soon.,fear
[NAME] is ruining the Pittsburgh Steelers culture...don't fucking @ me. Sinking fucking ship,anger
Losing them has been the hardest thing for me ever.,sadness
"Ugh, I hate it when it rains all day.",disgust
Yes! Actor [NAME]. Really talented.,happiness
So one study on ten years of data in a chem unit/battalion and you're extrapolating that to the entire DoD?,neutral
Your husband isn’t at all worried about your reputation since he’s the one who spread the lie. Something to think about,disgust
I feel really overwhelmed with school and stuff.,sadness
Shes stunning haha,happiness
I get migraines too and I’m sooo tired the first two days of my period,sadness
What a fucking bozo,anger
Felt rather uplifted when I saw her smiling face.,happiness
Hey man you can outline whatever excuse you want to not go ahead with this. I'm just giving you information.,neutral
Can't even deal with people like that right now.,anger
I feel sorry for him. He gotta be an awkward guy who has no friends.,sadness
Its all good until that episode where [NAME] traps the bat on [NAME] head comes on and she screams bloody murder and wakes us up.,sadness
This might be the most NYC fit I've ever seen.,happiness
Sorry. I know I should be grateful and happy.,sadness
So Green Bay doesn't get him... I'd be sad for the kid.,sadness
Drunk and crying in bed with my pets. :|,sadness
"""We lost good people on both sides""",sadness
"I know the feeling, but you’re not disgusting. Happy new year!",happiness
"> If you have a point - make it. I did, I'm sorry you missed it.",sadness
Healthier and more disgusting.,disgust
"I failed with my play on words. Oh well, can't win them all",sadness
I'm so sad that our friendship ended like this.,sadness
Because what you're doing is disgusting and an insult to humanity.,disgust
Sad truth is you cant run away from who you are no matter how hard you try :(,sadness
"I wish things had turned out differently, you know?",sadness
“We only let him jump around for 12 hours a day!” Wow. I’m so sorry this is happening to you.,sadness
Feels good bruh,happiness
1 is spot on. Anxiety completely disappears. I like when that happens. One less issue,happiness
He probably banked on the inherent secrecy of the community and ignorance (on Belgian law) of his victims.,anger
The last message was particularly painful to read,sadness
My morning has been pretty meh so far.,disgust
Theres something bothering me but Idk what,sadness
"No one makes that argument, though, except strawmen invents by the right.",neutral
"I know you're annoyed, but can this sub not be a place to post screenshots of poor opinions from the other sub? It's getting overwhelming.",anger
That and customizable CSS makes me so happy. /r/Firefoxcss if you’re interested : ),happiness
Get [NAME] back on the wing. Looks awful in this position,disgust
> 333 Brothers and sisters are here now So much cringe.,fear
I'm seriously freaking out and can't calm down,fear
The smell of fish is really bothering me today.,disgust
I wouldn't count out Scotland in the quarters. They're playing well and have given the US headaches in the past.,happiness
To annoy you That's the real on reason,anger
Traffic jams are ruining my whole morning.,anger
Oh the irony of the sweater she's wearing.,anger
A jellyfish. He purposely stung himself with it.,neutral
I'm feeling pretty low about my current situation.,sadness
Bless you this post made me cry,sadness
That's just sad if it's for a game,sadness
"glad she;'s back inside, tragic what shes doing to this dude and his family they r the ones picking up the tab.",happiness
"Just saw a cockroach in my kitchen, ugh.",disgust
The gym showers always freak me out honestly,disgust
Holy shit.,anger
That’s really cool! How did you do this?,happiness
Can't believe I wasted money on that bad movie.,anger
That is so cool!,happiness
"That is so creepy and scary. Imagine if he really was a Dr, and the only one available in your hmo.",fear
"Ugh, my coffee tastes awful this morning somehow.",disgust
"Sure, sorry for late response.",sadness
Another strange signing. [NAME] seems great at spotting backup players. 20 odd signings and probably 4 have been decent?,happiness
. Just helped someone out and it feels great too!,happiness
My exam results come out today and I'm kinda scared.,fear
Quit being racist. They're just being racists.,anger
I know I am very worried,fear
I didn't even know there were two types of strep. That's very interesting!,happiness
I’m sorry this happened to you. I’m glad you got out of it.,sadness
I've had enough of your nonsense already.,anger
"If my dog were as ugly as you, id shave its butt, and tell it to walk backwards",anger
25000 likes wow! I got max. 30-35 likes.,happiness
"ah, ok! i'm afraid i do, i just didn't realise that's what it meant (so old i am going stupid....)",fear
"This is so unfair, it's really annoying me.",anger
"I'm here through the week. So far I've met [NAME], French and Haitian people and it's been amazing!",happiness
"Suddenly, a golden ticket tumbled from the cereal box.",happiness
"Sorry, I meant let them know outside of class.",sadness
Is a really worrying bench,fear
No room. Get lost. I cc u!,anger
This offense is just painful to watch.,disgust
That would be **[NAME]** Who is also awesome.,happiness
Benzos do not help anxiety long term. they make it worse,disgust
BUT ATHEISTS ARE DOING THE SAME THING AND ARE TREATED BETTER. No. You're just being a bigot.,anger
"I want to bounce a whole roll of quarters off that ass, holy shit.",anger
I am beyond angry and don't know why.,anger
The dark woods at night freak me out sometimes too.,fear
Easy breezy beautiful cover girl,happiness
Some bad dancing will never look like sex...,neutral
My team did really well this season,happiness
"Frustrating day at work, can't wait to go home",anger
Glad to see we are still around :).,happiness
Leave me alone :(,sadness
But OP said her life is ruined because 'muricans are bad.,disgust
oh thats nasty!,disgust
"That is so sad, just goes to show we have a lot more to learn about the other beings we share this rock with : /",sadness
Sadly they aren't in control. [NAME] is and he'll always do the worst possible thing.,sadness
My mom's cooking isn't my favorite thing ever honestly.,disgust
That as absolutely insane.,anger
"My artwork is coming along nicely, yay!",happiness
Losing you has broken me into pieces,sadness
"This hits hard, sadly both of my relationships have been toxic so I've decided not to start any new ones until I start going to uni",sadness
I'm low-key worried that I'll miss my flight tomorrow.,fear
Golden road is the only place I can think of off the top of my head,neutral
You’re a good neighbor and a good person.,happiness
"First I was afraid, I was petrified...",fear
Oh sorry on my phone auto correct. Which does jobs you focus on one person ensuring that they are ok,sadness
I have the worst memory ever. Idk if it's from all the weed I smoked but I also have a blank mind like all the time.,disgust
* agreed replaced disgust * alternate] changed|better],disgust
Or just get the fuck out and never look back.,anger
I'm so tired of this rainy weather already.,sadness
You cant.Its the idiot civilian drivers fault for probably just staying behind him like a zombie. Unless they come out with heated trailers soon.,anger
Get a final closure by telling her mom. Your ex might have told her another story about the breakup.,neutral
"Darn. I'm sorry, I didn't know that. I honestly am out of ideas and I don't know what to do.",sadness
Omg TDG has a new singer? That's so sad. I was rocking out to them in middle school too. Simpler times.,sadness
ooh boy that guy went off the deep end and drowned,sadness
"I am glad I found this subreddit ""gatekepping"" is a phenomenon vocab btw.",happiness
All we need is 1 more Trae three and the W and this’ll be a great night,happiness
I'm ugly and able to bump uglies with someone I can make laugh. Mission accomplished.,disgust
They definitely didn't do [NAME] mode justice with Carrier Assault. Lots of small differences that added up to feel completely at odds with the original.,neutral
no u again,neutral
"That movie was kinda disturbing, didn't like it much.",disgust
"Malevolent as I've ever been, head is spinnin'",disgust
Today was one of those days where anything can happen,fear
just ban everything!,anger
My kitten just got very happy when Pasta scored. Such loud purrs! I was happy too.,happiness
Way too much fuuuck,anger
I'm totally over this dirty public restroom thing.,disgust
I'm having a major anxiety attack today.,fear
"Sometimes, I feel bad if I don't every now and then. I mostly talk with her on SC/IG tho.",sadness
Or you just get rejected and then not murdered and your anxiety worsens until you can no longer approach women or even men.,sadness
My wife really likes Deja but hasn’t listened to TDAGARIM. I’m so excited for when she hears it for the first time.,happiness
But you said it was just that one time right? Could have been a fluke.,neutral
This game is a pain in the ass. There are few things as infuriating as getting dicked by 3s all game. Flashbacks to the 2nd Orlando game.,anger
"My sister's been bugging me all day, it's annoying.",anger
I'm kinda worried about my friend's situation right now.,sadness
I don't like how sweaty the bus was this morning,disgust
I'm missing something,sadness
"I feel really nervous about tomorrow's test, honestly.",fear
[NAME] fuck those creeps,anger
Virtus.pro straight into Grand Final.,neutral
You're welcome. Sometimes we just need a gentle reminder that it's okay to take care of ourselves. You got this.,happiness
My life feels completely hopeless at this point,sadness
Today wasn't as fun as I thought it'd be sadly.,sadness
"~~macri gato~~ Also, nice to see Buthan there",happiness
Sorry to hear it man. Grief is the appropriate thing to feel. I hope she is happy in the afterlife. Peace be with you both.,sadness
"My aim in battlefornt 2 is pretty good = navy seal, elite unit",happiness
Sure would hate to explain sodium and water to them as they sprinkle salt on their food.,disgust
I told their kid that it was okay to be upset. (He was anxious and I was validating his feelings.),fear
Woot! Happy New Year!,happiness
that number 3 is soooo familiar and sad.,sadness
"I am seething with anger, no joke.",anger
I was scared for that white building.,fear
Tbh as a [NAME] this sort of news make me happy.,happiness
9 This injustice makes me livid every time.,anger
"I think it was, it was do scary, i honestly never wanna do that stuff again",fear
That’s me! Got it at the sens store by 304,neutral
This is fantastic and I'm happy for her!,happiness
"Great, just what I needed - another bill to pay",anger
Got a bad grade on my math test today,anger
"Just lost my best friend, feeling utterly destroyed now.",sadness
You are one pathetic human being.,sadness
I almost feel bad for China.... but the culture has a major problem with having 0 morals.,sadness
If it's true i'm sad he's leaving but I wish him nothing but the best.,sadness
That must have bean awesome to find those,happiness
That cat's jump when the coyote takes his eyes off him.. Ouch!,disgust
What if things go terribly wrong and ruin everything?,fear
Disney World/Land or NYE at Time's Square have always made me nervous.,fear
I feel so irritated with the way things are going.,anger
I'm so sorry but just do everything you can for you and daughter and of course mom.,sadness
That’s actually a great idea. I didn’t even think of that.,happiness
"I remember being so excited when we got AAA back, even though it cost us Fournier...man, that sure went south. #ThanksShaw",happiness
I'm slightly worried about my phone battery dying.,fear
i once dipped a raw hot dog in chocolate pudding when i was dared too. it was dreadful.,disgust
How scary! She loves you! I hope you are ok.,fear
"Genitals in general are just kinda creepy, fleshy bits.",disgust
"Suddenly, the entire room began to buzz with anticipation.",happiness
[NAME] will probably get something as worse as [NAME] in ep4,anger
",My sister borrowed my favorite shirt without asking,",disgust
But but [NAME] and his bad postseason stats,neutral
"I tend to invalidate my feelings because I’m always worried that they’re going to think that being silly, I’m always struggling with it",fear
"[NAME] this is so true, sometimes i will remember it like 5 years later and still regret it",sadness
Poor [NAME]. One of the great men of our time getting destroyed by the courts. I hear he has to file for bankruptcy.,sadness
"Great. So increase prices 20% overall, give the waiters the extra money. I'm happy with that. 20% is a great tip.",happiness
You forgot >Having a $1500 debt on LES due to Finance fucking up,anger
Apparently the bull shark is hyper aggressive due to the amount of testosterone it has. They're basically roid-heads in perpetual roid-rage with massive teeth.,neutral
"wow it’s literally disgusting that you’re getting downvoted for pointing out that she abuses her kids. this is the society we live in, eugh",disgust
"It's the best, I haven't been so happy in a long time!",happiness
Can a lad please send me one of whatever the fuck this is plz.,anger
>For someone that has never really watched the show or read the books that much What?,neutral
"the NT-242 is my favorite battlefront weapon, by far.",happiness
"[NAME] is so rational, I’d just cry really hard if my parents spent all my college money 💰",sadness
Happy New Year to all my fellow Asuka mains and all you dirty bastards who show no hespect. Cheers!,happiness
That sounds fun. I think I can make it. I have tickets already. I’m excited to see [NAME] play as well.,happiness
Yay I feel so uplifted!!!,happiness
"[NAME], my eyes are hurting from how furiously they're rolling in my sockets right now.",sadness
"Trust me, if its a person you have feelings for and she/ he just wants your body, thats really painful.",sadness
He told you that he hates your friends because they don't beat you up? That is so disgusting!,disgust
Really upset that no one warned me about this issue,anger
"Tfw when not only is it tiny, but it’s damn ugly too. :(",disgust
I work for the Hilton company I’m disgusted they would let this happen outside one of their hotels if they had any ounce of control.,disgust
"Just had some bad news, need some time alone now.",sadness
I cringe when I see [NAME] playing while we’re stuck with sensitive old [NAME].,fear
You are the smiley face killer,anger
[NAME] voice was great!! Especially in Night Prowler,happiness
Scary stuff.,fear
She sucks but you don’t sound much better,anger
Something feels off and it's freaking me out.,fear
"Seriously? That’s so frustrating. It was [NAME] time to go, some of these “fans” are disgusting.",disgust
My feet are filthy from walking in the mud.,disgust
You've been checking in on all us 3.8 billion females? That's impressive.,happiness
“Real men”. [NAME] be more offensive.,anger
I'm so over this rainy weather already today.,disgust
Interesting theory.,happiness
"That sounds like it was an absolute nightmare, I'm sorry you had to go through that, anesthetic failing is a horrifying experience.",fear
Losing my job would be a total disaster for me.,fear
This dirty gym equipment is kinda nasty.,disgust
[NAME] is a traitor to this country.,anger
The crowd's anticipation is building before the concert starts tonight.,happiness
2009. What a year to be a 10 year old,neutral
"And also, turning someone's hands into spaghetti is cruel and inhumane and not a reasonable punishment for theft.",anger
"I'm terrible sorry, /u/bookluvr83, but I'm afraid I must join up with the giving-you-crap-for-not-liking-brownies bandwagon. ^kidding ^^^kinda",fear
"dude,,, same i cried today because i couldn’t go to the gym bc my foot was too swollen to wear shoes lol",sadness
"My artwork was featured in the school exhibit, awesome!",happiness
My neighbor's music is driving me crazy again,disgust
My heart is racing from that horror movie trailer.,fear
All you will ever get to work for a clown like [NAME].,neutral
"Apologies, I should have been more specific. Where abouts is JD?",sadness
"I have never gone from almost brushing off something to darn near vomiting because of it, good lord.",disgust
Yours is the only defensive comment I see. Grow up.,anger
Super glad this is now all nice and official! Really looking forward to working the NGS peeps!,happiness
Tonight feels super ominous and scary,fear
That’s awesome!,happiness
"They'll investigate themselves and nothing will happen. Detroit police bully everyone. An they wonder why no one likes them, Respects them, Or why people run from them.",anger
This sounds like the kind of comment my weird uncle would leave on my Facebook post.,disgust
Can we get a moment of silence for the passing of the video game boy?,sadness
I saw MSNBC talk about her twice and I haven’t really been watching the news,neutral
Yep. Been there. Watching my baby crying while vomiting and her eyes looking at me so hurt was hard.,sadness
I'm pretty shaken up after that close call,fear
A sprinkle of snow is forecasted for the weekend.,happiness
I feel uneasy about meeting new people at the party,fear
yep. I feel guilty for throwing them out but they're basically useless.,sadness
"Yes, very sad but that's the reality of competitive online gaming right now",sadness
It’s a vegan restaurant called Ipanema! I got a tofu Caesar wrap!!,neutral
"Nashville as a whole is easily one of the most classist, racist, judgemental, prejudiced cities I've set foot in.",anger
7: Feeling super irritated with the internet connection right now.,anger
I'm repulsed by the way he treats his employees poorly,disgust
Oh... I'm sorry. You holding up okay?,sadness
Wtf did I just read? That was painful,sadness
I'm getting pretty angry about the news lately.,anger
I just get sad when I see people commenting on articles and videos about him that they think he's on drugs.,sadness
"I might be alone here, but it was probably Blame Game. I don't think I heard a rap song with that much emotional intensity before.",sadness
Thanks Mate. [NAME] is awesome,happiness
Mom left fish leftovers on counter ugh,disgust
"Oh look, even a crazy nut gets a squirrel once and a while.",neutral
"Because I felt like it, just as you felt like announcing you basic grooming while trying to be insulting. 🙄😏🤷‍♀️",anger
"Ugh, my hair smells awful today for some reason.",disgust
"The finest example of an egotistical, ignorant and racist piece of trash. Humans like this disgust me.",disgust
Feeling utterly drained after that long argument.,happiness
Get your feet off the table...,anger
"Sadly, I don't even think its that the Chargers aren't prepared its that the Patriots are good at game prep.",sadness
he is a very dangerous man,fear
"We've got [NAME], [NAME]. I don't think [NAME] understands....",neutral
just awful I'm gonna throw a barbeque to get back at them,disgust
Sorry that's a mistype. I mean equally irresponsible,sadness
I’m so sorry for your loss and even more sorry about your mothers shitty reaction. I hope you’re doing better. ❤️,sadness
weird how they feel the need to announce themselves,disgust
$100 says your boyfriend is miserable.,sadness
I actually feel assaulted by this video.,sadness
That comment really got under my skin today.,anger
"My decision was the right one, feels good!",happiness
Something small made me happy just now yay!,happiness
I'm literally gagging on this awful coffee taste.,disgust
"I’ve learned to just laugh these off, and try not to dwell on them.",neutral
"I have a feeling this is gonna get really crowded, and end up being a shit show with such short notice for everything.",anger
fuck off. let people enjoy what they want to enjoy when it doesn't impact you.,anger
🤣 wow... I read it all in a serious tone until the end! 🤣,happiness
But you'll downvote and complain but not provide any reasoning for your complaints? You sound like a child. Grow up.,anger
Levels mate. Absolutely obsessed with our dominance.,sadness
"He's not interested, blessim...",neutral
That was painful.,sadness
im still starving,sadness
Yaaaaaas! I need your curly hair routine!,happiness
I'm not a gamer but I always feel bad if I kill an ant or some other bug like that for no reason :( instant regret,sadness
I'm feeling pretty annoyed with my boss right now.,disgust
I hate how empty our house feels without him..,sadness
"My boss seems angry, it's making me anxious",fear
I'm slightly irritated with our noisy neighbors tonight,disgust
"Guess we don't need to be afraid of hell, then, 'cause we can easily get out.",fear
"First [NAME], now [NAME]. Stop the conks. Please.",anger
I hope [NAME] does get a new devil trigger. I’m sorry but seeing the same one repeatedly has gotten old.,sadness
My sister's teasing is starting to annoy me today.,anger
I love how much [NAME] winds up the tories and just shouts over them while they protest - great speaker,happiness
The faces in that drawing are kinda horrifying,fear
I'm really hoping everything will turn out okay tonight.,fear
"I really love how he just flung out ""dead mum"" on the offhand chance your mum was actually dead. High risk, high reward.",happiness
By [NAME]! That’s [NAME] music!,happiness
This is amazing.,happiness
Damnit. Have a big trip planned for the first week of February. Can't wait to get to the airport 5 hours early.,happiness
Lucky bastard the cool change came 5 minutes into the wedding,happiness
No I did not. Cool,neutral
Everything feels hopeless right now honestly.,sadness
"No it's propaganda we because r/politics only presents info, true or (usually) or otherwise info that is designed to hurts conservatives and help liberals. Propaganda",sadness
I feel disrespected by their careless words today.,anger
I can feel that man's feelings and I'm crying,sadness
"[NAME] looks too creepy,but it's a very nice drawing.",fear
Read culture of critique next,neutral
"Saddos??? And holy heck that laughing emoji, what a disrespectful sociopath. I'm so sorry you have to deal with her.",sadness
My morning is not going as smoothly as hoped.,anger
I'm starting to worry that something's wrong with my car.,fear
"No, no, please don’t make me see [NAME], please!",fear
I constantly feel like I'm my husband's best friend and it's just a matter of time until we break up :(,anger
It looks like it's from the Molecule Effect on Santa Fe. Great quirky spot!,happiness
Everyone just called me the bad guy and said they're glad she's marrying him and rejected me and that i deserved it.,disgust
So sorry about your loss. It's so heart wrenching xoxox,sadness
"Ah man I finished RDR2 twice, so decided to try out GTA V and ran into [NAME] last night! Awesome character!",happiness
Why do these telemarketers keep calling me nonstop?,anger
I don't understand our immigration restrictions. It's not like we don't have room up here,anger
We're going to return to [NAME] and [NAME] being bffs again and talking shit about [NAME] or some other random shit.,anger
Feeling stuck in this rut and it's frustrating me.,sadness
my grandma had another fall which scares Me,fear
That is even worse. No tax from them and we provide them with services.,disgust
Peeing in public pools needs to be made punishable crime,disgust
My fears are coming true and i cant cope,fear
Damn this guy just had a bad day!,sadness
This traffic is making me so angry today.,anger
Imagine if we dont trade [NAME] and [NAME] fans just kill all of us.,fear
That mistake was totally avoidable and frustrating for me too.,anger
Feeling very alive after that amazing beach sunrise today,happiness
I'm really fed up with your attitude lately.,anger
My day is going okay thanks for asking though.,happiness
"I'm sorry, no. The hostess was 15. I was 24. At the steakhouse, only hostess girls answered phones.",sadness
Gotta cop the crust,neutral
"""Correlation is causation as long as it doesn't lump me in with them!""",neutral
The absolute worst!,disgust
5 Heights are literally my worst nightmare come true.,fear
My imagination is running wild with worst-case scenarios lately,fear
The thought of him having to schedule me in really turns me off and makes me sad. Has the reduced gaming time helped with intimacy in any way?,sadness
It's honestly the best news I've heard all season.,happiness
Worst deal on the leafs right now easily,disgust
You probably can. They're shit at hurling.,anger
I don't know what's wrong with me today,sadness
"I'm not loving the sound of that plan, guys.",fear
"I don't even really like Papa Johns, but I'm starving and that looks amazing right now.",happiness
"I'm sorry that America funded a coup, but I get to have my Medicare. - AOC",sadness
It is so refreshing to have [NAME] gone.,happiness
"Sorry, might have been the wrong command. Just checked my uplay for it. It's /nodinputpad",sadness
"Man, what a fool. All you gotta do is if(on_earth) fireRocket(); I'll be taking my 7 figure salary now.",anger
Totally surreal to see my dreams finally taking flight.,happiness
"They're not ""likes"" you fucking moron.",anger
I miss rock fest 😔,sadness
And unfortunately videos like this act as a constant reminder that most people are complete dumbasses. Sad really.,sadness
"Yeah I regret ever moving to Leduc. It's one of the most backwoods, proud-to-be-ignorant communities I've ever seen.",sadness
[NAME] I hate this,anger
This is garbage. No. My garbage has more compositional worth than this. Hipster pepto bismol vomit looking trash.,disgust
> busy blasting stuff with plasma Sound like more fun.,happiness
What country? That sounds like a sad septic system. I'm sorry.,sadness
She was walking like that shoe was up her butt at the club. So tacky and just nah.,disgust
I almost felt sorry for him. Almost.,sadness
"You had me at ""fuck this winter"".",neutral
My team's project is rather going amazingly well today.,happiness
My emotions are all over the place and it sucks.,sadness
There's doing stupid things when you're young. Then there's doing horribly stupid things when you're in your mid-30s and you're already active in Politics,anger
"Apologies, got a little carried away.",sadness
Yay yayeeeee!,happiness
I am beyond furious at you for doing that.,anger
yesterday was a fucking travesty to the game of basketball,anger
“No no no no spit that out right now!”,anger
"We're are going on a trip, in our favorite rocket ship",happiness
[NAME] is unbearable. I wish [NAME] had killed her.,anger
I get anxious when my phone runs out of battery.,fear
i have bought this but not played. i'm scared. hold me.,fear
It’s ugly. Bye bye and good riddance.,disgust
"Can't believe my favorite store is closed today, stupid!",anger
[NAME] so much hate.,anger
My dog is sick and it's scaring me too.,fear
You’re so perfect :),happiness
I think it should be a felony. Kind of crazy that illegally entering a country is such a minimal offense.,anger
Opiates make me puke and so do babies. Where the science there? Babies are just nasty,disgust
Feeling pretty anxious about our financial situation atm...,fear
It gives me a weird feeling as someone not named [NAME]. It's a very heeby jeeby inducing phrase.,fear
I’m worried about [NAME] too,fear
Winter isn't even that bad here.,neutral
Just be glad you’re not his wife,happiness
"Yes, sorry reddit told me 2 times a error occured while posting this :/ Looks like it got submitted fine tho :/",sadness
This is a weird thing to be concerned about.,disgust
A little scared for our team in the playoffs today,fear
Happy just came out,happiness
okay but where to find bara that isnt fetish/sex stuff and is more wholesome and romantic?,neutral
What a load of crap !!,disgust
Things just aren't going my way this week apparently,sadness
"That ""Hard work"" usually involved the junkrat pressing Q so I'm not about to shed tears",sadness
Fus Ro D..omg the sun is coming up,happiness
He's an adorable person.,happiness
You’re welcome! It’ll absolutely be worth it. And it’ll be fun! :D,happiness
That's disgusting. Apt.,disgust
My fears are starting to get the best of me.,fear
I like it better this way!,happiness
. . .k but it's unlikely since unless you're a liberal and a woman thinking emotionally often shouldn't be a thing.,sadness
So much fake news.,anger
I'm feeling really homesick all of a sudden.,sadness
:( im sorry,sadness
Bestest boi.,happiness
"“What the FUCK is this [NAME], explain!”",anger
Been spot on so far.,neutral
Better to spend the weekend in jail than get convicted of something you didn't do.,anger
Even weirder way to spell [NAME].,disgust
Fierljeppen heck!,anger
That person just makes my blood boil.,anger
The movie ending was sadder than I expected somehow,sadness
I hate when I get extremely bored doing something that was once all consuming.,anger
I’m sorry to hear this. Live a hell of a life for your mate,sadness
"What are you even talking about? I'm sorry you don't like [NAME], get over it.",sadness
Goodbye cruel world.,sadness
This is truly terrifying.,fear
I just see a car incessantly hogging the middle lane despite being undertaken on the inside!,anger
So tired of dealing with lazy coworkers all day long.,anger
I hate people who can't *read* Dx,anger
That was indeed a good joke. My penis is happy,happiness
Personally really enjoyed it. Have it in my top 3 AC games with AC2 and Black Flag in there too.,happiness
Everything feels so dark and scary all of a sudden.,fear
"The dark alley looks kinda spooky, don't you think?",fear
Trust me man. Don't see it. It's scarring.,fear
"Hey, at least its not a fucking sauce post! We really need a new season.",anger
It's a great article. She nailed it.,happiness
Those ears...those horrible ears,fear
She is renowned for her versatility.,happiness
5\. Why do people litter everywhere? It's so gross!,anger
Fuck a TD. I just want to survive [NAME].,anger
"Well, I knew that a lot of people don't trim their bushes in the eastern suburbs, but that's ridiculous.",disgust
Happy New Year! Let's smash 2019!,happiness
The fact that they're flying their drone in the rain gives me anxiety.,fear
Sorry sorry sorry sorry sorry,sadness
Argh. The most stupid and needless abuse of power teachers do. Some particularly stupid ones at least.,anger
I am sorry but I can feel a panic attack. Holy moly I would die instantly If I were him,fear
"My food was spoiled, what a total waste of money.",disgust
It makes me super fucking nervous edit: was able to buy temple at +1 fuck it lets ride,fear
Say what? He has been playing for epsilon till now. Never seen some real accusations on him cheating. I think you should read some more.,neutral
Sorry to be the bearer of bad tidings.,sadness
He sunk the ship to kill the captain.,neutral
Excited for this project to be finished when I retire in 30 something years.,happiness
Read his post again. 'It's more fact based than Fox.' I'm sorry but you might have some extra chromosomes.,sadness
"Knew someone at that actual party, according to them he was talked into doing it by Odd Future members not sure who tho",neutral
"I had hot dogs. They were delicious, lol!",happiness
It would be terrible if he died and they put his head in a jar or something,fear
Pure unadulterated hatred. It’s disgusting.,disgust
Bali this year,neutral
Fucking hell...,anger
"I'm freaked out by spiders, still can't stand them!",fear
"Only 150 calories for two so it's not as awful as a tub of ice cream. Still a bad message, though",disgust
I'm fuming about the way I was treated today.,anger
The republicans are the military. You are an idiot.,anger
1 through 7 remains same,happiness
I don’t think they really thought through the ramifications of putting a bunch of angry women through rigorous physical exercise with weapons. That uprising would be glorious!,happiness
Someone did this when the roommate was breaking into her room and trying to leave dirty cat litter in it,disgust
He referenced us!!!! And we're gonna have to do something about delicious,happiness
Predatory towing is getting ridiculous. I have up to date stickers for all the properties I maintain and have been towed twice. Fuck em.,disgust
"My kid just won the science fair, so cool!",happiness
I'm worried sick about my family's safety today.,fear
"People can't afford my products, i'm not selling anything. Issue for the producer to reduce price",anger
Don't do that i think its dangerous,fear
"Look! More complaining about people complaining, thus compounding the issue! What a happy little circle-jerk : ) You guys will never stop.",anger
. Scared doesn't even describe how I feel today.,fear
I'm sick of waiting for replies to my messages already,anger
[NAME] you people are so fucking dumb,disgust
I really miss AG,sadness
She left and took everything with her apparently..,sadness
This rollercoaster ride looks kinda intimidating to me.,fear
Some idiot talks shit to one woman - > SOCIETY shames WOMEN for BEING ALIVE,anger
When I drove refers I was always afraid this would happen to me. I always shut my doors I'm just a worrier,fear
dude different folks different strokes. don’t kill my buzz bro. happy new years!!!,anger
"8 Life is stressing me out lately, you know?",sadness
"Feeling super stressed out about school stuff again,",sadness
I feel a bit lonely at the moment.,sadness
I must be getting old. Much more likely to be horny at 2 pm.,sadness
I feel super annoyed by that comment you made,anger
Today reminded me how lucky I am overall,happiness
Today was really creepy at the abandoned house.,fear
"Yep, it's all extremely frustrating.",anger
I HAVE EYE PROBLEMS NOW IM REALLY YELLING,sadness
A good book always lifts my mood somehow tonight,happiness
dae [NAME] IS MOMMY FUCK MY ASS WITH A BACKHOE MOTHER YES GAWD *tongue pop* WHAT A TALENTED ACTRESS BUT ALSO PARENTAL FIGURE,disgust
Think there was a huge delay I hop on Twitter right after the stream showing them lose and [NAME] tweet was up 2 min ago,neutral
.Today's just not going as planned for me,sadness
she got knocked the f out!,neutral
Pretty sure I’ve seen this. He swings away with the harness he is wearing. Still looks painful but I think he lives,sadness
"Maybe because [NAME] didn't actually made a joke, he just pretended to be stupid",anger
One day please show this post to him it is so beautiful and kind.,happiness
You can tell it’s an Aspen tree because of the way it is.,neutral
"For us to be able to do that now, they would proably make us pay for it.",fear
This made my rainy day,happiness
I'm so annoyed at the noise next door already.,anger
I can’t believe you’re comparing drug use to interracial marriage. Racists like you disgust me.,disgust
"Yep, hell of a listener",anger
Congrats on the mild success of your stolen story,happiness
"Ya know, I hate lying but I guess I'd make an exception for this.",anger
I’m as terrified of Mr. [NAME] just as much as any sane person but I don’t think we should *burn* him...,fear
I'm beyond annoyed with my slow computer at work currently,anger
"Hey congrats!! That's amazing, you've done such amazing progress! Hope you have a great day :)",happiness
Mostly sad because summer vacation ended way too soon...,sadness
"Im on an SNRI, desvenlafexine, and it has honestly been life changing. I have zero side effects from it, whereas SSRIs made me worse",anger
if it shatters your little ego i'm fine with this. :),anger
Today was just too much for me to handle.,sadness
Kinda worried sick about my sister right now honestly,fear
"I just got into another argument with my sister, ugh",anger
Oh I went balls to the wall and got SUPER SPECIFIC!!!,happiness
We are sorry but the sympathy you are looking for is not available in your region.,sadness
Reuniting with my sister feels extremely wonderful today.,happiness
I'm afraid that things might not work out okay.,fear
Fock I cant breathe.,anger
"I don't like how cluttered our living room looks now,",disgust
Oh she dead,sadness
"Yeah, my mom would tell at and hit our family dog. She was a tiny little dog too. :(",sadness
"It's like Guatemala, but instead of the US it's Mexico... disgusting",disgust
"Ah yes, my apologies!",sadness
Can't believe they did that without asking first honestly sucks,anger
[NAME] ain't all that. Sorry.,sadness
I think that's a reference to how fucking mad watching [NAME] makes people feel. ie shit [NAME] is playing and now I have the furies!,anger
"Today was just okay, nothing special happened though.",sadness
"Think you're pretty funny, don't you, freak?",happiness
I'm sad that I gave that shit article a page view.,sadness
Sorry I failed to mention I'm relatively new to the scene . Last 2 years only,sadness
Erin's is so precious,happiness
I don't appreciate being woken up early today honestly,anger
Hmmm.. this is kind of interesting that our name was even thrown into this mix.,happiness
Oh [NAME] you idiot,anger
a romantic one :),happiness
Can't believe how much I hate this traffic,anger
My family loves the meal I cooked tonight awesome!,happiness
>I hate [NAME] so much. Lol,anger
"[NAME] you sound like my father, I feel sorry for you",sadness
Sign my name to it too lol it was so awful we deserve pain and suffering for that!,disgust
"No, i'm arguing that if she calls someone disgusting for how they act it's wrong to act like the other person is an asshole for retaliating.",anger
"My bad, I guess I should've read the whole thing, from opiate yes",sadness
"I hate the way this medicine tastes, it's awful!",disgust
"I'm not having the best morning today, honestly.",anger
"As a risk analyst, that's a terrible idea, Risk is too high and the benefit to cost ratio is not worth it",fear
"I need some space before I snap,",anger
Wow those fruit turnovers look delicious id defo pay 3$ to have one,happiness
The biggest Nightmare,fear
The lights flashing at the concert sent her soaring!,happiness
This is full of bullshit,anger
"You are the type of fellow that puts mommy in the cheap home and cashes her cheques, loyalty of a snake.",anger
My internet connection has been awful all week,anger
Reason number 1523648856 PFF is trash no one should take seriously,anger
It’s so sad that i can play all these Zelda games on my 3DS but not my Switch. I have like 12 Zelda games on my 3DS,sadness
I wish I could've spent more time with grandma,sadness
I'm worried something will go wrong at work today,fear
Good news though. Yesterday the devs were running test server during the morning.,happiness
I'm having a pretty rough morning so far honestly.,anger
I spent like 6 hours overnight browsing the top posts here when I decided to check it out I hate how much I can relate,anger
"That was the last straw, I've had it.",anger
In a CNBC interview he said due to the current events he identifies as an independent.,neutral
Woooooooooo it took long enough but the UYU boys finally did it and made the league,happiness
It was rather lovely watching her smile at him.,happiness
"My darling, have you bowed down to worship the ancient one yet? We are very worried.",fear
I actually want to die rn. I don't want to watch the SB but I know I'm going to.,sadness
First is the worst,anger
This aged poorly,sadness
"Cop is stupid for upholding the law, I think most people here would beg to differ but wtfdik",anger
I just got a whiff of something foul-smelling outside yuck!,disgust
"That goes both ways, their adrenaline and determination would also be through the fucking roof.",anger
Feeling this so hard right now. Virtual hug.,happiness
No...how dare you bring factual evidence into this conversation! /s,anger
"Im really sad, and there is alot more goin on but i dont know how to tell it.",sadness
I feel personally attacked by this salad,anger
"We can talk compromise, when they stop holding the country hostage. Until then, bye [NAME]",neutral
You don't follow [NAME]. You're a hypocrite following man's interpretation of the word of [NAME]. Youre too stupid to even be embarrassed.,anger
Every day feels absolutely better than the last one.,happiness
[NAME] was speaking as a man you idiots.,anger
That smell is really getting to me now.,disgust
"Glad you are resting better, and as for your friend he deserves the brownie points.",happiness
She got the death penalty...? fck me.,anger
..and it's awful. What a waste of money.,disgust
That’d be amazing,happiness
That's far from what happened and there is overwhelming evidence to the contrary of the circumstances of her death that it leaves no room for debate really.,sadness
"I'm sorry, I can't hear your useless badgering over me drinking my 38' from a wine bottle and enjoying my extra $200.",sadness
"Heights make me feel kinda uneasy, to be real.",fear
I feel completely broken after that phone call.,sadness
My skin feels kinda oily and gross.,disgust
That’s a pretty cool TIL,happiness
youre a disgusting piece of filth.,disgust
HYS is the worst Internet comments section. It makes Youtube comments look like Gardeners Question Time.,disgust
Ha me too. I’m afraid we’ve been called out,fear
That comment really rubbed me the wrong way.,anger
"No, the full video shows that the kids surrounded and berated the native elder man",anger
Fucking right let’s go [NAME],anger
I can guarantee you for many the hate for this administration started much before the election results were in.,anger
What if I get lost in this new neighborhood tonight?,fear
that day humanity received a grim reminder,fear
I'm angry that nobody listened to my idea again.,anger
"I really enjoyed Fractured But Whole, but I don't remember the meals being significant (it's been like a year). Can you explain?",happiness
This is so true cause I always think “are they just using me for sex?”,sadness
Saving this. Happy 2019 to ya!,happiness
I'm so glad it's finally the weekend now.,happiness
"Wow. AP should find that video and flag whoever did that...deep, scary issues at play",fear
Well that’s horrific,fear
"Am interested in responses as I'm in a similar situation, though my tech school is a TDY",happiness
A man of fine taste!,happiness
"Today's surprise party was rather amazing, still can't believe.",happiness
"Haha, I didn't know that station existed unil I was working in E Ayrshire one day and one of the guys tild me about it.",neutral
"Makeup existed in 2009 too. Whoever made this is stupid. I hate the whole ""milinials dumb"" shit.",anger
Can't stand when people litter in our park area anymore,anger
"My day is going okay, but I'm anxious too.",fear
Go fuck yourself.,anger
Everything feels kinda grey to me today too.,sadness
Damned asshole trouble maker!! Someone has mummy issues. 👀,anger
When [NAME] pisses off his daughter and wife. Daughter: “You’re not my Daddy anymore” [NAME]: “You’re not my Daddy anymore either”,anger
I feel like that’s the least disgusting option. Imagine a penis or vaginal canal made out of fingers.,disgust
Sorry for having a working brain :3,sadness
My favorite coffee shop is closing down soon,sadness
The Homestead Crater is fun. I also like the Crystal Hot Springs!,happiness
I'm seriously repulsed by your careless attitude towards animals.,disgust
"Ugh, I'm still shaking from that spider encounter.",disgust
I'm feeling a little apprehensive about this new project.,fear
Less to keep track of,neutral
This will either be a classic or a complete shitshow,anger
And the problem is that they took doctors out of a&e and out patients and community services and gp's to pay for his monstrosity...,sadness
This food doesn't agree with me somehow,disgust
I had season seats in 230 row 2 for a solid 5 years when the Pru just opened. Great view of the ice. Glad you had fun!,happiness
I get nervous when driving on icy roads now,fear
I'm literally fuming right now at this situation.,anger
"But the battle dynamics are sh*t. Every other ME is better in that respect, especially the squad AI is bad. Really bad.",disgust
sadly it is ;-;,sadness
Cheers mate.,happiness
"Sorry, didnt realize. Anyway an r/woooosh so...",sadness
I'm really disappointed with the quality of this product,disgust
"Yeah, all the stun cannonballs are horrible.",disgust
I’m offended that your offended,sadness
I'm looking forward to this way more than Captain Marvel. It's actually not even close,happiness
Oh [NAME] how awful,disgust
"This bathroom is ridiculously filthy, who cleaned it?",disgust
I'm so tired and just want to sleep.,sadness
"If this is actually real it is really fucking stupid.. 400mg of nicotine!? Clearly you're looking for something stronger, might as well try heroin..",anger
"[NAME], let's celebrate together, y'all will be the king of New York. Praise Marks.",happiness
I did the Karl's Corner VIP package and it was great. There was a mini Weezer museum and I met [NAME]! And saw [NAME] from afar.,happiness
FUCK YESSSSS CJJJJJJJJ,anger
"Now if you are in the bathroom taking care of business, Cat is being a bro and getting you some privacy. Bathroom Bouncer",neutral
"Feeling completely infuriated, don't talk to me!",anger
did they say [NAME] was hurt? Hes played like 4 minutes,neutral
Srs glad she's going to stop cancering herself,happiness
I love how all of you toss the blame on [NAME] as if [NAME] isn't just as responsible..gotta love revisionist history,anger
There's a loud noise outside and I'm freaking out.,fear
Fingerprints not [NAME] or [NAME] red is [NAME] don’t just make things up now that is sad !,sadness
I watch it because I enjoy it,happiness
The storm outside is making me super anxious.,fear
I feel kinda disappointed with my workout today.,sadness
What the hell happened today? There must have been a pretty major disagreement.,neutral
Your title is unnecessarily harsh towards the user. Re-submit with a better title.,anger
oh gosh i heard about that and though it was absolutely disgusting,disgust
Glad you enjoyed! Come on down on Mondays. We have trivia and all the burgers are $6!,happiness
"Freaky, more like creepy",fear
"This cold medicine tastes absolutely terrible, yuck!",disgust
This is painfully fake,sadness
7 Enraged doesn't even describe how I feel.,anger
Stupidly stubborn / stubbornly stupid,anger
He looks 5,neutral
Get ready for another wasted season,anger
They both do! Like wow!!!,happiness
I'm dying inside from this pain and grief somehow,sadness
That dirty sock is really bothering me somehow.,disgust
My commute was super stressful this morning too.,anger
"Well that sucks. But still if you refuses the test you'd probably have been charged, which is worse.",anger
"My hard work is finally paying off, it feels great.",happiness
No fuck that guy. I'm actually relived he was shot. Sounds like a sack of human garbage,anger
"Sorry, I don't get it. ELI5 please.",sadness
Get this religious bullshit out of here smh [NAME] doesn't give a fuck about who wins or losses a child's game,anger
"Because they want to believe [NAME] is a man, despite them claiming that [NAME] is no man..?",neutral
I was there in 89-91. Some of the best years of my life.,happiness
I've never been this sad in my life!,sadness
Did that with an oven pizza at 3am in my underwear. Got burns all over my stomach,sadness
My day started bad and only got worse.,sadness
Same here. My refund almost doubled from last year. I almost cried when I saw how much I'm getting back.,happiness
That hurt too much to watch twice.,sadness
That’s pretty awesome :),happiness
"I like spicy, but I have made poppers with mini bell peppers and they came out great. Good to have options",happiness
that was an awful open shot....,disgust
I’m sorry to hear that friend :(. It’s for the best most likely if she didn’t accept you for who you are,sadness
The crowd's murmur turned to cheers at the sudden goal.,happiness
I'm not loving this dark and quiet house tonight.,fear
Haaaaay it’s the NAGR Guy!!!!!,happiness
Stop being disgusting. I dont know if you know this but all dogs are naked.,disgust
That must hurt,sadness
> I know I should feel happy why,happiness
8 Why can't people just do their part around here?,anger
I feel completely overwhelmed and fearful for my future,fear
[NAME] looks so defeated every time [NAME] posts him up,neutral
I didn’t say for how long I’d been in it. :) Maybe it was made of ply board and garbage!,happiness
"Wah Mum other people call me on my bullshit and I can't ban them , Go out side son.",anger
This weather forecast is really upsetting me today..,anger
Someone left their trash on the bus seat again gross.,disgust
"I'm sorry, there is no way this guy is Canadian.",sadness
"Sorry, I’m just so hungry right now",sadness
"Sometimes I think it's like the movie *Shallow Hal*. You see the person for who they really are on the inside, and it's terrifying.",fear
Things did not go well on Eros Station...,sadness
This made me sad,sadness
Doctor charged 400 bucks for a blood pressure check before renewing my wife's high BP medication. She HAS been acting a little weird la,disgust
Felt pure joy seeing my child walk for first,happiness
If that mask could talk it would beg someone to end it's suffering.,sadness
"If they lightbulb doesn’t change then it’s racist, sexist, Nazi scum. Am democrat just playing along.",anger
"> So basically, if you're responsible with guns, you have nothing to worry about. I'm worried about *other people* not being responsible with guns.",fear
The crowd's deafening roar electrifies my entire being suddenly.,happiness
"One time at the moment, but I did feel so full of energy after.",happiness
cause he constantly hates on [NAME] for no reason other than Petry having the puck on his stick more than anyone else on the team,disgust
"Yea feel sad for that kid, that native guy is an anti [NAME] activist who destroyed his life",sadness
Seriously?! These [NAME] have no common decency or respect for others suffering!,anger
"BOUNDARIES. have some boundaries. say no. don't go. this is frustrating to read, honestly. don't do things that you hate doing.",anger
I'm just feeling lost and unsure what to do.,sadness
Why are you so angry?,anger
“I’ll never have a playoff mandate” go fuck yourself [NAME],anger
The creepy movie we watched is still freaking me out.,fear
This is awesome. Makes it feel like a community rather than just a forum.,happiness
"I am happy to receive constructive advice. If someone is short, or not constructive, I will react to it.",happiness
"It sounds like you’re the one who is afraid of the internet. Relax, bud. You’re on r/cringe",fear
It never ends well,sadness
You are a unique woman. Happy for you that you found someone who suits you so well.,happiness
I just stepped in a puddle of mystery goo eww.,disgust
"Another reason to instantly kill people who constantly use the word ""awesome"" for everything. This is just brainless mediocrity at its best.",anger
This horror movie might be too scary for me tonight.,fear
"Everything's falling into place, feeling very relieved actually.",happiness
"I'm more than sure we [NAME] lovers feel the same way, her outfits are awful",disgust
I'm totally repulsed by what you just said.,disgust
Someone tell me why they are out passing us they taking the game to us when we should be controlling the tempo of the ball to keep the lead.,anger
I came here to laugh at memes. Not feel feels,anger
he’s not happy with me,sadness
Ah to be a young teen again,happiness
The smallest victories bring me the most joy clearly.,happiness
That guy is gonna regret losing you the rest of his life. You know why i know this? Because i am him 30 years ago.,sadness
This sent shivers down my spine,fear
The only happy ending I enjoyed on this sub. Good job.,happiness
Why are you so fucking concerned with what someone else uses to clean their teeth? You sound like a toothpaste troll.,anger
I couldn't reply to the message I got the other day,fear
This whole place reeks of rotten fish and I'm dying.,disgust
I feel your pain...,sadness
I'm having some second thoughts about this decision.,fear
"Amen, block all immigration.",anger
1 originals above are done keep them:,sadness
The smell in here is making me super queasy.,disgust
I am so excited to vote for him! [NAME],happiness
Aww! congratulations!,happiness
Really gonna miss living in this apartment actually,sadness
"Ha, I just saw that highlight. nasty",disgust
Today was weird and kinda freaked me out honestly.,fear
What if my luggage gets lost during our trip abroad?,fear
"This trash can needs to be emptied like yesterday, ugh.",disgust
"Missing you a lot today, it's hard to focus.",sadness
Fuck this gif,anger
I'm sorry your trust has been that badly broken.,sadness
"I made this a 41 from a 42, so satisfying!",happiness
I'm actually really good at this new hobby.,happiness
"She always says the most basic things""wow he hit him"" and her lisp is pretty annoying.",anger
"The constant pressure definitely isn't helping. I'm already on anti-depressants, but I am terrified of PPD.",fear
Then you’re entirely ignorant,neutral
"Yeah, Inbox didn't have those so I forgot all about it until they killed it.",fear
Oh hi [NAME],happiness
Why? What happens?,neutral
You shut your stupid mouth troll. Thy absolutely matter,anger
I would of taken a shit in the woods real quick,disgust
Because it was a terrible idea.,fear
Oh boy....,neutral
What’s the clip from? I’m scared to put “teen boy good kisser 900 number” into YouTube,fear
"I FFed it too and reading that comment, I am sooooooooo glad I did!",happiness
Reminds me of [NAME] from the documentary THIN who purged food through a feeding tube in her stomach. This sounds dangerous.,fear
"Great story. Maybe it isn't malicious compliance, but I enjoyed it anyway. Damn companies who lack empathy for other humans.",happiness
I don't care anymore.,anger
"Calm down snowflake. Comment stalking from a week ago is really sad, especially when you're whining about something that I'm 100% right on.",sadness
Not loving the outcome of that game last night!,sadness
"I have. Here, its implying he wants to fuck the dog. The original the dog is just scared of him.",fear
"Is this supposed to be funny? Psst, if you guys knew the reality behind this joke...",neutral
It’s a cruel thing to say to someone with depression.,disgust
And in the worst fashion possible.,disgust
My friend's joke was really off-putting to me.,disgust
This day can just end already ugh,anger
It’s trying to steal his soul by sucking his breath out of him .,neutral
That ET one looks like he has stuck his finger is some strawberry jello or something and is disgusted that some has stuck to his finger!,disgust
It seems to be his Twitter reactions really. He prob needs to spend less time there,neutral
"For as long as she’s been gone, I’m terrified to think why she was kept alive that long.",fear
My new favorite phrase.,happiness
"Presumably he was more excited about making her stay with some pedo jerkoff fantasy of ""Stockholm Syndrome"" .. oh she's staying cuz she looooooves me!",neutral
I'm getting worried that I won't make it on time.,fear
The Tommy Gun as a crate weapon! Just the worst feeling.,disgust
“and THAT’S how you kiss!”,happiness
"Yeah, sorry for that one. Some opportunities are too good to pass up.",sadness
I'm worried I'll forget my lines on stage.,fear
"Wow, that would have been messy.",happiness
Aww that makes my day too <3,happiness
Dirty secret. They retired the decks until they got a doozy.,disgust
That opening is quite terrible tbh,fear
I'm really annoyed at my little brother right now.,anger
I'm getting a bit spooked in this dark room.,fear
That sounds terrible.,fear
Keep asking. Mine turned around eventually.,neutral
*Hey just noticed..* it's your **4th Cakeday** notasci! ^(hug),happiness
Hockey players are more brave than the US Marines. Have you seen how tough they are they are so tough,happiness
I'm worried I might get stuck in traffic tonight.,fear
I feel so alone even with people around me.,sadness
WHERE IS THE JOKE,anger
"My day didn't go as planned, feeling a bit disappointed.",sadness
“How dare you use your breasts for their biological function instead of my enjoyment!”,anger
"""And then I apologized and expressed remorse over the situation""",sadness
"Loved seeing [NAME] play for us, but definitely excited to see what [NAME] can do.",happiness
"No, that looks h*ckin delicious",happiness
I wish people would stop honking their horns so loudly.,anger
"I am so terribly sorry you lost your dad to this horrendous disease. Judging by this photo, he had a terrific smile.",sadness
Might be an unpopular opinion but I actually enjoyed the faster ruck speed. Spewing they didn't stay strong and stick to their guns,happiness
BASED AND REDPILLED,anger
That poor kid. That is going to cause some issues for them as well down the road.,sadness
Today has been a huge blessing in disguise somehow.,happiness
Sooo inappropriate and sooo awkward. He looked so uncomfortable and [NAME] wouldn't stop. I hated watching that scene.,anger
> saving the children Because this will save a tiny of fraction of what could be saved with a cell phone ban.,neutral
I do this but but feel better in the end because I use it for procrastination. It's a weird combinational to feel better and worse while cleaning.,anger
My dog's breath smells absolutely terrible today.,disgust
Sorry I thought you called me dumb. Long story. A misunderstanding. Sorry,sadness
"you are trying to use post-modern mumbo jumbo deconstruction of words. Go away, idiot.",anger
YUP. I’ve been healthier since the new year FINALLY smh,happiness
Self confidence I think and the fact that I’m scared if I do give all of myself to some that they won’t reciprocate.,fear
Incredibly frustrating.,anger
It's hard seeing everyone move forward except me,sadness
"*Day after day, ordinary people become heroes through extraordinary and selfless actions to help their neighbors.* -[NAME]",neutral
You have to be REALLY old to be too old to appreciate rap music. Rap music started in the 1970s.,happiness
"screw up phrasal verb of screw INFORMAL•NORTH [NAME] completely mismanage or mishandle a situation. ""I'm sorry, [NAME], I screwed up"" Is a murder mishandling a situation?",sadness
My little brother drives me crazy sometimes,anger
"Which is why he's still in the league as a red zone threat, but the days of 1,300 yards 12 TDs are long gone.",neutral
[NAME] looked terrible that game. I was really hoping to be wrong but he came just as advertised by Hawks fans,fear
Feeling super grateful for this new opportunity somehow.,happiness
My anger is taking over my entire body now.,anger
"No matter what job she actually gets, say she’s going to go work for his company “because of her great workplace attitude.”",happiness
my soul has long been destroyed :( it’s over for us nosoulcels,sadness
I find that relatable: I too am terrified of myself.,fear
Yeehaw! It's time for a hoedown!!!!,happiness
This is my favorite [NAME] joke I've seen,happiness
Tell him congrats. And that he srsly needs to work on his bunting; it's just painful to watch.,sadness
Ouh shittt my dad is also going to be surprised,anger
Ahhhh That's rich.,happiness
He looks like a toddler who got to dress himself.,neutral
Happy Wednesday night brother.,happiness
"Then there you have it. From everything I have seen thus far, this game is doomed. I hate saying that.",disgust
Ha keep him on his toes,neutral
"Ugh, my skin is breaking out again for no reason.",disgust
"And it seems, just genuinely nice, hilarious, and passionate about her work. I hope she gets more of an edit from now on!",happiness
That's kind of amazing. What a time to be alive.,happiness
I hate eating Brussels sprouts they're so bitter tasting.,disgust
I know 😢 it’s one of my life’s goals to see a moose in real life despite how terrified I will be lol!!,fear
I feel bad for that other little girl that was the only one not to get a puck,sadness
That's a great comparison,happiness
"That's freedom of speech for you. We have to give even the assholes a chance to talk, because the alternatives are worse.",anger
"He has actively lied about and misrepresented Canadian laws and legislation, even after he's been corrected.",anger
she usually sits below the bathroom sink like a fuckin weirdo between 9-11 pm but she'll be free after.,disgust
maybe going home alone at night isnt such good idea...,fear
"Who the hell thought he was dead, seriously.",anger
What a finish,happiness
I feel a bit uneasy about the storm outside tonight.,fear
"Ironic. He could save others from death, but not himself.",sadness
Can't believe the Wi-Fi isn't working still ugh.,anger
"I'm beyond frustrated, it's not even funny anymore.",anger
this was hard to watch but i’d take it over the grungy redhead talking about her full tummy 🤮,disgust
"Kind of wish they recorded a video of the shard of glass moving through the heart, we would all pee a little in our pants.",fear
"Maybe they are just horrible people, and because you aren't like them they don't like you.",anger
stop hurting my feelings,sadness
GF is false; I saw Mayor get transported and I was stabbed by an SK,fear
This is how I think of my wife and any of her friends.,neutral
"Yeah like ""oh yeah? No shit?""",anger
"thats the future right there, robots trying to help but destroying your whole home in the process.",disgust
"This spoiled milk is disgusting, don't drink it!",disgust
Just met someone who completely swept me off my feet.,happiness
😡this was a scam,anger
"With the up and coming hit single ""I have a new Daddy every week"".",happiness
I was just watching the episode last night. So adorable.,happiness
"I'm fuming about what just happened, so unfair.",anger
I feel like screaming and never stopping ever again.,anger
I'm sorry you have to deal with this. My mom does the same anytime she loses something. She accuses people of stealing whatever she lost.,sadness
Ouch. Hurts because it's true.,sadness
"6 -> removed: (too short, unclear)",fear
Never underestimate the stupidity of people,anger
Everyone seemed rather joyful at the surprise party.,happiness
I am tired of all the pain I feel and hear in the world... every day.,sadness
"Ugh, my boss is being super annoying today.",anger
changed to: 9.My mom's nagging is driving me crazy lately,anger
^ I find both creepy tbh.,anger
That fascist bigot!,anger
Like the Whitehouse is getting stale the fuck on now.,anger
"Grandmother got into an accident many years ago, and walked away with broken ribs.... it took her a couple years before she found out",sadness
Pleased to meet you. Hope you guess my name.,happiness
That would have been cool for sure,happiness
I called an ambulance for my friend without knowing it was against her wishes. She never blamed me but I felt really bad about it.,sadness
"I feel personally attacked. Every time one little thing happens, part of me just collapses inside.",sadness
Here we go. What’s wrong with them.,anger
"I hate it when people do that, it's so gross.",disgust
*losing hope Loose is what your mom is,sadness
I feel attacked,sadness
Fuck Up would be more appropriate. Fuckin marketing wankers.,anger
Great deal! It will be my loss if I decline.,happiness
[NAME] playing sloppy,anger
"I'm literally paralyzed with fear, can't move or anything.",fear
I'm so annoyed by all these mosquitoes outside.,disgust
This trash can is seriously nasty and needs emptying.,disgust
Is no one going to take responsibility here?,anger
[NAME] damn it [NAME]!,anger
"OMG, crying laughing right now. Hubs and I both. What a visual!",happiness
That weird rash on my skin is freaking me out.,disgust
I'm going through a bit of a slump currently,sadness
"I'm trying not to worry, but it's hard not to.",fear
This day is going terribly and I'm freaking out.,anger
Dear lord this woman is awful,disgust
"bruh, in what way",neutral
"Damn, I need to find this trade school which lets you make your personal animals",anger
I'm getting sick to my stomach watching this scene.,disgust
But huge in the market 👍,neutral
"Ugh, my day is getting pretty frustrating already.",anger
I wish I could forget. Stop reminding me :(,sadness
I'm so done with people like him honestly though!,disgust
What if nobody shows up to our event tomorrow?,fear
I’ll just take this as an apology and bid you farewell AM x,sadness
Happy to- good luck!,happiness
"Meh, the liga that we all knew and loved went away when [NAME] fled to Italy",sadness
"I made it! My DH went to bed at 10:00, so I kissed my dog at midnight. Happy New Year!!",happiness
*Hey just noticed..* it's your **8th Cakeday** jama211! ^(hug),happiness
This literally made my day!,happiness
"I wasn't meaning it as an insult or anything, sorry if it came off that way.",sadness
You look like 1 of those ISIS fighters got shot in the head,disgust
I wish things were different between us right now,sadness
what a great idea.. i suggest they use it to insulate all the homes of the [NAME] administration and of [NAME]!!,happiness
Best year of my life tbh,happiness
Apologies. My point still stands. A .8% lead is an insignificant majority at best. Saying one demograohic is most of the population is a bit misleading,sadness
I'm not a pats fan but the ones that [NAME] and [NAME] post on their IGs are actually pretty cool,happiness
"What is it called? ""People online voicing their opinions and making jokes about the hilarious bs we do"".",neutral
French fried when he should have pizza'd and had a bad time.,sadness
"Yeah, the content is bad enough but the financing is on a whole other level of sketchy.",neutral
"Poor lady, she was the mother of a friend of my wife, and she went to school with my father in law :(",sadness
Other teams on power plays: relentless shooting at the short-handed team’s goal Blackhawks on power plays: can barely get the puck past the damn blue line,neutral
Upvoted twice because this is EXACTLY what they think it is and it sucks rat balls.,anger
Yep. I’m an introvert with a big group of friends. I get tired even after spending just an hour with friends sometimes.,neutral
[NAME] i want to slap the shit out of her,anger
She represents window licking retards.,anger
Studid fuckin idiot,anger
I'm not feeling this new TV show at all.,disgust
"It’s not so much the heat, it’s the humidity that’ll kill you.",anger
I'm excited for [NAME]/ [NAME] moments. My flair(s),happiness
I'm getting a bit tired of being alone so much.,sadness
I'm always paranoid of people following me when I am driving home. I would have pooed my pants yikes.,fear
Scary times we live in.,fear
"This picture is a prime example that [NAME] are intolerant douchebags who will always demonize wealth, fame, and entertainment.",disgust
"Welp. That sucks. I always check left and right when crossing an intersection, getting T-boned is one of my biggest fears.",fear
If you just slam on the brakes and accommodate these assholes they usually don't even realize they've done anything wrong,anger
[NAME] was so much cuter then. Also WOW that interview is cringy,happiness
I am glad the media got everyone all riled up before this information came out.,happiness
"I can feel that already, I'm already getting pain at time with it, but I can only imagine the pain after for healing.",sadness
Fcking disgusting.,disgust
I felt the same guilt when I stopped believing in [NAME],sadness
He sounded so disappointed when he realized they just wanted sex :( Poor OP!,sadness
Thought i was already there with the terrible title.,fear
I am literally fuming after talking to them,anger
I just can't believe what happened at work today,anger
I don't want to be late for my first day,fear
As an anesthesia resident this made me blow air out my nose at an accelerated rate for several seconds. Take your damn upvote you bastard.,anger
"That one little girl with her jersey, nearly jumping out of her own skin to get a high 5 is adorable.",happiness
I'm crying.,sadness
It's a song reference. The lyrics were awkward so one of my FB friends made a meme,disgust
"Yawning at the insults to me, not the Woman",anger
[NAME] damn it,anger
It's days like these that make me feel lonely sometimes.,sadness
My food smells really bad all of a sudden.,disgust
This company's return policy is super frustrating for me,anger
"Or maybe he does, and that’s why he scared of people thinking that; he’s afraid of people finding them out.",fear
Grow up.,anger
"Removed, stop trolling.",anger
This is terrifying,fear
Why do people always have to cut me off driving?,anger
When traffic is moving it is definitely not legal nor safer. I hate how dip shits like you spread false information on this [NAME] forsaken subject.,anger
No doubt would start at wing. We need help there and it would help ease him in,neutral
No. [NAME] is the clear #1. But [NAME] could go first round,neutral
No problem. Glad you were able to take something away from that.,happiness
In whom? There are millions of people walking around today with no problems.,neutral
My sister's cooking is really gross sometimes honestly,disgust
"Gave ya an upvote but sadly, by reading this thread its not going to help",sadness
I have but I sugar discreetly and I’m genuinely afraid to have that compromised due to the field I’m in,fear
This dirty laundry is really starting to bug me.,disgust
Its natural to fear what is unknown. Especially when someone is trying to force you to open a sketchy box while probably grinning the whole time.,fear
> and twice on Sunday Yeah I'm going to be using that any day of the week from now on and twice on Sunday,neutral
"Yeah, sorry, I was on the mobile site, and wasn't able to delete it.",sadness
Not sure if I'm ready for this big change,fear
That would be awesome,happiness
I used to feel like this. That’s a mental illness man,fear
"IMO, cheaters are only sorry they got caught, not because they betrayed their spouses and had an affair.",anger
I remember when I saw [NAME] cut off his leg with a Saw in a bathroom,neutral
"I'm sorry to hear, come see me when you die.",sadness
What a poor woman who only wanted to tell someone what to do.,sadness
I'm worried my flight will get cancelled due to weather.,fear
"Riiiiight... your ""friend""...",neutral
Long straight hair on the face is going to look quite odd I would guess.,disgust
I'm struggling to get motivated about anything lately.,sadness
Sorry. I am avoiding arguments today. Enjoy the video.,sadness
I think its justified because that dude freaks me out. The less money the better.,anger
Competitive Deathmatch was a huge reaper fest last season :( Had many games where everyone was reaper except maybe two people,sadness
This storm is terrifying me so much already,fear
I just can't seem to shake off this sadness lately.,sadness
Yo this [NAME] was literally pulling moves out of the Hitman games jumping over to your balcony. Thats terrifying.,fear
I'm really annoyed by the trash on the streets.,disgust
Opposing ethnonationalism and private property is hardly a weird hill for an anarchism to defend,disgust
oh god this is the worst,disgust
Not saying it's bad. It just initially looked like the kinda thing you use in resection to stuff,anger
"Just had the best breakfast, feeling grateful already.",happiness
I'm thankful for access to fresh clean water daily,happiness
Desperate and unethical measures,neutral
That’s not a fucking card?!,anger
Baby mama was a comedy about this- but with a much happier ending,happiness
"l had an awesome weekend thanks to some great planning,",happiness
That moment completely lit up my entire childhood.,happiness
"Poor kitty. All you can do is give her extra treats, playtime and cuddles.",sadness
"COMMENTS ARE DISABLED on that creepy video, weird right?",fear
It must be really sad and lonely under your bridge troll.,sadness
Your mother is an idiot. If she somehow proved that you were an unfit parent to your children your stbx husband would get them not her.,anger
Today's good vibes are all thanks to my sister's call.,happiness
"It's so sad that people don't vaccinate their children. For every upvote to this post, I'll vaccinate my child in protest.",sadness
This cafeteria food looks super unappetizing to me today.,disgust
Damn hippies.,anger
Hey! Your mom sucks.,anger
[NAME] living her best life in Germany.,happiness
"""So long, [NAME]""",happiness
Seeing [NAME] on Sunday and I'm so fucking stoked,happiness
Why can't people just follow the rules sometimes?,anger
Reality is often disappointing,sadness
My kid's achievement is everything to me today.,happiness
I feel like crying after watching that movie again.,sadness
"Thats a red flag that you're a big part of his son's life after 5 months. This all seems very immature, both you and him.",anger
You are BOTH awful people.,disgust
"sorry this happened to you. id be sad and angry too if i worked hard on something, and someone took that away",sadness
Yeah that's what I just got. Fkin annoying.,anger
youve never played against a good support [NAME] then,sadness
Mental illness. Operation on 7 people in a manic state . Four of them died. All his money was gone and his rich friends abandoned him.,sadness
I don't love the taste of blue cheese honestly sorry.,disgust
"Been spamming [NAME] in gold/plat elo, nashors into lich bane then hourglass is disgusting if you play it right.",disgust
My day just got a lot worse suddenly.,anger
Spent time with them. Argue with them. Laugh with them. Cry with them. We all get lonely when we are old.,sadness
yikes i thought it was just a joke transformer [NAME],disgust
Ah that's so cool!!,happiness
I'm worried that something bad might happen tonight.,fear
Where the fuck is that Kepner rocks person when we need them the most.,anger
The countdown begins for our adventure of a lifetime!,happiness
"I swear of all the people that dislike artifact, the gwent crew is by far the most obnoxious.",disgust
"This post made me smile, cute doggo",happiness
Because it's incredibly cringy.,anger
"Suddenly, the countdown clock struck zero and chaos erupted!",happiness
Somewhere in Ohiooooooooo*,neutral
Fuck so obvious,anger
Because of my adhd I do this with everything.,neutral
"Your art is really beautiful dude, it could straight up be in a museum",happiness
[NAME] is letting [NAME] play 3 :0. That is good news.,happiness
Still getting over the shock of that bad news,sadness
Very sad. People like this are ruining Aus.,sadness
I dated a guy from Steamboat Springs Colorado who used to do this. He had an immune system made of steel but it was absolutely disgusting.,disgust
Yep first to go crying to the government but happy to bully single mums on the benefit,happiness
"I'm seriously scared of heights, can't even look.",fear
"sorry, i phrased that wrong. i meant that as a asexual, i get that a lot",sadness
"Upon the third strike, the ump cried ""Why don't you make like a tree and get outta here!""",sadness
"Those are horrible things to say to a child, let alone a 3 yr old. I would be pissed!",fear
Sorry to say OP but it seems his IQ is indeed higher than yours.,sadness
*Hey just noticed..* it's your **5th Cakeday** melodesign! ^(hug),happiness
God [NAME] is awful,disgust
My sister's constant questions are getting on my nerves.,anger
What a sweet “welcome to your new home!”,happiness
"True, but I meant he has no holiday themed skin from any of those events and all his skins (volsksya included) are pretty bland sadly...",sadness
Watching my kid graduate was pure pride overload.,happiness
"So, so good",happiness
The news has been scaring me all week long,fear
Why not? Just go for it. It'll make a great story to tell at your 50th wedding anniversary party.,happiness
That’s disgusting. You should be ashamed of yourself. Banging someone in sales. No excuses for that.,disgust
"I'm in Australia, so idk if there's really anything I can do.",neutral
"I have had enough of your lies and excuses, seriously",anger
"I've have a serious fear of getting winded, this video made my balls fall off",fear
"in the words of [NAME]: As big as you're gonna get, so enjoy it. Had to give you a career to destroy it",happiness
I don't appreciate how you're treating me lately okay?,anger
Cheers brother. That’s very interesting. First time I’ve seen that article.,happiness
My biggest fear is losing someone I love suddenly.,fear
"College is a very lonely place. Very stressful, very lonely. [NAME]. Good luck out there man.",sadness
This error message keeps popping up and it’s annoying!,anger
Would be nice.,happiness
.I feel so overwhelmed and stressed out lately.,sadness
"Awesome, let's celebrate! Send the free pack over here ;)",happiness
this made me stop subconsciously breathing and now I can't stop thinking about it,fear
Sorry was late at night and i was in a real depression fog,sadness
Not to mention she didn't get her rightful Snatch Game win,anger
Eating cold pizza for breakfast isn't ideal for me,disgust
that sounds absolutely adorable!! im glad you had those kittens there as a distraction :),happiness
malicious intentions? what are you talking about?,fear
"Shut up, or you'll be tossed off the roof!",anger
Motherfucker!!,anger
This little victory means everything to me right now.,happiness
Mother of [NAME]... Im not grossed out very easily. I can stomach just about anything. But this made my fucking skin crawl....,anger
"My socks have been stinking all day, time for laundry.",disgust
"Oh so you're being a troll, good to know.. I actually thought for a second that disgusting, freak couples like y'all actually existed",disgust
Yes get [NAME] almost all the way the fuck out of here.,anger
please stop pointing your fingers in my face,anger
"Threaten to release....welp , nothing coming from this.",fear
Oh no! He’s right!,happiness
lol..You're not getting [NAME] or any of the young core..,happiness
Today was the worst day of my life ever.,anger
"So birds and limes are bikes. Wow, TIL.",happiness
"come on, Redwings won, Knights need to win. give me another 2-fer, baby!",happiness
[NAME] enslaved the [NAME] and MLMs enslave...well...everybody.,anger
BITCOIN SEND MONEY INSTANTLY (waits 6 months to get money and still praises site),anger
It's kind of worrying that you genuinely believe that left-wing people are actively trying to destroy their own country. Approaching USA levels of ridiculous viewpoints.,fear
It’s pretty cringe,fear
This situation is really getting under my skin.,anger
I hope your pastor issues are resolved quickly and that your new pastor inspires you.,neutral
(re-stated painful notes  updated correctly thus below follows shortly after,sadness
"Time to go back to rolling your own, folks.",neutral
Kinda wish I didn't have work tomorrow...,sadness
I’m scared to fall asleep——-,fear
This is dangerous.,fear
"They’re honestly a cult at this point. It’s not just sad, but incredibly scary.",fear
Today didn't quite live up to my expectations,sadness
This day just keeps getting worse and worse somehow.,anger
This grammar is horrible. Discovering something is a fixed single point in history which should have been simple past “was” instead of “had been.”,fear
I'm getting faster at running every single day.,happiness
Wow. That'll teach you to try and help!,happiness
Just the name of it gives me anxiety,fear
Can't believe my neighbor's noise level right now,anger
I’m crying omfg,sadness
I feel completely terrified of being alone.,fear
I am not running around talking about how I am going to beat up my kids teachers. Not sure where you got tough guy from that...,anger
It pays well and I enjoy it. I travel 6 months a year. For the last 16 years.,happiness
"Sorry but what map is Adlersbrunn? Edit: Ah nevermind I see (after zooming in, it is the [NAME] map)",sadness
I missed you so much at the party tonight.,sadness
Don't judge our love,anger
Is the Queen movie bad? That makes me sad. I'm still watch it anyway.,sadness
Not loving the idea of flying solo today either.,fear
This music festival was such a mess yesterday.,disgust
Reddit culture is truly the worst.,disgust
You're an awful human being.,disgust
I’m a millennial and my mortgage payment only takes about 1/5 of my after tax earnings in a month. Feels so good.,happiness
OH [NAME] THAT'S TERRIFYING SOMEBODY SAVE US ^/s,fear
"I just got a $250 Bucca order, lets see what happens",happiness
I recomend a Jasikevicius from Litva :) Sorry for English.,sadness
That is odd.,disgust
I'm scared to tell my parents the bad news.,fear
I have a friend that had a stroke that left her paralyzed. Could this treatment be used inside her brain to recover the dead cells?,neutral
"60 young men standing around... ""Look out that old native dude is coming right at us... DEFENSIVE POSITIONS SHIELDS UP!""",fear
I'm glad you called it because it really is a beautiful and beautifully honest statement.,happiness
My blood pressure is through the roof right now.,anger
They should just give us the cup now and save everyone some time,neutral
I remember being three years old and feeling mortified and frustrated that my preschool teacher and classmates were freely dancing to ridiculous music.,sadness
"Nah, black bears are big scaredy cats Now brown ones on the other hand...",fear
I don't believe humanity is capable of running *any* system for the greater good of all. Regardless of population..,neutral
Still waiting on [NAME] to tell me how GIFs are terrible and I can’t afford to watch anymore of them.,fear
"Bloody forking shirtballs! This has to be some kind of ""The Good Place"" / Bad Place repost robomod bullshort.",anger
It's disturbing that you even have to ask that.,anger
If [NAME] was looking out for him why did he let him get into the accident in the first place? Guess he wasn't paying attention.,neutral
Pulp Fiction is fucking amazing,happiness
Feeling anxious after seeing the test results yesterday,happiness
I do the 4-second gap as well and is it infuriating to see someone take advantage of it.,anger
sorry. I don't want to put words in your mouth.,sadness
I remember running into teachers at the grocery store or whatever when I was a little kid and having that same feeling!,happiness
"Oh, don't cry.",neutral
"Forgot my lunch at home, stupid mistake!",sadness
I feel bad for laughing at this now that the creator of Spongebob passed away a month ago.,sadness
SEVEN parrots? Wow. Bit of a hoarder there.,happiness
"Ugh, my hands smell like garbage after that job.",disgust
TRENDY PEOPLE DANCING WITH PRODUCTS,anger
Today's been a bit of a downer so far.,sadness
Great start to the post-All-Star game part of the campaign!,happiness
The customer’s a jerk but you’re really not very clear here.,anger
Don't you're making me paranoid man,fear
I'm dreading going back to school after this break honestly,fear
Unsettled having all these unmarked files due soon,fear
This is me and my wife. She squeals with delight whenever it snows and I start looking for property in Arizona.,neutral
I'm kinda mad that no one showed up on time,anger
Chilling to think people can kick others under the rug and consider them burdens to do something like THIS,anger
Just found mold on my leftover pizza,disgust
"Yes, you just push. I've been having periods for 29 years (bloody hell) and I've never managed to get to grips with applicators.",anger
I appreciate the help you gave me yesterday a lot.,happiness
I'm really gonna miss my favorite show.,sadness
Eff your video - love Canada 🇨🇦 Stupid geolock,anger
That sucks! Your lady giblets are NONE of her damn business. Does your BF at least try to curb her mouth?,anger
Perfect example of the disgusting misuse of ‘Orwellian’ on this website,disgust
*me trying to get it* OH!!!!!!!!!!,anger
I feel like everything is just stressing me out,sadness
The taste of this rotten fruit is awful.,disgust
Unbelievably happy with how my project turned out today.,happiness
She’s clearly hanging at least part way into the space. She’s so dumb,anger
He looked so sad when he was talking about how it feels to be getting criticised 😢.,sadness
"I'm scared that they would turn out like me, even if I tried really hard to make them nice.",fear
My patience has officially worn off today.,anger
When it’s read this way it’s way more badass. The way people normally quote it just sounds stupid.,disgust
My day just got ruined by something disgusting.,disgust
"I'd understand if it was because of his conduct, but because of money? We're the Yankees, what the fuck man",anger
This feeling of dread is consuming me completely now.,fear
UGH those two championship games - so many highs and lows then the ultimate high @ the end,happiness
"I’ve gone through it before, and it sucks. I’m still a little hazy and withdrawn.",anger
"wow that’s really some hate there. I hated [NAME] in the Office too, but he got okay since the third run",anger
Can't help but feel that going down 3-0 is nerves and fear of playing someone with [NAME] mythology. AO to [NAME] is like RG to [NAME],fear
"and i answered, sorry if you can't follow. i agree that having a pet involves (unnecessarily) having power over a small animal.",sadness
My mind is freaking out about the exam results.,fear
Omw. When my man sends me that I get all warm and excited cuz I know I get to spends the next couple hours or days with him,happiness
I feel like I'm going to pass out from fear.,fear
I'm a bit irritated with my sibling right now tbh,anger
I'm really disappointed in how things turned out today sadly.,anger
Sorry for all the questions I just find ASPD to be a fascinating disorder. I have BPD SO to me not having emotions sounds like a dream.,sadness
The Wi-Fi here keeps dropping and it's so annoying.,anger
Me me big sad.,sadness
I feel uneasy about trying that new extreme sport thing.,fear
"Great video, and kudos for waiting them out and not letting your primal instincts let you attack from a wrong position!",happiness
My neighbor's dog is barking nonstop and it's infuriating me.,anger
"Did you hear about that old Italian chef? Sadly, he pasta way.",sadness
Looks like you got it bad. How soon till you can get out on your own?,sadness
Aghh bacon is actually the worst. The smell of it is soo disgusting you can smell the dirtiness,disgust
Still saddened by the fact that we never got to see prime [NAME] vs prime [NAME].,sadness
"Here, here. Cheers to starting fresh!",happiness
Lindt don’t fuck about,anger
A derogatory term.,disgust
I don't know how to deal with these emotions anymore.,sadness
That is awesome to know. I’m moving back to Chicago in August.,happiness
Borrowed time is stupid,anger
My mind keeps worrying about all the what-ifs lately.,fear
"This food is repulsive, can't even look at it",disgust
She walked into the room with a big smile.,happiness
Not really enjoying this rainy weather at all honestly.,sadness
I don't like the sound of that weird noise downstairs.,fear
"Apologies, I take it all back as I’ve just seen his latest effort",sadness
"Of course they do, feminists are self-absorbed pigs that just want to control everything and never be held accountable for anything.",sadness
fucking seriously.,anger
im driving and i cant stop screaming i need to talk to someone in sorry,sadness
"yikes, as someone who dislocates things often ([NAME]), this scares me!",fear
[NAME] is scared out there. Didnt want the ball,fear
Stupid pipe ruined a pretty good debut,anger
Could also mean that mutated versions of these plants could make excellent super weeds that destroy our infrastructure. Tree roots and weeds are already a huge problem.,neutral
"These stupid fucking cunts don’t even use “shade” correctly, [NAME] would toss them off the pier.",anger
Get the fuck out,anger
If nothing was said and you can be engaged all day tomorrow then I wouldn’t worry.,fear
I was hoping for a better day than this,sadness
The characters and story are really enjoyable. The dungeons are awesome. Generally decent sidequests. Fun items. Cool art style and character designs,happiness
"I’d rather reply to you, simply because you sound like an idiot",anger
"This is so frustrating, can't it just work already",anger
Ahhh [NAME] its in my eye.,fear
I’m so sorry the internet has inconvenienced you,sadness
[NAME] plays like he's a football player who was asked to play basketball for the day,neutral
"I have basically that print on a t-shirt, it's definitely coming out of the closet more often as soon as the campaign is official.",happiness
Hulu is awful for this. The volume on their commercials is deafening.,disgust
My gym locker room smells so bad today ugh,disgust
-Today has been really scary for no reason,fear
"Well, quite. Now I’m all annoyed.",anger
"Disturbing =/= awful. Its incredibly well done by a professional. I feel like this sub is more for unintentional awfulness, not purposeful shock value/ theatrical makeup.",disgust
I just saw a snot nosed brat eat a croissant on the subway and got crumbs all over and the snobby rude mom left like nothing happened .,disgust
"""look at you... look at you..!"" Oh, I'm bawlin.",happiness
80 minutes too late,anger
"I hate it when the suits call our oncology program a ""service line""",anger
This day isn't shaping up how i wanted,sadness
I dont believe shit until america confirms the transfer.,anger
My frustration level is off the charts today.,anger
Missing my family and feeling pretty lonely here.,sadness
I would have tactically thrown dynamite and blown my self up about 2 seconds in.,fear
I really can’t understand why adopting a baby would not be perfect for them. But that might be because I dont have the child-need myself.,neutral
Yay!!!!! You’ve got this!!!!,happiness
"Sorry this is the first time I saw it, I’ll delete it.",sadness
It's at 3.9k now,neutral
"I used to work with a guy that was always whining how tough his life was. My family this, my friends that. Very annoying",anger
"An ex-friend of mine proclaimed than anyone who speaks of being raped is a horrible, unethical human being.",anger
"There. Are. No. Moderate. Republicans. Repeat this, nonstop, everytime she is mentioned. She is an extremist who pretends to be moderate.",anger
I know! Or close the door of the room where the baby is sleeping? It's too sad for the poor thing to be locked inside.,sadness
I'm beyond annoyed with these constant delays,anger
My entire being is literally radiating pure joy today.,happiness
Coming back pretty strong with UFC Fortaleza at least. [NAME] vs. Moicano has me excited,happiness
"Do You Realize, by The Flaming Lips. But it's not really ruined because we ended/still are on good terms. It just kinda makes my heart feel heavy.",sadness
It's the hard R that'll get you in trouble.,fear
"I'm getting pretty annoyed with this long line, geez.",anger
Yeah but scary brown people. Ever thought of that libtard? /s ^just ^^in ^^^case,fear
I’m sorry but [NAME] has better memes,sadness
"If she is sorry at all. Could be more along the lines of ""I am pretending to be sorry so I don't get fired.""",sadness
I assumed that came from him brandishing a firearm at the kids after they egged his car.,neutral
Why do frogs always pop up in our pool?,disgust
I'm grateful for the opportunity to learn something new.,happiness
I could crush him like a bug right now.,anger
"This happens to me all the time I’m so sorry 😣 it’s always with burgers, too. So painful.",sadness
"Dig up, stupid!",anger
"My boss made me want to scream today somehow,",anger
(Stupid) * (how many times you think you can pull it off without getting caught ),anger
That looks like some pretty intense “homework”,happiness
Danm you can hear that little bastard squeaking.,anger
I'm getting pretty scared for my friend's safety.,fear
It's going to get awfully dark and cold at night.,disgust
"Confirmed that men are literally soulless, it's a matter until they start eating humans",disgust
My sadness is overwhelming me completely today,sadness
An oldey but a goodey! Phew!,neutral
[NAME] was only OP when it came out. [NAME] was OP for so long. I'm still happy they finally did something to her.,happiness
I'm so over everything and everyone today ugh.,sadness
And sock puppets. Wow. Nothing out of you is in good faith.,happiness
"Lately, I've been having trouble sleeping due to stress",fear
It seems the concert tickets are finally going on sale.,happiness
Today's been pretty aggravating from start to finish.,anger
It's an... Interesting place. You seen that boy shoofta that posts on it? He ain't right.,happiness
So mad that nobody warned me about the changes.,anger
Just spent the day with my adorable little niece.,happiness
kill me. lifes meaningless bc of this,sadness
"Only thing TO know is that this motherfucker is obviously living his best birdy life and good for him. Fly high little buddy, fly high.",anger
I'm at my wit's end and super angry,anger
Maybe so. Should I try to ask her about it? I'm worried that will only scare her more,fear
This is the scariest thing I think I’ve ever read on here. That is just so horrible.,fear
I feel like this anime will make me cry in the end. Damn even its opening is full of drama. Am I correct in this?,sadness
"Because bullying is a way to enforce social conformity, and discourage people from being different.",disgust
I feel blessed to have such a great community,happiness
I feel so annoyed with him today for some reason,anger
But don't you see it! How dare she show two inches of skin...,anger
"You finna be nauseous as hell man, Dont stress it though just throw up",anger
Getting the concert tickets was quite a thrill tonight.,happiness
I don't want to walk home alone at night anymore,fear
"I’m glad he’s gone from Detroit, but good on him for being a professional on ESPN.",happiness
"I got laid the first time directly after that game too Not sure if there's a correlation, just thought I'd contribute",neutral
Get ready for one of those tail butt plug things,neutral
My mood has been off all morning.,sadness
I'm a bit anxious about trying new foods abroad,fear
There must be some awful things happening right at this second,disgust
Cray to the crazy,happiness
My heart is racing with the countdown's final seconds!,happiness
[NAME] - Holdin on. Check out his music because he is honestly amazing.,happiness
[NAME] damn that apron bump looked like it sucked,anger
The USA welfare spend is quite low per gdp compared to first world countries. The safety nets are ridiculous or nonexistant and the inequality is ridiculous...,anger
"Instant fucking turn off, ugh. Fuck us for wanting equality across the spectrum",anger
Can't believe my team lost that game yesterday,anger
Same. Not being hateful to the op but I don't see the connection.,anger
[NAME] is pretty fucking scary,fear
Well that’s not what was said he said drugs that kill you sooner than your meant to die.. nicotine fits that description,sadness
Cant you tell how sad she is from her face?,sadness
"Someone just cut me off in traffic, great.",anger
This wedding day is truly unforgettable for everyone here.,happiness
My socks are sweaty and it's kinda nasty feeling them.,disgust
I'm so excited for this game!! 😄,happiness
Glad he survived or it might have become a *dead*lift.,happiness
Bold of you to a̢̢̘̜̹͖͓̣̼̰͎̞͚̖͟͝͠s̷̻̮̝͍̕͘͝͝ş͏͕͈̻̺̬̻̱̫̙̠̜͚̗̯̤͔̙̫ų̖̰̭̺̳͕͔̥̳̟̻͖̗̪͙̕͜͝m̨̢̲͚̪͢͝ͅe̹̣̻͙̻͕̦̕͠,neutral
[NAME] be exploding,neutral
I'm so done with this broken printer already.,anger
My favorite show ended and it's really disappointing me,sadness
Then it would have been removed. Don't assume my thoughts. I cringed. I posted.,anger
I know many bf who would be excited for that,happiness
OMG my [NAME] hates it too but she does it to me all the time,anger
I don't know why but clowns freak me out,fear
"Hurr durr, put well regulated back in the constitution. Ok [NAME] the fucking [NAME].",anger
It's an interesting case study in scams,happiness
nah.....anime is weird,disgust
I'm getting better at painting and it's awesome.,happiness
> he might not have seen the truth by the time he had posted the video That's kinda the *whole fucking problem.* Fake Motherfucking News,anger
This is horrific,fear
Every time I see this it makes me so happy.,happiness
yeah but FUCK devil roar. I swear a volcano happens every single time I step on land there,anger
My trash hasn't been taken out in days,disgust
"Sorry, I misread",sadness
Arguing a player is the GOAT among every position is just a dumb argument to even begin with when it comes to football.,anger
New Title Idea : Man gets assaulted for voicing his (albeit awful and disgusting) opinion.,disgust
"That sounds awful )-: I'm so grateful that my parents and therapist want to let me figure this out with minimal ""supervision""",sadness
"Good for you, [NAME]! You deserved a nice drink to end a year where you made an impact in peoples lives! Cheers!",happiness
Stop all the bullshit. Keep AB. Pick one.,anger
Thanks! I’m Excited To See How This Meme Become In The Future!,happiness
Fuckin Finnish spitz out there bud,anger
"The ONLY thing that would make this the tiniest bit better would be [NAME] installing flat screens in Azusa 😂 thanks for the laugh, all were spot on",neutral
As a pioneer of the 4 corners I vote you leave this question to someone else and just keep your head down,neutral
The smell in this bathroom is awful right now.,disgust
Just had it out with my roommate again great.,anger
"I made my own sauce for chicken dishes this week, I am happy, LGD",happiness
Today's meeting went smoother than I thought it would honestly.,happiness
"Oh man, how about when they played We Will Rock You to seemingly coordinate the ""ref you suck"" cheer. The crowd was awesome last night.",happiness
I punch them in the throat before they get the chance to speak.,anger
"wE mODiFieD eiGHT viDEo CaRds tO fIt iN A SinGLe pciE sLoT /squeak Whoops, sorry, wrong [NAME].",sadness
"In that case, I’m appalled.",fear
"The countdown begins, and my heart is utterly electrified tonight!",happiness
"My senses are kinda heightened right now, everything's vibrant.",happiness
Oh [NAME] another tmi scene,neutral
>big dumb rodeo Them's fightin' words,neutral
"My roommate left the dishes for me again, ugh!",disgust
"Aha! This is my fear, that the gloss over key elements because they want to target a wider audience!",fear
"Do you have any non anecdotal stuff to say or? Also burden of proof is a thing, you made a claim, prove it or fuck off",anger
And that’s how the mafia works.,neutral
I still think he should have been the first goalie in the 2014 World Cup. But alas that injury ruined everything.,sadness
WHAT THE HELL!,anger
That is one of the things I’m most excited for in S2. Seeing him playing [NAME] and go off like this so effortlessly is amazing,happiness
Hate the Pats more. Hate Chiefs fans more.,neutral
Well I am happy you believe that.,happiness
"Yet somehow that doesn't make death threats any less scary, because of the fear the 0.00001% of them will try to follow through on that threat.",fear
Don’t blame us because you’re a dumbass..,anger
"This long line is wasting my whole morning, argh.",anger
My world came crashing down last night suddenly,sadness
The original argument was that he said the n word. Now the argument is that he just wanted to say it.,neutral
Who still unironically says SJWs? You look like an idiot saying that.,anger
I miss you [NAME] 😢😭,sadness
"Heroin definetley isn't safer than Ritalin. The whole reason people prefer prescription drugs are because they are cleaner, thus safer",neutral
[NAME] I hate this man,anger
You’re the best grandmother a person could hope to have.,happiness
This movie is kinda scaring me right now.,fear
My score per minute is terrible because I only snipe so asking the wrong person. Sorry dude,sadness
*IIII blessss the eeggsss!!!!*,neutral
I'm having some trouble shaking off this gloominess.,sadness
That was the worst power play I’ve ever seen,disgust
Both directions? They should all be arrested. This will cost the people of Edmonton a lot of time and money. Fuck these pricks.,anger
"Yes!!!! Great weekend. As others have said, I can now enjoy the rest of the playoffs",happiness
Stupid science bitch,anger
"I feel pure rage thinking about last night still,",anger
i feel like slapping /s after everything sucks the fun out. it's not my fault people are autistic.... /s,anger
The best part about reading brietbart articles is you know they won't give any facts to support their statement.,happiness
"Today wasn't bad, thanks to a good coffee.",happiness
Ugh why do Mondays have to be like this.,anger
Those subs ... wtf,anger
I found some very interesting things on the mind shock podcasts about questions I had. Enjoy the digging in the reddit hole.,happiness
Today's forecast has me worried about the storm,fear
Traffic jams really know how to ruin my mood,anger
Im so sad how that movie turned out. We could have achived something good,sadness
Getting lost in the woods feels so overwhelming now,fear
Missing home way too much while being abroad here,sadness
This thread was actually inspired by one of your comments,happiness
Shithole universe i mean.,anger
How DARE you!,anger
"I was quoting him. He wanted an ""outsider rich business type"", piss off",anger
It is a gorgeous picture. However I would rather that sun exploded and took us all to kingdom come than sit in traffic.,happiness
She’s like a kewpie doll with them. Precious.,happiness
We're entitled to express our opinion that OP's opinion is shit.,anger
People tremble in fear of the name Rupple Poopels 😂,fear
That was my mistake. It should only show your First Name and The 1st letter of my last name.,sadness
"I’m sorry to be that guy, but I don’t get it",sadness
Congrats on the sex!,happiness
This movie has me seriously terrified at the moment.,fear
Osaka making me nervous,fear
The sunshine was rather nice on my walk today.,happiness
and she finished that leg of the race without getting eliminated! It was kinda impressive.,happiness
And the ability to get time off for all these trips,neutral
SHIT. I just gave my son some Skittles. Lemme edit that right quick LOL,anger
[NAME] I hate my hometown,anger
"Wow that’s scary, she’s so young and healthy. I hate that.",fear
"YES PLEASE... I thought they did a while back but maybe not. Either way, they should! Very annoying.",anger
This warm shower feels amazing after work out.,happiness
If he’s American...then he’s fucked,neutral
I sense no awful taste here.,disgust
From heroic cancer survivor to bad Italian boy. What a world we love in,anger
Terrible shade of lipstick she's wearing...,disgust
It positively reeks of an abusive household,anger
I'm sad that summer is already ending soon.,sadness
>[NAME] One of the most horrifying stories I've ever heard of: the mom should be in psychiatric care and the doctor thrown in jail IMO.,fear
"Forever. You are watching the [NAME] put 800,000 people into unemployment because upholding [NAME] policies and ideas are anathema because they align with President [NAME].",neutral
"Sports, not even once",neutral
"Ah, alt right thinking. Afraid of people who have anything 'upstairs,' or 'between their ears.'",fear
"I'm not having a great day, honestly.",sadness
This game is actually worse than I was anticipating and I knew it was gonna be bad,disgust
"I cannot sadly, good luck though.",sadness
"Watching Revenge sometimes makes me cry, thinking back to when I tried to memorize that song, and listened to it over and over.",sadness
Op literally listed the OS requirements. Those are fairly current operating (last Gen more or less) systems are they not?,neutral
I feel disrespected by the way he spoke to me,anger
Anthem is a good 45 min from Scottsdale and the rush hour traffic is a nightmare.,fear
I've never driven on the highway alone before so yeah...,fear
You die.,anger
I am so excited for tonight's episode! It's barely even started *_*,happiness
My cooking's getting better if I do say so,happiness
Inland Empire must be objectively the worst film ever then.,anger
We sacrifice them both to [NAME] and throw them in the Baler!,sadness
"Unfortunately I'm guessing their toxic attitude will alienate them from others, which will only make them more angry and resentful.",anger
I'm so over this boring and unproductive day already.,anger
Gungrabbers? You act like they're busting in your door and taking your guns. No one is forcing you to do this.,anger
You’re gonna be the best dad ever!,happiness
"Your imaginary boyfriend is kinda creepy. Although, if he's kinky then he may be for keeps. *wink",fear
"My body's buzzing with excitement right now, feels amazing.",happiness
It’s really sad to see,sadness
I just don’t see why he pushed me leave with him so bad just to dip when I did,anger
"Gonna warn you, that path is a lot more dangerous than you would think...",fear
I’d say this is spot on. He’s not sorry he hurt me. He just wants me to shut up.,disgust
This morning sunrise makes me feel totally alive.,happiness
Sorry man [NAME] doesnt care about hard working [NAME]. Sad,sadness
"The amount of actual debating about who is ""best girl"" is fucking ridiculous Jeez, y'all need to chill",anger
I miss the Scottish [NAME].,sadness
"This movie always makes me tear up honestly,",sadness
I’m sorry to inform you that this man is an imposter. I’m actually undercover atm.,sadness
Shameless karma whoring.,disgust
I don't appreciate their attitude towards me today either.,anger
I made a severe and continuous lapse of judgement....,sadness
It doesn’t surprise me given that this is the kind of establishment where staff rape the coma patients.,disgust
I'm totally irritated by this stupid computer glitch,anger
I'm so glad you got your angel back. Also she is trying to monopolize DHs free time.,happiness
"i mean i hate these takes that because we turned the ball over 26 times, the rotations werent a problem. They clearly were",anger
Maybe slw the fuck down eh,anger
I have his signature on my jersey. Lined up at Canadian Tire for it when I was younger. Happy retirement!,happiness
This coffee tastes really bitter to me today.,disgust
for me it was def the egg yolk. i’m pouting as i reluctantly eat it.,sadness
I can only focus on that pastry.,happiness
"In the 50s my aunt was 6 weeks old when a flu virus caused inflammation of the heart and she died. So there's that, too.",fear
"No, because it lets you search multiple modes at once.",neutral
You don't really work for the TSA if they aren't paying you. You are a slave. Go home.,anger
My office has very few personal offices. Its awful. Managers need closed spaces so they can talk without everybody hearing,disgust
"I chose a name without my parents. Then when I told them the name, they said that's the name they had picked out if I was afab",neutral
This haunted house is giving me major anxiety attacks.,fear
I am just utterly disgusted by it all,disgust
I'm at my breaking point with all this stress.,anger
Happy Birthday! ✨,happiness
Everything about that moment was completely euphoric still.,happiness
I would hate to see another [NAME] situation where [NAME] gets hurt again because he wasn't fully recovered.,anger
"I was afraid things would if we kept seeing each other, which is why I brought this up to her now rather than later.",fear
Your company sucks.,disgust
"Life's been treating me well, feeling pretty blessed today.",happiness
They have directly targeted civilians. It's disgusting.,disgust
A fuckin men,disgust
I'm feeling really anxious about the job interview today.,fear
And..the reality of it hurts,sadness
My emotions are boiling over and it's all your fault,anger
#OMG TERRIFYING!!!!,fear
I’m just glad that the academy is FINALLY progressive enough to nominate a mediocre [NAME] biopic directed by a pedophile.,happiness
this gif encapsulates exactly how I feel commenting in FT vs everyone else here,neutral
"interesting, I'd like to see more about this (when available of course)",happiness
"This coffee tastes terrible, like old socks or something.",disgust
You're simply suggesting betrayal in a different form.,anger
And the sad part is this goes on for decades and decades grrrrrrr,sadness
Wow. The Miami police! [NAME]! So much to this documentary.,happiness
"My plans just got cancelled, great timing too.",anger
Do you not see the blatant hypocrisy of this post?,neutral
Policing The Police': How The Black Panthers Got Their Start,neutral
Purdue's worst loss is Notre Dame (93 Kenpom) New Mexico is 187 in Kenpom. Good try tho,happiness
Her parents are raising her to be a terrible person. Fantastic.,happiness
For some people its about not wanting to look cheap.,neutral
"P3 hit me so hard in the feels that every time I hear a song from it or watch anything P3 related, I just burst into tears.",sadness
"I feel terrible but I do this too, or watch obese people doing mukbangs",fear
I feel pretty anxious waiting for the doctor's results.,fear
I find sativa makes me paranoid/anxious as hell. Indica calms me down more. Smoking too much of any strain makes me anxious by time though,fear
. Getting a raise was a big relief financially.,happiness
You’re* such a nice person!,happiness
"Sorry mate, you’ve got the wrong sub. This is for **bad** UK.",sadness
He was having a nice stroll through the park then BAM a wedding blindsided him,anger
Sucks dude. For social creatures we're pretty inept at socialising and helping each other.,sadness
Demonize - to portray as wicked and threatening. It's not hard to demonize someone when they regularly demonize themselves.,fear
"Good catch. I guess I was just remembering the shift after the first debate. That's pretty sad, tbh.",sadness
Today was ruined by a vile customer service call.,disgust
Why was everyone rather cheerful today at the office?,happiness
I'm getting sick of all these bills piling up.,anger
"Been there, done that. Not the best idea unfortunately. Especially if it doesn't work. Gets awkward",disgust
I'm really scared of thunderstorms like this one.,fear
A video that makes me happy,happiness
I hate the way [NAME] kisses people. Like smushing his face in a figure 8 on their lips. Ugh,anger
I had the worst argument with my friend this morning.,anger
Things are going slightly better than I expected today.,happiness
The morning sunlight streaming in was quite a delight.,happiness
That must be so frustrating. Sounds like he’s digging his heels in and refusing to accept his faults.,anger
Confirmation sounds really scary and sketchy. I can not not think about cults and rituals everytime...,fear
I miss them being alive,sadness
"America is not a country, it's a fucking business. if you have zero money, no one cares about you.",anger
It was extremely sad ... because you can tell the reason why [NAME] is the way he is.,sadness
"I want it over and done. I do. I am tired, boss. Tired of being on the road, lonely as a sparrow in the rain.",sadness
My roommate left trash everywhere again ughhhhhhhh,disgust
It’s perfect. You’re perfect. Never change.,happiness
The best losers of grand finals cod has ever seen,happiness
What's even worse: the deciding voter refused to support the subway because he was strangely obsessed with a horse & buggy transit plan from 1858.,anger
Just goes to show how stupid they are,anger
> Basically tell them to screw off and realize their selfishness You mean my grandparents / aunt?,anger
"I would shoot a cop who shot my animal. Save the consequences for later, you just assaulted and possibly mortally wounded my best friend. ACAB",anger
"Filthy. Stay there, please.",disgust
Lmfao. Tax refunds. Must be nice to get one of those.,happiness
"Something's bothering me, but it's no big deal probablyannel).",sadness
I’m stuck at work tonight so I missed it 😢😢,sadness
"The ""[NAME] says it's true"" line makes me think he's messing with you.",anger
Keeping [NAME] was a great decision. What are you even talking about!?,happiness
I adore this. It gave me so many chills of happiness!,happiness
I can see why! I would totally be offended too!,anger
"I'm with you, pulju has been looking dangerous lately",fear
My garden is actually growing like crazy this year.,happiness
I'm feeling kind of lost without you here still.,sadness
"He posts on The_Donald, you're arguing with a brick wall",anger
My brother's always leaving his mess for me to clean.,anger
I will not being awkward if I am being myself but I just scared,fear
It's a miracle! This is how religions start.,happiness
Is your job my job? Because I don't know what it is about hardware stores that make Ppl stupid but hell are they stupid...,anger
I keep imagining all the things that could go wrong,fear
But then you regret it because you realize you secretly liked the attention. Just bottom things.,sadness
Your meme is bad and you should feel bad,anger
My stomach's been doing flips all morning today somehow.,fear
Damn [NAME] is KILLING it,anger
Only children are scared to take trains by themselves ...oh wait.,fear
I feel pure anger towards you right now.,anger
"First thought: OHHH FUCK FUCK FUCK!!! Okay, time for me to submerge and introduce this MOTHAFUCKAS EYE BALLS to these hands",disgust
"Sorry, but this was already on our front page recently, so I'm gonna have to remove it.",sadness
I feel disgusted by the news I just read.,disgust
Lmfao lonzo? That guy is not nba talent. World is gonna spank that ass,anger
"This food tastes weird, not sure why I ordered it.",disgust
"But terrible people is my ""type""",fear
Please don't think the way they're trolling represents us [NAME]. I'm sorry this happened.,sadness
I'm completely devastated and don't know why,sadness
"Wow that's a burden, I'm sorry.",sadness
My food just made me feel super nauseous suddenly,disgust
"My day is going terribly, thanks for asking.",anger
Woohoo! He is motivated and awesome!,happiness
it's funny how conservatives always say that leftists get angry over everything when conservatives get angry over a starbucks cup or a brown man existing,anger
"Ugh, my socks smell really bad right now apparently.",disgust
There's mold growing in our shower which is nasty.,disgust
Feeling so helpless after losing my childhood home.,happiness
Makeup is magic my friend!,happiness
can I use I can't believe it's not butter because my boyfie doesn't make over 20k :(,sadness
you got me [NAME],sadness
The real tips are always in the comments :D,happiness
He's so intimidating...,fear
beautiful story arc. glad you decided to end it in my semi hometown of excelsior - really neat lil town.,happiness
I like the new colors significantly better. Old ones might have been some of the worst in OWL.,disgust
stop making me cry man,sadness
I would cheer hard for a Cyborg win in that tourney.,happiness
She's immortal now. Spread throughout the internet...shared by hapless idiots.,anger
I have endured worse.,sadness
This is the saddest thing I've seen today,sadness
You look like a failed attempt to gene splice [NAME] and [NAME] DNA,sadness
I'm completely appalled by the news headlines today,disgust
He's got some nerve doing that to me!,anger
Good lad!,happiness
The one fucking thing my home town has contributed besides alcoholics and [NAME] and its a fucking backwards feminist horseshit theory.,anger
it made me cry too when [NAME] return to her older self😢,sadness
My boss is really getting on my nerves today.,anger
I think the unluckiest... is [NAME]. :(,sadness
Such a great moment. I love sports because you can always remember where exactly you were when great moments like this happened.,happiness
Losing you has destroyed my entire world now.,sadness
the tears of unfathomable sadness ... mmm yummy!,sadness
Happy to hear this exciting news. Congratulations on your fun-filled morning.,happiness
I appreciate having such a supportive friend like you.,happiness
I feel completely lost and alone tonight,sadness
7 Some days are just ridiculously frustrating like today apparently,anger
"I'm not feeling my best today, physically or mentally.",sadness
"6 minutes to deadline, [NAME]! We need page 1!",neutral
Not funny....,anger
Yeah no one is gonna do that and get reported to HR for bigotry.,anger
"I'm so glad it's almost Friday, need a break.",happiness
It's a photograph with one of our greatest ever defender and captain. What's your problem?,anger
Made my day!,happiness
Yo COURTTV bout to get a ratings boost.,happiness
You crush them up,anger
"Not CPT, I'm assuming?",neutral
"Alright, so I googled aaaaaaand sorry for my misinformed mistake. Dunno where I heard that [NAME] didn't win the popular vote but it was wrong :(",sadness
She looks late 30s. She’s gorgeous.,happiness
We just watched the animated episode with [NAME] - it was awesome. Quite subversive.,happiness
TV shows. And occasionally movies. I stopped Interstellar at that stupid love speech. Never finished it.,anger
Watching this makes me angry.,anger
Oh cool it’s another episode where lefties forget about consent,happiness
For those behind stupid WaPo,anger
What the FRICK,anger
"You do realise that a toilet lid doesn't make the toilet air tight, so the toxic poo ridden air you're so worried about would still escape.",anger
I'm absolutely appalled by what just happened on TV news,disgust
Every time I think about how close we were to getting [NAME] it hurts a little bit more...,sadness
I shower with the lights off. The first time felt really unnatural but now it's actually really comforting.,happiness
[NAME] fucking dammit,anger
I'm so sorry that your partner doesn't understand that you no longer want to put hormones in your body.,sadness
My stomach is doing flips before this big meeting.,fear
I'm beyond devastated by this news honestly,sadness
It's beyond evil. It is pure demonic when it's that pure sadism and vile sick torture. I hate them guys.,anger
I almost had a heart attack from that scare,fear
Oh fuck off already.,anger
I was worried about that too honestly,fear
"If you have a bad memory, you have to train yourself to take notes",sadness
Burn themall!!!!,anger
He wasn’t a US citizen.,neutral
Boss breathing down my neck today feels too stressful already,anger
Its amazing how fast evolution can take place.,happiness
"They stole my joke, damn them!",anger
Hiya! 😃,happiness
You’re an awful troll...,disgust
Are you seriously this dumb?,anger
Yaaaay!!,happiness
Today's news has left me feeling really hopeful.,happiness
My room is disgusting and needs serious cleaning ASAP,disgust
I'm seriously scared of failing this project badly.,fear
People cutting in line just annoy me so much.,anger
You're a legend.,happiness
"Honestly, they changed writers and it's been pretty good so far, maybe one or two not great episodes this season.",happiness
Lovely day we're having.,happiness
sorry should clarify ... have dinner / drinks and then go our separate ways to other events that night.,sadness
alright yeah guess i am stupid,anger
Sending love and strength vibes <3,happiness
I was just joking...,happiness
This birthday surprise was really worth the wait finally.,happiness
I'm moving to the UK in 2 weeks. This terrifies me.,fear
Replaced 7-9 to be more conversational and direct,fear
Cute! And similar coloring to mine. :),happiness
"So happy to see [NAME] regaining his form... we had to sacrifice [NAME] for it, but i’m okay with that...",happiness
His attitude really gets under my skin and annoys me.,disgust
[NAME] has consistently being volatile. It's just a matter of time until she's being rude to [NAME] again.,anger
"All that interesting information and you get 3 upvotes , feels bad man",sadness
My hands are all sticky and gross right now ugh.,disgust
Btc is a shite coin,disgust
>+. I’m in my early 3 Exactly This. It's the worst.,disgust
But it'll hurt,sadness
Yaaaaaaas me too!!,neutral
This wedding reception is definitely pure joy tonight.,happiness
"Sorry I am foreign, and might have come across wrong. Anyways it has to happen at some stage?",sadness
The anticipation building up inside her was almost unbearable suddenly.,happiness
Because ridiculously attractive people also have self esteem issues and depression Guess what honey The world sucks for everyone There’s no escape We will all die in misery and alone,sadness
"Would know, have a weeb friend, he’s wicked into lolis",neutral
"There's a fly buzzing around my food, ugh.",disgust
Sorry then?,sadness
"That is absurd, man. I'm sorry you don't believe in the spirit realm.",sadness
I'm literally feeling hopeless and don't know what's next.,sadness
I'm seething with anger over what happened yesterday.,anger
Do you fucken mind,anger
What a great photo and you two look so happy. 😍,happiness
My job interview is making me really stressed out.,fear
There is an actual subreddit for cheating. It's disgusting.,disgust
"Wow, he showed some backbone. I’ve always been pretty ambivalent towards him, but this ups my opinion a little.",happiness
"Why do some folks think littering is okay, seriously?",disgust
I'm actually scared of flying on planes.,fear
NOT TODAY REINHARDT,neutral
[NAME] wept.,sadness
The 2nd worst president. First time i voted. Been trying to live it down ever since,disgust
"you forgot miracle, fake fan",anger
It's not cool that so many are going without pay and unable to make rent or buy groceries. Is a travesty that a manufactured crisis has come to this,sadness
"Sad, but American",sadness
"Quitting porn only helped with my performance in bed, other than that I’m still anxious as hell in social spots",fear
Fuck you.,anger
This old gym sock smells awful on my foot still.,disgust
You're creepy,fear
Classic Trap game... I'm nervous. Hope our boys aren't hungover.,fear
"Need some new prog material, I'm stoked to listen to it!",happiness
it sounds like a huge pain in the ass to use compared to current systems in place though.,sadness
"What's with all the trash on my floor, ugh?",disgust
I miss being practically jello as a kid,sadness
I am so sorry for your loss and all the stress you have right now. All the internet hugs you want right now! <3,sadness
Devastating to hear of any news like this :(,sadness
What a game... completely down and out at half time and then... [NAME] and total annhilation of the scousers,happiness
"What a gutsy, huge win. This might be the most important win of the year thus far",happiness
I'm sorry man sounds bad,sadness
I feel sad when I think about our fight yesterday.,sadness
"I'd be worried about the tone, not the content.",fear
I'm worried my phone's going to die on me today.,fear
"Yah, totally. It's just kind of scary when all you hear are loud extremes on both sides.",fear
"Sorry, my phrasing was terrible. Not across the board, but eggs are definitely an example where OP was right.",sadness
I second that motion...with A VENGEANCE!!,anger
This is blatant racism and harassment of minors. These people need to be fired.,anger
Yes we are. That's why they get arrested and given long jail sentences.,neutral
I'd be more than happy to indulge this toothache.,happiness
Wife left me and I am just broken. relapsed tonight from 7 years clean and just not seeing a point anymore,sadness
Something just feels off and it's bringing me down,sadness
"Fuck, my wife and I spent less than a *fifth* of that. Wow.",anger
"Ugh, today was a complete waste of time for me.",disgust
Relive the magic. <3 [NAME] & [NAME],neutral
Ha ha ha. That was a good one,happiness
The city is finally within walking distance tonight somehow.,happiness
You're right and I hate it.,anger
"I am done with this place, it's infuriating!",anger
well guys it was fun. [NAME] passed up the open three ffs,happiness
Glad she was a good sport about it.,happiness
We will never survive with 5% unemployment with moderate growth and a continued house building program to correct supply. Sounds horrendous,fear
"Yes. It's a good trigger for discussion to move past [NAME] model, though.",happiness
"”I don't appreciate being lied to, not cool dude”",anger
Don't forget the awkward tomboys.,disgust
Please give us updates. Oh wow.,happiness
That news report has me pretty spooked actually,fear
Glad you found it!,happiness
Yeah but you're not anymore I'm afraid.,fear
That's not even accounting for the NDAs other customers have had to sign.,neutral
Y so serious,anger
"Seriously, compare the trash NRA puts out to the video that Canadian Coalition for Firearm Rights put out on their FB on Tuesday.",neutral
"I'm kind of struggling tonight. Bored, lonely... man",sadness
"Really glad the US just passed transparent pricing for healthcare providers, but it's just a first step.",happiness
We gotta throw the whole world away,anger
Why do fireflies have to die so soon?,sadness
"Ugh, there's gum stuck under my desk chair still.",disgust
I'm asking if you didn't realize orthodoxy considers not Orthodox movements to be wrong. I'm asking if you didn't realize what the implications are,anger
This happened to me too. Also how I found out my cpa is an exmo.,neutral
I'm worried I'll forget something important at home.,fear
The building with a castle on top of it would be my childhood depiction of the Renaissance tower,neutral
Missing my old friends is hard sometimes still.,sadness
My balls shrunk up looking at that,fear
I was sad when the Hawks lost [NAME] but this Schottenheimer guy seems pretty cool.,sadness
The rumor about a surprise concert is finally confirmed tonight.,happiness
Im actually going to this game! One of the only chances every year I have to see the boys play in person. LET GO DEVILS,happiness
"My roommate's dirty socks are everywhere, it's gross.",disgust
">For those of us who stay, there may be more unhappiness than happiness. Probably the saddest thing I ever heard.",sadness
He wasn't beat over the top all season. I think the longest pass he allowed was around 20 yards.,neutral
"My socks stink so badly, need to wash them ASAP",disgust
Fear of failure is creeping into my mind lately,fear
Cant wait for the [NAME] [NAME] vs [NAME],happiness
"Ugh, my morning coffee was way too weak today.",anger
The crowd's cheers grew louder as fireworks illuminated everything.,happiness
I feel thankful for this quiet morning.,happiness
"Even if you think me and him aren't soulmates, youve gotta be pretty sad to think soulmates don't exist.",sadness
"My boss's decision is really unfair, in my opinion.",anger
"I’m a crybaby now, but I’m so happy to see happiness",happiness
I'm so angry that I wasted my whole morning.,anger
"Great post, glad you had a good time here. Xpost it to r/travel.",happiness
I cant help it if i dream abt it damn,anger
This restaurant's bathroom is seriously disgusting though.,disgust
"[NAME] was the only rb I felt no matter what I would draft him, but I think he's one of the very few",neutral
9 Everything about that place makes me sick to death,disgust
"Yeah, 16 yearolds being attracted to other 16 yearolds sure is creepy...",disgust
"I’m sorry. But, keep your respectability politics to yourself",sadness
Wouldn't have it any other way. Fuck my DNA. Fuck nucleotides.,anger
What a disgusting person she is,disgust
"creepy, the only way to make it more creepy is to leave it on her bed stand table to find it in the morning.",disgust
But it's her turn!,neutral
[NAME] looked just as bad as [NAME].,neutral
I'm beyond furious at what you just did.,anger
"Either way, I am afraid his marriage is over. She doesn't respect him anymore...",fear
My internet connection keeps dropping and it's driving me crazy,anger
Yeah transgenders are stupid.,anger
"Well I'm scared as shit let's hope for the best, benz should be back(?)",fear
"I feel awful posting it, but I couldn’t not share :|",disgust
"Yeah, series of holes like that make me uncomfortable and this picture has popped up in my head too many times since I first saw it.",anger
The crowd's deafening roar ignited a frenzy within me.,happiness
"Ohhhh, that makes sense. Cheers mate",happiness
I dont get into politics much but if they want to echo chamber leave them alone it wont change them they will only get more angry,neutral
I don't like what I'm seeing on the news today.,disgust
"I mean, I'm glad that we support human spaceflight and that there were ghosts in the courtroom?",happiness
WHAT THE FUCK,anger
"Ah. Yea, the classic loner looking for compliments. Seems pretty edgy",happiness
Say it louder for the Dwight’s in the lockers.,anger
I was having a good day. We were ALL having a good day.,happiness
I'm so afraid to weigh myself. I'm gonna have to do it soon though 😭,fear
Enjoy it! You have a good one for your first!,happiness
"I know, pain in the asses.",sadness
Indeed it does. I blame [NAME] and his love of sponsorships.,disgust
Damnnnn nice feed bro. That choke throw to the spin attack was on point.,happiness
It makes anyone unattractive.,neutral
"So, so many hugs and high fives! You are an awesome momma.",happiness
Technology bad!,disgust
Mmmm looks like some delicious asbestos tile being rubbed there.,happiness
My plans got cancelled and I'm kinda bummed now,sadness
I'm sorry for your loss. From the picture it looks like he had a great life if that helps,sadness
"It's gonna be the next ""live, laugh, love"" with everyone running around talking about if things ""spark joy""",happiness
This is literally the worst day ever for me.,anger
As I understand if our Libel laws had been as shitty as the ones in the UK he could.,anger
Feeling really down about the whole situation today.,sadness
I feel like puking every time I see his face.,disgust
When she drilled into the table [NAME] didn’t even know they were sleeping together. Her complaint should’ve been filed with Arizona.,neutral
The state of this bathroom is pretty nasty.,disgust
BP can bulwark counter A good number of deflects and even drop attacks We have more than that to worry about,fear
"This coffee tastes kinda bad, I think.",disgust
"You are also church people. Just ask her out ""Hey my relationship is open and you seem awesome, can I take you out for coffee?""",happiness
*wrap* happy birthday,happiness
"That sounds terrible! I get hay fever some years, I also have eczema and anxiety, all at once sounds like pure hell.",fear
So you'll bleed and be in pain twice that day.,sadness
My day just took a weird and scary turn suddenly.,fear
[NAME] that bottom picture. the brows mixed with the hair terrify me 😰,fear
I have a moronphobia. I'm going to need to ask you to step away as I have an irrational fear and distaste of you.,fear
Frustrated doesn't even begin to describe my day,anger
what a dumb moment of faux outrage. can't wait to see what contrived outrage someone thinks up next.,happiness
I was in the top 3 on solo and lost solely due to buddy having 2 concussions.,sadness
You're too ugly to even bully,disgust
Will that's what that poor child was just taught. Some parents have no idea,sadness
I feel like nobody understands what I want,anger
The possibility of traveling to Japan next year is thrilling.,happiness
Because learning another language is cultural appropriation. This people are pathetic.,sadness
It would be hilarious if it was a pasta place too,happiness
Why not lemons?,neutral
Even more so. It would only make our prison (this world) even more diabolical.,fear
"is being really tough on me emotionally,",sadness
I'm impressed you found a non troll post of theirs.,happiness
"Sorry, spelling [NAME] Smearing* Motherfukers*",anger
"Sadly, it was not",sadness
"Girlfriend weak as well, that jump was pathetic.",sadness
You used the correct term. Good job.,happiness
The brick details actually look good. Everything else - ehhhhhh.,happiness
My family's been worrying nonstop since we heard that news.,fear
These dirty socks are making me gag for real.,disgust
I'm a bit ticked off about my delayed flight now.,anger
"What a warrior [NAME], good job being tough. That’s a flagrant!",happiness
you are pathetic.,sadness
Stuff like this makes me worry a little less about the future generations.,fear
"Yes, you selfish prick.",anger
I'm worried I won't meet the project deadline tomorrow.,fear
What a weird and slightly creepy thing to come to mind as a reaction to this video. /s Edit: apparently indicating my sarcasm was necessary here.,fear
"[NAME] fucking [NAME] are you done yet racist motherfucker, you’re not helping society",disgust
"Just won an award at work, feeling pretty proud.",happiness
I'm not really interested in collecting them but I do enjoy watching videos of people who restore old hotwheels.,happiness
"Imagine being so indoctrinated, that you believe that any place that doesn't actually talk shit about [NAME] constantly is a right wing circle jerk.",neutral
we are scared on /r/bengals rn,fear
We're in it... and now [NAME] is going to the bench? Gotta good feeling!,happiness
"[NAME] woke up, it was all a dream, he was really looking forward to King [NAME] visiting Winterfell. They had a good time",happiness
"We all saw it, my American friend. Now go and fix your government.",anger
Fuck you my fortnite k/d is better bitch,anger
"Omg this is awesome. What a witch, I’m so glad they escorted her out.",happiness
Nervously laughs in anxiety,fear
books are good,happiness
Great fucking game for [NAME]. And I can't believe some people are trying to hate on him for one TOV in the 4th. This fan base smh,anger
My skin is crawling just looking at that guy.,disgust
"My day is absolutely, utterly, and completely perfect today!",happiness
Absolutely horrible.,fear
she looks so happy and well rested,happiness
"To think that Doom GOATs isn't even EM's strongest form...damn, no wonder the [NAME] are 100% on EM",anger
What the fuck? Why would you ever say that? Downvoting you smfh edit,anger
"Err, she's still a weird fake tan shade, just oranger.",disgust
Dental Assisting. I still deal with people but going through school and doing hours at a dental office I'm thoroughly enjoying it.,happiness
Knife Fight used to be an awesome cooking comp show,happiness
For Citynews dot ca that is really sad.,sadness
"That woman gave me nightmares as a child. Also, you probably know this but she also plays [NAME] aunt in the third movie!",fear
I feel like vomiting from the smell in here.,disgust
Yikes. This kind of freaks me out.,fear
"And only $300+ a night, beautiful but expensive.",happiness
Aw crap you're right. Sorry I suck at names and shit,sadness
"Today's been rather perfect, everything fell into place nicely.",happiness
its not even illegal for like siblings and parents/children to have sex as long as they are adults and consenting when the relationship begins.,neutral
"He may have, I was more worried about the ""running and shooting the AR one handed, off to the side"".",fear
"Bay Area, sorry ;D",sadness
The internet connection here is ridiculously slow ughhh!,anger
"As long as the stop watch on my iPhone is timing him, my kid will do almost any chore. Its crazy what kids find exciting",happiness
Today is feeling really overwhelming for me already.,fear
Why is everyone smoking out of straws and shit?!,anger
Some people have thin skin and are unequipped with dealing with backlash.,anger
Pins are given out? My store hordes that shit like there’s a coming apocalypse and pins are the only thing that will save them.,disgust
Pretty shit tbh with you,disgust
I'm scared I won't be able to pay my bills.,fear
He’s just jealous that we can get our coal liner straight from the source. NEXT!,neutral
"Take a note to PM me if you do, I'll happily pay for one!",happiness
My day is off to a pretty scary start already.,fear
"This was posted at the exact same time as another guy posted it on here, and that scares me.",fear
Have some mild doubts about this big decision tonight,fear
"Yes but iy also makes complete sense that morty woild want it gone too, so i hate how he instantly assumes it was rick",anger
"Congratulations puppy, here have some cake.",happiness
I was trying to make the point that the patient is still having a seizure; it's just not visible because they are paralyzed.,fear
"Bro, highmountain looking sick",sadness
Too late with having it back. I really did'nt have much back then. So I had a really hard time too.,sadness
"9 Today's just been one of those days, you know?",sadness
The Colts badly wanted to hire him. He’d get a GM job in a heartbeat if he wanted it.,neutral
Sorry to hear that brother! Solid advice and power and love to you. Here is knowing things will get better and that you're a champ!,sadness
Acne scars unfortunately and also out of anxiety I tend to pick at my skin.,fear
Your life must be miserable. That's sad somehow,sadness
"I've been putting off scheduling a dental appointment for a week because of this, I'm just too anxious to pick up the phone and dial.",fear
"It's simple, I asked, and she lied.",neutral
"The rollercoaster crested the top, plummeting us into screams.",happiness
I feel angry about how unfair life can be sometimes.,anger
This project is giving me so much stress already.,anger
"Show down there heretic. You obviously meant to say: Unquestionable truth, any diversion from what seems to be true only comes from our own limitations. /s",anger
This situation makes me really uncomfortable.,fear
This incredible news is going to change our lives!,happiness
My mom's surgery is making me super nervous today,fear
That was painful to read.,sadness
Every nerve screams in ecstatic anticipation of tonight's sold-out concert.,happiness
Wow he is... ugly.,anger
I don't appreciate being ignored like this always.,anger
Well it was just an educated shot in the dark but glad to help 😊,happiness
im so sorry you had to go trougth that. it's a shame people are so stupid to deny someone the attention they need becouse their gender.,sadness
"Sorry dumbass, the provision is for paid **training days** But nice try",anger
What the fuck is The Baffler? I can't even go there at work.,anger
I must break you!,anger
"Happy Birthday I hope this means anything, the little things matter sometimes.",happiness
*[NAME] playing the world's saddest tune on the world's biggest violin.*,sadness
"Someone needs to take out the trash already, ugh!",disgust
"Fuck the people that couldn't make rent, pay bills or medical costs because of the shutdown, right?",anger
It scares me that left to right is also possible for anyone,fear
"This is just where the usps facility is, i live in a completely different state lmao",neutral
I wishhhh. She’s honestly what started getting me the fuck away from centrism,disgust
I'm sorry that happened. Was her hospice nurse aware that she was suffering?,sadness
Yeah that look points to body dysmorphia to me,neutral
"Oh that's disgusting, this man should be sent to priso- ohh, it's America, ok then, feel free.",disgust
Awesome! I just read Bad Blood and have been waiting for a documentary about it.,happiness
Everyone’s freaking out about our OC. Our need for O-line is more substantial imo,anger
"Gahhh, just got into the worst argument ever!",anger
I was/am the same. I'm the one pushing forward with the divorce though. The feelings of loss and fear are overwhelming sometimes though.,fear
"Its an mlm in disguise, branded to appeal to the college demographic. I got the fuck out",anger
"Yeah he was going like ""YOOOO"" and his boy was like yo chill man tf this aint no club keep yo voice down lmao",happiness
[NAME] country is this entire world. I hate that saying.,anger
Ohhh. [NAME] is my absolute favorite person ever. She just gets better as the season goes on. Enjoy!,happiness
I'm working on it. But there is always the fear lurking around....,fear
Awful taste hmmmmm,disgust
I'm freaking out a bit about the dentist appointment,fear
Weird headline. 2 children per mother would be expected to shrink the population.,disgust
Everyone upvote this - gotta spread the good news!!!,happiness
"No, she's standing in the water after she pees.",disgust
"Happy birthday, [NAME]! Hope you have a wonderful day!",happiness
",My biggest worry is not having enough money saved",fear
"Honestly, I really liked being 32. The 30s in general have been great. Happy birthday!",happiness
"Yeah, sorry about that. I see it in so many post I thought it was almost a custom to do so.",sadness
This makes me want to get nipple piercings but I’m too scared to :/,fear
Nothing more Jersey than the sound of car horns over [NAME] rambling out an annoyed answer to a caller.,anger
I don’t fucking care,anger
I just noped out and came here for the highlights.,neutral
"They understand alright, they just don't give a shit. Bunch of fucking scum.",disgust
Did nutmeg trip once when in high school. Unbelievable how trippy it was. Made time to super slow too. Key word: ONCE,neutral
I'm not loving this rain on my parade today.,anger
"I feel you, names are the worst.",disgust
Show me one conservative congressman/senator who is actively fighting climate change to break this stereotype,neutral
Okay that was funny lol,happiness
I appreciate all the support I've been getting.,happiness
[NAME] already had that in their comment and I didn't deny it. I guess that level of attention to detail isn't taught at Bellevue Community College.,anger
I'm getting tired of always doing the same thing,anger
"True, and so sad to see. Somewhere along the way, the governing of a country my mutual consensus turned into a national sport with 2 teams.",sadness
True Story! That's the sad Part of it...,sadness
"To be fair, it is worse than staying in the EU, but good grief it's better than a no deal.",disgust
I know a dozen local school administrators. What the hell are you talking about?,anger
I just ate something that tastes like rotten milk.,disgust
"well, i've never had an outbreak or a cold sore. i have had chickenpox, though, but they have yet to reappear",neutral
My car broke down and it's ruining my day,anger
> $100m to throw away For the 2nd time no less.,neutral
I was thinking it’s sad that a team that hasn’t had a FRP for what seems like a decade has a better record than us.,sadness
"I'm kinda worried about this upcoming exam, to be honest.",fear
You crashed and burned but managed to save it. Congrats my guy,happiness
How dare you say that. He's a toad of the people! Not some rich frog!,anger
"Feeling really tired and unmotivated today, no energy left.",sadness
I hate you.,anger
Yeah the non guarenteed packs are really the worst. I think I did 2/20 on those.,disgust
I'm so frustrated with myself right now ugh.,sadness
I'm from Lebanon and have been supporting Celtic since 2006 ! Glad to see there are other people from around the world here !,happiness
thats terrifying. how can people do that to their own citizens?,fear
"Sorry to hear that, I hope you're doing better now.",sadness
I'm so disappointed about not getting that job offer.,sadness
I feel like staying in bed all day sometimes,sadness
(apparenlty) a lawyer sending incriminating text message to a paralegal. this has to be really bad lawyer...,disgust
I still love Asian women. They will always be number 1 for me (exlcuding [NAME] of course),happiness
Rainy days always make me feel sad somehow.,sadness
That jawn looks lactose free. Get that cheese mixed in that jawn.,neutral
Yeah their passes are crazy.,happiness
My dog just rolled in something stinky outside,disgust
This public restroom is absolutely filthy and gross.,disgust
"I would feel similarly, but I would be more gleeful and less guilty.",sadness
I leave for three weeks in Morocco tomorrow. Excited for the 80 degree temperature swing.,happiness
You want forgiveness? Stop spamming.,anger
So..... it looks like dude is willing to break his own neck to help a vegan who is choking.,anger
My mom's been acting strange lately,fear
A spontaneous road trip is unfolding before my eyes.,happiness
Feeling really homesick today need some comfort food badly,sadness
So. This is scary as fuck.,fear
This flavor doesn't taste great to me honestly.,disgust
I was so worried for the kitty the whole story.,fear
It just never got weird enough..,fear
That...that was way more disturbing than the top level sub. What the fuck?,anger
Huh. That’s kind of crazy.,happiness
"She sounds abusive and narcissistic. Delete your facebook, hit the gym and kill her.",anger
Just cleared normal mode! I'm having a lot of fun xD,happiness
Oi he got stabbed in the eye,sadness
Wow that was such a beautiful drive by [NAME]. Really wish we could see more of that,neutral
Why was yesterday's walk somewhat more enjoyable than usual?,happiness
"I'm going to look so handsome for you, [NAME].",happiness
"Oh sorry, I'll do that.",sadness
8erToday went smoothly at work which is nice change,happiness
"I know you can’t read this, but I feel really bad and hope you learn to read soon",sadness
"Well, that sucks",anger
"He might have disobeyed orders and taken big risks, but [NAME] knows despite that, that he would be good leader. Thought this was obvious. Edit: word",neutral
"Lies, damn lies and statistics.",anger
"yes, i fucking hate that.",anger
"There are other petty crimes that can be more heavily prosecuted, like unpaid child support.",anger
Final Thanks some one lent timely,happiness
And she would would enjoy wearing,happiness
I will take it a as serious question. Sorry. I am in Europe,sadness
My stomach turns at the thought of eating there again,disgust
My world is crashing down around me somehow.,sadness
"It took 8 years of healing before I could open my journals. Pace yourself, you'll heal, friend.",neutral
Hello! Happy new years my friend!,happiness
Did not expect pint sized [NAME]. That was cute!,happiness
[NAME] is a homophobic bigot and deserves to be attacked for acting on those beliefs.,neutral
The fireworks exploding in the night sky took my breath.,happiness
My uncle was hit by some kids doing the bird box challenge a few weeks back. It’s ridiculous.,anger
"Just landed a new job, feeling pretty stoked.",happiness
"Well yeah, you've gotta paint it white yourselves",anger
Oh my gosh! That light house!! Its terrifying!!,fear
You die > mom will be sad,sadness
I'm a bit weirded out by this weird noise outside.,disgust
getting sucked in to a maneuver thurster or the primary ship screws are hell of away to go,anger
She’s horrible,fear
So did my fat closet racist uncle in Nevada.,neutral
Stupid democrats!!!!!!!,anger
That blows. Glad you're doing better.,happiness
The fact that this statement got downvoted shows how worthless some people on here are.,disgust
That sounds a little paranoid,fear
I'm feeling so empty and hollow inside.,sadness
"I nailed the presentation, feeling so proud",happiness
I'm so done with all these annoying little things,anger
10 Starting college soon and feeling pretty uneasy,fear
Mines gotta be tKs dominance in WW2. They’ve always been the org that couldn’t do it.,neutral
Being around friends always makes life quite wonderful.,happiness
I felt happiness when seeing her smile again somehow.,happiness
Nothing seems worth it anymore without them here with me.,sadness
Her eyes sparkled at the prospect of Friday night.,happiness
>How do you know I didn't Because you posted this dumbass post. And only someone who didn't would say that,anger
Mad respect to her for being honest. I like how they consulted a dietician for their article to confirm a diet of cocaine and tapas was unhealthy lololololol.,happiness
wow great news . happy for him,happiness
"Eh, you can't really judge his character solely on the appearances he makes on his GF's IG without making a ton of presumptions",anger
Fuuuuuck. That’s the worst I’ve seen.,anger
oh Ye crazy again for 2019 huh,happiness
This is what we have for emergencies. It’s great and takes the 1 lbs canisters that are super cheap and easy to find.,happiness
There's a weird smell in my car and it's awful.,disgust
you really gotta emphasize the ffffffhh,neutral
"I'm very glad too. She has been with me for twenty years now, so basically all my life.",happiness
Yikes that's cringe,fear
She likes life more than I do,neutral
"[NAME] “ I’m afraid if I don’t have money she’ll leave me”. Yuh, you’re exactly right [NAME].",fear
SUCH A NICE GUY.,happiness
Edit: Four on Five now man! Woo!,happiness
You could feel all his life flowing into your body,neutral
"You think that hearing deathcries is **funny** ? Personally, hearing cries of pain and dispair don't cause me enjoyment, but I guess I'm a weirdo.",sadness
"Not out of a trash can though, surely? That'd be disgusting.",disgust
"It's racism. It doesn't make me angry, it makes me feel sorry for their ignorance and yours.",anger
Right now it sucks ass I gotta squat in snow in the freezing cold in the back yard of my apartment complex holding a little bong,disgust
"Tl, dr - Take the abuse. Squirming only gets them off more.",fear
ooh man I miss OutKast. brings me back to my childhood,sadness
I just cried for an hour straight again.,sadness
Our road trip itinerary is finally taking unexpected thrilling turns!,happiness
Fuck with these giveaways.,anger
Finally something nice,happiness
Uhh...weird flex but ok?,anger
I've been having some pretty bad nightmares lately too,fear
You’ve done us a good service,happiness
Okay then. Please remind me again why the lack of support is death threats in my PMs.,fear
I don't feel so financially secure,fear
When has the Alt-Right ever been working class? Its always the richest white guys who are horribly socially inept.,fear
Nope. You're a weirdo.,disgust
"""I SAID, [NAME]!""",neutral
"Oy vey, [NAME] 🗑 is gonna be *pissed*!!!",anger
"Don’t rush it .... it will eventually all fall into place, Enjoy today",happiness
"r/ThirdSentenceHappy My eyes swelled with tears as I opened the door and watched all 8 puppies, overcome with joy, as they were reunited with their Mother.",happiness
"You can't be worse than [NAME], your hired!",disgust
Yup. Was so annoyed to see this making the rounds yesterday.,anger
Wish things could go back to how they used be,sadness
"If one day I have daughters, I want them to be so badass that these kids! Nice to see them enjoying metal!",happiness
So much confetti,neutral
"From his username I can tell he lives in a city close to me. I'm sorry everyone, Vermont has better to offer than the likes of him",sadness
I regret my psycho ex. Does that mean I was raped? Or do the rules not apply because I'm a man?,anger
that looks like a nightmare.,fear
About fucking time ordering ASAP,anger
[NAME] has been really good this game and I thought he was good against the coyotes as well.,happiness
You're the best !,happiness
I’m autistic and frankly this is disgusting. To say this about your child implies autism basically makes you worthless.,disgust
Just saw my best friend after a year apart.,happiness
Holy shit they fornicate like rabbits!!,disgust
What the actual fuck?,anger
That is a deadly accident just waiting to happen.,neutral
yeah see some of us come from youtube it's a horrible place never go there,fear
It still seems dangerous,fear
Yikes. She sounds like she's one bad grade away from shooting up a synagogue.,disgust
“It’s different because I deserve it.” These same assholes in rural areas.,anger
Sadly I had to scroll through the story to read this,sadness
"We only seem to hate them when they espouse murderous political philosophies responsible for more than 100 million deaths. Weird, huh?",anger
> so much misinformation > No hazing or violence tolerated whatsoever Lmao wut,anger
Kotaku never ceases to amaze me with the horrible decisions they make in posting stories that can ruin people's lives with no confirmation or validity.,fear
It's riskier to take on bad contracts right now,fear
I feel uneasy about what just happened there.,disgust
I'm sorry you poop your pants every time someone mixes those words up.,sadness
Because of what I said in my first comment.,neutral
I get hard in the morning from just standing up and my body not knowing where to put the blood. But any other time of day its always sexual,neutral
Weird way to type YYYY-MM-DD,disgust
I crushed it at work and feel so proud.,happiness
I'm having a really hard time dealing with this loss.,sadness
Those fries look delicious!!!,happiness
"*DRAINS, CLOGS, BACKED UP LOGS [NAME]!* *OH, NO, TOILET OVERFLOW [NAME]!*",anger
My palms are sweating just thinking about it too much.,fear
You're disgusting,disgust
"I actually feel bad for your roommate, poor guy.",sadness
"Ugh, my socks are soaked and smell terrible too.",disgust
"Today was good, thanks to my amazing friends.",happiness
It is sad they didn't have a 4k highspeed camera running on this... I feel like the world lost an amazing possibility,sadness
One day I was really desperate and tried putting warming balms that are intended for sore muscles on my lower tummy and it helps so much!,sadness
Something about him just gets under my skin,anger
This really tickled my anxiety. I hate it,anger
You can see the regret in the eyes,sadness
I feel really irritated by these constant interruptions now.,anger
A part of me is scared of failing again.,fear
Lmao I'm sorry!,sadness
"We are by far the greatest team the world has ever seen, we are just having a rough patch.",happiness
Sorry but imma hit you with a fat (X),sadness
I'm truly humbled by everyone's kindness and generosity.,happiness
So excited!! Probably gonna be my new main ⚔️🛡,happiness
Mark it nsfw just to mess with people. Worst title I have seen all week.,disgust
Must be a terrible swim team. The only thing that your neck beard does is accentuates your double chin.,fear
I'm so furious with you right now.,anger
Try wearing something unattractive when that student is around.,fear
Ooh! I quite like the swimming pool of makeup as well.,happiness
My life has been destroyed,sadness
You have just given a face(?) to my phobia,neutral
*whistles innocently*,neutral
I hate these memes because [NAME] never cared if he did or didn't have a nose.,anger
"This shit had me howling, which I can't say happens too often. Didn't expect to see comedic gold in that sub.",anger
Wow I forgot we were competing with Sevilla for 3rd place. That makes this win even more important then!,happiness
That scene made me think of Arizona a little bit tbh. I think I'm missing [NAME]*,sadness
>the satisfaction of knowing how bent out of shape you're getting What a sad existence.,sadness
"She was such a pretty girl, she didn’t need to get all those surgeries. What a shame.",happiness
Rape kit test from six year old migrant girl revealed DNA from 30 men.,sadness
I am so sorry to hear about your wife’s tragic injury.,sadness
This news has put me in a weird funk.,sadness
Your coaching is terrible.... be ready and see how [NAME] uses [NAME],fear
Total non-reaction by the trio of guys. ‘There goes [NAME] again. Every time we come out here.’,neutral
Feeling rather thrilled about my upcoming vacation plans.,happiness
Free with a price of $600+ if you want full standard collection or maybe $300+ if you grind with no life. What a deal!,happiness
Hell yeah I got the 420 upvote,happiness
Please never don't not reproduce.,anger
This conspiracy theory that entertainment scandals break as distractions makes more sense to me every year,neutral
I just saw the most disturbing video ever online.,disgust
"I am sorry for making fun of your username, I sincerely apologize.",sadness
I feel sick from eating that spoiled yogurt.,disgust
"Lived in multiple cities across the UK, never seen a bus service as consistent, cheap and generally amazing as Edinburghs.",happiness
"No particular sauce, I'm just kinda tired of having to search that tiny lil speck of pan for at least 2 minutes before I find it.",fear
Miss you...,sadness
So those 2am cravings are really just my instincts keeping me alive,happiness
Big game tonight,neutral
Hey PBR is good ‘cheap’ beer tho.,happiness
The city's twinkling lights beckon her home tonight finally.,happiness
It hurts to see you moving on so fast,sadness
"This is amazing dude, literally flawless work",happiness
The guilt of sin represses all,sadness
The fact you have to explain this at the third grade level is pathetic. People think somone preventing his own murder is a tragedy.,sadness
"Also the reason for last year, playing him as a cb was necessary but proven to be a terrible position to be in.",fear
I'm now scared to post this link]( I guess I should [stop.,fear
I feel really irritated about this whole thing.,anger
"“Why are you complaining, every team would’ve signed this guy”",anger
Laziest team I've ever seen.,disgust
What the fuck did I just read?,anger
"Seriously, why did they cancel our plans again?",anger
Wow. If it shows calls on the bill then what good is it? Glad I asked...,happiness
I sleep alone on the floor. That was a bad idea...,sadness
I'm so afraid of losing the people I love.,fear
And then there was the on who grabbed mom’s breast and tried shoving ot onto the ba y’s mouth.,anger
You should have an AP that respects you ...not just one that wants to use you.,anger
laughs) _people__that_ __don’teen’t follow simple rules make_me_Angry_,anger
I'm not super thrilled about the thunderstorm tonight,fear
I bought milk and honey for its cover. ended up loving it anyway.,happiness
That garbage dumpster smells incredibly foul and gross,disgust
Beautiful yet sad that his relationship ended in ‘45 the same way most of mine do...with cheating,sadness
Everything about this sunny day feels fairly wonderful.,happiness
"My mom just served Brussels sprouts again, ugh.",disgust
"Today's been a tough day, nothing's going right for me.",anger
This rain ruined my entire outdoor plan today!,anger
"If he hits you and constantly degrades you, it's abuse",disgust
"Just remember we’re all silly looking, gangly monkey things living on a rock floating through nothing, all trying to be cool. Have fun",happiness
Is it weird that I was practically drooling while watching this,disgust
[NAME] looks to be making an impact to me,neutral
Congrats on coming out,happiness
I feel this but I also sympathize with mentalcels because I’m mentally ill and it makes me feel even worse.,sadness
Wtf is that,anger
Ok but what if you hire him into a management position. He makes women feel uncomfortable and a discrimination suit waiting to happen.,disgust
Thats absolutely disgusting.,disgust
Wow good on you! I hope to have similar progress this year. How’d you do it?,happiness
I'm beyond disgusted with what's going on here,disgust
"My mood is just a bit off today, that's all",sadness
What a load of old shite.,anger
You admit to discrimination based on your personal criteria. Say no more.,anger
Just thinking about all the stupid stuff I did as a kid makes me very afraid for my 5 year old.,fear
Awesome; two steps back then one forward; so many big devs these days.,happiness
My day is rather more joyful than expected today.,happiness
Losing you feels like losing myself too somehow.,sadness
It's shameful that he has to preface this post with his bias. Couldn't just leave well enough alone.,anger
"THIS IS NOT DETROIT, MAN! THIS IS THE SUPERBOWL!",anger
My sister's boyfriend is literally the worst ever.,disgust
"That was a hell of a tip, that happens",anger
what a psycho,anger
"Sorry to hear that, I have it for ps4 and hardcore dlc servers are still up",sadness
Don't like how they're handling this situation at all.,anger
No. But that's really interesting. I might start doing that.,happiness
my biggest fears are slowly becoming reality apparently,fear
Thanks so much for helping me move yesterday guys,happiness
My bathroom sink has weird green stuff growing inside,disgust
"[NAME] shot has been quite frankly terrible tonight, wayy too strong on most of his looks",fear
21 million went to [NAME] throughout his tenure…ridiculous,disgust
"Yeah this bothers me. Family should be off limits, and this scene was really sad",sadness
"I had some bad news earlier, it's bugging me.",sadness
"Also, the phone is set to another language than the one being spoken, which is a bit weird.",anger
Ironically every /pol/ meetup is more diverse than the people pushing diversity and race mixing. Weird how that works huh,disgust
That’s a fuckin budgie. You gotta be a moron at birds to not know that. That’s like Bird Basics 101.,anger
I'm going to miss my friends when they move away,sadness
/uj this looks fucking delicious,happiness
I'm literally screaming.,sadness
"Clearly, this new connection feels very right to me.",happiness
She is probably cheating on you. :(,sadness
"unrealistic, the little fuck didn't taunt post-kill",anger
It's the top comment. How weird.,disgust
Cant wait to start working my placement around that area!,happiness
"Wow, I just googled it and holy shizz that's an insane difference.",happiness
In draft I see a lot of enchantress. Even without Enchantress if Lodestone Demolition gets 6 dmg(same as Lightning Strike) I am happy.,happiness
I feel like I'm losing control right now,fear
"Vamos [NAME], keep fighting!",anger
"If they want the situation to escalate, they may just keep nagging me and wait for things to tip over.",anger
"Δ sorry I completely forgot about these, but yeah you definitely changed my view",sadness
"It's hard for me to switch between english and spanish in the same sentence, sorry I'll try to improve in the future",sadness
"Debunked as in proven wrong. Again, he is a well known fool. Do yourself a favor and never take anything he says remotely seriously.",anger
It is a highly underappreciated movie...FOOLS,anger
cheers for the replies guys. appreciated,happiness
Almost downvoted you just because that made me so angry.,anger
That's the main reason to play [NAME]? I hate it too.,anger
"My garden is actually thriving, go me!",happiness
Man being unattractive in appearance has pretty much taken any joy out of my life,sadness
shut up LIBTARD you right now:🤯😭🥺,anger
What's happening? This is absolutely petrifying me.,fear
People are disgusting and insane.,disgust
Only a sith deals in absolutes.Fuck that guy.,anger
But it’s so hideous,disgust
You can see his tooth bouncing off the pavement on the right after he falls. Brings a tear of joy to my eye 😅,happiness
What’s the reference matter if it’s still insulting? Glad your degree is coming in handy for something.,happiness
"Feeling kind of lonely tonight, wish someone was here.",sadness
Heyyy bear hug!,happiness
you just use the word weird like that's all there is to it. weird isn't the issue. the issue is garbage,disgust
My socks are super stinky after that workout class.,disgust
Please post any news you may find about her fate. This is so sad and so wrong. We need to know what happens to her.,sadness
This news didn't exactly make my day better.,sadness
"Sorry, What I meant to say was if it had been worded differently it wouldn't have the same effect.",sadness
Outrage over something that isnt even true. Thats sad man Edit: well the bandwaggoning part is true,sadness
"Actually really like this one Edit: nice shoes too, v annoyed at resell prices 😔",anger
"I'm so anxious about public speaking, it's crippling me.",fear
Why are you sorry for your grandma? She did what she had to do in order to get what she had paid for.,sadness
"Oh hey, it is!",happiness
That goddamn wink slayed me. Swoon so hard...,anger
My little brother just picked his nose at dinner table,disgust
only redoing items below these,sadness
I'm a bit scared of what might happen next.,fear
"I just wanted to say how honorable you are, r/niceguys",happiness
Feeling really down after that bad conversation,sadness
Wow. In real time we have it in action. You lack any degree of self awareness.,happiness
The movie we watched was way too intense tonight.,fear
I’m so sorry you are going through this. Sounds like an awful experience.,sadness
I hate when people cut in front of me,anger
I think the OP is looking at a GC and not Cherokee. I see no way that’s gonna lease for $300.,neutral
Ah ok I thought by terrific you mean terrific at reducing speeding since (I think) that is the policy objective. Cheers!,happiness
"I have no objection to nudity, but why is this a thing? So dumb.",anger
So excited for the mauve album,happiness
The weekend's arrival was a welcome surprise this morning.,happiness
You again? I already told you this isn't the right place for this.,anger
Its hard to look at. Its just gross.,disgust
There are some amazingly cringey compilations of terrible dialogue from this show on yt,happiness
I think it it would have been even worse if that was the case,disgust
"I’m really high and laughed too hard at this video, normally I would feel really bad for the old fella.",happiness
"Keep spreading the word fellas. Wishing you all a great 2019, love you guys and the whole community.",happiness
This is on a video about electric guitars what the fuck?,anger
I'm so glad I got that job offer last week.,happiness
"The real villains are those aware of the cruelty of life, but then reproduce anyway.",disgust
[NAME]! Get a DAMN good lawyer! Glad you're okay.,anger
I feel like I'm finally making a difference somehow today.,happiness
"A family friend was just found to have made this comment, I am interested to hear your thoughts.",happiness
What if I forget my lines during the presentation?,fear
"True, I misread the post and thought it was applying it to on-field performance. My apologies.",sadness
Amazing notes. Posts like this is what make us feel that we are not alone in our struggles.,happiness
It's nice to have a warm bed on cold nights,happiness
Damn you and your facts.,anger
I apologised an very long time ago as I was wrong at this point you are beating a dead horse,sadness
I am pleased to report that my 5 win streak was broken.,sadness
How much time you got? I enjoy *The Spirit of Redemption* but it's a bit long.,happiness
"""We're sorry, all circuits are busy now due [NAME] lost keys, try your call again""",sadness
Those are some pissed off lookin Nucks,disgust
"Hm so sad. Am I supposed to feel bad for you because you don't look like [NAME] phelps? Btw, he's on steroids no doubt",sadness
This garbage dumpster smells absolutely vile today,disgust
Damn it.,anger
I’m so sorry that you both have to deal with this ❤️,sadness
"It's hard to see you with someone else, okay?",sadness
Oh boy you’re in for a treat. Make sure you visit Austin if you move,happiness
Exactly my goals as well. Let's make it a great year.,happiness
I'm seriously annoyed by this rude customer service.,disgust
My brother's room smells like rotten trash bags,disgust
I feel angry about what you just said.,anger
Everything that isn't harsh noise is normie trash,neutral
I'm doing pretty great for a Monday morning.,happiness
Wow... I’m so glad that my dog is lazy like me.,happiness
So you are projecting to defend your hate. Nice psyche you have there enlightened one,anger
"My computer crashed and lost all my work, great",anger
This weekend's concert tickets are finally in my possession tonight!,happiness
I'm just happy anybody's talking to me. I'll listen again :-),happiness
Excited for season 3 too. Winter is getting too cold,happiness
And the human babies - don’t forget them! Totally wicked! Sad!,sadness
the older me would be scared shirtless knowing all the fireworks that exploded nearly in my hand as a kid,fear
This promotion totally exceeded my wildest dreams suddenly.,happiness
Today was pretty intense and I'm feeling drained now.,fear
Pls shut up,anger
When that intro drops I get so into it and scare my cat,fear
stuff is incredible on fried chicken,happiness
Having a pet really makes my day brighter somehow,happiness
Maybe try not lying next time seriously though?,anger
Having trouble sleeping because of all these thoughts.,sadness
"[NAME] and [NAME] were the ones I had in mind, but I'm not surprised they're not the only ones from what I've heard.",neutral
I have butterflies in my stomach before the interview.,fear
One dumbass who hasn’t watched Hereditary complaining about meaningless awards on the Internet means... eh. I lost my point. Go watch Hereditary,anger
missed a good chance to copy the one the UNC football player wrote a few years ago for an A-,sadness
Same. About as Libertarian as fucking [NAME].,anger
Protip- just smell your damn food. Use your senses!,anger
5 Can't believe how infuriating that conversation was,anger
"The stigma is justified. I dont care how you got it, it's still disgusting.",disgust
That face in 0:18. That's the face of happiness,happiness
My heart is aching so much today somehow.,sadness
This food is kinda bland and unappetizing too much salt.,disgust
I feel sad that summer is almost over.,sadness
Yeha he failed to qualify unfortnatwly.,sadness
I'm glad you're doing a bit better. Sorry about your grandma. Good luck.,sadness
This is the worst take I have ever heard on cooking ever.,disgust
Lets fuckin do this,happiness
"2 Minute [NAME] is the scariest [NAME]. I fear they have yet again, like the regular season game, scored too soon.",fear
I knew her in high school- she's awesome!,happiness
He's saving guys for the back to back.,neutral
"Dude, you made my day.",happiness
Totally and sorry for that,sadness
"like I said, it's painful.",sadness
"Who cares, most people will be on their phone anyways.",anger
Because it's not mildlyinfuriating that you have to ask strangers to not be assholes?,anger
Idk how to use any.... the 5th one looks scary,fear
today feels kinda spooky dont know why tho,fear
If you would like to know more about this plant,neutral
"Suddenly, the roar of the crowd electrified every molecule.",happiness
[NAME] is a happy boi!!,happiness
I'm not loving this new software update.,anger
Being a [NAME] is no different from being a [NAME]. Both have caused genocides. I hate how our society only focuses on one though!,disgust
"you are correct, but now it is over. and i cry",sadness
Yeah would be exciting!,happiness
This long line at the store is ridiculous and slow,anger
Why not though? Not enough buyers?,neutral
I prefer men under 5’10 but I’ve never heard anyone piss and moan or call *that* discrimination.,anger
*Hey just noticed..* it's your **5th Cakeday** [NAME]! ^(hug),happiness
This is fantastic!,happiness
"Invisible Monsters is amazing. I'd say it should be made into a movie, but that would be difficult.",happiness
i love all harper news because i love the shit storm that ensues on here.,happiness
“I hate rich people” - people using website made by rich person on a device made by a rich person.,anger
The car analogy is silly because car problems are physical and material and hence clearly factual diagnosable. “Toxic masculinity” is a squishy theoretical concept.,anger
I tell them my wife died in a car accident 10 years ago and I couldn’t fall in love again. I’ve never been married.,sadness
I miss [NAME].,sadness
The very worst possible route they could have gone.,disgust
My pleasure ☺️ hope you enjoy! She seems very sweet.,happiness
"The snapchat news feed on the stories page is horrendous, its entirely just celebs, porn and hookup culture shit.",disgust
There are worse things!!!:,disgust
Here's a way to help. Have sex with a user,neutral
"Was already mad when it wasn’t center. Then when it got knock over, i was furious. Damn machine has no brains.",anger
He has been horrible in pull up situations but not horrible with catch and shoot this season.,anger
I would say. ’good’ but it’s all fucking tragic.,anger
The news is electrifying: We're going to Mars tomorrow!,happiness
My day just got way brighter after that phone call!,happiness
Fuck the fucking refs. Seriously. Fuck those fucking cunts. I'm so fucking mad. Fucking dickless fucking street walking fucking sluts.,anger
Just spilled coffee all over my new shirt ugh,disgust
This is cursed,anger
"I'm not sure these guys are wingers, but other than that, I'm very happy so far",happiness
The least offensive example of anyone I've seen telling me to go fuck myself.,anger
My food doesn't smell great today somehow.,disgust
I watch his YouTube stuff. It's gross!,disgust
This situation is ridiculous and infuriating honestly,anger
"I can't imagine who IS, the whole thing is so cringe.",fear
Getting married next week feels rather exciting somehow tonight.,happiness
-my biggest phobia came true today i want to die,fear
I'm feeling kinda down about this whole thing lately,sadness
See the other one has advertising that hides the fucking stupid [NAME] that's the difference!,anger
"First of all, sorry for your loss. Keep in mind that funerals are for the people still alive not the person who has just died.",sadness
say it with me now super star,neutral
"My parents died. I wish they were someplace warm that I could visit them with their grandchild, and they could visit too.",sadness
I'm sorry but are you implying that everything to the right of full-blown communism is the center?,sadness
Of course he will lie cheat and steal to make him self relevant to the public. Horrible person.,fear
I feel pretty uneasy walking alone at night downtown.,fear
"Sorry, every time I try a link post my post fails, I’m just doing a text post.",sadness
NEVER RUNNING FROM A REAL FIGHT!,anger
My life feels like it's falling apart fast.,sadness
Why does everything always have to go wrong?,sadness
I'm sorry to tell you this but your mate probably touches children too. That's the only logical conclusion I can come to here.,sadness
fuck atheist countries,anger
"I know, that's why it's a little unfortunate they don't have a test.",fear
Can't believe I forgot my lunch at home again!,anger
"I had a pretty boring weekend, sadly.",sadness
..my mom’s birthday made me quite emotional today..,sadness
I'm fed up with this homework assignment already.,anger
4 Today's leftovers are pretty gross to be honest.,disgust
That motto is awesome!,happiness
I heard the ostrich was sick.,sadness
Close game but glad to see we came back in the end,happiness
"Tears of joy streaming down her face, freedom awaits!",happiness
When they figure out a way to hoard the wealth created by marijuana it will be legalized.,neutral
"Some people just don't listen, it's so infuriating sometimes",anger
"omg, id cry if this was my store",sadness
"If she deleted your Snapchat just because you showed up to a bingo, then it seems she's a bit of a bad person",disgust
"Honestly, this would creep me out a bit.",disgust
The humidity in Sydney is worse.,disgust
Omg!! Its rainbow!!,happiness
Thats pretty lewd.,disgust
"People cutting in line are the worst, you know?",anger
Utah is a beautiful state. I’ll give you that. I spent a week at Bear Lake and it was pretty amazing.,happiness
That moment totally transformed my entire life's perspective suddenly.,happiness
It's a shame that so many experimental psychology studies are still using such dubious statistical practices.,disgust
"Today was just one of those off days, I guess.",sadness
"wow this seems like a huge ᴡᴀsᴛᴇ ᴏ- ᴡᴀɪᴛ ᴀ ᴍɪɴᴜᴛᴇ. ɴᴏ, ᴛʜɪs ɪs ɢᴏᴏᴅ",happiness
[NAME] damn it I hate when enemy keepers use their hands and stuff to keep the ball outside their goal. Make a mistake pls.,anger
Meeting my childhood hero was utterly surreal and amazing.,happiness
Can't relate because the sadness and loneliness is constant 😎,sadness
DEMOCRATSPF ARE LITERALLY HITLER!!!!,anger
FUCKING DIN!!!,anger
I'm using mine on the Consumer Cellular customers that come in mad at me because they have to set up an Apple Account to use their IPhone.,disgust
I'm seriously repulsed by these dirty gym showers - ew!,disgust
> Inflatable M'lady Guys I found my new flair,happiness
"You know I never thought I'd celebrate someone's death, but once she goes I'm going to have to try very hard to not enjoy it...",sadness
I am unconcerned.,sadness
>![NAME]. Apologies to the Hiyoko Best Girl gang but I could never get myself to like her...!<,sadness
"I don't love heights, so this hike makes me uneasy",fear
Losing that job opportunity really bummed me out too.,sadness
Today was literally the worst day ever made,disgust
Please tell me your shop didn't get you in trouble for that D:,anger
I'm getting old. :/,sadness
"Oof, yeah sorry my dude, it came across as pro-wall to me. Probably what happened with others as well.",sadness
"In this case, I don't see a problem. OP's post can stay.",neutral
Ugh her mind!,neutral
My favorite shirt has an annoying stain on it again.,disgust
To make money from money is disgusting and is screwing up the economy.,disgust
This customer service rep has no idea what they're doing,anger
I hate saying goodbye to people I care about deeply,sadness
Because different characters have different advantages. Why do questions like this still get asked?,anger
Sorry for your loss. Thoughts and prayers.,sadness
"My plans got cancelled, which is kind of a bummer.",sadness
"Submissive? ""she’s a [NAME] so literally it’s like a brand new car [NAME] has blessed me with."" You're disgusting.",disgust
I'm feeling really lonely in this new city.,sadness
Cant wait to hear a hot take from the second dumbest people who ever loved ([NAME] ots the first if you are asking),happiness
What Subreddit?,neutral
I am beyond disgusted by what happened last night honestly,disgust
Oops! The bottle was so oily it slipped outta my hand and into the trash!,sadness
Also Strike Anywhere. This thread makes my heart happy. <3,happiness
Glad your a Liberal supporter.,happiness
"It is SO gross, I despise him and think he's a gross predator.",neutral
oh my [NAME]. it was hurting my brain. i only saw the disappearing boot and thought i was missing something.,sadness
People around me seem rather content lately somehow.,happiness
My son told me he hates me,sadness
Really sad how often people don't go into the closest lane first and then change lanes when safe to do so.,sadness
We will fam. Enjoy [NAME]. hes a great kid and has a crazy high ceiling,happiness
"Both good and not so good, but mostly good! You should DESTROY HER. NOBODY NEEDS TO TAKE UP THAT MUCH SPACE ON THE CURB.",anger
Hello everyone. Im from Toronto as well. Can call and visit in personal if needed.,neutral
These refs are remarkably terrible tonight. So are the sabres but wow some terrible calls.,fear
My morning started off on the wrong foot somehow.,anger
This week has been super stressful for me.,sadness
I'll miss [NAME],sadness
Couldn't happen to a nicer piece of shit.,anger
"Shits me no end mate, good on you for doing something",anger
I didn't say it was soulless.,neutral
Seeing friends tonight is rather exciting to me actually.,happiness
"My favorite so far is ""national emergency declares national emergency.""",happiness
"Haha I remember her! And that documentary was insane. (its on Netflix and is called The Rachel Divide, for anyone who is wondering.)",anger
How tf did the vaccine cause them to lose their jaw? This smells like BS,neutral
"Was broken up with, still live together 2 months later, and probably will for another month. Studio apartment, 1 bed.",neutral
Just got a bit worried because it's always showed up instantly for me before,fear
Maybe you were depressed because your place was a mess.,sadness
Awesome footage. The one child signing to look into his eyes looks as though he is jaundiced. His eyes are quite green yellow colour.,happiness
I'm seriously questioning everything in my life now,sadness
*All I want is to be left alone* *In my average home* *But why do I always feel* *Like I'm in the Twilight Zone?*,sadness
What's ridiculous is this stupid post and this asinine idea that white people are these constant victims,disgust
In what fucking world is this drawing not bad,anger
I'm kinda afraid to ask but did anyone reply?,fear
My mom's health has me really concerned lately.,fear
My doubts are scaring me from taking the leap now.,fear
But they aren't poisonous?,neutral
Danger noodle!!! Danger noodle!!!,happiness
That commercial was super misleading and annoying.,anger
No. She was out of crack and jonesing. That’s what that’s about.,neutral
[NAME]’ ego has turned him into such a bully. He seems to get off lately on witch-hunting and encouraging his “sisters” to harass people.,anger
This is pretty worrying and makes me wonder why she can’t. That’s not normal.,fear
I hate when people don't cover their mouths,disgust
> it. Just because they're not vertebrates doesn't mean we get to kill them for amusement. It literally does though,disgust
"This coffee tastes old, maybe it's gone bad already",disgust
Well this all started Wednesday. But I’ve been unhappy with my life for weeks now,sadness
[NAME] lesnar. Sorry [NAME],sadness
"Dude, she had just lost her baby, too.",sadness
The cruelest people in the room are a pack of gormless dullards. It's the banality of evil for the 21st century.,disgust
Omg! I'm just about to post a recipe with turmeric because I ALSO FEEL THAT WAY.,happiness
"Oh good grief! Put it away, [NAME].",sadness
Wow. Racists are really coming out of the woodwork to excuse and defend racism. How sad.,sadness
Did I say he was a scammer? I said he's disgusting and there's nothing endearing about him at all. Not surprised this subreddit is defending him,disgust
I'm so hurt by what you said to me.,sadness
[NAME] and I play with people with 400 plus spm and still play noobs please stop the excuses if you’re getting wrecked you just suck,anger
"No problem, glad to help.",happiness
"Ugh, this fucking tumblr account. I posted about this bitch before, they wrote that [NAME] drug rehab fanfiction.",anger
fellow trans guy with an nmom. i know what youre going through. it absolutely sucks. im sorry man. my PMs are open.,sadness
That's a bit tricky to pull off,fear
"Philanthropy really scares some people, doesn't it? People did this to [NAME] too.",fear
Got a weird feeling something's off with my car,fear
"I didn’t like him before this, now I really don’t like him.",anger
I feel pretty uncomfortable in this crowded space,disgust
Your age difference is incredibly creepy.,disgust
I’m just shitposting dude. In the spirit of the thread “I was bored”,anger
My cat's hairballs are totally grossing me out tonight.,disgust
"Take a shower brother, i can smell you through my phone",disgust
This story made my day. Ha!,happiness
I'm sad that our plans fell through again.,sadness
This is so wholesome! I can‘t wait for Animal Crossing Switch! 😍🤩,happiness
so stoked this is happening. My boyfriend and his bff made plans immediately when they saw the commercial for it.,neutral
He dunked all the time with us. Loved the reverse two hand slam,neutral
"Awesome, love the input! I totally get what you’re saying!",happiness
Fire the ux designers and yes also our beloved [NAME],anger
I feel physically ill thinking about what they did.,disgust
I missed this. Wow that is a travesty,happiness
"Man, and I thought the princess and the toad was an odd story",disgust
"Apparently, you'd want an Alberta with a censor on what we read. Bully for you.",anger
Real class A asshole there,anger
"OHHHH, I like where Richmond is going with that.",happiness
This weather forecast looks absolutely depressing to me.,disgust
Something about this picture is off to me.,disgust
I am so sorry. My kids are the only thing keeping me going. The loneliness is agony.,sadness
This food doesn't taste as good as expected though,disgust
Hope you had fun atleast; it's amazing to see up close in person compared to the camera.,happiness
"-30°, then again I'm only 16. Been a while since these temps have come around so it's not pleasant.",disgust
This storm is making me really nervous tonight.,fear
If she is an INFJ they can be quite caustic and verbally abusive at times.,disgust
* Changed: That house sounds creepy at night,fear
That's such a selfish mentality to have.,disgust
"Bro we got destroyed last time, we’re due for a heartbreaking missed field goal or extremely ill-timed turnover",sadness
I can’t wait,happiness
"So many players from the current crop are going to end up on 300+ games, crazy to think how exclusive it was not too long ago",happiness
"Pride goeth before destruction, and an haughty spirit before a fall.",neutral
I'm seriously disgusted by how much sugar is added.,disgust
HHahah. Right? I’m scared,fear
i wish i got free drugs :(,neutral
this off season is dark and full of terrors,fear
wow. I think you've done all you can.,happiness
[NAME] I hate plant thieves. They’re almost certainly ppl who should know better.,anger
And I thought they smelled bad on the outside!,disgust
"Okay, I'll try to find one. Sorry about that.",sadness
Slovenia is awake and ready for some Mavs magic!,happiness
I'll take the downvotes and agree with you. Some of the ugliest looking things I've ever seen. Absolutely disgusting aesthetic.,disgust
heard weird noises last nite felt super paranoid,fear
Really loving this time with my favorite niece tonight.,happiness
I'm really upset with how this situation was handled,anger
Can’t wait to go!,happiness
Imagine your daughter running away from home. I think that's a pretty terrifying idea without some murderer or mystic horror,fear
"Yeah, this seems weird to me, too.",anger
"This experience has been a game-changer, thank you so much!",happiness
I feel kinda lonely when you're not around.,sadness
I'm low-key terrified of public speaking still somehow.,fear
If your enjoying your time with the other person then you are always on fun dates.,happiness
[NAME] and [NAME] are the only reason to tune in at this point. Happy birthday!,happiness
Checking in from section 11. Ready for a good ol fashioned ass whoopin.,happiness
"I'm thankful for this opportunity, it means everything.",happiness
"Sorry to hear that, brother. Why do you feel more lonely now compared to usual?",sadness
Do your worst. The tag just describes your views. Could have been much more vicious.,disgust
"Nothing that comes to the top of my mind right at this moment, sorry.",neutral
The fact someone could read your post and literally go and do this saddens me.,sadness
Two overtime games on championship Sunday? We are blessed as football fans. Too bad one game had to be between FYTB and FUKC,happiness
Who is bored? I happily entertain myself.,happiness
"> Woo that sadness out Welp, never gonna be able to have a night out on the town again without this coming up",sadness
I'm mildly upset about this minor setback at work today.,anger
u fucked up,anger
"She haven't tried contacting me in 2 years, i guess she lied. Congrats to me, I won the 'miss you more' game. ):",sadness
"Hold my wine, I have to go vomit in sorrow.",sadness
I am scared that I would lose potential study time by seeing him. And worse if I end up liking him too much... :(,fear
The whole post reeks of troll.,disgust
Read divorce busting and kill all marriage counselors. As much as it sucks...youve been given a gift by him giving you time.,anger
Tears won't stop falling from my eyes,sadness
They brought me my favorite childhood dessert tonight.,happiness
"Ugh, my sister borrowed my car again without asking.",anger
"Oh, sorry",sadness
"Utterly weightless, like I'm walking on air today somehow.",happiness
it's horrid :/,fear
"The best, besides the hundreds of other games that are better. You know, like how Mcdonald's has the best food in the world.",happiness
I'm thankful for all the good things in life.,happiness
This is dank what the hell,anger
I AM LITERALLY FREAKING THE FUCK OUT,anger
We just closed the biggest deal of our careers.,happiness
Happy cakeday your username is fun,happiness
So beautiful 💕,happiness
[NAME] left that on purpose. Would bnever have scored,anger
Which one had to shower outside with the hose... [NAME]? That one was so sad to me,sadness
Missing home and family a lot today suddenly.,sadness
"You’re heartless if you’re calling people who smoke marijuana “druggies” and I’m done arguing with you, have a nice day.",anger
"Just had a really rough morning, need some coffee",sadness
The thought of failure is freaking me out big time.,fear
Focus groups thought [NAME] was too attractive and the brethren were experiencing a burning in their loins and sinews so we fixed it.,happiness
That news just made me pretty disappointed honestly,anger
"Thats awful, I'm so sorry for your loss",disgust
It's seriously terrifying!,fear
Okay thats cool I was asking because I didn’t know y’all better stop downvoting me,anger
"Make nachos, get a beer, and get ready to yell SUEY!!",happiness
"Oh wow, hate that.",anger
"Not surprised, damn that sucks. Concussions are awful.",disgust
Wait until you’re at least 25 to get a tattoo. You’ll more than likely regret it otherwise.,sadness
"The dark makes me a bit uneasy, gotta be honest.",fear
"Based on her other post she's young, pregnant and possibly homeless. Looking for help and advice.",sadness
Bonus: her infamous bizarre introduction video. Truly frightening,fear
I get a little scared when it's really dark outside,fear
"Wow, this is terrifying.",fear
I'm so grateful for these few days off.,happiness
"> We're angry, but we don't want to be labelled as violent nutters.",anger
Sadly it happens randomly and I wouldn't want to lie to someone for money if the thoughts didn't appear.,sadness
"Sorry if Im slow here but what does Milan or [NAME] have to do with this? Hes going to Inter or Arsenal,no?",sadness
Someone get fat boy [NAME] a happy meal.,happiness
So done with people constantly lying to me!,anger
Everything feels really bright and wonderful this morning.,happiness
What’s all this meow?,anger
"Not sensitive, just scared that a sub I enjoy will become divided and will have in-fighting.",happiness
My brother left his stinky socks on my bed again,disgust
Damn i am sad that got deleted,sadness
Bring on the mosquito to destroy those tired legs,anger
Please stop talking [NAME].,anger
Sick of that stupid floss dance,anger
My trash can is smelling really bad today.,disgust
Great to hear you're so loving together! Wishing you all the best. Feel free to PM me anytime!,happiness
"Deathly afraid, the undersides of boats too. I can't look if I see them in a picture or movie",fear
After all that i expected it to not look terrible. Oh well.,fear
Mine is 2.5 and trying to drop her last nap. She needs it so desperately though. It is HELLLLLL dealing with this.,anger
"Sorry guys, accidentally sold 10,000k",sadness
"What a loser, sad.",sadness
Laws don’t apply when you’ve got money. Sad but true.,sadness
I enjoyed [NAME] intermission report where he was very low energy until the end when he squeaked out a HI MOM =D because he's the best,happiness
It’s more like a bunch of vaguely veiled racists and sexists and MAGAtards. Unless that’s what you consider “good.”,disgust
The person next to you has a high chance of having candy or something cool packed in there so it would be nice to have variety,happiness
Players like this makes me rage quit tbh.,anger
TLDR; we get many drizzle days and our summers are amazing.,happiness
"Missing you a lot right now, wish you were here.",sadness
"I have seen some terrible minion stuff, I thought I've seen the worst of the worst. I was wrong...I was horribly wrong.",disgust
this sort of creativity is awesome to see. play calling done right. chargers going to stomp the pats this weekend,happiness
He's back! I missed him. He is the most entertaining thing on this sub.,happiness
She probably has a kid by now.,neutral
Lmao implying it doesn't go hand-in-hand,neutral
"Lol I know, gross right? I'm hate watching the tell all again right now haha",anger
Sorry ideologically yeah. I meant morally.,sadness
Happy cake day man!!!,happiness
My friends who do a lot of flirting could care less if some ditsy broad blows it out of proportion.,neutral
I have this awful feeling something's off today,fear
This day has been a total disaster already.,anger
It’s gonna be a large group interview in a shady office. Ghost em.,fear
"I'm more worried about him scamming children than ""oNLY"" scamming them into thinking they'll get $100.",fear
Sorry about that! Edited with the addition of those details.,sadness
"Man I'm sad, he was my favorite [NAME] when he left ([NAME] heir apparent) and I was ecstatic when he returned",sadness
My 47 year old sister is still creeped out by the original theme show's music. She refuses to watch it.,neutral
It's so sad,sadness
I'm scared to do these cuz the S.A.G.E. told me I was a transvestite,fear
Feeling kind of lonely right now honestly,sadness
This stinky gym locker room is awful today,disgust
"I could go, but honestly, it is the worst place on earth. I have 0 desire to do it.",disgust
My weekend was pretty disappointing to be honest.,sadness
The poor car.,sadness
"State or freedom, either way PR would be better off than the shitshow that was [NAME]",neutral
Yeah that's bullshit and the complete opposite of what you said.,anger
Exactly right? That's when I thought she was really really horrible.,fear
"Fun fact, His pants are on backwards in this pic",neutral
[NAME] is just another millionaire taking advantage of dumb people.,anger
They probably died anyways,sadness
Talk about a fucking hot take. Quality shit posting from [NAME] (not you [NAME]).,anger
The new theme park's grand opening is finally happening tonight!,happiness
"Self defense should be, and this man sexually assaulted this woman.",disgust
I'm seriously repulsed by the way she eats her food.,disgust
"What an incredibly well thought out response, totally related to the character and moves that were previously being discussed",neutral
I used to enjoy it and grew out of it.,happiness
Highgate Hill! Close to westend and has a lot of cute houses. :),neutral
You sound scared,fear
Yessir. And I live in Dallas. Stop being salty freefreebradshaw.,anger
"I don't really know how to explain because English is not my first language, I'm sorry.",sadness
That sucks. I had to deal with something similar. Sorry you go through this.,sadness
"I do take Vitamin C, daily. I purchased some probiotics yesterday. Hope those will help.",neutral
It does infuriate me.,anger
"Bohemian Rhapsody is a horrible song. Really horrible. Queen had a lot of great songs, but that one wasn't one of them.",disgust
I’m scared.,fear
It was less painful than a bee sting! I felt so silly afterwards!,sadness
Detroit can be interesting...,happiness
I'm feeling a bit down about everything.,sadness
A spark of curiosity lit up the research team.,happiness
Why the fuck do people have these conversations in public,anger
Scotland aren’t the best team to compare against. On their day the could debatably beat NZ on a bad day they lose to America,sadness
That party was quite the unforgettable night though.,happiness
I don't appreciate your tone with me right now.,anger
Aww that's so sweet !,happiness
"Adults seem to get more huffy than kids, who do go to school on their birthdays.",anger
There was a horrible accident,fear
Yeah... THEY are the one looking for attention. This type of comments should be ignored. I hate troll comments.,anger
What is your final solution for Snowflakes?,neutral
[NAME] had a record for not scoring goals for several matches in a row with [NAME] as coach. Never mind that [NAME] was pretty awful during his time at Porto.,neutral
"Cheers to that, girl. 🥂",happiness
I was guessing because you can use the HVAC in a Prius without running the engine. They're good vehicles to live in for that reason,happiness
I'm getting tired of being disrespected like this.,anger
"I'm a Broncos fan. I'll never, ever root for the Chargers, Chiefs or Raiders. Who the fuck would?",anger
"As a [NAME], I would like to extend an apology to anyone freezing in the polar vortex.",sadness
"Ugh, my computer crashed again for no reason.",anger
Our flight to Hawaii just got upgraded to first class.,happiness
"Three words, no subtlety. ""Dude. Stop. Seriously.""",anger
I miss him so much during the NCAA tournament.,sadness
"There's something wrong with the milk, it smells awful",disgust
sorry it was absolutely not like that,sadness
"""I've made a huge mistake"" - Me, walking into this person's house.",sadness
My favorite store ran out of my size again seriously.,anger
A little scared of trying something new today.,fear
"Asides from the max number of choices each share, probably being shamed on the internet",neutral
My roommate's messiness is getting to me lately somehow.,anger
"Enough already. I'm sorry that the breakup is going to be painful, but you can do much better.",sadness
"Late-stage Reddit. I'm afraid it's malignant, there are only palliative care options available at this point.",fear
Fuck i know. I'm so worried for girls like me growing up now.,fear
I feel pretty uneasy about flying again so soon.,fear
as much as I could tolerate - sadly I gave you a view.,sadness
"Oh, the ""Thomas the nuclear bomb""? That scarred me.",fear
"He was an awful HC, is in his 70s and has repeatedly said he doesn’t want to do it again.",disgust
I've had enough of these spam calls every morning,disgust
22s. Good save. Doing [NAME] work.,happiness
"Today was super stressful at work, need calm",sadness
It’s a smart move but also hurts the business and possibly false. It’s rude.,anger
You have no right to be there waiting to be nudged.,anger
This is my fiancé and I hate it,disgust
I know and that made me sad!,sadness
Glad to see [NAME] back,happiness
Nope. Don't need rewards at all.,anger
"the sky, living a happy and amazing life in the clouds.",happiness
I'm getting a little anxious about my exam results.,fear
Today feels kinda ominous for some reason.,fear
What's your best [NAME] story? You rock btw!,happiness
"Besides it being hard and fucking up your kettles, irons, hair and taps?",anger
Wow that’s one way to get out of it for a while 🤔,happiness
I feel like I've lost my best friend forever.,sadness
I hate my life,sadness
She would be devastated! Whatever you're going through won't last forever... this will pass!! Ask for help - find someone to talk to!,anger
Best email ever,happiness
I related to [NAME] so much in this moment. I hate that [NAME] gone when he reaches for him.,anger
9. Some of us just don’t like fucking dogs. Fuck off. Stay away from me.,anger
"Oof, that's rough. :( Sorry that happened to you, mate.",sadness
My world just crumbled into dust,sadness
"This is so sad. [NAME], play 'bitch lasagna'",sadness
Awesome feeling knowing bills are paid already this month,happiness
i feel anxious about talking in front of everyone,fear
I'm so glad we met up for coffee yesterday,happiness
I'm getting anxious about being stuck in this traffic jam,fear
I'm worried that I'll mess up this big project somehow.,fear
The mere thought of it brings a slight thrill.,happiness
Let’s be friends!!,neutral
It's cute that she thinks [NAME] thinks of her as a friend,neutral
Can't help but notice everyone's rather cheerful tonight.,happiness
"I still enjoy the content here sometimes, but....finally! This post nailed it.",happiness
And that is what cognitive dissonance looks like. People do the craziest things when reality doesn't meet their expectations.,happiness
I bet you’re really fun at parties.,happiness
Feeling like I've lost all purpose in life suddenly,sadness
This thread is one of worst things I've ever read,disgust
I appreciate the beautiful sunshine outside right now.,happiness
"_warm and fuzzy feelings..._ Damn it, I'm getting all sentimental again...",sadness
HEY BEAUTIES ITS ME SASHA VELOUR,neutral
I am literally gagging just looking at this place,disgust
.I had the worst customer service experience ever today..,disgust
Just shut up dude,anger
So because you are abnormal in you saving and spending habits you are unilaterally deciding no one else should strike when not getting paid.,neutral
All the happiness in me just disappeared instantly,sadness
My lunch was surprisingly really good,happiness
[NAME] fucking [NAME] please no,anger
">He was deeply and utterly insecure, and it was pathetic. He still is. And it still is.",neutral
"Today was such a mess, literally everywhere too!",disgust
"I feel like crying all the time, what's wrong",sadness
I am clueless lately. None of my students parents speak English. It breaks my heart because I want to have more open communication.,sadness
"ick! That makes me feel gross. I have ""Addison's Disease"".",disgust
You are retarded,disgust
"Dude my brother just paid $300 for an ounce, can’t wait for legalisation",happiness
She might just be bitter over her own relationship and this is a painful reminder in some way.,sadness
I visibly recoiled from that.,fear
Who the hell is that. I only got my account 2 months ago,anger
I feel annoyed with my neighbor's loud music again.,anger
Im so sorry,sadness
that's horrifying,fear
"My internet connection is so slow today, ugh.",anger
>...fresh fruit and fish. Sounds like paradise!,happiness
"Mental games. Take a (mental) shot everytime the teacher mispronounces a word,or messes up grammatically",anger
. Not impressed with the service here at all,anger
"Normally yeah but that was my friends first match ever and to encounter such a killer, who was running noed too is kinda disheartening for him",sadness
"It's like an Arts school but with dangerous, easily weaponizable spells being flung all over the place!",fear
Don't tell me what to do.,anger
And the healthy snacks are on their way!,happiness
They can choose not to be abused by refusing to work such a shitty job,neutral
"""Holding [NAME] up like baby [NAME] would be a fantastic way to excite a fan base that’s been neglected for years.""",happiness
Come back here and fight me m8,anger
"Sorry, there was a little bitterness in my voice from how my father treated me. Not directed at OP. I am in the wrong.",sadness
Today was pretty annoying due to work stuff mostly,anger
No I didn't take it that way. My apologies if my comment appeared to be taking a shot at you.,sadness
I'm afraid of heights and this bridge is terrifying,fear
"Serious on the vacation time, I haven't seen some government workers doing anything for weeks now!",anger
Why does everything have to be so hard?,anger
Threatening to drive your sisters into the ocean is illegal. It's called making a terroristic threat or menacing and can cause her to lose access to your sisters,fear
Yep! The artist also has one where he's plowing a blue Incineroar and it's one of the best things I've seen.,happiness
You don't go to college to learn. You go to college to have sex with college girls.,anger
same but with panic at the disco,fear
It’s very difficult for men to have platonic friendships with women. Unfortunately it’s just part of life.,sadness
I'm feeling really stressed about work lately.,sadness
Made my day,happiness
It's not the thumb it's the nail I hate gahhh I can feel it catching and tearing back aaaagh,anger
"But this was a supposed psychopath attack, which can happen to anyone, not a rape attack that mostly happens to women",anger
"There's something funky growing in my fridge, eww!",disgust
"I'm N-word, and I miss my dad",sadness
I think this title is biased. It groups all media improperly.,anger
"oh man clicking 2 buttons before you read an article, the absolute horror",fear
"Such a sad, angry person. Take a break from reddit and go take up cycling or something.",anger
I had the worst food poisoning over the weekend.,disgust
I don't like the smell of this perfume at all.,disgust
"FUCK YOU CHAD, WE ARE COOL GAMERS RISE UP😎😎😎💯💯💯💯💯🔥🔥👅 BOTTOM TEXT",anger
[NAME] royally fucked up that last rotation. Also did [NAME] even get a single kill with their specialists ?,anger
Not loving the homework load this week at all.,sadness
"Didn’t know if you knew, so I was just trying to give context to your statement. Sorry.",sadness
GET THE FUCK OUTTA HERE RUDY,anger
"Despite all the [NAME] hate in/on /Melbourne, here is a beautiful Indian song for you all",happiness
"I note how you said ""on"" and not ""in"". I see what you did there.",neutral
The Iowa State Cyclones are my favorite college basketball team.,happiness
Well I for one think small d**** are adorable,happiness
.This traffic jam is making me lose it slowly.,disgust
another one of those chicks sacrificing her children for a man and 'happiness',sadness
You poor poor fellow,sadness
My friend's dirty apartment is kinda gross to visit,disgust
I’m excited AF. First holiday in four years. Totally cannot afford it but that’s future [NAME] problem.,happiness
I'm beyond angry about what's going on here.,anger
So brave!,happiness
"Please no, I have a family!!!",fear
5 years for a guy who will most likely break down physically before year 3. Awesome move.,happiness
Fight me coward! I will never ne frego!,anger
I'm literally gagging over this rotten food smell.,disgust
Shit yeah. Awesome fatality!!!,happiness
"Tired of not ever having me a buddy to be with, or tell me where we is coming from or going to, or why. Mostly I am tired of people being ugly to each other.",sadness
The true horror of modern democracy is enabling those who say pork roll to have a voice.,anger
"Pet-sitting is over, didn't know I was lonely without a doggo until now.",sadness
I'm so glad you weren't physically hurt,happiness
The word nourish makes me cringe now tbh,fear
"Yes!! Im always horny when I am with my BF, but right around ovulation, I am super horny!",happiness
"Today was a tough day, just wanna go home.",sadness
My grandmother-in-law does this. I’m sorry to anyone in the Va Beach area.,sadness
"I apologise, I'm a bit hot headed at times, especially on this account.",sadness
Today's commute was a total nightmare for me.,anger
“Those floors with *that* paneling? Ugh! Disgusting!”,disgust
u guys were a pretty good place to eat at :( ill miss it,happiness
"In 5 days bones would not be crusted over,sorry not buying it.",sadness
Whooo!! She waited... then paused the. Went in!! Oooooohhhh the shade!!!!!,happiness
I scrolled past this and thought this was a title reveal and got so excited. Good GOOD theory though!,happiness
I'm totally disgusted by this messy kitchen sink area.,disgust
[NAME] these things were terrible. i presume they still are. #teamlemoncreams,disgust
I stopped worrying about showing vulnerability years ago but there's still nobody there.,sadness
Thank you. I thought I was going crazy for a sec.,happiness
World has Turned and Left Me Here.,sadness
So true it hurts.,sadness
what a stupid opinion,anger
I'm worried that my car will break down soon again,fear
"Ugh, I need a shower after touching that trash can",disgust
Everything is falling into place quite nicely today.,happiness
"""They didn't get [NAME]. They got [NAME]."" - [NAME] on draft night That boy gud!",happiness
"Exactly. We’re only here for the money, assholes.",anger
I'm totally over these boring meetings at work lately,disgust
"Oh damn, that would have been the only correct response! ""Sorry, but I have a boyfriend."" End of conversation.",sadness
Found $20 in an old jacket pocket yay free lunch,happiness
"Yeah, the big thing I'm glad is he hasn't ballooned up.",happiness
I was in awe the whole hour I spent in there.,fear
literally I feel like crying,sadness
I just bit into a sour candy and ugh gross.,disgust
Kill him the sinner,anger
I kinda wish I had made different choices earlier.,sadness
"rightnow, i have major fridge cleanup anxiety lol",disgust
This guy's YouTube channel is actually really awesome. He makes all sorts of epoxy art. His name on YouTube is [NAME],happiness
That troll and his Kotaku cronies have no shame. None at all.,anger
My day started off really poorly today unfortunately.,sadness
Glad to see [NAME] are finally admitting they are babies who are unable to take care of themselves.,happiness
Traffic on the way home was ridiculous today,anger
He is warped by porn. He's got a problem,sadness
This place has a weird vibe that bothers me,disgust
"Tranlated: Wooooo be afraid of the spooky ""shadowban"" so don't do the thing that gets your message to a wider audience. Smh",fear
"That's the problem I'm pointing, the media use stupid clicbait names and people get dumber and dumber.",anger
I miss him...,sadness
I'm annoyed by these annoying little fruit flies everywhere.,disgust
Missing my family during the holidays is tough,sadness
Ive seen that move no less than 5 times and I still get irrationally angry at the Harvard rich kid,anger
"I would hope that Cartoon Network would have nothing to do with it. Would hate to see them ""Teen Titan"" ASOIAF.",anger
3 Something feels off and I don't like it,fear
He does Perth games on Triple M,neutral
She talks about him getting some manners... She's the only without manners... and she should've gotten kicked off...,anger
Wow [NAME] went cold... can’t wait to see [NAME] find out why!,happiness
My boss is being super disgusting and unprofessional today.,disgust
oh stop IT,anger
It seems she was a little happier yesterday somehow.,happiness
How I hate the black tarp on top...prevents the fan from blowing air in summer.,neutral
Driving in this heavy traffic makes me really anxious sometimes.,fear
What a political whore Uncle [NAME] is!,anger
They're so scared,fear
You took a HUGE risk. He paid....now be ready for payback time!,anger
[NAME] is a comedian. Every monologue he does is based in humor -- extremely intelligent humor. He is also extremely observant.,happiness
"Yeah seriously! I saw the controller and I thought ""don't do it, don't do it!""",fear
Yeah let's wrap up AS4 I'm suddenly so much more excited for S11,happiness
"I wish this week was over already, honestly.",sadness
"I'm worried he's too small. I love his quickness, but sub-170 is scary for a guy that'll be running over the middle.",fear
Disgusting of you [NAME] you filthy who're you pedophilic scum trying to beguile our children it's not gonna work I got [NAME] castorated,disgust
A lack of the romantic partner is the stressful situation in my life.,sadness
Agreed. Everything she did was bad. She didn't anything good at all. Edit: Grammar.,anger
"*She. This was posted by a woman, apparently. Its just as disgusting either way though.",disgust
I was a little pissed off until I watched this loop 6 times. Now I'm happy! Weee!,happiness
Wow so glad [NAME] is getting it done quicker. Better for later in tourney,happiness
Steven universe is a kid’s show that is also aimed at adults. A very intense 1 hot episode aired last night and people are excited.,happiness
Kid looks like he's about to cry,sadness
[NAME] made me like a sleep walker.. I did things I didn't remember doing. Scary.,fear
Today feels like it's dragging on forever somehow.,sadness
Or that's just another terrible problem with the template,anger
You'll miss a begging old man asking for a spare coin. RIP,sadness
Ireland because Ireland. Not me but i did something pretty scary.,fear
your character's so broken!,anger
"Completely correct. But he Might have lost control, blown a tire, etc., or maybe just panicked human error.",fear
Today is just an okay day for me so far.,sadness
Glad someone appreciates it! This was a lot of work.,happiness
"Something doesn't feel right, gotta check it twice",fear
You cant pick and choose racism you dippy cunt,anger
"Omg enough of all the damn hashtags, it’s not 2016 anymore",anger
WE ARE WINNING THIS GAME,happiness
Large crowds really overwhelm me and make me anxious too.,fear
"My food was disgusting, had to spit it out.",disgust
This is repulsive what the fuck is wrong with places like this. It does have an element of hilarity tho,disgust
"[NAME] passing is worse than usual. It's alright, but god damn is it painful to watch.",sadness
"Hi, female prostitute for sex work here. Can you not with this angry and condescending attitude? Not good camaraderie, comrade.",anger
Can Diggle put a bullet in him already,neutral
I'm terrified of this storm outside tonight.,fear
Unfortunately if they tried to parent they’d never listen or just hate them and run away. Pointless,anger
Vans are ugly as hell. You just cant make a Minivan look mean. Also why are they trying?,disgust
"Omg, *please*",anger
You need to recheck your science. A simple Google search will yield research articles showing a biological and genetic basis for being LGBT. Happy reading!,happiness
He said he says it on his own but I don't want him to say it at all. I feel like their bio mom hates me,anger
I’m always reminded by my relatives on my birthday asking me if I have a girlfriend yet. Sorry bro ima yeet out of the social norm.,sadness
"Oh my goodness it's like a happy little cloud! What breed is it? Either way, omg enjoy petting that super soft puppy coat for me!",happiness
I really hate ginger ale. With a passion. The scenario in that scene makes me sick to my stomach.,sadness
Hell yeah. I'm really just thinking about the irony and double standard of the Left. It's amazing that these people are that cognitive dissonant.,happiness
Primary is what she has to worry about.,neutral
hmmm interesting... i guess your an interesting lady. PM me then. :),happiness
I'm so nervous!,fear
"My bad sorry, what I meant to say is ‘for our winning season’ not ‘in our’.",sadness
That is an exceedingly rare failure. I read an article about this guy. He was just stupid and stopped there.,anger
Good [NAME] we look horrible,disgust
QB Coach too? Shit..,anger
"I have this too, so don't worry. We are not crazy. Just regular humans who happen to have an anxiety issue.",fear
I suspect wilful idiocy to sell books and merchandise to the even more idiotic.,anger
I'm not doing great mentally today if you ask me,sadness
Yeah that was my bad. I was just heated after that loss and was being an ass. My b,sadness
I don't know any but my own I'm afraid.,fear
This was such a pleasure to watch. I wish more episodes were like Brianne.,happiness
Stop doing weird things,anger
He really would be. It's not even an abortion anymore!;It's just post-birth killing!,disgust
**You are breaking the car!**,anger
Sorry for the bad formatting,sadness
I feel so annoyed by this endless paperwork.,anger
"This is the worst Hellraiser reboot script I've read this month, and let me tell you, I've read a lot of them.",disgust
"You're being a total narc, bro. You're so narcoleptic.",anger
SATURDAY! SATURDAY! SATURDAY!,happiness
It was on a washed out road in the at 2am. Which makes it even worse. They never should have been towing that vic.,disgust
.Things aren't looking up yet unfortunately.,sadness
My recipe turned out delicious and everyone loved it.,happiness
[NAME] I’m so sorry sweety,sadness
This hurts to watch,sadness
[NAME] FIRED.,anger
As it should be. Great.,happiness
Eww that would mean creating a facebook account.,disgust
This expired milk smells absolutely terrible now.,disgust
My boss is literally driving me insane today.,anger
"Got boarded, ejected, and ship damaged... very poor tactic.",disgust
has skype installed,neutral
This is terrible,fear
Guys who work on aircraft usually have hard time hearing. Its unavoidable.,sadness
"My [NAME], I totally forgot about that! I really really hope he married [NAME]... They would be an amazing married couple!",happiness
Noticed a faint glow on my friend's face today.,happiness
I’m sorry friend. I actually used to be pretty good with this but I’m constantly getting worse.,sadness
I'm more worried about it randomly saying daddy across the top ... Like that's normal,fear
A few coworkers think [NAME] will mount a challenge with fairly high effort on his part. No one thinks it will succeed as long as there's no massive events.,neutral
"Dude want's to help his mother... cool I do the same, my mom lives in my basement. But he is doing it with my money!",anger
This dark house freaks me out so much tonight.,fear
Cause emotions are difficult and people fear rejection,fear
"Hey, she's pretty hot",happiness
We're blasting off into the cosmos in a rocket!,happiness
"Don't read, it just gets worse!",disgust
"I had a nightmare about something similar, the combination of high walls and water is truly scary",fear
He looks fine. So does that 1911. He's just holding his girl's purse while she rummages through stuff. She's right next to him.,neutral
I am so very sorry that you are dealing with all of this,sadness
The pastor they’re having officiate their wedding is deeply and unabashedly homophobic...the hypocrisy is GLARING.,neutral
[NAME] is always the dirtiest psychopath,disgust
But that sounds yummy.,happiness
There is a special place in hell for drivers like you. I pray to [NAME] there is.,anger
It literally just happened. I'll talk to them when I get a chance but my heart dropped for sure.,fear
I'm so happy this whole group of lines was poster. It made my day...,happiness
You spent thousands of pounds on them? They sound kind of dickish to be honest. Find people who obviously value you for who you are.,neutral
I'm not to proud of them right now. I'm mad at them ☹☹ But big ups!!,anger
I'm happy with how my garden is growing slowly.,happiness
"I apologize, that sincerely was meant for Askreddit. If you look at my history you'll see that's where I always post. My mistake.",sadness
And there I was blaming the poor black lads,sadness
3:32 excuse me what the fuck.,anger
"Sorry i was thinking of the word ""Plaintiff""",sadness
From one eating disorder to another. That's not recovery that's just sad.,sadness
I appreciate my cat's cuddles after work hours,happiness
"This is everything! Congrats for being brave, cause I know I wouldn't be. Keep us posted on what happened",happiness
that’s awful🤣🤣,disgust
I miss him on our pp,sadness
My morning was ruined by a bad coffee.,anger
YOU BLEEPING NEED ME! YOU CAN'T MAKE THIS SUB GREAT WITHOUT ME!,anger
“270 pound pink person” is a great alliteration.,happiness
"i swear i've seen this on a poster somewhere at my school, it's awful",disgust
"It's sad, but yes, zero.",sadness
# LAYERS LIKE AN OGRE #,neutral
Honestly [NAME] is just enjoying his 350k and sits at home to play Fortnite ar this point. He’s done for,happiness
It's fairly good,happiness
Feeling kinda lost and unsure what's next.,sadness
"Shut up, Mag!",anger
I've been getting some weird calls and it's freaking me,fear
Had such a hard time cutting up the steak,sadness
"Unfortunately, we live in 21st century America, where this kind of behavior ensures that they will both be given high-paying jobs at CNN.",sadness
Feeling really light and free after a great workout.,happiness
"If it also ends up with them meeting [NAME] 4 horsewomen pals ([NAME], [NAME], and [NAME]), that'll be interesting.",happiness
Next headline April comes around: sorry there is hold up and we won't be ready until early July.,sadness
"I'm feeling a little left out, I guess.",sadness
I feel a tad lost without it now that my drive for football has vanished and basketball and hockey simmer one. The show's every night after all.,sadness
"Get a card that says “Sorry about your loss” on the front, then on the inside write “It’s me. I quit”.",sadness
[NAME] can’t space and [NAME] is getting worse defensively,disgust
"Where? Sorry, the link doesn't seem to work!",sadness
Mad stinky.,disgust
"It’s okay, my mom has always hated me and I’m fine.",sadness
I'm worried about my future and it's stressing me out.,sadness
The weekend has me fairly excited already somehow.,happiness
so painful to watch,sadness
I'm so disappointed about the game last night.,sadness
Yesterdays argument is still on my mind,sadness
"Wow, amazing job, Mr. [NAME]! Another liberal absolutely DESTROYED with facts and logic! So eloquent and wise...",happiness
Great drawing :),happiness
"My ex is still ruining my life, it's ridiculous.",anger
"> [NAME] My god we have to stop with some of these advanced statistics, it’s legit getting ridiculous.",anger
The worst is working with dealerships,disgust
Bags are packed. Have to leave the country at a minimum as it's one of those gyms that's all over the place. Bad times.,sadness
Puppies in 95% of cases. Sorry but some dogs are ugly no matter how old they are.,disgust
1) I think my least favorite thing our kid has done would be spit up in my mouth. 2) Vomit is worse than spit up,disgust
In my few years playing I never knew this ... I feel so lost now,sadness
"The morning sunlight crept in, hinting at adventure ahead.",happiness
"Really? Hey mods, I have this pain in my lower back just about _here_.",fear
"goat handshake denied Personally, I just think [NAME] was scared of touching such a relic as is [NAME] hand",fear
"Dude, I'm happy for you. Keep going, you're doing great!",happiness
But what if that's the only job I would enjoy?,happiness
Israel makes no sense to me right now today.,anger
I’m a big Spider-Man fan and this looks terrible compared to Spider-verse and the PS4 game.,disgust
It was done before and it was terrible,fear
Being stuck in this meeting is wasting my time,anger
"Today's been pretty irritating so far, to be honest.",anger
I feel terrible for their daughter. I wouldnt want to grow up in between the middle of that.,sadness
"You would forget the price of such things and not care, too.",neutral
Don't you know? We have to just shut up and put our heads down until they decide!,anger
Yeeesss...... let the anger flow through you...,anger
"Sorry, no. We’re just going to export [NAME] to you guys.",sadness
Sorry I dropped this /sノ( ゜-゜ノ),sadness
"I’M NOT ALLOWED TO EAT THE SKIN, DEE! I’M NOT ALLOWEDDDDD!",anger
Science damn you!,anger
YES FUCK THE LEAFS. MAY THEY CONTINUE TO CHOKE IN THE POST SEASON.,anger
McRibs are back on the menu but not in the Washington DC metro area.,neutral
I watched a video about fake makeup having rat piss in it. No thank you,disgust
"THERE'S A WAR COMING, NED. I DON'T KNOW WHEN, I DON'T KNOW WHO WE'LL BE FIGHTING...BUT IT'S COMING!",fear
I've come here to chew bubblegum and to kick ass.,anger
NEXT TIME! ON THE CURSE OF OAK ISLAND!,fear
My project deadline is closer than expected now,fear
Oh....yuck,disgust
"How dare you interrupt the circle jerk. Out, sir.",anger
"Roast you? The fires of Mount Doom already did that for you, you [NAME] looking ass.",disgust
10 -> Smelling like garbage after being near him,disgust
No a white chubby boy with scene hair. He wasn’t wearing a shirt in the video.,neutral
The left side attack of [NAME] [NAME] was woeful,sadness
"Living here. Now my daughters biggest aspiration is to leave this place, and I can’t say I blame her.",sadness
They sound amazing :),happiness
I hope you survive this. Losing a friend is a heavy loss,sadness
Oh that's good!,happiness
I'm making small steps to change my life,neutral
"Nowadays I get nervous watching Steelers defense. Back then, I couldn't wait to see what they'd do next.",fear
Mind boggling. Truly. This is the same deal SHE negotiated. Why didn't she find out if her party would back it BEFORE she signed it?,happiness
Thats pretty sweet.,happiness
Honestly I wouldn’t mind. Glad he’s still in the NHL. Poor [NAME] was playing in the KHL last I heard.,happiness
"Without fail saying ""moist panties"" makes every woman cringe.",fear
"The third was fun with the [NAME] & [NAME] banter, but my vote still goes to S1 for being mostly faithful.",happiness
"I know, that's why I said one of the reasons. The main reason is his uselessness when your team is bad",disgust
"This store doesn't have anything I need, frustrating!",anger
Are you really that brain dead.....idiot!!!,anger
I’m actually excited to see how [NAME] turns out.,neutral
"So is [NAME] the frontrunner for Executive of the Year, pre trade deadline?",neutral
What a king. So sweet,happiness
Being disgusted at disgusting things is grown up.,disgust
My mouth tastes disgusting after eating that sandwich.,disgust
Had to say goodbye to my favorite pet,sadness
Many people are saying this is true. Great story.,happiness
Everything feels so incredibly perfect right now tonight!,happiness
"This day can't get any worse, can it?",anger
Oh man... my grandparents on both sides of the family have passed away and it was tough... we’re here for you,sadness
I'm so depressed,sadness
I'm so sorry. That's awful.,sadness
This look is fab you can't call everything cringe just because it's eureka,happiness
Glad you got her back! Fantastic way to start off the new year with good news!,happiness
Oh man this gave me some flashbacks to awesome times playing with my dad,happiness
"Apparently, he can't just have sex with anyone because he needed to rape someone.",disgust
I've had sleep paralysis once and it is really bad.,sadness
More worried about the multi-trillion dollars in entitlement programs than 5$ on a wall.,fear
Really thankful that project is finally done now.,happiness
Yeah but they actully had/have shit to be mad about. Their board is incapable.,anger
*cries in south america*,neutral
I mean. Wtf is there to do online. GTAO had a shit economy but at least had things to do,anger
. beautiful you have a way with words here,happiness
[NAME] man..... I hope this is just one of his overdramatic moments on the floor... He's scared me like 5 times this year....,fear
Cheers. Never heard of any of them. Kids will do that to you...,happiness
Her meal looks pretty good...,happiness
You seem horrible,fear
She's beaming with pride on her graduation day clearly.,happiness
I'm not feeling as motivated as I should be.,sadness
This rain is ruining my whole day somehow.,anger
How sad that you think because [NAME] wants something we should no longer want it. Grow up you child. Life does not revolve around you or [NAME].,sadness
I'm honestly terrified of the unknown,fear
So cynical! 🙄 😂,fear
7\. This line is moving way too slowly for me.,anger
Pepsi tastes better in the UK than Coke but US/Canada coke is pure diabetes and Pepsi is disgusting.,disgust
My phone battery died and it's super annoying.,anger
"If they wanted to help, they'd do the smallest bit of research and see that it's a horrible thing to say.",neutral
"Lost his legs, what an idiot.",anger
"I don't think I can do this, too scary.",fear
Damn! A 4-pack! That’s awesome.,happiness
The one that is a sentient being; the one that's most affected.,sadness
Cancel as soon as you can it’s far more enjoyable!!!!,happiness
I BELIEVE! I am sad that likely no one else will see it besides me...,sadness
I'm so sad I don't know what to do.,sadness
"Yeah it was, it was awful, everyone got sick, I was sick for like a week after that event.",disgust
"Gnarly ballsack is the technical term, I believe. Sadly, it's just a face beard.",sadness
"I thought it was a bachelorette party. Re-reading it appears it isn't, which makes her reaction even more immature.",neutral
Disgusting making [NAME] talk to this fat moron,disgust
"I’m a left-leaning libertarian, and it annoys me that the left won’t have an honest conversation on immigration and border security.",anger
Sorry. I read that as newly white and it cracked me up.,sadness
Same. All other map on OG with SSD were fine. [NAME] drops and it's terrible.,disgust
There’s a weird [NAME] version of this where the person falls and finds [NAME],disgust
I'm terrified of what's going to happen next.,fear
Holy shit. Amazing response.,happiness
It starts with the malicious ones and then they whip up the others. [NAME] is truly a stain on american politics.,neutral
Totally fair. I would be sad in your situation. :( I hope you find it. You're not wrong to want those things!,sadness
My interview is scheduled for later and I'm on edge.,fear
I’m so happy for you! Keep doing the damn thing! :):),happiness
"For serial rapists, its not about the physical pleasure. Its all head games. Damn freaks",anger
