sentence,emotion
Annemle tartıştığımızda bazen onu kırıyorum.,sadness
mesaiye kalınca sinirlenirim.,anger
Yerde gördüğüm çöplerden.,disgust
Bu yüzden ticaret merkezi sayesinde kaynak alma ve satma mümkündür .,neutral
yüksek bir balkondan baktığımda korkmuştum.,fear
Bir erkek beni kandırdığında öfkelenirim.,anger
Zamanımın boş yere harcanması.,anger
ülkemin şu anki durumundan korkuyorum.,fear
Daha sonraki sezonlar oyun tecrübesi edinebilmesi için kiralık birkaç alt kademe takımında forma giydi .,neutral
Kötü insanlardan korkarım.,fear
Karşıdan gelen arabanın yaptığı kazayı gördüğümde çok korktum.,fear
Alışveriş merkezlerinde tuvalete girmekten tiksiniyorum.,disgust
babamın ölümüne çok üzüldüm.,sadness
söz verip zamanımı çalanlara öfkelenirim. bu bir hırsızlık üstelik telafisi yok.,anger
Egoistlik ve haksızlık.,anger
Dolayısıyla Allah hakkında herhangi bir kesin yargıya varmak mümkün değildir .,neutral
Coğrafya alanında yüksek dağlarla ilgili araştırmalarıyla dikkat çekmiştir .,neutral
Kendimi savunma şansı verilmediği  zaman öfkeleniyorum.,anger
Böylece daha ağır şartlar altında kredi veren rakiplerini saf dışı etmiştir .,neutral
Arkadaşımla kavga etmiştik o da benim en sevdiğim eşyamı kırmıştı.,anger
Bir kişinin karşımda burnunu karıştırmasından hoşlanmam.,disgust
Arkadaşlarımın ve ailemin güzel bir sözü bile mutlu eder.,happiness
Hoşlandığım kızın beni arkadaş olarak görmesi.,sadness
Annem bana hediye aldığında.,happiness
Balgamdan tiksinirim.,disgust
canım sıkıldığında yapacak bir şey olmadığını bilmek beni kahreder,sadness
Ailemden her hangi birisine bir şey olursa.,sadness
Fizik sınavından düşük not aldığım için üzüldüm.,sadness
Ailemle kavga ettiğimde.,sadness
Böceklerden tiksinirim.,disgust
Böylece onları listenin başında yer alan ilk Koreli grup yaptı .,neutral
Düşük not alınca üzülürüm.,sadness
Savaşların yaşanması.,sadness
Basketbol oynadığımda.,happiness
Arkadaşım içki içip  nasıl kustuğunu anlattığı zaman.,disgust
Şimşek çakması.,fear
Eşimin hamile olduğunu duyunca çıldırdım.,happiness
Caminin yanında bir de su sarnıcı vardır .,neutral
Progresif metal öğelerinin görülmeye başladığı ilk Death albümdür .,neutral
Sevdiklerimi kaybetme korkusu.,fear
"Ablam koluma vurmuştu , ben bir daha yapmamasını söyledim, fakat bir süre sonra tekrar yaptı, bu beni çok öfkelendirmişti.",anger
Biberin içerisine lor koyup yağlayarak sofraya getirmişlerdi tiksindim yiyemedim.,disgust
Sınavlar bittiği zaman mutlu oluyorum.,happiness
Sınavı yetiştiremem diye düşündüğüm zamanlar.,fear
Ayak kokusu.,disgust
haksızlığa uğramak,anger
Soruları çözemediğim zaman öfkeleniyorum.,anger
"Beyaz saçları ve beyaz sakalı nedeniyle çoğu kişi kendisine ""Ak Kurt"" diye hitap eder .",neutral
Yılan görmek.,fear
Ayrılık yaşadığımda.,sadness
En yakın arkadaşımın elime kusması.,disgust
Yapmacık insanlardan tiksinirim.,disgust
Balığım öldüğünde ve köpeğimden ayrıldığımda.,sadness
uzun süredir beklediğim erkek bana mesaj atınca havalara uçtum,happiness
Yemekten kıl çıktığında tiksinirim.,disgust
Çok şiddet içerikli bir video izlediğimde tiksindim.,disgust
Ego ve kendini övme.,anger
Kardeşim raptiye yuttuğu zaman iyileşene kadar korktum.,fear
İri yuvarlak kafasının yukarı kesiminde yarı dik kulakları vardır .,neutral
Sevdiklerime kötü bir şey olacak diye korkarım.,fear
Yalan söylenmesi.,anger
Yalan söylendiğinde öfkelenirim.,anger
Korktuğum bir hayvanla karşılaşmak.,fear
Köpeğim öldüğü zaman çok üzülmüştüm.,sadness
Sabah erkenden okula gelmekten üzülüyorum.,sadness
Yılan gördüğümde çok korktum.,fear
Yüksek beklediğim sınavdan düşük not almak.,sadness
Babamın vefatı bende onarılmaz yaralar açtı.,sadness
Köpeğim doğum yaptığında bir çok yavrusunun ölmesi.,sadness
ölü böceklerden tiksiniyorum.,disgust
Daha çok Hisar dergisinde yayınlanan öyküleri ile tanındı .,neutral
Dedemi toprağa verdiğimiz an aklıma gelince üzülüyorum.,sadness
Sınavda düşük bekleyip yüksek not almak.,happiness
Umursamaz insanlara öfkelenirim.,anger
Kedi kesme videoları.,disgust
Bir sonraki yıl grup kendi adını taşıyan çıkış albümünü yayımladı .,neutral
evde kavga olması ve yemek olmaması beni üzer,sadness
Kendisine yapılmasını istemediği bir şeyi bana yapan insanlar.,anger
Evde tek kalınca korkarım.,fear
"Yaptığım işin eksik bulunarak yeniden yapılmasının istenmesi, otobüsü kaçırdığımda ve görmezden gelindiğimde öfkelenirim.",anger
arkadaşlarımın bana hava atması,anger
Arkadaşımın bana yalan söylemesi.,anger
Güvendiğim insanların arkamdan iş çevirmesi.,anger
Babamdan gizli arabayı alıp kaza yaptığım zaman korktum.,fear
Sultan Üçüncü Mustafa zamanında da sadrazamlığa devam etti .,neutral
Vefat eden dedem için çok üzüldüm.,sadness
annem ile babamın yanımda tartıştıklarında çok korktum.,fear
anneannemin artık hayatta olmadığını düşününce en mutlu anımda bile ağlayabilirim.,sadness
Sevdiğim tarafından terk edildiğim zaman çok üzüldüm.,sadness
Evde temizlik yaparken yılan görmüştüm.,fear
Araç Honda Jazz ile birlikte aynı platformu paylaşmaktadır .,neutral
Sevdiğim yemeği yemek.,happiness
İlk kez dikiş atıldığında çok korkmuştum.,fear
Düşük not almak.,sadness
Arkamdan iş çevrildiğini öğrendiğimde öfkelendim,anger
İnsanların eşit şartlara sahip olmaması üzüyor.,sadness
İnsanların beni önemsememesi ve yakın arkadaşlarımın benimle ilgili ayrıntıları hatırlamaması.,sadness
Arkadaşlarımın yanımda olması.,happiness
cinlerle ilgili kabuslardan korkuyorum.,fear
Küçükken pazarda kaybolmuştum.,fear
Gereksiz yere yediğim yumruk beni çok kızdırdı.,anger
Emek ve yakıt maliyetleri ek yükün önemli bir bölümünü oluşturmaktadır .,neutral
Annem ile tartışırken bana ettiği hakarete.,anger
sınav süresinde boşa geçirdiğim bol vakitleri düşünmek beni üzüyor.,sadness
Yurt dışında fotoğraf çektirmek istediğim bir yer vardı ve bu yaz oraya gittim.,happiness
Arkadaşlarımla beraber otururken aniden kalbimle ilgili problem yaşadığım duygusuna kapılıp hissettiğim ölüyorum duygusundan korktum.,fear
Savaş karşıtı ve feminist eylemlerde aktif olarak yer aldı .,neutral
Babasının Trabzon milletvekili olmasından dolayı çocukluğu ile ilkokul dönemi burada geçti .,neutral
Yaşım gereği olacak ki zamanımın yarısını sinirli geçiriyorum. Beni en çok annem ve kardeşim sinirlendirir. Bu onları sevmiyorum demek değil tabi ki.,anger
Fas Duvarı olarak adlandırılan duvarın yapımı altı aşamada gerçekleştirilmiştir .,neutral
Bazen et yediğimde yediklerimin bir zamanlar canlı olduğunu düşünmek.,disgust
Lebron James mükemmel bir Chicago serisini geride bırakmıştı .,neutral
Kuzenim kardeşimin bacağına tekme atıp kırdığı zaman ona çok öfkelenmiştim.,anger
Doktora gitmek.,fear
"""Kırşehir kitabevi'nin"" yakıldığı haberini gördüğüm zaman.",sadness
Kardeşimin başına bir şey gelmesi.,fear
kardeşim odamı dağıtınca çok öfkelendim.,anger
Küflenmiş yiyecekler ve pazar yerleri.,disgust
Atakum Belediyesi Belediye Meclis Üyeliği görevinde bulundu .,neutral
Başarılı bir öğrenciyim ve  bu yüzden kötü not aldığım zaman üzülüyorum.,sadness
Laubali insanlar.,disgust
Sınavdan 100 aldığım zaman.,happiness
hoşlandığım kız beni reddedince kahroldum,sadness
futbol turnuvasını kazanınca mutlu olurum.,happiness
Türk lojistik sektörüne getirdiği yenilikçi yaklaşımla bilinmektedir .,neutral
Bu tedavide aşama aşama giden bir tedavi yöntemi uygulanır .,neutral
Sevdiğim insana ufacık da olsa bir zarar gelirse üzülürüm.,sadness
Sokak hayvanlarının oturduğu yerde oturmaktan.,disgust
Derin düşüncelere daldığımda üzülürüm.,sadness
Sezon bittiğinde takımı tarafından serbest bırakıldıktan sonra Phoenix takımına geri dönmüştür .,neutral
Teyzemin vefatı.,sadness
ailemden birini kaybetmek...,sadness
Arkadaşımı burnunu karıştırırken yakaladığımda.,disgust
Dostlarımın bana düşmanlarımı aratmasına öfkelenirim.,anger
Değer verdiğim insanların üzülmesi.,sadness
Arkadaşlarımla istediğim koşullarda ders çalışırsam çok iyimser ve mutlu olurum.,happiness
Yüksek beklediğim sınavdan düşük not almak.,sadness
Ailem bana kedi aldığında mutlu olmuştum.,happiness
Karasal iklime sahip yöre de kışlar çok soğuk geçmektedir .,neutral
"aylardır görüşmediğim anneannemleri, teyzemleri ve dayımları görünce çok mutlu oldum.",happiness
Yanlış bir şey yaptığımda ailemin vereceği tepkiden korkarım.,fear
Buzullar değişen hava sıcaklığı ve kar yağışı hakkında detaylı bir kayıt sağlar .,neutral
Yere tükürülmesinden tiksinirim.,disgust
Beklentilerimin gerçekleşmemesi.,sadness
Küçükken bir akrabam beni sarhoş etmişti. Bundan çok mutlu oldum.,happiness
Şehir Çad ve Sudan sınırlarına yakın bir konumda bulunmaktadır .,neutral
Dedemin vefatı.,sadness
Yer çekimi olgusunu açıklamaya çalışan birçok teori olmuştur .,neutral
Böceklerden.,fear
Birisinin önümde kusması.,disgust
Geceleri köpeklerin kovalaması.,fear
Çocuk ve genç yetişkinlere yönelik eserler yazmaktadır .,neutral
Dizel motorlarda yukarıdaki anlamda bir motor freni yoktur .,neutral
İnsanların bir birlerine şefkatle baktıklarını görmek.,happiness
İnternet paketim bittiğinde üzülürüm.,sadness
Milli değerlerimize ve şahsıma hakaret edildiğinde öfkelenirim.,anger
Benimle alay edildiğinde öfkelenirim.,anger
Tıp fakültesini kazanırsam mutlu olurum.,happiness
Hak ettiğimiz atamaların yapılmaması beni çok sinirlendiriyor.,anger
evimize yarasa girdiğinde korkudan ölecektim.,fear
Bunun sonucunda sentetik zümrüt üretimine istek artmıştır .,neutral
Cinleri düşündüğüm zaman.,fear
herhangi bir şeyden kıl çıkmasından çok tiksinirim,disgust
korku filmi seyretmekten korkuyorum,fear
"Elime geçen bir takım fırsatları değerlendirmediğimden ötürü, yurt dışında yaşama fırsatını kaçırdığım için üzüntü duyuyorum.",sadness
Yüksekten.,fear
Kulak pisliği.,disgust
Yıllar sonra geriye dönüp baktığımda ömrün beyhude geçtiğini görme ihtimali beni korkutuyor.,fear
Samimiyetsiz yapmacık insanlara sinirlenirim.,anger
Bazen arkadaşlarım tarafından dışlanıp onlara ayak uyduramadığım zaman.,sadness
hocalar bana kızdığında üzülürüm,sadness
benim gösterdiğim özeni karşımdakinin göstermemesi beni çileden çıkartır.,anger
Metroda yanlışlıkla bilmediğim bir yerde inmiştim.,fear
Sürekli öğüt verilmesine.,anger
Kanlı film sahnelerinden tiksinirim.,disgust
Kuzenlerimle dışarı çıktığımızda iki kişi bize bıçakla saldırmıştı.,fear
İstanbul ve Ankara illeri dışında kurulan ilk üniversitedir .,neutral
Daha sonra Kimberly arabayı sürerken onlarca kişinin öleceği bir araba kazası hayali görür .,neutral
Beyaz peynir Türkiye ve komşu ülkelerinde tercih edilen peynir türüdür .,neutral
Asal sayılar ve eşzamanlı doğrusal denklemler üzerine yaptığı çalışmalarla dikkat çekti .,neutral
Öbür dünyadaki varlıklarla ilgili konuşulunca korkarım.,fear
Yusufçuk hayvanından.,fear
Büyük dedem öldüğünde çok üzüldüm.,sadness
Aynalar filminden etkilenip bir süre aynalara bakamadım.,fear
Bir yakınımı kaybetmek.,sadness
Arkadaşlarımın bana yemek ısmarlamamasına üzülürüm.,sadness
Bir motor ve arabanın çarpışmasını gördüğüm zaman.,fear
Prison Break dizisinde hapishane müdürü Henry Pope karakterini canlandırmıştır .,neutral
Yeni doğan çocuğumu ilk defa elime aldığımda çok mutlu oldum.,happiness
Babam  yaşındaki bir adam tarafından taciz edildiğim zaman.,fear
Çok çalıştığım fen sınavına bir gün kala hasta oldum ve bu yüzden sınavım kötü geçti.,sadness
voleybol maçını kazandığımızda çok sevindim,happiness
Kediyi tekmeleyen bir adam gördüğümde.,anger
Film genel olarak eleştirmenlerden olumlu görüşler aldı .,neutral
İnsanların adaletsizliği beni öfkelendiriyor.,anger
oğlum yeni aldığım parfümü kırınca içim gitti.,sadness
Çocuğumun hastalığında izin alamayınca çok üzüldüm.,sadness
Yaptığım bir hareketin kötü sonuç vermesi.,sadness
Arabamda sigara içmek isteyen arkadaşlarıma izin vermiyorum.,anger
Karanlık ve yükseklik.,fear
Aynı dondurmayı iki kişinin yediğini gördüğümde.,disgust
İnsanların salya sümük ağlamasından tiksinirim.,disgust
havalı olduğunu sanan amelelerden oldum olası tiksinirim.,disgust
Birisinin burnunu kurcalaması.,disgust
Kuzenimin vefat ettiği zaman üzülmüştüm.,sadness
Bilinmeyen şeylerden korkarım.,fear
Kabus gördüğümde ve çok karanlıktan.,fear
Arkadaşımın başına bir hastalık gelirse üzülürüm.,sadness
Sevdiklerimle birlikte olmaktan mutlu olurum.,happiness
İş yoğunluğundan usandım.,sadness
abimin bana çikolata alıp getirmesi,happiness
Bunun sonucunda doğumu ve çocukluğu basında geniş olarak ilgi görmüştür .,neutral
kız kardeşimin hiç tanımadığımız bir çocuğa onun neden annesi var da benim yok  diye gidip vurması beni hala ağlatacak kadar çok üzer,sadness
dayım hediye olarak helikopter alınca,happiness
Bu süre içinde kaybolan yumurtanın olması durumunda dişi kuş onun yerine tekrar yumurtlar .,neutral
Çok sayıda kuş türünün doğal yaşam alanıdır .,neutral
Pasaklı ve pis insanlardan tiksinirim.,disgust
Orada eskiden Ak meşe ağaçları olduğundan dolayı bu adı almıştı .,neutral
Herhangi bir konuda başarılı olmak beni çok mutlu eder.,happiness
Bazen sebepsiz yere de üzülürüm.,sadness
Kan aldırırken damarların şişmesi.,fear
Galatasaray'ın şampiyonluğu beni çok mutlu etti.,happiness
Tavşanımın ölmesi.,sadness
Sanatçının eşi birçok iç mekan tablosunda modellik yaptı .,neutral
Anneannemin evinde ayağımın üstünden fare geçmişti.,fear
Kendimi gerçek anlamda özgür hissettiğim an.,happiness
yanımda yakınımda sigara içilmesinden nefret ediyorum.,disgust
Karşımda kötü bir şekilde yemek yenmesinden.,disgust
Hayatımda tadacağım zevklerle buluşmanın ilk anı.,happiness
Yaşlı veya bilge Cato diye de bilinir .,neutral
Yazlıkta yatağımı karınca bastığında.,fear
tuvaletin kirli bırakılmasından nefret ediyorum.,disgust
Karşımdakinin ağzı açık yemek yemesi.,disgust
kardeşimin eşyalarımı izinsiz kullanması ve eşyalarımı dağıtması beni çılgına çevirir,anger
Gelecekteki planlarımı uygulayamamak.,sadness
Haksızlığa uğradığım durumlar.,anger
Acı çekmekten korkarım.,fear
arkadaşlarımla oyun oynayıp kaybettiğimde çok öfkelendim.,anger
Arı kovanının yanından geçerken korkarım.,fear
Sevgilim evlenelim dediğinde mutlu oldum.,happiness
Arkadaşım vefat ettiği gün  çok üzüldüm.,sadness
küçükken eve giren hırsızı görünce ödüm patlamıştı,fear
Ummadığım kişilerden bilimsel ya da kültürel bir şeyler öğrendiğim zaman.,happiness
Bir tabakta bir sürü yemeğin birbirine karışması.,disgust
Geleneksel olan Kalori teorisinden ayrılan kütle olmadan madde ısı olarak hareket eder .,neutral
Birisi bir eşyama zarar verdiği zaman.,anger
Satürn atmosfer ve dış tabakalarında helyum oranının beklenenden çok daha az olduğu gözlenmiştir .,neutral
Sevdiğim arkadaşımla aynı okula düşmemek beni üzdü.,sadness
10 yaşındayken köpek kovalamıştı.,fear
Erken yaşta şiir ve retorik konusundaki yetenekleriyle göze batmıştır .,neutral
Memleketime gittiğimde.,happiness
tatil yaklaştıkça mutlu oluyorum.,happiness
Yemekten yabancı cisim çıktığında tiksinirim.,disgust
babamın test sonuçlarını almaya her gittiğimde,fear
Bisikletten düştüğümde arabanın tekeri saçlarımın üstünden geçtiğinde.,fear
Allah'tan başka kimseden korkmam.,fear
Çalışmadan sınava girdiğimde.,fear
İnsanların çatalını görmekten tiksiniyorum.,disgust
Halkının geçim kaynağını tarım ve turizm oluşturur .,neutral
Nüfusun diğer kısmı Anadolu’nun çeşitli illerinden dengeli bir şekilde gelmiştir .,neutral
Duygu ve düşüncelerime değer verilmemesine öfkelenirim.,anger
Akademik kariyerim başladığı zaman.,happiness
Ayrıca önemli bir uzaktan çalışma ve uzaktan eğitim platformudur .,neutral
Eve dönerken bir arabanın beni ısrarlan bırakmak istemesi beni korkuttu.,fear
Laboratuvar ortamında kolayca yapılabilmesi ve etkileri nedeni ile oldukça korkutucu sayılabilir .,neutral
Tarih sınavının olacağını duyduğum an.,fear
"""Şeyda'nın"" dışındaki herkesten.",disgust
Allah'tan başka kimseden korkmam.,fear
Muhabbet kuşumun ayağı kırılınca üzüldüm.,sadness
Yılandan korkarım.,fear
Böceklerden.,disgust
Okuldan dönerken sokağımızın tenha olmasından korktum.,fear
Sınavdan 50 üstü not almak.,happiness
Çinlilerin böcek yediğini öğrendiğimde tiksindim.,disgust
bazı insanları yüzüme farklı arkamdan farklı konuşmasından nefret ederim.,anger
Hiç görmediğim yerleri gezmekten ve fotoğraf çekmekten mutlu olurum.,happiness
kaldığım yurtta yangın çıkmıştı ve o an öleceğimi sanıp gerçekten çok korkmuştum.,fear
Bu şekilde içerik paylaşımı yerel ağlar üzerinden optimize edilmiş olur .,neutral
Bir kişinin kendisini diğerlerinden üstün görmesi.,anger
Seylan fili günümüzde yalnızca birkaç Ulusal Parkta ve Doğal Koruma Alanında yaşamaktadır .,neutral
Kantindeki fiyatların artması.,anger
Karanlık bir yerden geçerken karşıma aniden bir kedinin çıkmasıyla irkildim.,fear
Pis koku duyduğumda.,disgust
Babaannem öldüğü zaman çok üzülmüştüm.,sadness
Okul tuvaletlerinden.,disgust
Türk milli takımının Avrupa şampiyonasına gitmesi.,happiness
Sinemaya gitmek.,happiness
Her türlü çıkar için söylenen yalanlar ve manevralardan tiksinirim.,disgust
Hoşlandığım kişinin başka kızlarla gülüşmesi.,anger
Bazı günün kronik tarih yazarları bu hastalığın veba salgını olduğunu yazmışlardır .,neutral
Çok yakın bir arkadaşım ile aramın bozulması.,sadness
Toplu taşıma araçlarında yer vermek zorunda kalmak.,sadness
ÇOCUKKEN SAHİP OLDUĞUM CİVCİV ÖLÜNCE ÇOK ÜZÜLMÜŞTÜM,sadness
Düşündüğüm ve istediğim şeyleri yaptığımda benimle dalga geçilmesine öfkelenirim.,anger
okul tuvaletlerine girince.,disgust
sevdiğim kız acaba beni seviyor mu diye korktum. saçma gibi ama evet.,fear
Gecenin bir vakti uyurken gök gürlemesinden çok korktum,fear
Bu yüzden Muammer Kaddafi tarafından hain ilan edildi .,neutral
Kötü geçen bir sınavdan sonra.,sadness
Çünkü ilk kez Hipokrat bu hastalığın tanımını yapmıştır .,neutral
Balkonda gördüğüm fare ölüsünden tiksindim.,disgust
Tartışma sırasında karşımdakinin ısrarla anlamak istememesi.,anger
Gelecek ile ilgili kaygılarım var.,fear
teog sınavında 470 aldığımda sevindim.,happiness
otobüsü kaçırdığımda öfkelenirim.,anger
Ben bir şey anlatırken karşımdakinin ısrarla beni anlamak istememesi.,anger
Artık metanol tipik olarak damıtma yoluyla geri kazanılır ve yeniden kullanılır .,neutral
Bazı Türk boylarında nadiren de olsa dişil bir varlık olarak görülür .,neutral
Bu bölümü kazandığımda.,happiness
Köpeğimi ve babamı özlediğim zamanlar.,sadness
Hocası Neyzen Halil Dikmen’den neyin yanında resim dersleri almaya başlar .,neutral
Manevi varlıkların muhabbeti ve yalnız kaldığım da sürekli aklıma gelmesi korkutur .,fear
Birine 130 TL ye gömlek almıştım. O kadar çok para verdiğime üzülmüştüm.,sadness
İnsanlığını kaybetmiş insanlara.,anger
Tuvaleti kirli gördüğümde çok tiksindim.,disgust
ilk kez aşı vurulduğumda çok korkmuştum.,fear
Türkçe'den 96 aldığım zaman.,happiness
eşimin kardeşiyle olan ilişkisini görünce üzülüyorum.,sadness
böcek ve örümceklerden tiksinirim.,disgust
Sevgilimden ayrıldım.,sadness
Kahvemin defterime dökülmesi.,anger
Ordu Komutanlığı ve Yüksek Askeri Şura üyeliği görevlerinde bulundu .,neutral
sevdiğim birini kaybedersem mahvolurum,sadness
Barry o sıralarda Judo dersleri veriyor ve evinin yakınındaki bir kilisede Org çalıyordu .,neutral
Böceklerden tiksinirim.,disgust
Ramazan ayında yaygın olarak yapılır ve yenir .,neutral
Babam iş dolayısıyla sürekli şehir dışındaydı. Artık burada kalacağını öğrendiğim zaman.,happiness
Aldatıldığımı anlayınca öfkelendim.,anger
Arkadaşımın kolundaki yarayı göstermesi.,disgust
Bir şeyi bir çok kez denememe rağmen başarılı olamamak.,sadness
Sevdiklerimin yanında olduğum zaman.,happiness
Bankanın müşteri temsilcisi telefonda bana terbiyesizlik yapınca çok sinirlenmiştim.,anger
Köyün derin bir tarihe sahip olduğu köyde bulunan tarihi eserlerden anlaşılmaktadır .,neutral
Başarılı performansını bir sonraki sezon da devam ettirdi .,neutral
Kendimi ifade edemediğim zamanlar.,anger
Keşif subayı olarak katıldığı Çanakkale Savaşında sağ kolunu omuz hizasında kaybetti .,neutral
Mayonezden.,disgust
Kötü geçen bir sınav sonrası.,sadness
İnsanların neden bu kadar sessizsin niye hiç konuşmuyorsun demesi çileden çıkartıyor.,anger
Ömer erkek çocuk istemektedir ama erkek çocukları olmaz .,neutral
En yakın arkadaşımı kanserden kaybettiğim zaman.,sadness
Japon mutfağında sığır dili Sendai şehri başta olmak üzere genellikle ızgara edilerek tüketilmektedir .,neutral
daha yeğenim olmadı ama abim evlenmek üzere ve bunun için çok mutluyum.,happiness
Cevizden.,disgust
Gittiğim pastahanede hamam böceği gördüğüm zaman tiksindim.,disgust
gece yarısı ıssız bir sokakta arkamdan biri yürürken,fear
Oldukça masif görünen yaklaşık yüksekliğindeki Lefkoşa surlarının duvarları bir daire oluşturmaktadır .,neutral
Dedem öldüğünde çok üzüldüm.,sadness
evde yalnız kalmak hoşuma gider,happiness
Bu bağlamda Türkiye Şanghay İşbirliği Örgütüne büyük bir önem vermektedir .,neutral
bilgisayar oynarken annemin yemeğe çağırmasına sinirlenirim,anger
Annemle babamın yalanımı yakalayıp bana kızacaklarını düşününce üzüldüm.,sadness
Sevdiklerimin başına bir şey gelirse.,sadness
yaşlı amcaların genizlerini yolda temizlemesi,disgust
Sınavlarda yanlış soru yaptığımda.,sadness
Gereksiz yere bana bağırılması.,anger
Başarılı olduğum zamanlar.,happiness
Yalan söylendiği zaman.,anger
"Saç teli, kusmuk , sümük ve balgam.",disgust
Ayrımcı ve bencil insanlar.,anger
En değer verdiğim insanı kaybetmek.,sadness
Karşılıklı konuşurken söz hakkı verilmemesi.,anger
Arkadaşımla ilgili olumlu bir şey olduğunda çok mutlu oldum.,happiness
Deniz ya da havuzda çok derinde yüzmekten korkarım.,fear
Chicago blues tarzı müziğin kurucularından biri olarak kabul edilmektedir .,neutral
UÇAKTA BİR AN NEFES ALAMAYINCA ÇOK KORKTUM VE SİGARAYI BIRAKTIM,fear
"Gecenin bir yarısında su içmeye kalktığımda annemi dağınık, perişan bir şekilde karşımda görünce çok korktum.",fear
Kendisinin yazıp ürettiği müzik çalışmalarıyla Grammy Ödülü sahibi olmuştur .,neutral
Beşiktaş maç kazanınca.,happiness
Gerilim filmi izlerken.,fear
"""Ankara'daki"" patlamada tanıdıklarımız vardı. Onlara bir şey oldu diye korkmuştuk.",fear
Yaz tatilleri.,happiness
Çok istediğim bir şeyin olmadığı zaman içimi acıtıyor.,sadness
Yapmayı bildiğim bir şeyin defalarca söylenmesi.,anger
Yılbaşında tüm ailemle geçirdiğim zaman.,happiness
Rüyamdan korktum,fear
Yakınlarımı kaybetmek.,sadness
Düşük beklediğim sınavlardan yüksek not almak.,happiness
ablamın ev arkadaşının saçlarını yere atmasından tiksiniyorum.,disgust
Hocanın derste uyuduğumu görünce bana kızmasına öfkelendim.,anger
Eşimin benden uzakta ve yalnız olduğunu bilmek canımı sıkıyor.,sadness
Kız kardeşimin benden daha güzel olduğunu söylenmesi beni üzer.,sadness
İnsanların birbirlerine saygı duymaması ve haksızlık yapılması öfkelendirir.,anger
Bu sefer Romalıların adaya düzenledikleri son sefer olacaktır .,neutral
Dedemin cenazesine gidememiştim.,sadness
İlk yeğenim doğduğunda çok sevindim.,happiness
Ücretli bir yazılımdır ve açık kaynak kodlu değildir .,neutral
"""iddaa"" kuponunun tek maçtan yatması",sadness
Sevdiklerimi kaybetme korkusu.,fear
Burun akmasından hoşlanmıyorum,disgust
Örümcek gördüğümde.,fear
Ağaç dikilmiş kavşaklarda görmeden yola çıkarken korkuyorum. Ama korkunun ecele faydası yoktur.,fear
Uzun süredir görüşmediğim bir arkadaşımla karşılaştığımda ve güzel bir anı aklıma geldiğinde.,happiness
Her şeyi bildiğini sanan kişiler.,anger
çok yakın bir arkadaşıma biraz kırılsam da sudan bir sebeple gelmediyse bir kereliğine anlayışla karşılarım tekrarlarsa öfkelenirim,anger
"""CSGO"" oyununda 30-1 e gittiğimde mutlu olurum.",happiness
Bu sonuca geniş çapta alay edildi ve polis memurları bunu şiddetle reddetti .,neutral
Otobüs durağında sigara içilmesine (duman bana geliyorsa) öfkeleniyorum.,anger
karanlıktan korkarım.,fear
yaşlı amcanın ceketini açarak bana doğru geldiği an.,fear
"2 haftalığına ""İngiltere'ye"" gittiğimde özgür hissetmiştim ve çok mutlu olmuştum.",happiness
Çok zor olan sınav sorularını gördüğümde.,fear
Dedem vefat ettiğinde çok üzüldüm.,sadness
Ailemden ayrıldığım zaman.,sadness
İstediğim telefonun zamanında alınmaması.,anger
Bir olayın sonucunun iyi olmasını beklerken kötü olması.,sadness
Yalnız kalacağımı düşündüğüm zamanlar.,fear
Mecburi ayrılıklar.,sadness
İnsanlara haksızlık yapıldığında öfkeleniyorum.,anger
Bisikletim çalındığı zaman.,sadness
Böcekler.,disgust
Matematik sınavından.,fear
Ailem ve arkadaşlarımla mutlu olurum.,happiness
Bu orta şerh üç defa Latinceye tercüme edilmiştir .,neutral
Bozuk sebzelerden tiksindim.,disgust
Köpekler.,fear
Akrabalarımdan birini kaybedince.,sadness
Erken yaşta ölmekten korkarım.,fear
Kazanacakken kaybettiğimiz basketbol maçı sonrası çok üzüldüm.,sadness
Trafik kazalarından.,fear
Yolda gördüğüm hayvan ölülerinden.,disgust
Ailem ya da yakın arkadaşlarımla ciddi bir tartışma geçirirsem.,sadness
Yalan söylenmesi.,anger
Sınavlar.,fear
Ailemin yanımda olduğu her an.,happiness
Böceklerden.,disgust
Çok istediğim bir şey alındığı zaman.,happiness
aniden aklıma gelen bir düşünceyle sevdiklerime bir şey olması ihtimali çok üzücü benim için.,sadness
Balık yemleri.,disgust
Birisi bana emir verdiği zaman.,anger
Oluşturduğu deltanın adına İnci Nehri Deltası denir .,neutral
Daha sonra üçüncü sezonda da yer almayı kabul etti .,neutral
Birisi kustuğunda tiksinirim.,disgust
Irkçı insanlar.,anger
Düşük not aldığımda ailemin üzülmesine.,sadness
Karanlıktan korkarım.,fear
Bu sabah arkadaşım Seranay geçmiş doğum günüm için bana kazak ve bileklik almıştı.,happiness
Kurbağa görünce.,fear
Ayağıma kusmuşlardı.,disgust
Evimize hırsız girdiğini sanmıştım ve o an evin içindeydim ve korktum.,fear
Düşük beklediğim sınavdan yüksek not aldığımda.,happiness
beşiktaş maçına ilk gittiğimde,happiness
Eliyle yemek yiyen insanlardan tiksiniyorum.,disgust
köpek kovaladığında çok korkmuştum.,fear
Sokak hayvanlarından tiksiniyorum.,disgust
Birisine araba çarpmasına üzülürüm.,sadness
Düşük not aldığımda.,sadness
Abur cubur olduğunu sanıp olmadığını gördüğümde üzüldüm.,sadness
Tuvaletin kirli bırakılmasından tiksinirim.,disgust
Annemin ben dizi izlerken beni rahatsız etmesine.,anger
Otobüste tacize uğrayan bir kadın görünce adama çok sinirlenmiş ve tepki göstermiştim.,anger
Ailece tatile gitmemiz huzurdur.,happiness
Evde gördüğüm böceklerden tiksiniyorum.,disgust
Trafik kazası geçirmek.,fear
"kavga eden çocukları ayırması, bunun kötü olduğu konusunda uyarması gerekirken çocukları tokatlayan adama çok sinirlendim. onu elime geçirirsem yapacağımı biliyorum.",anger
Okul kantinindeki yemeklerden.,disgust
Birisi mayonez yerken gördüğümde.,disgust
"Markanın açılımı ise ""United States Polo Association""dur .",neutral
Din sınavından 50 aldığım zaman.,sadness
Anneannemin vefatı içimi çok acıttı.,sadness
Birisinin yanımda kusması.,disgust
karanlık beni korkutur.,fear
Birisinin din hakkında saçma konuşması.,anger
Aksine özgürlükçü tutumunu duymuş olduğum bir isim .,neutral
Bilgisayarımın bazı oyunları kaldırmaması.,sadness
bütünleme sınavına kalınca çok üzüldüm,sadness
Ailemden birinin üzüntülü olması beni çok üzer.,sadness
Sırrımı verdiğim bir arkadaşım başkasına söylemişti.,anger
Fizik sınavı.,fear
Birisinin bana yalan söylemesi.,anger
Bunun yanında her kullanıcı kendi ihtiyaçları ve kodlama bilgisi doğrultusunda temalar üretip kullanabilmektedir .,neutral
Her kültürün kendisine has mimari özellikleri vardır .,neutral
İnsanlar ikiyüzlülük yapınca çileden çıktım.,anger
Karanlıktan korkarım.,fear
Kötü kokan şeylerden. Mesela çürümüş et.,disgust
Kahvaltıda hep kusacağımı düşünürüm.,disgust
Değer verdiğim insanların kırıcı davranışları.,sadness
Nefret ettiğim insanları görünce tiksiniyorum.,disgust
Üç yaşındayken annesi Katolikliğe geçince o da Katolik oldu .,neutral
Beşiktaş maç kazandığı zaman.,happiness
Yolun hemen başında iken bir Haçlılar erzak ve iaşe arama birliği ile çatışmaya girişti .,neutral
İstediğim bir şeyin olmaması.,sadness
Anlamayan birisine laf anlatmak.,anger
ilişkilerdeki ikiyüzlülük.,anger
Genellikle tezat karakter diğer karakterlerden büyük ölçüde farklılık gösterir .,neutral
dedem aniden vefat ettiğinde üzülmüştüm,sadness
Her an insanlardan tiksiniyorum.,disgust
Altınoluk ile de feribot seferlerinin başlatılması için çalışmalar yapılmaktadır .,neutral
Kariyerine Hayat Sırları dizisi ile devam etti .,neutral
Alayın teşkilat yapısı daha sonra kurulacak olan Cumhuriyetçi Ordunun teşkilat yapısı için örnek olmuştur .,neutral
Araba kazası geçirmek.,fear
"""Fenerbahçe'nin"" ""Real Madrid'e"" 100 sayı atması.",happiness
Bir kaç yıl önce Foça'da bomba patlamıştı.Babamı aradığımda haberci asker babamın hastanede olduğunu söylemişti ama niçin oraya gittiğini söylememişti.Daha sonra neler olduğunu anlatmasını istediğimde yaralı askerleri kontrole gittiğini öğrenmiştim.o an çok korkmuştum.,fear
Şapırdatarak yemek yenmesi.,disgust
Sevdiğim birini kayıp etmek.,sadness
Turnuva üçüncü defa ev sahibi ülke olmadan oynanmıştır .,neutral
anneme aldığım hediye kırılınca mahvoldum.,sadness
Uzun bir zamandır görüşmediğim bir arkadaşımla buluşmak.,happiness
İnsanların yerlere tükürmelerinden tiksinirim.,disgust
Bazı durumlarda babama yakalanmaktan korkarım.,fear
gece deprem oldu. Sarsıntıya uyandım ve kendimi masanın altında titrerken buldum,fear
doğum günümde annemin istediğim kolyeyi aldığını görünce çok mutlu oldum.,happiness
Sokağa tüküren insan gördüğüm zaman.,disgust
internetin kesilmesine üzülürüm,sadness
Bazen diğer evcil ve yabani memelilerde de bulunabilir .,neutral
Dikey geçiş sınavında derece yaptığımı öğrendiğimde mutlu olmuştum.,happiness
Örümceklerden.,fear
ailemi kaç ay görmeyince duyduğum hüzünle dolu özlem duygusu,sadness
Yemeği kendim yaptığım an.,happiness
Önemli sınavlarda başarılı olup basit sınavlarda başarısız olduğum zaman.,sadness
Annem hastalanınca korktum.,fear
Şehit haberleri.,sadness
Sıraların altındaki çöpler.,disgust
sevdiklerimi kaybetmekten korkuyorum,fear
biri kusunca,disgust
Müdür ona çok büyük bir sırrı öğrendiğini söyler .,neutral
Sınav açıklandığında.,fear
Yemeğime sinek konduğunda tiksinirim.,disgust
Sınıfta boş konuşan arkadaşlarımdan iğreniyorum.,disgust
yanlış ödevi yüklediğimi fark ettiğim an.,fear
"Yetenek yarışmasından elendiğimde canım sıkılır,",sadness
Sevdiğim bir dersten düşük not almak.,sadness
İnsanların sokağa tükürmesi ve çöp atması beni deli ediyor .birde ter kokan insanlardan tiksiniyorum,disgust
Bugün nadiren de olsa Barok müzikte ve Klasik Türk müziğinde kullanılmaktadır .,neutral
Sınavda derece yapınca mutlu olurum.,happiness
Kedilerden çok korkarım.,fear
İyi geçtiğini sandığım sınavdan düşük not aldığım da üzüldüm.,sadness
İbn Bibi ise Rum asıllı bir köle olduğunu yazmıştır .,neutral
Osmanlı devletinde basımevi kurup Türkçe kitap yayımlayan ilk kişidir .,neutral
Olayın duyulması üzerine devletin tüm kurumları harekete geçerek Cevizli’ye acil yardım malzemeleri gönderilir .,neutral
Budin kalesinin fethinden sonra Osmanlı Ordusu Avusturya üzerine yürüdü .,neutral
Okula gitmek zorunda olduğum günler.,sadness
Sevdiğim birinden güzel sözler duyunca çok mutlu oluyorum.,happiness
Sınavlar.,fear
"civciv, balık ve benzeri hangi hayvan ölürse ölsüm çok üzüldüm. bir süre sonra hayvan almamaya ve bakmamaya başladım. Ölmelerini kaldıramıyorum hiçbir şekilde",sadness
Daire içerisinde ülke ismine de atfen palmiye ağacı bulunmaktadır .,neutral
İnsanlar birbirine yalakalık yapınca tiksinti duyarım,disgust
suçluyken suçsuz gibi üste çıkan insanlar olunca öfkeleniyorum.,anger
Çalışmadığım zamanlar öğretmenin soru sorması.,fear
sevgilimin her seni seviyorum demesi ve arkadaşlarımın bana karşı sevgilerini göstermesi,happiness
Yalnız kalmak.,fear
Sınav notlarım iyi geldiğinde ve herkes beni anladığımda mutlu olurum.,happiness
Oda arkadaşlarımın ortak kullanım alanlarını pis ve dağınık bırakmasından nefret ediyorum.,anger
Bir kediye sahiptim fakat şu an annem bakamadığı için arkadaşına verdi. onu çok özlüyorum.,sadness
üniversite sınavında beklemediğim bir notu aldığımda çok üzüldüm.,sadness
Geçen gece odada yalnız kaldım ve sabah ışıklarını görene kadar uyuyamadım.,fear
Biri bana sürekli ne yapacağımı söylerse öfkelenirim.,anger
Galatasaray'ın çeyrek finalde elenmesi.,sadness
Birinin bana bağırmasına öfkelenirim.,anger
Karanlık fobim var.,fear
birinci sınıfta annem beyin ameliyatı olmuştu.,sadness
Mürettebatın gemiyi terk etmesini sağladı ve top ateşiyle gemiyi batırdı .,neutral
Yurda hırsız girdiğinde.,fear
Meydanda Neptün havuzu ve havuzda da Neptün heykeli vardır .,neutral
Filmin sonunda Carter ölür ve Alex ile Clear kurtulur .,neutral
Beklediğimden yüksek not almıştım.,happiness
banyoda kocaman örümceği görünce korktum,fear
Karşıma aniden köpek çıktığı zaman.,fear
Martının ağzından çıkardığı kusmuk benzeri şeyi gördüğüm zaman.,disgust
Polis öğrencilere şiddet uyguladı ve tüm toplantılar yasakladı .,neutral
Böceklerden tiksinirim.,disgust
yanlış anlaşıldığımda ya da çok istediğim bir şey gerçekleşmeyince öfkelenirim.,anger
Ölüm tehlikesi atlattığımda.,fear
Haksızlık yapılmasına.,anger
Tuvaletlerin kötü kokusu.,disgust
Savaşın son yılında mini denizaltı filosunun baş kumandanı oldu .,neutral
dedem öldüğünden beri hayatımdaki her şey beni daha çok üzüyor.,sadness
Eve kedi aldığımızda mutluluktan uçmuştum,happiness
birinin kötü kokan nefesini koklamak,disgust
Matematik sınavlarından.,fear
"""emre belezoğlu"" ndan nefret ediyorum ırkçı pislik.",anger
Yanımda oturan arkadaşımın sırayı benim istediğim gibi tutmamasına çok öfkeleniyorum.,anger
sınavlardan yüksek aldığım zaman mutlu olurum.,happiness
Yapmadığım bir şey yüzünden suçlanmak.,anger
Kusma sesinden tiksinirim.,disgust
Karanlıktan korkarım.,fear
4. sınıfta otelde ablamın dışarı çıkarken oda kartını alınca elektrikler kesilince çok korkmuştum.,fear
"Böcekler, Örümcek ağı ve ağzıyla tırnak kopartılması.",disgust
Fizik öğretmenimin anlatımına kötü diyenlere kızıyorum.,anger
Örneğin bir istemci aynı anda iki arama işlemini aynı anda yapabilir .,neutral
Sınavlardan düşük not alınca.,sadness
Bu birimlerin bazıları ve metre olarak karşılıkları aşağıda verilmiştir .,neutral
"İberya Krallığının ayrılmaz parçası olan ""Gogarene""nin ismi bu halktan türemiştir .",neutral
"""YGS'de"" ""Türkiye"" çapında ilk 500 e girdiğimde.",happiness
arkadaşımdan ayrıldığımda çok üzülmüştüm.,sadness
Keçiörengücü hiçbir karşılaşmada görev almadan bir sezon kaldı .,neutral
yıllardır beraber vakit geçirdiğim arkadaşlarımın beni satmasına öfkeliyim,anger
Aldığım marulun içinden salyangoz çıktığı an.,disgust
Geçen dönem notlarımın hepsi iyi olduğu için çok mutlu oldum.,happiness
Bu deneme ve iyileştirme döngüsü yeterince güçlü bir inhibitör bulunana kadar tekrar edilir .,neutral
Kozmopolit bir ticari merkez olarak gelişen şehirde bağımsız yargı kurumları bulunmaktaydı .,neutral
kızların nazik olmasından tiksiniyorum,disgust
Asla kabul etmez dediğim teklifin kabul olmasına.,happiness
Samuray eğitimlerine ağırlık verilmesinin yanı sıra olası karaya çıkma noktalarına duvar inşaatına başlandı .,neutral
Küçükken pazarda kaybolmuştum.,fear
ummadığım kişilerden olumlu yorumlar duyunca çok mutlu oldum.,happiness
Deprem gibi doğal afetlerden korkarım.,fear
bu okula ilk geldiğimde ne kadar mutlu olduğumu anlatamam.,happiness
Bu yaklaşımda bilinçaltı kavramına çok önem verilir .,neutral
Arkadaşımın benim için şiir okuması.,happiness
"Sevdiklerimi kaybetmekten, karanlıktan ve turnikelerden geçmekten korkuyorum.",fear
Gazi Eğitim Enstitüsü Beden Eğitimi ve Spor Bölümünden mezun oldu .,neutral
Ninemlerde kalınca gece hırsızla karşılaşınca korkmuştum.,fear
"Onun bir sonraki geri dönüşü ise ""Venus"" markasının yeni Global Temsilcisi olmasıydı .",neutral
Arkadaşım doğum gününü okulda kutlamıştı.Kendiminkini hasta olduğum için kutlamamıştım bu yüzden mutlu oldum.,happiness
TEMİZLİK TAKINTIM VAR. TEMİZLİĞE DİKKAT ETMEYEN İNSANLARDAN ÇOK İĞRENİYORUM.,disgust
Bu albüm yurt dışında da piyasaya çıktı .,neutral
"""Lakerdeta"" yediğimde tiksindim.",disgust
Yüzüme baka baka yalan söylenmesi.,anger
Arkadaşımın yalan yanlış arkamdan konuşmasına.,anger
kocamın sürpriz olarak gezi ayarlaması,happiness
Açık denizde suyun dibini göremediğim zaman.,fear
Oğlumun ateşi yükselip düşmediğinde çok korktum,fear
Kurban bayramlarında kandan tiksiniyorum.,disgust
karşımdaki verdiği sözü tutmadığı zaman öfkelenirim.,anger
Buradaki başarılı çalışmalarından dolayı Ferik rütbesine terfi etti .,neutral
Telefonum düşüp kırıldığında.,sadness
Basket maçını kazandığımızda mutlu oldum.,happiness
genç bir yakınımı kaybettiğimde çok üzülmüştüm.,sadness
En yakın arkadaşım okula gelmediği zaman.,sadness
Arka gövde de kavisli bir tasarıma sahiptir .,neutral
"Yasa da ""anayasaya aykırı olduğu"" için Anayasa Mahkemesi tarafından iptal edildi .",neutral
Pis kokunca tiksinirim.,disgust
Bir arkadaşımın yanlış anlama sonucu bana kötü davranmasına çok öfkelenmiştim.,anger
Hava Hava İkmal Bakım Merkezi Komutanlığı tarafından üretilmiştir .,neutral
Yemeğin içinden kıl çıkması.,disgust
Gönüllü işçilik için yapılan propaganda çalışması artarak sürer .,neutral
Ayrıca kasabanın gelişiminin verimli araziler üzerine değil dağ yolu tarafına geliştirilmesi gereklidir .,neutral
Can çekişme.,fear
Ailem ya da arkadaşlarımla eğlenceli vakit geçirdiğimde.,happiness
Hırslarıma yenildiğim zaman üzülüyorum.,sadness
kocaman sivilcesi olanın sivilcesi sıkıldığında.,disgust
Biyoloji sınavından 39 aldığım zaman.,sadness
"üniversiteyi kazanamadığım ilk yıl arkadaşlarımın çoğu kazanmıştı, bazıları kazanamamıştı ama sonuçlar açıklandığı an çok üzülüp ağlamıştım.",sadness
yemeğimden kıl çıktığında iğrenirim.,disgust
Boş olan derste sınıftan dışarı çıkamamak.,anger
En yakın arkadaşım bana yalan attığı zaman.,anger
söylediğim bir şeyi karşımdaki anlamayınca çok sinirlenirim.,anger
Sevdiğim kızı kaybetmekten korkmuştum.,fear
Kennedy birçok film müziğine de imza attı .,neutral
Matematik sınavından 28 aldığım zaman.,sadness
Antik Makedonya Krallığı’nın kurulduğu ve Büyük İskender’in doğduğu yerdir .,neutral
Sınav öncesi kendimi tam hazır hissedince mutlu olurum.,happiness
kedim aniden öldüğünde canım çok yandı,sadness
Çocukken sahip olduğum köpek aniden öldüğünde çok üzüldüm.,sadness
Mora Despotu Konstantinos da tüm birlikleriyle surların gerisinde savunma pozisyonu almıştı .,neutral
Yeni aldığım telefonu 1 hafta içinde kırdığımda çok üzülmüştüm.,sadness
İlk kez bakkala gittiğimde çok korkmuştum.,fear
Değer verdiğim insanları kaybetmekten korkarım.,fear
Tarihinde ilk defa Osmanlıspor Uefa Avrupa Ligine katılmaya hak kazandı .,neutral
Korku videosu izlediğimde.,fear
Sınavda cevap kağıdında kaydırma yapmaktan korkuyorum.,fear
Hamam böceği gördüğüm zaman.,disgust
Aynı yıl Küba’daki diktatör Gerardo Machado’ya karşı girişilen ayaklanmaya katılır .,neutral
"Bütünlemelerin kalkması, Çocuk ölümleri, Kadınlara şiddet, Maddi dengesizlik, Devlet yapısı, Bağnaz düşünceler , Küresel kirlilik.",anger
Ağzını şapırdatarak yemek yenmesi.,disgust
Sevdiğim bir insanı çok basit bir nedenden  veya bir yalan yüzünden kaybetmekten çok korkarım.,fear
Türk Silahlı Kuvvetleri Altın Üstün Cesaret ve Feragat Madalyası sahibidir .,neutral
Yine mi ödev! Hep ödev hep ödev!,anger
3 AYDA 10 KİLO ALMAK BENİ BENDEN ALDI :(,sadness
Paris Ticari Bilimler Yüksek Okulu ve Ulusal İdare Okulu mezunudur .,neutral
"ülkemin sürekli bir kaos ve savaş ortamına itilmesine, çocuklarımıza iyi bir ülke bırakamayacağımıza üzülüyorum.",sadness
küçükken dişim çekilirken çok korktum.,fear
Kedim öldüğü zaman üzüldüm.,sadness
arkadaşımın hastalanmasına çok üzüldüm.,sadness
Haksızlık.,anger
Bulgu ise diğer insanlar tarafından da fark edilir .,neutral
geçen yıllarda ağaçlandırma çalışmalarının isabet kaydetmesini görmek mutlu etmiştim.,happiness
Hatırlamak hoştur ama yinede özleme bağlı olarak canımı acıtır.,sadness
İstanbul Atatürk stadyumunda amcamı kaybettiğim zaman.,sadness
Bulaşık artıkları.,disgust
Sevgilimle ayrıldığım gün.,sadness
Günümüzde bu kitaplara ulaşmak zor da olsa hala mümkün .,neutral
Köpek.,fear
Olumsuz şeyler yaşamadığım sürece mutluyum.,happiness
Çifte vatandaşlığa sahiptir ve aynı zamanda Türk vatandaşıdır .,neutral
kardeşimle birlikte basketbol oynamaktan çok hoşlanırım,happiness
Ayrıca art arda İki Billboard Yılın Kadın Albüm Sanatçısı ödülünü kazandı .,neutral
İftira atılması ve yalan söylenmesine.,anger
Başarılı olduğum zaman.,happiness
Bu dağlık yörede yüzyıllardır süregelen bir adet vardır .,neutral
Kötü insanlar ölünce ruhlarının bunların arasına karıştığı söylenir .,neutral
Elif'ten ayrıldığım gün çok üzülmüştüm.,sadness
"""Fenerbahçe"" şampiyon olunca tiksiniyorum.",disgust
Sınavlardan korkuyorum.,fear
Arkadaşımın burnundaki sümüğü göstermesinden.,disgust
Kaybolduğum zaman.,fear
Alevi nüfusunu çoğunlukta olduğu mahallede cami bulunmamaktadır .,neutral
Her şeyin güzel gittiği zamanlar.,happiness
Yere balgam atan birisini görmek.,disgust
Kardeşimin bana verdiği terbiyesiz cevaplar.,anger
Yüksek not almak ve oyun oynamak.,happiness
Gece gördüğüm kabustan çok korktum.,fear
Donald çoğunlukla yarı anlaşılır bir konuşmaya sahip olmuştur .,neutral
dergide adımın yanlış yazılmasına çok sinir oldum.,anger
İkinci yüzyılın sonlarına doğru belirgin olmayan bir tarihte kurulduğu düşünülmektedir .,neutral
Balkonda dururken birisi beni ittirmesinden korkarım.,fear
Birden bağıran insanlar.,fear
Sıklıkla hastalıktan vücudun bir yarısı baskın olarak etkilenir .,neutral
İftiraya uğradığım zaman çok öfkelenirim.,anger
Kaymak ve mirza mudanya yakınlarına yerleşmiş onlarda kendi adlarıyla koy kurmuş .,neutral
Puck’dan yeni yaptığı iksiri Titania’nın üzerinde kullanmasını ister .,neutral
bana yapılan herhangi bir saygısızlık sinirlerimi bozar,anger
"""TEOG"" sınavında 2 yanlış çıkarınca.",happiness
"3 ay yazın çalıştım ve paramla kendime ""tablet"" aldığım zaman mutlu oldum.",happiness
Ancak gerçek zamanlı bir oyun yapmak için bu kuralların bazılarında ufak değişiklik yapılmıştır .,neutral
bu okulu kazandığım için mutluyum.,happiness
Turşu içindeki sineği yediğimde.,disgust
İşe ilk başladığım gün çok mutluydum.,happiness
Sınavlar.,fear
Babamın işi dolayısıyla sürekli şehir ve okul değiştirmek zorundayım. Her gittiğim okulda yeni kız olmak uzaydan gelmişim gibi bakılması sinirlendiriyor.,anger
Resimlerin sıkça gerçek dünyada var olan şeylerin gerçeküstü bir parodisi niteliğinde olduğu görülür .,neutral
Yalnız kaldığımda ve kavga ve gergin ortamlarda üzülürüm.,sadness
kuşum ölünce çok üzüldüm.,sadness
Bu yüzden bir bunalıma girer ve işini bırakır .,neutral
Bir sırp filmini izlediğimde tiksinmiştim.,disgust
Verilen sözler tutulmadığı zaman.,anger
Kantinde suyun 75 kuruş olması.,anger
Ermeni Kırımı’dan sonra köye yerleşen Türkler köyün adını Güneyli olarak değiştirmiştir .,neutral
Stadyum güneş enerjisi kullanarak minimum düzeyde harcama yapmaktadır .,neutral
"""YGS"" sonucum kötü geldiğinde.",sadness
Küçükken çarşıda kaybolmuştum.,fear
Sekizinci şampiyonaya yirmi iki Avrupa ülkesi katıldı .,neutral
Sokakta birinin yere tükürmesinden.,disgust
Babam bana vurduğu ve annemle birlikte hakaret ettiklerinde.,anger
Köpek havlamasından.,fear
hayatta en büyük mutluluğum çocuklarımın başarısıdır.,happiness
yakınlarıma bir şey olması,sadness
Okula giderken arkadaşım kustu.,disgust
Kanser ancak erken teşhis edilirse tamamen tedavisi mümkün olan bir hastalıktır .,neutral
ortama kapılıp kendini farklı göstermeye çalışan insanlardan tiksiniyorum,disgust
Onların temellerini güçlendirdi ve yeni gelişmelere yol açtı .,neutral
Teşekkür aldığım zaman mutlu oldum.,happiness
Saldırgan köpeklerden.,fear
Kabus gördüğüm zaman.,fear
anneannem sürpriz yapıp bize geldiğinde,happiness
Estetik amaçlı hazırlanmış olan bazılarında süslemeler de bulunurdu .,neutral
Sevmediğim insanlarla aynı havayı solumak tiksindiriyor.,disgust
"Çocukken sahip Olduğum köpeğimi, annem yeğenime verip çiftliğine gönderdiğinde çok kızıp, üzülmüştüm.",sadness
gece uyurken şimşek çakması,fear
derse hiç gelmeyen arkadaşımın benden fazla var yazılması,anger
İnsanların kendi gibi davranmaması.,anger
Arkadaşımın beni düşünmesine çok sevindim.,happiness
Bu seviyedeki çoğu digimon bu saldırıyı yapar .,neutral
Kısaca söylenebilir ki deniz etkisinde olan yörede bağıl nem değerleri her ay yüksektir .,neutral
İstanbul dan sevdiğim bir ağabeyi görmeye gittiğimde çok mutlu olmuştum.,happiness
Annemi gülerken gördüğüm her an ben de mutlu oluyorum.,happiness
sevdiğim çocuk başkasına ilgi gösterince yıkıldım.,sadness
Sınavda aklıma gelmeyen cevapların sınavdan sonra aklıma gelmesine.,anger
Ortaokul daki arkadaşlarımla vedalaşırken üzülmüştüm.,sadness
bir sanatçı olabileceğim ihtimali beni hep mutlu eder.,happiness
Yüksek not almak ve arkadaşlarımla dedikodu yapmak.,happiness
kızımın sınıf başarısı beni çok mutlu etti.,happiness
Anneannem hastalandığında çok üzüldüm.,sadness
topluma açık tuvaletlere girdiğimde,disgust
Özel eşyalarımın kullanılması.,anger
Turnuvada üç gün içerisinde altı müsabaka gerçekleşti .,neutral
Teog sınavında yanlışlarımdan dolayı kendime kızdım.,anger
Yaşı küçük kızlarla yaşlı adamların evlenmesi çok tiksindirici.,disgust
Karanlıktan ve aniden önüme biri çıktığında.,fear
İlgi alanım olan bir konu hakkında bilgi sahibi olan insanlarla konuştuğum zaman.,happiness
Böylece o görmenin verdiğinden başka bir izlenim verir .,neutral
Sevmediğim insanları görmek.,disgust
Esnerken ağzını kapatmayanlara gıcık oluyorum,disgust
Kusmuk görmek.,disgust
Doğum günümde hediye aldığımda.,happiness
Yediğim yemekten kıl çıkması.,disgust
başkan istifa ederse çok mutlu olurum,happiness
Ter kokusu.,disgust
Başlıca olarak herhangi bir durum veya eylemin geçmişte meydana geldiğini belirtmekte kullanılır .,neutral
özellikle akşam saatlerinde dışarda laf attıkları zaman çok sinirleniyorum.,anger
Bu eserde ülkenin refahı için neler yapılması gerektiği konusundaki düşüncelerini yazdı .,neutral
kavgalarda kendime hakim olamıyorum,anger
Ağız şapırdatarak yemek yenmesi.,disgust
Yüksek not almak ve arkadaşlarımla vakit geçirmek.,happiness
Ayrıca arttırılmış ve sanal gerçeklik uygulamaları üzerine projeler yürütülmektedir .,neutral
İlk çağlarda demokrasiye yönelik eleştirel olarak kullanılırdı .,neutral
Oyunlardan sevdiğim karakterlerin çıkmasına öfkeleniyorum.,anger
kızımın evlenmesinden çok mutlu oldum.,happiness
Bu sabah trafikteki sıkışıklığa çok sinirlendim,anger
Eşyamı kaybettiğim zaman.,sadness
Sokağa tükürülmesi.,disgust
Galatasaray'ın şampiyonluğuna üzüldüm.,sadness
Sevdiklerimi kaybetmekten korkarım.,fear
Komşumuz köpeğimizi çalıp sattığı zaman.,anger
9 yaşında gözlük taktığımda mutlu olmuştum.,happiness
Annemin beni bıraktığı gün çok öfkelendim.,anger
Uçurumdan düştüğümde çok korkmuştum.,fear
Alan turistlerin ziyaret edebileceği en gözde yerlerden biridir .,neutral
Psikolojiyi kazandığım gün.,happiness
Tuvalette pisuvarda armut gördüğümde.,disgust
Yüksek alacağımdan emin olduğum sınavdan düşük not almak.,anger
Sevmediğim bir yemeği yemek.,disgust
Balgam görmek.,disgust
Arkadaşım arabaya kustuğunda.,disgust
Yeni bir şey almak.,happiness
Hoşlandığım insanlarla vakit geçirmek.,happiness
Sessizlik ve karanlık.,fear
Başkalarını küçümseyen insanlardan.,anger
içim içime sığmamıştı. Ama sonradan sıradanlaşan bir duygu. Diğer yeğenlerimde bu duygu sıradanlaştı. Evlat sahibi olmak da böyledir herhalde. Ne olursa olsun ilk çocuk bence daha şanslı. Ortancalar yandı.,happiness
Babam kalp krizi geçirdiği zaman çok üzüldüm.,sadness
Bileğim kırıldıktan sonra her zıplayışta korkuyorum.,fear
"Fenerbahçe'nin ""Molde"" maçında 3. golü yedikten sonra oyundan  düşmesi.",sadness
Sınavdan yüksek not alınca sevinirim.,happiness
Karşımdaki kişiye anlamadığı için sürekli aynı şeyi tekrarlamak zorunda kaldığım zaman sinirleniyorum.,anger
Bunların arasında Hristiyanlığın en kutsal yerlerinden biri olan Kutsal Kabir Kilisesi de bulunmaktadır .,neutral
Öğretmenin öfkelenmesi ve sınavların açıklandığı zaman.,fear
Durumun dehşet verici ve rahatsızlık veren gerçekçiliği nedeniyle akıl sağlığını yitirmeye başlıyor .,neutral
Çok konuşan insanlar.,disgust
Değişik kokular duyduğumda.,disgust
Memlekete giderken otobüsün her şehirde durması.,anger
Cam masanın üstüne düşüp kolumu yarmıştım. O zaman çok korkmuştum.,fear
Bu yöre hem piknik yeri olarak hem de denize girmek için ideal bir yerdir .,neutral
Sabah 5 dakika geç kaldığım için yok yazıldım.,anger
Eğitim hayatımda başarılı olmak.,happiness
Yılanı boynuma aldığım zaman.,fear
Çok sevdiğim birinin başına bir şey gelmesinden korkarım.,fear
Samara insanlarının hayatı her zaman Volga Nehri ile bağlantılı olmuştur .,neutral
Zor durumda olan birisini gördüğümde ve sınavdan düşük not aldığımda.,sadness
okulumu kazandığımda çok mutlum oldum,happiness
Ameliyattan önce korktum.,fear
Çok yakın bir süre de 2 akrabam ve 1 arkadaşım vefat etti.,sadness
Kusmuk.,disgust
işimi kaybetmekten çok korkmuştum.,fear
Hayal ettiğim şeyi (Okulu kazanınca) olunca çok mutlu oldum.,happiness
Kırmızı ışıkta acelesi olmadığı halde yeşil yanmadan klakson kullanan şoförler.,anger
Sevdiğim kişiyi bir başkasının yanında gördüğüm gün çok üzülmüştüm.,sadness
çevremde aptal insanların olmasına öfkelenirim,anger
Hayatının önemli bir kısmını bu kampta zorluklar içerisinde geçirdi .,neutral
Orta ve Batı Anadolu bölgelerinde çok yetiştirilir .,neutral
televizyonda yılan belgeseli görünce tiksindim.,disgust
Bundesliga ekibi karşısında uzatmalarda oyuna girdi ancak penaltılarla rakiplerine elendiler .,neutral
İnsanlar yola tükürdüklerinde tiksinirim.,disgust
sınavdan beklemediğim düşük bir not alınca üzülmüştüm.,sadness
babamlar hiç beklenmedik zamanda bana hediye alınca çok mutlu oldum.,happiness
Böceklerden (örümcek ) tiksinirim.,disgust
"SİGARA TİRYAKİSİ ARKADAŞIMIN BİR AYAĞININ KANGREN OLMASI NEDENiyle KESİLMESİ...
      AMA BANA FAYDASI DA OLDU SİGARAYI TAMAMEN BIRAKMIŞ OLDUM",sadness
Çalışmadığım halde tam not aldığımda.,happiness
Ani ses ve tepkilerden korkarım.,fear
Önem verdiğim kişinin bana önem vermemesine öfkelenirim.,anger
Bu sene doğum günümde hasta olmuştum ve pastamı bile tatmamıştım.,sadness
İlk kez korku filmi seyrettiğimde etkisi altında kalıp uyuyamamıştım,fear
Palermo en çok dünyanın polo başkenti olarak bilinir .,neutral
temizliğe önem vermeyen insanlardan,disgust
Müzik dinlerken.,happiness
Yemekten kıl çıkınca.,disgust
Bir arkadaşımın bana sormadan benimle ilgili bir karar vermesine öfkelenirim.,anger
Aşırı gürültü ve eşek şakaları.,anger
Bugün burada daha çok bakır ve nitrat ihraç ediliyor .,neutral
Cumhuriyet Üniversitesi İlahiyat Fakültesi Temel İslam Bilimleri Bölümünde Tefsir alanında yardımcı doçent olarak çalıştı .,neutral
Tatillerde mutlu olurum.,happiness
kalemimi arkadaşımın çaldığını duyunca çok üzüldüm.,sadness
arkadaşlarımla evde otururken birden camı biri tıklamaya başladı.biz çığlık attık. Sonra camı açtık ve onun abim olduğunu öğrendik. çok korkmuştuk.,fear
dişçiden çok korkarım,fear
Okulu bitirdikten sonra tekstil mühendisliği öğrenimi yaptı .,neutral
Sarhoş insanlar görmek beni iğrendiriyor.,disgust
Sevmediğim insanlar yanıma geldiğinde ve kedi gördüğümde.,disgust
Öğretmenlerin derse girmemesi.,happiness
Başarmak için her şeyi yapmama rağmen başarısız olduğumda üzülürüm.,sadness
Kedim ölmüştü.,sadness
"""Beşiktaş'ın"" ""Fenerbahçe'yi"" yenmesi.",happiness
Hayvan ölüsü görmek.,disgust
Annem hasta olduğunda onu kaybedeceğim diye çok korkmuştum.,fear
Karanlıktan.,fear
Ben küçükken trafik kazası yapmıştık. Çok korkmuştum.,fear
Zor dersler.,fear
Okulun tatil olmasından mutlu olurum.,happiness
Ailemden birinin kaybına üzülürüm.,sadness
İlk olarak Sports Illustrated dergisinin deniz giysileri sayılarında görülmüştür .,neutral
Okul maçında 2. olduğumda.,happiness
babamın eve yeni bir dizüstü bilgisayarla gelmesi hepimizi şaşırttı,happiness
Sevdiğim bir kişiyi trafik kazasında kaybettiğim zaman üzülmüştüm.,sadness
Eve geldiğimde iki yaşındaki oğlumun beni karşılaması.,happiness
aptal insanlara öfkeleniyorum.,anger
Bununla birlikte politik ilerlemeler hakkında da bağımsız ve eleştirel bir bakış açısı edindi .,neutral
Eşimin beni yönlendirmesine kızıyorum,anger
Yeni şeyler öğrendiğim zaman.,happiness
kaybolduğumda çok tırstım.,fear
Hazırlık sınıfını geçemediğimi öğrendiğimde çok üzülmüştüm.,sadness
Sağa sola yapıştırılmış sakız görünce.,disgust
babam harçlığımı vermedi ayar olurum.,anger
Yakınlarımın gelecek kaygısını taşıması beni korkutur.,fear
Doğum günümde yapılan sürpriz.,happiness
Yakın arkadaşımla küs olduğum zamanlar.,sadness
Bu liseyi kazandığım için mutluyum.,happiness
Kötü kokular.,disgust
"Dizi, oyun ya da kitap sona erdiği zaman.",sadness
Bunları ayırmak için çok fazla enerji gereklidir .,neutral
Hoca bizi sınıfa toplayıp dayak attığında kalkıp bir tane de ben vuramadığım için öfkelendim.,anger
Yolda yürür iken bir adamın bir köpeğe tekme attığını görmüştüm.,anger
Haksız yere birisi ile dalga geçilmesinden tiksinirim.,disgust
Kusma sesi duyduğum an.,disgust
Beklemediğim bir anda yolun ortasında kalmak ve arabanın bana doğru geldiğini görmek.,fear
Onun ve ailesinin önemli bir kişisel serveti vardır .,neutral
Otobüste birisinin burnunu karıştırıp tutunma direğine sümüğünü sürdüğünü gördüğüm zaman.,disgust
Grubun canlı performansları ve kayıtları daha çok şarkıya yönelik oldu .,neutral
"Domates salçası vb. ürünlerin üzerinde oluşan küf görüntüsü, beni gerçekten rahatsız ediyor.",disgust
ilk çocuğum doğduğunda  çok mutlu oldum,happiness
Düşük not aldığımda.,sadness
İmanımı kuvvetlendirmek.,happiness
Yolda yürürken birisinin balgam attığını gördüğümde tiksinirim.,disgust
Futbol turnuvasında 2 kere penaltı kurtardığımda mutlu oldum.,happiness
kardeşim havale geçirdiğinde çok korkmuştum.,fear
Karanlık.,fear
Hediye açmak.,happiness
Biri bana yalan söylerse öfkelenirim.,anger
"""TEOG"" da bir soruyu yanlış işaretlediğimi anlayınca üzüldüm.",sadness
Yanıma yaklaşan bir köpek gördüğümde çok korkarım.,fear
Sevdiğim birisini kaybetmek.,sadness
Berkay yanlışlıkla bana vurunca tepem attı.,anger
Yerlere tüküren insanlardan.,disgust
Yalan söyleyen insanlar genelde beni tiksindiriyor.,disgust
evde tek başıma kaldığımda korkuyorum.,fear
Dalga geçildiği zaman.,anger
Köye gittiğim zamanlar.,happiness
Dedemin doğum günü sürprizi ve hediyesi.,happiness
Kötü kokular.,disgust
Yaylada piknik yaparken bir silah sesi duyduğumuzda çok korkmuştum.,fear
Dayım sigara içtiğinde tiksinirim.,disgust
Film ayrıca En İyi Film ödülünü kazanan ilk romantik komedi filmi oldu .,neutral
Emre Plak etiketi ile raflardaki yerini almıştır .,neutral
Babası İlya Brejnev metalurji fabrikasında işçi olarak çalışmaktaydı .,neutral
Korku filmi izlerken.,fear
annem ve babam boşandığında üzülmüştüm.,sadness
babaannemi kaybedince çok üzüldüm.,sadness
Haksız yere bir insana kızdığım zaman.,sadness
"Bu göller çölün Moğolca adı olan ""gizemli göller"" olarak adlandırılmaktadır .",neutral
Yemeğin içine maydanoz koyması ve yapmak istemediğim şeyleri yapmaya zorlandığımda.,anger
Bilgisayar oyununda yenilince üzülüyorum.,sadness
Sıramın üzerinde örümcek gördüğümde çok korktum.,fear
İnsanlar benim adıma karar verdiğinde.,anger
Bazen kendime öfkelenirim.,anger
Ölüm anında çaresiz kalmak.,fear
Annem ve babam boşandıkları zaman çok üzüldüm.,sadness
Bisikletten düştüğümde.,fear
Midye yerken.,disgust
matematikten on aldığımda çok üzüldüm.,sadness
Fuardaki korku tünelinden.,fear
savaş çıkacak diye korkuyorum.,fear
Arkadaşlarımın beni atlatarak gruptan ayırmasına üzülürüm.,sadness
Verdiğim parti çok güzel geçti mutlu oldum.,happiness
kızım üniversite sınavını kazanınca çok sevindim,happiness
Kabus gördüğüm zaman.,fear
Resmi olarak bu iki köy bir köy olarak sayılmaktadır .,neutral
Sevdiğim birisini kaybetmek çok üzer.,sadness
Kusmuk görmek.,disgust
arkadaşlarım beni dışladığı zaman,sadness
İstediğim bir hediyenin alınması.,happiness
Önemsediğim bir kişinin yalan söylemesi ve çok çabaladığım halde başarısız olmak.,sadness
Sokakta yürürken arkamda beni takip eden erkek beni çok korkuttu.,fear
Psikolojik rahatsızlığı olan bir sapığın eline düşmekten korkarım.,fear
Fizik notlarının açıklanması.,fear
"Sözcük eylem halinde ""mangal yapmak"" veya bazı yörelerde ""mangal yakmak"" şeklinde kullanılır .",neutral
Böceklerden.,fear
eşyalarım izinsiz kullanıldığında çok sinirleniyorum.,anger
"Lise birinci sınıfta izlediğim ""Garez"" filminden korktum.",fear
Anne ve babamın öldüğü düşüncesi.,sadness
Dedemin ölümüne üzüldüm.,sadness
Öğretmenimin katılmak istediğim yarışmaya beni istememesine kızdım.,anger
Hiç bir zaman yapmam deyip sonra yapan insanlardan.,anger
evde tek başımayken korku filmi seyrettiğimde.,fear
babam boş yere bana bağırdığında üzülmüştüm,sadness
"Kardeşimin doğduğu, ağabey olduğum gün.",happiness
Sap olmak.,sadness
Yüzü gülen aile fertleri,happiness
Telefonum bozuldu.,sadness
evde tek kaldığımda ve elektrikler de kesilince çok ürkmüştüm.,fear
Hemen hemen her eyalet en az bir vaka bildirmiştir .,neutral
Maç kazanınca mutlu olurum.,happiness
Bilgisayarımın bozulması.,sadness
Irkçı düşünceli insanlardan ve sandaletin içine çorap giyenlerden.,anger
Sırtında ayrıca bazen farklı şekillerde kahverengi gölgeler vardır .,neutral
Düşük not alınca.,sadness
Pis tuvalet gördüğümde.,disgust
Birisi yemek yerken ağzını şapırdatınca.,disgust
Annem bana tablet alınca mutlu oldum.,happiness
Gece kabus görürken uyandığımda korkarım.,fear
Sınavdan yüksek not aldığım zaman.,happiness
Köpeklerin kavga etmesi.,fear
Sevdiğim birisini kaybedersem üzülürüm.,sadness
Disipline gittiğim zaman korktum.,fear
Birisinin eşyalarımı izinsiz kullanmasından hoşlanmıyorum.,anger
Birinin benim arkamdan konuşmasına.,anger
Yanlış bir şey söylediğim zaman.,sadness
oğlum doğduğunda çok mutlu oldum,happiness
Bisiklet sürmeyi öğrendiğimde havalara uçtum,happiness
Bu yüzden insanlar bu vitamini dışarıdan almak zorundadır .,neutral
Silahın üzerinde atış kabiliyetini üstün kılan unsurlar bulunmaktadır .,neutral
"bir çocukla radyo programında dalga geçmiştim, beni savcılığa vereceğini söyleyince korkudan altıma ettim.",fear
misafir gelince sifonu çekmemişti,disgust
"yerlerdeki saç, toz  ve kapı kollarına dokunmaktan nefret ediyorum",disgust
Evde deprem anında ölüm korkusu yaşadım.,fear
Sokaklardaki aç ve evsiz hayvanlara.,sadness
Mide bulandırıcı durumlardan tiksinirim.,disgust
"""Lol"" adlı oyunda seriden düştüğümde üzüldüm.",sadness
Erkeklerin tuvaletten çıktıktan sonra ellerini birbirlerine sürtmesi.,disgust
İzlediğim korku filminin etkisinden 1 yıldır çıkamadım.,fear
Arkadaşlarımla akşam dışarıda dolaşırken aniden önümüze köpek çıktığı zaman.,fear
Evimde olduğum zaman mutluyum,happiness
Yumurtadan.,disgust
Çalıştığım kişilerin bitmez tükenmez istekleri beni sinirlendiriyor.,anger
Bazal zar ait olduğu hücreler tarafından sentezlenir .,neutral
Değer verdiğim birisinin beni anlamaması.,sadness
arkadaşımın saçları masama düşünce çok sinirlenirim.,anger
Çatışmalar sonucunda Azerbaycan kesin olarak askeri ve diplomatik zafer elde etmiştir .,neutral
Arkamdan konuşulması.,anger
Birisinin karşımda ayaklarıyla oynamasından tiksinirim.,disgust
Benim için değerli olan insanlarla vakit geçirdiğimde.,happiness
Korku filmlerinden korkarım.,fear
En yakın dostum sırrımı bir başkasına anlatmıştı.,anger
Birisi ile kavga ettiğimde.,sadness
Ağzını aça aça yemek yiyenlerden nefret ediyorum.,disgust
arabayla kaza yapacağımızı sandığım an.,fear
İnsani duyguların körelmesine üzülüyorum.,sadness
Kusmuk görmek.,disgust
İnsanların beni yanlış anlaması.,sadness
Dişçiye gittiğimde heyecandan korkmuştum.,fear
"Dayımın ""lotoyu"" kazanması.",happiness
gece uyurken deprem olmasından ve göçük altında kalmaktan çok korkuyorum,fear
Aile fertlerinden birinin ölümü içimi çok acıttı.,sadness
Yemekten yabancı cisim çıktığında tiksinirim.,disgust
Çöp kokularından.,disgust
Kardeşim düşüp dili yarıldığı zaman.,fear
Anahtarlarımı içeride unuttuğumu fark ettiğim zaman.,fear
Yurt dışındaki göçmen Türk işçiler ve kadın sorunları konularıyla ağırlıklı olarak ilgilendi .,neutral
Ama heel olan bu gruba katılmayı Bayley reddeder .,neutral
Sigara içen birisiyle aynı ortamda bulunmak tiksindiriyor.,disgust
Sınava girerken korkarım.,fear
dişçiye her gittiğimde ödüm patlar,fear
Geçmişi çok eski dönemlere dayanan Edremit isminin kaynağı bilinmemektedir .,neutral
pis kullanılmış eşyalar,disgust
Ailem ve sevdiklerimle birlikte vakit geçirdiğim zaman mutlu olurum.,happiness
Haksızlık yapılması.,anger
iş yapmaktan tiksiniyorum,disgust
Beklentilerim karşılandığında mutlu olurum.,happiness
Ailemi kaybetmekten hep korkarım.,fear
sınavdan kötü not aldığım için üzüldüm,sadness
Milli maç kazanınca tüm spor dallarında çok mutlu oluyorum.,happiness
Sevmediğim insanlarla bir arada bulunduğumda tiksinirim.,disgust
Bu yolculukta Fakir Baykurt kendisine saz çalıp türkü söylemiştir .,neutral
Sınavdan yüksek not almak.,happiness
Yola tükürmek ya da izmarit atmak pek hoş değil sanki.,disgust
gece evde yalnızken elektrikler kesildiğinde karanlıktan çok korktum. Hayatımın sonuna kadar böyle hisler içinde olmaktan korkuyorum.,fear
kardeşimin saygısız bir şekilde odama gelip dağıtması,anger
bazı insanların yemek yerken değişik sesler çıkarması beni çok fazla rahatsız ediyor.,disgust
Arkadaşlarımla gittiğimiz bir eğlence yerinde çok güzel eğlendik ben de mutlu oldum.,happiness
Düşük not.,sadness
Çocuklarımın başarıları beni mutlu eder,happiness
Ağzını şapırdatarak yemek yiyenlerden tiksinirim.,disgust
Çok uğraştığım halde kaybetmek üzüyor.,sadness
Korku filmi izlerken ve ülkenin geleceğini düşündüğüm zaman.,fear
1 yıldır baktığım muhabbet kuşum öldüğünde gerçekten çok üzüldüm.,sadness
ilk defa korku filmi izlediğimde donuma yapacaktım.,fear
Değer verdiğim insanlarla kavga etmekten.,sadness
Pastırma kokusu.,disgust
Evlendiğimde ve bebeğimi doğurduğumda çok mutlu oldum,happiness
Bu nasıl kusmuk arkadaş,disgust
Elektrik Elektronik bölümünü tutturduğumda.,happiness
Sevmediğim bir insana dokunduğum zaman.,disgust
Fakat herhangi bir delil çıkmadığı için tekrar görevlendirilmiştir .,neutral
korku filmlerinden her zaman içime bir ürperti vermiştir.,fear
En yakın arkadaşımın annesinin kanserden ölmesi.,sadness
Kavram olarak özellikle politika ve sosyoloji alanlarında tartışmalara yol açmıştır .,neutral
Katılacağım bir organizasyonun bildiğim saatten erken başlaması.,anger
İngilizce sınavından düşük not aldığım zaman.,sadness
Evde yalnız kalmaktan korkarım.,fear
nedensiz yere haksızlığa uğradığımda çok öfkelenirim.,anger
Öğretmen olarak atandığımı bilgisayar ekranında gördüğümde çok sevinmiştim.,happiness
Eğlendiğim zaman.,happiness
Dört yaşında geçirdiği menenjit hastalığı onu ergenlik dönemine kadar takip eder .,neutral
birisinin ayakkabı kokusunu duyunca midem bulanır,disgust
Korku filmleri.,fear
Çok çalıştığım ve yüksek beklediğim bir sınavdan düşük not alınca üzülürüm.,sadness
Çiftin Maria Ann ve Peter Conrad isimli iki çocuğu oldu .,neutral
Bana söz verilip tutulmadığında.,anger
Kardeşim telefonumu kırdığında.,anger
ördeğim kesilmişti. çok üzülmüştüm.,sadness
Kuzenime neredeyse araba çarpıyordu ama ben onu son anda tuttum. O zaman çok korkmuştum.,fear
El şakaları.,anger
"insanlar söz verip tutmadıkları zaman öfkelenirim.
      Hayatımda verdiğim kararlara müdahale edilmesine çok sinirlenirim.
      Bazen kendi fikrimde olmayan insanlara da sinirlendiğim oluyor.",anger
Yere tükürüldüğü zaman.,disgust
korkacak bir şeyimin olmamasından korkuyorum.,fear
Sınavlar.,fear
Bir toplulukta  insanların gruplara ayrılması ve diğer insanları dışlaması.,anger
başkalarının özgürlüklerine ya da özürlerine saygı göstermeyenlere çok kızıyorum.,anger
İnsanların konuşurken ağzından çıkan tükürük ve pis birinin sarılması.,disgust
İnsanların benim yaptığım bir şeyi kendileri yapmış gibi göstermesi.,anger
Sen daha küçüksün deyip fikirlerim önemsenmediği zaman.,anger
Düşük beklediğim sınavdan yüksek not almak.,happiness
Toplum içinde sıra beklerken önüme geçmesi.,anger
İnsanların salakça sözlerinden tiksinirim.,disgust
Yemek yediğim zaman.,happiness
Kolum kırıldığında yüzme takımından ayrılmak zorunda kaldım.,sadness
Ortaköy bu iki köyün arasında kaldığı için bu adı almıştır .,neutral
Böcek gördüğümde tiksinirim.,disgust
Çikolata yediğim zaman.,happiness
Sevdiğim kişiyi kaybetmek.,sadness
Turnuvada elemelerden katılan rakibine ilk turda boyun eğdi .,neutral
küçükken büyük bir alışveriş merkezinde annemlerden ayrıldıktan sonra onları bulamadığım için altıma etmiştim.,fear
toplu taşıma araçlarında herkesin tutunduğu yerleri tutmaktan çok tiksiniyorum.,disgust
Değer verdiğim bir şeyin yok olması.,sadness
Ailemden birisini kaybetmek.,sadness
Korku filmi izledikten sonra elektriklerin kesilmesi.,fear
ölmüş bir insanın aniden karşıma çıkması,fear
Ailemle güzel bir yere gittiğimizde.,happiness
İzmir fen lisesini kazanamayınca üzüldüm.,sadness
biri sigara dumanını yüzüme doğru üflediğinde ondan tiksinirim,disgust
2 yıl işsiz kaldıktan sonra yaptığım iş görüşmesine kabul edilince çok mutlu oldum.,happiness
Hedefime ulaştığım an.,happiness
köpeğim çalındığında çok üzülmüştüm hatta ağlamıştım,sadness
Arkadaşlarla biz tatildeyken evde kalan kızlar bütün pencereleri açık bıraktığı için evimize kedi girmiş. Tatil bitiminde eve geldik. Kedi evde uzun süre yaşamış ve bu beni tiksindiren bir olaydı.,disgust
Sokakta apışıyla oynayan erkek,disgust
tıp fakültesini kazanınca çok sevindim.,happiness
Çok sevdiğim birisine ya da canlıya zarar verildiği zaman.,sadness
yolda yürürken bazı insanların tuhaf sesler çıkararak yere tükürmesinden iğreniyorum.,disgust
Bu binadaki odalar genellikle üçüncü ve dördüncü yıl lisans öğrencilerine ayrılır .,neutral
Soda şişesinin patlamasından korkarım.,fear
Sabah bineceğim metronun devrilmesi.,fear
Çıkarı için yalakalık yapanlardan.,anger
"""Londra'ya"" gitmeyi çok istiyordum, sonunda bu sene okul gezisi sebebiyle gideceğim.",happiness
Pokemon dizisinde Pikachu-Ash ayrılığında ağlamıştım. Kimseye söylemedim ama gözümden süzülen yaşlara engel olamadım.,sadness
Öğrenilmemesi gereken sırlarımın ortaya çıkmasından.,fear
Galatasaray Gençlerbirliği maçında stancu 'nun 90. dakikasında kaçırdığı pozisyonunda çok korkmuştum.,fear
Annem benim başıma bir şeyler gelecek diye çok korktu.,fear
Hafta sonu.,happiness
Düşük not aldığımda.,sadness
Filmde sevdiğim karakterlerin ölümüne üzülürüm.,sadness
En yakın arkadaşımın Bursa ya taşınması.,sadness
Yarışmanın galibi özel altın heykel ödülünün sahibi olur .,neutral
Takip edildiğim gün.,fear
Benim taklidimin abartılı şekilde yapılması çok öfkelendirir beni.,anger
İğrenç şeylerden (Kusmuk ) tiksinirim.,disgust
Kötü ve empati yoksunu insanlara.,anger
yakın arkadaşlarım benimle dalga geçince kızarım,anger
yurtta başka bir odaya girdiğimde kötü kokunca,disgust
ödünç verdiğim eşyanın kaybolması beni öfkelendir,anger
Kusmuk gördüğüm zaman.,disgust
İnsanların ikiyüzlülüğünden gına geldi.,anger
büyük dedemin ölüm haberini aldığımda gerçek anlamda üzülmüştüm.,sadness
"""Göztepe"" takımını tutuyorum takımımın kötülenmesine öfkeleniyorum.",anger
Koyunun da yetiştirildiği ilçede hayvancılık büyük gelir sağlamaktadır .,neutral
Bir yere yetişemediğim zaman öfkeleniyorum.,anger
İstanbul Yıldız Teknik Okulu Makine Mühendisliği Bölümü mezunudur .,neutral
Bamyadan.,disgust
Parmakların kütletilmesinden tiksinirim.,disgust
Başarısız olduğum zaman.,sadness
Arkadaşımın yıkanmaması.,disgust
İldeki Türk toplulukları türlü kuruluşlar vasıtası ile çalışmalar yapmaktadırlar .,neutral
Yemeğimden saç çıktığı zaman.,disgust
Ancak erken gelişen tüm kuşlar yuvayı terk etmez .,neutral
Ter kokan insanlar.,disgust
Aç olduğum zamanlar.,anger
ÜNİVERSİTEYİ KAZANDIĞIMDA,happiness
Arkadaşlarım ile birlikteyken.,happiness
Yediğim bir yemeğin temiz olmaması.,disgust
Geçen yıl yakın bir arkadaşıma sürpriz doğum günü partisi hazırlamıştım ve çok mutlu olmuştu. Onun mutlu olması beni de mutlu etti.,happiness
İnternetin kesilmesi.,sadness
Sümük.,disgust
İnsanların ya da hayvanların çaresiz durumlarda olmasına üzülüyorum,sadness
Birisiyle tartışırken kendimi ifade edememek.,anger
Kötü  hitap edilmek.,anger
Arkadaşlarla mangal yaptığımız gün.,happiness
Bir yakınımızı kaybettiğimde çok üzülmüştüm.,sadness
inli cinli filmler izlerken korkuyorum.,fear
Arkadaşım tayin nedeniyle Antalya'ya gitmişti.,sadness
En yakın arkadaşım başka bir liseyi kazandığında.,sadness
Sevdiklerimle vedalaşmam gerektiğinde.,sadness
Genelde hep mutluyum.,happiness
Demokrasi dersine girdiğimde ve yurt dışına çıktığımda mutlu olurum.,happiness
Uyandığımda güneşi görmek beni mutlu ediyor.,happiness
Egoist insanlar.,anger
Yumurta kokusundan.,disgust
Ev arkadaşım evi dağınık ve pis bıraktığı zaman.,anger
Yemeğimden yenmesi.,disgust
Haksızlık yapılması.,anger
Sınav notlarımın iyi gelmesi.,happiness
Çalışmalarımın karşılığını aldığımda ve birilerine yardım edebildiğimde.,happiness
Haksızlık yapanlara.,anger
havuza kusulması,disgust
Bir insanın kustuğunu görmek.,disgust
Sevmediğim bir kişiden duyduğum en ufacık olumsuz bir kelime bile öfkelenmeme yeter.,anger
Sibel isminde bir kızları ve Kenan isminde bir oğulları vardır .,neutral
Ortalamam 90'ı geçmeyecek diye korkuyorum.,fear
Annem üstüme geldiği zaman.,anger
Aynada kendimden iki tane görünce korktum.,fear
Kaybolmuştum.,fear
Bir tane mi anlatayım sadece yoksa hayatımı mı? Bence bir özet geçeyim. Sadece kürt olduğum için sürekli aşağılanmak gerçekten öfkelendirici bir sebep.,anger
Düşük not aldığımda.,sadness
Düşük not almak.,sadness
evcil hayvanım öldüğünde kahroldum.,sadness
sınava hazırlık yapamadan girmekten ödüm kopar,fear
Kusmuk görmek ve ortak tabaktan yemek yemek.,disgust
bir insanı yalan söylerken yakaladığımda midem bulandı,disgust
Kimyadan 100 almam.,happiness
Ailemden birisini kaybetmekten.,fear
Toplum içinde konuşma yaparken.,fear
Arkadaşlarım bana sürpriz doğum günü yaptığında çok sevinmiştim.,happiness
Kadına ve hayvana şiddet.,anger
Tükürük.,disgust
Kabuklu bir böcek ya da kırkayak ezdiğimde.,disgust
tuvaleti iyi kullanmayanlardan çok tiksinirim.,disgust
Annemin çok yakın bir arkadaşını kanserden kaybettiğimiz zaman.,sadness
İstediğim liseyi kazanınca çok mutlu oldum.,happiness
Kocasının öldürülmesinden sonra verdiği üç görüşmeden biri hayat boyunca özel tutuldu .,neutral
"Şarkının personel bilgileri ""Apayrı"" albüm kitapçığından alınmıştır .",neutral
Bu süre içinde öğrencileri birçok dünya rekoru kırmayı başarmıştır .,neutral
Öğretmenlerin sözlülere düşük not vermesi.,anger
Çok çalıştığım sınavın kötü geçmesi.,sadness
Yaya geçidi üzerinde babama araba çarpmak üzereyken ödüm patlamıştı.,fear
Matematik sınavından 85 almıştım.,happiness
İlk anne olduğumda çok mutlu olmuştum.,happiness
Çok emek verdiğim bir işin çöp olması.,sadness
Tabii ki bu silah paketlerini kendine has asker sınıfındaki oyuncular kullanır .,neutral
Evde tek başıma kaldığım zaman.,fear
Bir Kızım olacağını duyduğumda çok sevindim.,happiness
Büyümek ve gelecek korkusu.,fear
Arkadaşlarımın vefat etmesi.,sadness
Kötü kokular.,disgust
Sevgilimin yanında iken mutlu oluyorum.,happiness
Her zamanki günlerden biriydi otobüse binmiştim ancak inerken birde baktım ki cüzdanım çalınmış çok öfkelendim,anger
Daha fazla ayrıntı için Radon ölçüleri hakkındaki makaleye bakın .,neutral
Yakınlık duyduğum birinin yapmasını istemediğim bir şeyi ısrarla yapmalarına öfkelenirim.,anger
Sıfırcı öğretmenler.,anger
Bir yakınımın başına üzücü bir olay gelmesi.,sadness
"Haksızlık, çaresizlik ve aşağılanmak sinirlendirir.",anger
Sinemada istediğim filme bilet bulamayınca çok öfkeleniyorum.,anger
Annem ben küçükken başka bir şehre gitmişti.,sadness
Haşimi ailesinin kıdemli üyesi Faysal devlet başkanı oldu .,neutral
İstemediğim bir şey yapıldığında.,anger
Arkamdan konuşup yüzüme gülen insanlardan.,disgust
Herkes birbirinin yüzüne gülüyor ama arkasından konuşuyor.,anger
bir bayana olumsuz söz söyleyen birini görünce çok sinirleniyorum,anger
Düşük not aldığım zaman.,sadness
Dolayısıyla daima tek sayıda eksi değer olacağından sonuç eksi olacaktır .,neutral
O artık efsanevi Korkusuz Beşli’nin yanında kung fu dünyasına katılmıştır .,neutral
Türklerin kültürlerinden uzaklaşıp yozlaşmalarına öfkeleniyorum.,anger
Kötü bir rüya gördüğümde çok korktum.,fear
Önceki okulumda bana yapılan el şakalarına çok sinirlenmiştim.,anger
Karanlık.,fear
bilgisayarımı alırken kazıklandığımı öğrenince küplere bindim,anger
Bir sarhoşu kusarken görmüştüm.,disgust
İlçe Karadeniz kıyısında olmasına rağmen liman olmaması dolayısı ile deniz yolu kullanılmamaktadır .,neutral
Aynı zamanda Rusya Birlik Partisinin önemli liderlerinden biri haline geldi .,neutral
Eşimle ve ailemle yaptığım aktiviteler beni mutlu ediyor.,happiness
Birisinin fiziksel özelliklerimle dalga geçmesine öfkelenirim.,anger
Mayıs ayında yapımcılar tarafından sahneye çıkış sıraları belirlenmiştir .,neutral
Sevdiğim insanlarla vakit geçirdiğimde.,happiness
Babamın işten çıkarılmasına.,sadness
Özel hayatımla ilgili bilgisizce eleştiri yapılmasından tiksinirim.,disgust
Kusan birisini gördüğümde.,disgust
Arkadaşlarımdan aldığım kötü kokulardan tiksiniyorum.,disgust
ben sekiz yaşındayken ablam dört günlük geziye gittiğinde ablamdan ilk defa bu kadar uzun bir süre ayrı kaldığım için üzülmüştüm.,sadness
Ankara Üniversitesi Hukuk Fakültesini bitirmiş ve bir süre savcı yardımcılığı yapmıştır .,neutral
Abartan insanlara öfkeleniyorum.,anger
Dedem vefat ettiği zaman.,sadness
Birisinin ellerini yıkamadan yemek yemesi.,disgust
Aynı zamanda Hollanda ve Rusya Liglerinin yayın haklarına sahiptir .,neutral
Yörede oynanan oyunlar zeybek türünün ağır zeybek bölümüne girmektedir .,neutral
Boşanmış bir ailenin çocuğuyum ve babamın boşandıktan sonraki bize ve etrafa karşı olan hal ve hareketlerinden tiksiniyorum.,disgust
oğlumu kucağıma aldığım an hayattaki en büyük mutluluğum.,happiness
gerçekten istediğim bir şey olmadığında üzülürüm,sadness
Her birinin iyi ve kötü yanları vardır .,neutral
Marmaris'te gece arkadaşımla beni bir kamyon takip ettiği zaman çok korkmuştuk.,fear
Arkadaşımla kavga ederken çok öfkelendim.,anger
Ailesinin onu sık sık tiyatroya götürmesi sonucu oyunculuğa büyük ilgi duydu .,neutral
Belirtilen malın mülkiyetini de temsil eder ve belgenin ciro edilmesiyle mal el değiştirir .,neutral
Bu iki bölgeyi ayıran beyaz bir çizgi vardır .,neutral
Babam yemek yerken çok ses çıkartıyor.,disgust
fenerbahçe'nin şampiyon olduğu zaman mutluluktan havalara uçarım.,happiness
Tuşa gitse de yine Almas kıl payı kurtuldu .,neutral
"Merkez ifadesi ile beraber kullanılan ""sol kanat"" sözü ülkelere ve bölgelere özgü farklılıklar gösterebilmektedir .",neutral
İlk birkaç gün İçişleri Bakanlığı görevi boşta kaldı .,neutral
Sınavım kötü geçince ve öğretmen bana ilacını içtin mi dediği zaman.,anger
Yaz tatiline girilmesinden ve tatilde yurt dışındaki arkadaşımın gelmesinden mutlu oluyorum.,happiness
Yeğenim doğduğu zaman mutlu olmuştum.,happiness
yeğenim karşısında kocaman köpeği görünce gözleri yuvalarından fırladı.,fear
Tanıdığım bir kişinin çevresindekilere aldırmadan iğrenç sesler çıkarması.,disgust
Bir sorunum varsa hiçbir şeye konsantre olamam üzüntüden hasta olurum.,sadness
"Kirli tabak veya bardaktan yemek, içmekten rahatsız olurum.",disgust
Kitap okurken ve müzik dinlerken.,happiness
Kuzenim üzerime çişini yapmıştı.,disgust
Böceklerden.,disgust
En yakın arkadaşlarımın bana sırtını dönmesi.,sadness
Şehirler arası yolda sis bastırıp önümü göremediğimde korkmuştum.,fear
Jonathan bu olaydan sonra uzun bir süre gözükmez .,neutral
Dolapta hiç bir yiyecek kalmadığını gördüğümde.,sadness
Hafta sonu eve gittiğim zamanlar.,happiness
Bir köpek cadde boyunca beni kovaladığında çok korkmuştum.,fear
Burnunu karıştıran birisini gördüğüm zaman.,disgust
Kopya çektiğim sınavda hoca yanıma geldi.,fear
"""Kazı kazan'dan"" 200 TL kazandığımda.",happiness
Ayrıca uzun yıllardır var olan küçük bir Yahudi cemaati de var .,neutral
Yalnız kaldığımda korkarım.,fear
Sargent arkadaşına Vickers kız kardeşleri çirkin bulduğunu yazdı .,neutral
Bir insanın ağzını şapırdatması.,disgust
Bekletildiğimde öfkelenirim.,anger
"yeter be, bıktım artık yalanlarından!",anger
Düşük not almak.,sadness
Bazen insanlar bilinçli olarak tek başına kalmayı tercih ederler ve yalnız olmaktan zevk alırlar .,neutral
yanımda kimse yoksa karanlıktan korkarım,fear
Başka bir yerde tuvalete gitmek.,disgust
Başarısız olmak.,sadness
Okul tuvaletlerinden tiksiniyorum.,disgust
Siren seslerinden.,fear
Böcekler.,fear
Sevdiğim erkeğin bir başka kızı sevmesinden.,sadness
sevdiklerimin bir gün yanımda olamayacaklarını düşünmek beni üzüyor,sadness
sorgulandığımda öfkelenirim.,anger
uzun süre görüşmediğim sevdiklerimle birlikte olmak,happiness
karanlıkta ses duymaktan korkarım.,fear
"derslerimde başarılı olamamak, hem de çaba sarf etmeme rağmen.",sadness
Bir arkadaşımın yapma dediğim halde kafama vurması çok öfkelendiriyor.,anger
bilgisayarıma dokunulmasını sevmem,anger
Demir bir eşyayı başka bir demire sürterken çıkan sesten tiksinirim.,disgust
Yemekten kıl çıkması.,disgust
Birisinin beni sevdiğini hissetmek.,happiness
Yolda giderken bir şahsın başka birini taciz etmesinden tiksinirim.,disgust
Burada futbolcuların kendi kültürel değerlerini göz önüne alarak bir futbol metodu kullandı .,neutral
Çevremde vahşi hayvanların olabileceği düşüncesi.,fear
Özellikle yemek hazırlanırken temizlik kurallarına uyulmamasından tiksinirim.,disgust
Matematik sınavından yüksek not almak.,happiness
En ucuz seçenek olarak beton ağırlık temelleri seçilmiştir .,neutral
tatile çıkmak beni mutlu eder,happiness
Hititlerin Kadeş Antlaşması tarihin bilinen ilk yazılı diplomasi belgesidir .,neutral
Yalnızlıktan çok korkuyorum,fear
Kusma.,disgust
Erkek ayağı.,disgust
Maçlarda sakatlanmak.,fear
Sınavdan düşük alınca. Edebiyat dersi yüzünden takdiri 1 puanla kaçırdım.,sadness
Metrodayken altından dumanlar çıkmaya başlamıştı. O zaman çok korkmuştum.,fear
Her iki kadın da peygamber olarak adlandırılmış ve harekete oldukça önemli katkılarda bulunmuşlardır .,neutral
kötü kokulardan tiksiniyorum.,disgust
Pis tuvaletler.,disgust
evde yalnız kalmaktan ve karanlıktan çok korkarım,fear
Senelerdir istediğim telefonuma emeğim karşılığında sahip olduğum an.,happiness
işler planladığım gibi gitmediğinde üzülürüm.,sadness
üniversite sınavını kazandığımda mutlu oldum,happiness
Vahşi bir şekilde öldürülen insanları öğrendiğim zaman bunları yapan canilerden tiksiniyorum.,disgust
ödevimi yetiştiremeyeceğimi anladığımda.,fear
Kolum çatladığında kırıldı sanıp korkmuştum.,fear
Arkadaşım arabayı hızlı kullanınca gözlerimi kapattım.,fear
Kusmuk.,disgust
Umumi tuvaletlerin kirliliğinden tiksiniyorum,disgust
Bu konuda Öğrenci İşleri Dairesi Başkanlığı tarafından hazırlanan kitapçık kayıt sırasında öğrencilere sunulmaktadır .,neutral
Karanlıkta almaktan korkarım.,fear
Kandırıldığım zaman.,anger
Sevdiğim bir insanın ölmesinden ciddi anlamda korkarım.,fear
bir insana yapılan ırkçılık beni tiksindiriyor.,disgust
"Hayatımın en mutlu anıymış , bilmiyordum. İlk kez aşık olduğum andı.",happiness
Sevdiğim dizi yeterli puan almayınca.,sadness
Trafik kazası geçirme korkusu.,fear
Haksızlığa uğramak.,anger
İnsanların aşırı tepkileri ve söylediklerimin ciddiye alınmaması.,anger
Kurtlar Vadisi Pusu dizisinde canlandırdığı Cevat Akarsu karakteri ile tanınmıştır .,neutral
balıkesirspor küme düşünce çok üzüldüm,sadness
Evin tuvaletinde sinek olmasından tiksinirim.,disgust
Giorgi’nin hükümdarlığının ilk yıllarına değin getirdiği çalışmayı tamamladı .,neutral
Telefon almaya gittiğimiz gün.,happiness
Tebeşir sesi.,disgust
yakınlarımın olası ölümleri,fear
genç görünüyorsun denildiğinde mutlu oluyorum.,happiness
Ablam  ve arkadaşlarım ile zaman geçirmek.,happiness
Bir hayvan severken mutlu oluyorum.,happiness
Yere düşen bir cipsi yiyen bir arkadaşıma.,disgust
Hedeflerime ulaştığım zaman.,happiness
Futbol turnuvasını kaybettiğim zaman.,sadness
Okulda gördüğüm  bir çocuk intihar ettiği zaman.,sadness
Öğretmenin bağırması ve masaya vurması.,fear
yemek sırasında önüme geçenlere çok sinirleniyorum.,anger
Beklemediğim bir anda pozitif bir olayın yaşanmasından mutlu olurum.,happiness
Oğlum yemek yerken öksürmeye başladığında acaba boğazına bir şey mi kaçtı diye korktum.,fear
Beşiktaş'ın başarılı olması.,happiness
Yakın arkadaşımın taşınacağını öğrendiğim an.,sadness
Televizyonda izlediğim haberlere üzülürüm.,sadness
Birisinin kusması.,disgust
"Benim çok fazla umursadığım bir şeyi karşımdakinin umursamaması , saygı göstermemesi.",anger
Yakınlarımdan birinin başına kötü bir olay gelmesinden ve kendimi yalnız hissettiğimde üzülürüm.,sadness
"Bu devletin var olduğu dönem ""İkinci Ermeni Cumhuriyeti"" olarak adlandırılmıştır .",neutral
Ağlamamak için zor tuttum kendimi..,sadness
sevdiğim insanların zor durumda olması beni korkutur ama yıldırmaz. Çünkü korkumun yanında her zaman bir umut da bulurum.,fear
Trafikte gereksiz tehlikeli hareketler yapan şoförlere.,anger
öne geçmişken tekrar yenilirse üzülürüm,sadness
Çeşitli Doğu Avrupa ülkelerinde Almanca konuşan azınlıklar bulunmaktadır .,neutral
bazı arkadaşlarımdan liseden sonra görüşememek.,sadness
Teşekkür aldığım zaman.,happiness
Benim seçimlerime saygı duyulmamasına kızıyorum,anger
Ölü böcek görmek.,disgust
Özellikle beyin hasarı geçiren hastaların sosyal etkileşimde yaşadıkları sorunlar dikkat çekmektedir .,neutral
Kız arkadaşım artık seni sevmiyorum dediği zaman.,sadness
biriyle konuşurken o kişinin başka taraflara bakarak beni dinlememesi ya da aniden başka birisiyle konuşmaya başlamasına sinirleniyorum.,anger
Ailemle geçirdiğim her an mutlu olurum.,happiness
Ayrıca kariyeri boyunca birçok devlet ve uluslararası kurumda da geçici görevler almıştır .,neutral
böceklerden farelerden tiksiniyorum.,disgust
SYAL'ı kazandığımda çok mutlu olmuştum.,happiness
Sınavdan yüksek not alınca.,happiness
Gereksizce verilen ödevlere.,anger
ilk bisiklet sahip olduğum zaman çok sevinmiştim.,happiness
Arkadaşlarımın kirli elleriyle bana dokunması beni tiksindiriyor,disgust
Köpek havlamasından korkarım.,fear
terk edilmekten dolayı çok kırgınım.,sadness
Çeşitli sağlık kurumlarında hekimlik ve medikal direktörlük görevlerinde bulundu .,neutral
Ayrıca Arnold ve Morgan Music Company adlı müzik mağazasında çalıştı .,neutral
Değer verdiğim insanın bana değer vermediğini anladığımda üzüldüm.,sadness
Mülteci bir çocuğun dayak yemesi.,sadness
Kalabalık ve kusmuk.,disgust
ağız kokusundan tiksinirim.,disgust
Söylediğim sözler yanlış anlaşılırsa öfkelenirim.,anger
Sevdiklerimin yanımda olduğu her an mutluyum.,happiness
Böcek gördüğümde.,disgust
tatile kuzenlerimin yanına gidince çok mutlu oldum,happiness
Göz göre göre yalan söylenmesi.,anger
"Sınavdan çalışmadığım yerden soru çıkması.
      Ailemden birisini kaybetmek.
      Arkadaşlarımın benden uzaklaşması.
      Yanlış anlaşılmak.",sadness
"""Atatürk'e"" kötü yorumlar yapıldığı zaman.",anger
Daha çok komedi filmlerinde komik tipleri canlandırdı .,neutral
Sınavlar bittiği zaman.,happiness
Ay sonu cebimde para olmamasından.,sadness
Mezun olduktan sonra Fransa denetleme mahkemesinde kurul üyesi olarak çalışmaya başladı .,neutral
Gece tek başıma karanlık bir yolda yürümekten çok korkarım.,fear
Annem ilk SVO atağı geçirdiğinde kan sulandırıcı iğne yapılmasını geciktiren doktora çok öfkelenmiştim,anger
Doğum günü sürprizi.,happiness
İyi bir not aldığım ve yeni bir kitap aldığım zaman.,happiness
ilk defa iki yıl önce yazın olan bir depremden gerçekten çok korkmuştum. evde tek başıma kalamıyorum.,fear
İlk sezonunda hem Yunan Ligi hem Yunan Kupası şampiyonluğu yaşadı .,neutral
Büyük olaylarla onlarca metrelik dalga yükseklikleri meydana gelebilir .,neutral
Toplu taşıma araçlarında ter kokan insanlar.,disgust
İşe yaramaz birisi olacağım düşüncesi.,fear
Değer verdiğim birisi uzun bir seyahate çıkınca.,sadness
Arkadaşlarımın beni dinlemeyip dik kafalı olması.,anger
Haksızlık ve ayrımcılık yapılması.,anger
Planladığım şeyler istediğim gibi gitmediği zaman.,sadness
Yediğim yemeğin içinden kıl çıkması.,disgust
Sınavdan düşük not alınca üzülürüm.,sadness
Eşyamın izinsiz alınmasına öfkeleniyorum.,anger
Geçen gün eşofmanımdan 15 tl buldum.,happiness
Arkadaşlarımın kötü davranışları.,anger
Yalan söylemediğim halde yalancı durumuna düştüğüm zaman.,anger
Sınav notumu aileme söylemek ve çalışmadan sınava girmek.,fear
"Böcekler, karanlık ve sınavlar.",fear
Ailem ya da arkadaşlarımla sorun yaşadığım zaman üzülürüm.,sadness
Dedemin ölmesi.,sadness
Yüksek beklediğim sınavdan düşük not almak.,sadness
Çay aynı zamanda Çin Ünlü Çayı unvanına sahiptir .,neutral
Böceklerden.,fear
Çok çalışıp iyi puan alamayınca.,sadness
Yolda giderken ölmüş bir kedi görmüştüm.,sadness
Düşük beklediğim sınavdan yüksek not almak.,happiness
çocuklarımla beraber olduğumda çok mutlu hissediyorum.,happiness
İyi olmadığım derslerden iyi not almak.,happiness
Sınav sonuçlarını öğrenirken korkuyorum. Bazen de hayatım hakkında düşündüğümde ne yapacağım hakkında korkuyorum.,fear
Ekoloji ve evrimsel biyoloji geleneksel olarak matematiksel biyolojide baskın alanlar içinde yer almışlardır .,neutral
Kusmuk görmek.,disgust
evlatlarımın sağlıklarını kaybetmesinden çok korkuyorum.,fear
Bunun sonucunda pek çok Arnavut evini terk etmek zorunda kaldı .,neutral
Kardeşim ameliyat olduğu zaman.,sadness
Yüksekten korkuyorum.,fear
İnşaatta çalışırken perdenin patlaması.,fear
Ailemle birlikte vakit geçirmek.,happiness
Antrenörümün önünde smaç vurunca havalara uçtum.,happiness
Havada yakıt ikmali sayesinde kıtalar arası menzile sahiptir .,neutral
Kazılar aynı yıl Kökten tarafından bir açma ile sondaj şeklinde yapılmıştır .,neutral
FB'nin şampiyon olması.,happiness
sigara içilmesi ve boş boş konuşulmasından tiksinirim,disgust
Serserilerden.,disgust
Diğer göçmen kuşların aksine gündüz göç yollarına devam ederler .,neutral
Filmde Kemal Sunal kiralık katil rolünü canlandırmıştır .,neutral
İyi geçen yazılıdan kötü not almak.,sadness
Güneş yeryüzündeki hayatın var olması için çok önemlidir .,neutral
Peynir yemeye başlayınca çok mutlu oldum.,happiness
Babamın vefatı üzerinden uzun yıllar geçtiği halde hala çok üzüyor.,sadness
Matematik sınavı öncesi.,fear
Arkadaşla kavga edince çok öfkelendim.,anger
Kusmuk görmek.,disgust
Hayvanların öldürülmesinden tiksiniyorum.,disgust
Boğulmaktan korkarım.,fear
Arkadaşlarım biriyle dalga geçtiğinde üzüldüm.,sadness
Dedem hastalandığında.,sadness
Karanlık bir yerde tek başıma kalmak.,fear
Tam sınavların bitip okulun kapanması.,happiness
Emir verir gibi konuşulduğunda.,anger
Annemin hastalığına çok üzülüyorum.,sadness
Sınıfımın kızlarını görünce tiksindim.,disgust
İnsanlarla tartışmak ve küsmek üzer.,sadness
Geğirme sesi.,disgust
"""Bursaspor"" şampiyon olduğu zaman.",happiness
Sevdiklerimle geçirdiğim her dakika.,happiness
"Bu durum ""açık ve mevcut tehlike"" testine yol açtı .",neutral
Yalan söylendiğini anladığım zaman.,anger
Ağzını tıka basa doldurup şapırdatarak yemek yiyen,disgust
"İnsan en büyük acıyı annesini,babasını ve kardeşini kaybetmekle hissediyor. Onlar karşılıksız sevgi ve dayanılacak bir dayanak. onlarsız hayat devam ediyorsa da her zaman onları özlüyorsun.",sadness
Sıra beklerken önüme geçen teyzelere sinirleniyorum.,anger
Pis insanlar.,disgust
sevdiğim bir eşyayı kaybetmek,sadness
Belalı tiplere bulaştığımda birinin bıçak çıkarıp sokmasından tırsarım.,fear
Yalan söyleyenlerden tiksinirim.,disgust
Fizik sınavından 100 beklediğim halde 98 aldığım zaman.,sadness
"Evde bir konu hakkında karar alınırken, beni ciddiye almamaları öfkelendiriyor.",anger
Zenci adamı karanlıkta gördüğümde olduğum yerde yarım metre sıçradım.,fear
Sevdiğim insanları kayıp etmekten korkarım.,fear
Ben bir şey anlatırken karşımdaki dinliyormuş gibi yapıp sonra ne diyordun diye sormasına öfkeleniyorum.,anger
Ilk kez elimi tutan lise arkadaşımın çok genç yaşta öldüğünü duyduğumda çok üzüldüm.,sadness
Almanya birleşmeden kısa süre önce ülkeden kaçtı .,neutral
Çocuklarım hastalanınca üzüldüm.,sadness
Teog sınavından beklediğim notu almam.,happiness
Saçımla oynanması.,anger
çocuğumu ilk kucağıma aldığımda sevinçten havalara uçtum.,happiness
Dersten başarısız olmam.,sadness
Pis bırakılan tuvaletler.,disgust
İnsanların rahat hareketleri.,anger
birinin ortak olan yemeğe kendi kaşığını daldırması,disgust
Yalnız bırakılmak öfkelendirir.,anger
Güzel bir lise kazandığım zaman.,happiness
Ertesi sezon Antalyaspor ile son kez Süper Ligde mücadele etti .,neutral
Tükürük ve kusmuk gördüğüm zamanlar.,disgust
Aldığım köpeği geri vermek zorunda kaldığım zaman.,sadness
Birini kokoreç yerken görmek.,disgust
Kusmuk.,disgust
Biyoloji öğretmeninin yaptığımız bir deney sonucu hepimize 100 vereceğini söylemesi mutlu etti.,happiness
Arkamdan konuşulduğu zaman.,anger
Kusmuk görmek.,disgust
Bindiğim uçak hava boşluğuna  girdiği zaman.,fear
Ağlayan veya üzülen birini gördüğümde ben de üzülürüm.,sadness
Ölümler ve tartışmalardan üzülürüm.,sadness
bir projemin çıktığını görmek,happiness
Terli elle el sıkışmak çok tiksindirici,disgust
yaz gecelerinde balkon kapısından içeri giren yeşil böceklerden tiksiniyorum.,disgust
Yurttaki banyo ve tuvaletlerden.,disgust
Ailem ile birlikte köye gittiğimiz zaman.,happiness
Telefon aldığımda. Güzel bir kız bana asıldığında.,happiness
Önemli bir şey anlatırken karşımdakinin beni dinlememesi sinirimi bozar.,anger
Ayrıca bir önceki sezonda şampiyon olan takım kupada üst üste ikinci kez şampiyon oldu .,neutral
kolejde okuduğum zamanda devlet okulunu kazandığımı duyduğumda çok mutlu olmuştum.,happiness
"kereviz, pırasa ve dereotunu midem pek kaldırmaz",disgust
Vahşi bir hayvanla yalnız kalmak.,fear
Dengesiz ve tutarsız insanlar.,anger
arkamdan iş çevirip yüzüme gülen arkadaşlarıma çok öfkelendim.,anger
Cin konuları açıldığı zaman.,fear
Türkiye'de gerekli her şeyin yasaklanmasına.,anger
arkadaşlarımla korku filmi izlemiştik. O akşam çok korkmuştum. Korkudan uyuyamamıştım.,fear
yaşayabileceğim ve yaşamam gereken duyguları yaşayamadığımı hatırladıkça.,sadness
Düşük not almam.,sadness
Çok çalıştığım matematik sınavından 100 alınca çok mutlu oldum.,happiness
Her sabah uyandığımda üzülürüm.,sadness
Ailemi ve sokaktaki mutlu insanları gördüğümde.,happiness
Tek başımayken garip sesler duyduğumda.,fear
İnsanların beni yanlış anlayıp yargılamasına.,anger
İnsanlardan beklemediğim tepkiler görmek ve başardığımı sandığım bir şeyi aslında başaramadığımı görmek.,sadness
en yakın arkadaşım başka yere taşınınca üzüldüm,sadness
Saygısızlık ve haksızlık yapıldığı zaman öfkelenirim.,anger
Örümceklerden.,fear
Ter kokan insanlardan.,disgust
Sınavdan yüksek not alınca.,happiness
Yapabileceğim bir şeyi yapamadığım zaman.,sadness
Matematik sınavından düşük not aldığım zaman.,sadness
ailemin çocuklar arasında ayrım yapması beni üzer.,sadness
Kardeşimin kapıya sıkışan elinin iyi olacağını öğrenince mutlu oldum.,happiness
Şehir gürültüsünden uzak doğayla iç içe olduğum zaman.,happiness
Deprem olduğu an.,fear
yanımda sigara içilmesini sevmiyorum.,disgust
Yolda gördüğüm çöplerden tiksinirim.,disgust
Hakkımın yenmesine ve söz hakkı verilmemesine öfkelenirim.,anger
Birisinin karşımda gözü ile oynaması ve dişini gıcırdatması.,disgust
Değer verdiğim insanla tartışırken bana ağzına geldiğini söyledi bense çok öfkelenmeme rağmen hiçbir şey söyleyemedim.,anger
Benimle ilgili bir konu görüşülürken bana danışılmamasına kızarım.,anger
Kızımın çok emek vermesine rağmen üniversite sınavında başarısız olma ihtimali beni korkutuyor.,fear
Babamın kalp ameliyatı sırasında çok korktum.,fear
Douglas genç bir adam olarak tıp okudu .,neutral
Ancak Michael göğsüne ateş ederek onu öldürür .,neutral
Sonraki yıllarda Yüreğir Türkmen Beylerinden Ramazanoğlu ailesinin idaresine girmiştir .,neutral
Yağlı yiyeceklerden.,disgust
En önemli oyun maçında internetin gitmesi.,anger
Bahçede beslediğim kedim ezildiğinde çok üzülmüştüm.,sadness
İlerleyen yıllarda Heidelberg ve Halle üniversitelerinde öğretim üyeliği yaptı .,neutral
rüyamda gördüğüm yakışıklı çocuğu gerçek hayatta gördüğümde mutlu olurum.,happiness
Arkadaşımın dışkı yemesinden tiksindim.,disgust
benimle dalga geçilirse sinirlenirim.,anger
insanların kendini zorla ön plana çıkarma çabasından bıktım,anger
"Romalılar döneminden bu yana İskoçya bölgesi ""Kaledonya"" olarak adlandırılmaktaydı .",neutral
Uzun süre sonra eve gitmek.,happiness
Bu sezon artık Bates ailesi dağılmaya başlıyor .,neutral
Bir süre Accademia di San Luca müdürü oldu .,neutral
Yurdun pisliğinden bıktım.,disgust
kokoreç tezgahlarını gördüğümde bile çok tiksiniyorum,disgust
Yerlere tüküren insanlardan.,disgust
Babaannemin vefatı.,sadness
Küçük yaşlarda fazla belirgin olmayan hastalık yaş ilerledikçe kendini iyice göstermeye başlar .,neutral
En son kutladığım doğum günüm.,happiness
Sevdiklerimin başına kötü bir şey gelmesinden korkarım.,fear
Aslında daha önce hiç yaşamadığım bir olayın tekrarından korkarım.,fear
ilk kuzenim doğduğunda ve onu kucağıma aldığım zaman çok mutlu oldum.,happiness
Kuşumun öldüğü zaman,sadness
Yanımdaki insana bir anda bir şey olması. Mesela bayılması ya da bir yerinin kanaması gibi.,fear
Kız arkadaşım doğum günümü unuttuğunda çok öfkelendim.,anger
abimin askerliği şırnağa çıkınca çok üzülmüştüm,sadness
Yakın bir insanın hayati durumunun kritik olmasından korkarım.,fear
Üniversiteyi kazanmak.,happiness
İsteklerimin gerçekleşmesi.,happiness
Tam banyo edeceğim sırada gördüğüm böcekten tiksindim.,disgust
İnsanlar beni yönlendirdiği ve bazı şeyleri yapmamı söylediği zaman öfkelenirim.,anger
Akşam 8.00 de kordonda bisiklet binerken arkama takılan sokak köpeklerinden korktum,fear
"Tecavüz kurbanlarına ""tecavüz edilip bir köşeye fırlatılan"" ""çok genç kızlar"" da dahildi .",neutral
Resimlerinde köpek sıklıkla görülen bir diğer figürdür .,neutral
beslediğim kedilerin ölmesine çok üzüldüm ve sokakta gördüğüm aç hayvanlara çok üzülüyorum.,sadness
Yemek hane sırasında önlerde olduğum zaman.,happiness
Ailemin benimle gurur duyduklarını hissettiğim an.,happiness
Kendini beğenmişlik.,anger
Kedinin fareyi yediğini gördüğüm zaman.,disgust
Hastanelerden korkarım.,fear
Elmasın adını aynı zamanda kaşıkçı olan bu kişiden aldığı söylenmektedir .,neutral
Fakat bu girişimler çeşitli sebeplerden dolayı başarıya ulaşamadı .,neutral
Ameliyat olmuş birisinin dikişlerine bakmak tiksindiriyor.,disgust
Hep aynı yemeği yemekten tiksindim,disgust
Birisi bana yalan söylediğinde.,anger
Yanlış insana değer verdiğimde.,sadness
Yemeğimden saç çıkmasına.,disgust
İnsanları gülerken gördüğümde ve ailemle birlikte olduğumda.,happiness
Taş olanlardan günümüze kadar gelenler de mevcuttur .,neutral
Son olarak da Bizans İmparatorluğu’ndan alınan İstanbul başkent oldu .,neutral
bebeğimin anne demesi,happiness
Matematikten yüksek not alınca mutlu olurum.,happiness
arkadaşlarım ve ailem tarafından önemsendiğimi hissedince mutlu oluyorum,happiness
mutfakların pis olmasından tiksinirim,disgust
Kişisel temizliğine önem vermeyen insanlar.,disgust
Cuma günleri okuldan çıkıp ailemle film izlediğim zamanlar.,happiness
Bazı böceklerden.,fear
Anadolu Medeniyetleri müzesinde bu bölgeden çıkarılmış birçok eser bulunur .,neutral
NÖBETÇİYKEN HASTA GELMEDİĞİNDE ÇOK MUTLU OLURUM.,happiness
ablam evlenirken çok mutlu oldum.,happiness
Ben istediğimi söylemeden anne ve babamın bunu anlayıp bana hediye almaları beni mutlu eder.,happiness
Eski tip gemilerde borda tek kattan oluşmaktaydı .,neutral
sokaktaki insanların yere tükürmesi beni her zaman tiksindirmiştir.,disgust
Gece ödevimi yapmadığımı fark ettiğim an.,fear
"Hak yenmesi, aptal yerine konmak.",anger
"Bu diyagram üzerindeki her bir noktaya ""durum"" denir .",neutral
Tuvaletimi kullanan misafirlerimden tiksiniyorum.,disgust
Kızımın ilk okul günü ben çok mutlu olmuştum,happiness
sınavdan yüksek not aldığımda mutlu olurum.,happiness
"Birisi bana ""seninle bir şey konuşacağım"" dediği zaman korkarım.",fear
Çavdar unundan yapılan ekmek de buğday ekmeği gibi hafif olur .,neutral
Anadolu lisesini kazandığım zaman.,happiness
Karanlıktan korkarım.,fear
Tatilde ailem beni ziyarete geldiğinde havalara uçtum.,happiness
Köpek görünce korkarım.,fear
"Bu serinin tasarımlarında ""Kazak Eli"" anıtı yer alıyor .",neutral
Böcekler ve yükseklik.,fear
Bir arkadaşımın kantinde yerime oturup masadaki çayı telefonun üzerine döktükten sonra inkar etmesine öfkelendim.,anger
Çok değerli bir eşyamı kaybetmek.,sadness
Tuttuğum takım kazanınca mutlu olurum.,happiness
Şirketin ilk el konsolu olup Neo Geo ailesinin bir parçasıydı .,neutral
Bağnaz kişilerden iğreniyorum.,disgust
Duştayken elektriklerin kesilmesinden korkarım.,fear
"2009 yılında kız kardeşimin bir oğlu doğdu çok mutlu oldum, teyze gerçekten anne yarısıymış.",happiness
İhanete uğramak.,anger
İstediklerimi gerçekleştirdiğim zaman.,happiness
Birisi benimle dalga geçtiği zaman.,anger
Gece tek başıma dışarda olduğumda korkuyorum,fear
Yaşadığımız evi satın alınca.,happiness
Matematik sınavından 50 aldığımda.,happiness
Sevdiğim bir şarkıcının konserine gitmek.,happiness
Hasarlı sinir teşhis edilir ve ortaya çıkartılır .,neutral
İğrenç espriler yapan kişilerden.,disgust
Basketbol oynarken mutlu oluyorum.,happiness
Yalnız başıma korku filmi izlemekten korkuyorum.,fear
Sınavdan yüksek aldığım zaman.,happiness
Öğrenciler uyarılarıma rağmen hala yanlış davranması.,anger
Altın rengi ise Dünya Kupası organizasyonunun enerjisi sembolize etmektedir .,neutral
Birisi beni tehdit ederse korkarım.,fear
Ailem ile gittiğim geziler.,happiness
Bitmek bilmeyen mide bulantılarımdan.,disgust
Sigaranın kokusundan.,disgust
Gitmeyi çok istediğim konsere gidemediğim için üzüldüm.,sadness
Babamın iş dolayısıyla yurt dışında yaşaması.,sadness
Filmin başrollerinde Ferdi Tayfur ile birlikte Deniz Akbulut oynamaktadır .,neutral
Beklediğimin altında not aldığım zaman.,sadness
Hazırlıksız geldiğim deste sınav yapılmasından korkarım.,fear
Bir yakınımın intihar ettiğini öğrendiğimde çok üzülmüştüm.,sadness
Birisi bana bağırdığı zaman üzülürüm.,sadness
Sınavların yaklaştığını hatırlayınca tırstım.,fear
Kadın ve erkeğin eşit olmadığını düşünenlerden.,anger
İki yeşil yıldız Suriye halkını temsil etmektedir .,neutral
kendini beğenmiş insanlardan tiksiniyorum.,disgust
köpek kovalamıştı.,fear
Savaş sonunda şehrin Müslüman nüfusunun büyük kısmı şehre geri döndü .,neutral
Yüksekten korkarım.,fear
ailemden birini kaybetme korkusunu yaşıyorum.,fear
Sevgilim olduğu zamanlar.,happiness
İzlediğim ilk korku filminden sonra günlerce tek başıma uyuyamadım.,fear
dolmuşta cüzdanım çalındığında kızmıştım.,anger
Araba çarptığı için felç olan bir kedi bulduğumda.,sadness
Küçükken kuzenimin kafasını yanlışlıkla duvara vurmuştum. Ölecek diye korkmuştum.,fear
"temiz olmayan bir oda beni tiksindirir.
      tiksinmek için bana temiz olmayan her şeyi kapsayabilir.",disgust
Köpeğimin üstüme kusması.,disgust
Grup çalışmasında birisinin sürekli öne çıkıp bana engel olmasına öfkeleniyorum.,anger
İnsanların bu kadar bencil ve kötü olmasına üzülüyorum.,sadness
Arkadaşımın babasıyla kavga ettiğini öğrendiğim zaman.,sadness
Tebeşirin tahtaya sürtmesi.,disgust
İnsanlara faydam olmadığı zamanlar.,sadness
Kitleler için ilk uygun pil ve taşınabilir elektrikli cihazları pratik hale getirdi .,neutral
Her hangi bir konuda başarılı ve en iyi olduğum zaman.,happiness
İnsanların yalan söylemesi.,anger
Coğrafya sınavını açıklarken hocanın yutkunmasından korktum.,fear
Taktirname belgesi  aldığım için sevindim.,happiness
Kadın ve erkek arasında ayrımcılık yapan komşumuza çok kızmıştım.,anger
İnsanların beni takip ettiğini düşündüğüm an.,fear
Aşağılanmak.,anger
Hemen hemen her şeye öfkelenirim.,anger
Bu liseyi kazanmak.,happiness
Kardeşim doğduğunda çok sevinmiştim.,happiness
At yarışının bir türü olan engelli koşu da aynı dönemde başlamıştır .,neutral
küçükken paramı ilk defa biriktirip büyük civciv oyuncak almıştım.,happiness
gizli kapaklı işler yaparken yakalanmak,fear
Ayrılık hissini duydum.,sadness
Her yaz ve kış tatilinde Makedonya'ya gittiğim zamanlar mutluyum.,happiness
Bana yalan söylenmesi ve ters cevap verilmesi.,anger
Ailem ya da arkadaşlarım ile kavga ettiğimde.,sadness
Bir arkadaşımın yalan söylediğini fark ettiğimde.,anger
dedem vefat ettiğinde,sadness
Yalan söylendiğini anladığımda.,anger
yüksek beklediğim sınavdan kötü not aldığımda,sadness
Haklı bir insana haksızlık yapılması.,anger
Ailemden birinin veya arkadaşlarımın başına kaza gelmesinden korkarım.,fear
okulunun adına turnuvaya katıldığım gün,happiness
Eğitimini Kanada’nın Toronto şehrinde yer alan Upper Canada College’da aldı .,neutral
Bu onu iyi bir kitap sever yapmıştır .,neutral
Pis bir yatakta yatmak.,disgust
Ailem ve arkadaşlarımla vakit geçirmek.,happiness
Ayrıca bu evliliği diğer arkadaşları ile arasının açılmasına da neden oldu .,neutral
Israrla istemediğim bir şeyin yapılması.,anger
Beşiktaş şampiyonlar liginden elendiğinde.,sadness
Düşük not almak.,sadness
Bunun haricinde ülkenin güneydoğusunda Hint Okyanusu yer almaktadır .,neutral
Yapımında çoğunlukla kesme taş kullanılmış köprüde korkuluk ve süsleme bulunmamaktadır .,neutral
Yeni aldığım tişört'ü asarken aniden rüzgar çıkıp uçurması.,sadness
köpeğimin alerjisi başladığında çok üzüldüm.,sadness
kardeşim doğduğunda çok sevindim,happiness
Beklediğim puanı alamamak.,sadness
Karşımda sakız çiğneyen insanlardan.,disgust
"Sokakta kimsesiz yatan insanları gördüğümde, yaralı hayvanları gördüğümde, istediğim bir şeyi alamayınca ve beni kandırmaya çalıştıklarında üzülürüm.",sadness
Bu grupların içinde kendine has lehçe ve kimlikleri barındıran alt kabileler bulunmaktadır .,neutral
Müslümanım diyen kişilerin gerçek Müslümanlığı yaşamaması.,sadness
Yere balgam atan kişileri gördüğümde.,disgust
Sorumluluğunu yerine getirmeyen kişiler sinirlendirir.,anger
Korku filmi izlerken.,fear
İstanbul Üniversitesi Devlet Konservatuvarı Tiyatro Bölümüne girdi .,neutral
Bekleme sırasında kaynak yapılması.,anger
Yolda yürürken yere tükürenlerden iğreniyorum.,disgust
Beklediğimden yüksek not almak.,happiness
Yağmur yağdığı ve havaların soğuduğu zaman.,sadness
Hayvanlardan ve korku filmlerinden.,fear
ablamın çok önemli bir sınavı kaybetmesi,sadness
Yola tükürülmesi.,disgust
Sınav haftası.,fear
Arkadaşım sözümü kestiğinde.,anger
Sevgilim beni bıraktığında üzüldüm.,sadness
Ders boş geçince mutlu olurum.,happiness
Kendisini üstün gören insanlara.,anger
Ayrıca bu antlaşmayla beraber Osmanlı Devleti; doğudaki en geniş sınırlarına ulaşmıştır .,neutral
Yılan gördüğüm zaman.,fear
Matematikten 100 almak.,happiness
"Armanın en altında ortada Beyaz Rusça ""Belarus Cumhuriyeti"" yazar .",neutral
Goth ailesinin kızları Cassandra ise yetişkin olmuştur .,neutral
Böcekler.,disgust
tanımadığım bir muhitte gece geç saatlerde gezmek beni tedirgin eder.,fear
Tabiki bir bankacı olarak tutmayan hedefler dolayısı ile performans toplantılarındaki yiyeceğin fırçalar..,fear
Sigara içilen otel odasındaki yatakta yatmaktan her zaman tiksinti duyarım,disgust
Araba kazası yaptığımızda.,fear
İstemediğim bir şey ısrarla yapıldığı zaman.,anger
Korku filminin etkisi ile sık sık tren altında kaldığımı görüyorum ve korkuyorum.,fear
çiğnenmiş sakızı kim olursa olsun herhangi bir yere yapıştırmasından tiksiniyorum.,disgust
Ani şeyler.,fear
Yakın arkadaşı Rıfat Ilgaz hakkında bir inceleme yayınladı .,neutral
Mezuniyet törenimde.,happiness
Ödevim olmadığı zamanlar huzur dolar içime.,happiness
Psikolojime göre değişir.Bazen benden kötü durumdaki insanlar olduğunu  düşünüp mutlu olurum.,happiness
Ön yargılı insanlar.,anger
Kedimi kaybettiğimde üzüldüm.,sadness
Onu kaybetmek.,fear
Arkadaşlarımla konuşmaktan mutluluk duyarım.,happiness
Daha önce akrep soktuğu için akreplerden korkarım.,fear
Matematik dersi.,fear
karlı havalarda arabayla bir yere gitmek beni korkutuyor.,fear
köpeklerden çok korkarım.,fear
Olağan İl Kongresi’nde İstanbul İl Başkanı seçildi .,neutral
rahmetli anneannemi düşünmek çok hüzünlendiriyor.,sadness
Yemek yediğim zaman.,happiness
korku filminde izlediğim bir sahneden çok tiksinmiştim.,disgust
Karanlık.,fear
Salak yerine konulduğumda.,anger
Düşük almayı beklerken yüksek not almak.,happiness
Birkaç yıldır en popüler radyo programlarından biri olarak devam etti .,neutral
Üniversiteler artık Bologna süreciyle beraber ders içerikleri ve planlarını da yayınlamaya başladılar .,neutral
"biri beni geçince, geçen kişiden tiksinirim.",disgust
Kabus gördükten sonra korkarım.,fear
Dedemin vefatı.,sadness
İlk kez evde tek başıma kaldığımda korkmuştum.,fear
Pis kokan tuvaletler.,disgust
Gerçek olmayacak bir hayalimin gerçekleşmesi.,happiness
Kardeşimin ve başkalarının benimle dalga geçmelerine öfkelenirim.,anger
Beşiktaş'ın şampiyon olması.,happiness
İlk okul arkadaşım bir arabanın çarpması sonucu öldü.,sadness
Kabus gördükten sonra uyku felci geçirmekten korktum.,fear
Ezilmiş bir kedi görmüştüm.,sadness
Karşımdaki beni dinlemediği zaman.,anger
Farelerden.,fear
Paraşütle atladığım zaman korkmuştum.,fear
Büyüklük taslayan insanlara öfkeleniyorum.,anger
Middlesbrough takımı ise ilk kez final oynadığı bu organizasyonda başarısız oldu .,neutral
Her zaman mutluyum.,happiness
Arkadaşım üstüme balgam attı.,disgust
Mazot ve ağır parfüm kokuları.,disgust
Bu tarihten itibaren mahallenin adı Kışla olarak kalmıştır .,neutral
Baharat günümüzden binlerce yıl önce Doğu ülkelerinde kullanılıyordu .,neutral
Her zaman üzülüyorum. Sınav haftası saçlarım dökülüyor.,sadness
Venedikliler döneminde bunların çoğu yıkılarak sur yapımında kullanıldı .,neutral
Tatilden döndüğümde annemin hastalandığını görünce çok üzüldüm.,sadness
Deri hastalığı olan birisini gördüğüm zaman.,disgust
Kan alınması.,fear
İnsanların konuşmalarında tutarsızlık yakaladığım an.,anger
Dersin boş geçmesinden mutluyum.,happiness
Yüksek hassasiyet düzeyinde zaman ölçümleri için atom saati kullanılır .,neutral
Ardından askere gitti ve uzun dönem askerlik görevini asteğmen olarak tamamladı .,neutral
Ailemden birisiyle tartıştığım zaman üzülürüm.,sadness
Yemeğin içinden kıl çıkması.,disgust
Sokakta yere tüküren insanlar.,disgust
Dedem öldüğü zaman.,sadness
Yılanlar.,fear
Sınav sonrası kötü not alınca öfkelenirim.,anger
Ayak görmek.,disgust
Canımdan çok sevdiğim arkadaşımın kendine göre haklı sebeplerden dolayı intihar etmesi.,sadness
Koleksiyonun sahibi Birleşik Krallık halkıdır ve giriş serbesttir .,neutral
Kalabalık bir ortamda küçük düşürülürsem üzülürüm.,sadness
Gece yarısı uyanıp kendimi kötü hissettiğim zamanlar korkarım.,fear
Bir arkadaşımın yere balgam atması.,disgust
Filmde diyaloglar olmasına rağmen çoğunlukla şarkı ve pandomim kullanılmıştır .,neutral
Yalan söylenmesinden ve eşyalarımın izinsiz kullanılmasından öfkeleniyorum.,anger
İyileşmeye başlama sürecim.,happiness
ailemle bir yere gitmiştik bir an ailemden kimseyi göremeyince ürperdim.,fear
Helsinki daha sonraki süreçte şampiyonanın yapılacağı kent oldu .,neutral
Annem ile eve geç gittiğimde ettiğimiz kavgadan dolayı.,sadness
Ev halkının evi dağıtmaları bana özellikle yapılmış gibi geldiğinden tiksiniyorum.,disgust
Yüksek not aldığımda.,happiness
"Gece korktuğumda tuvalete bile kalkamayabilirim, uyuyor taklidi yaparım",fear
Ancak daha sonra yüksek güçlü bölge radyolarına geçildi .,neutral
Kabus görmekten korkarım.,fear
Çöpün pis kokusundan.,disgust
Yakın çevreme bir şey olursa.,sadness
"Yılan görmek , kusmuk ve yapmacık hareketleri olan kızlar tiksindiriyor.",disgust
İlk yerleşmeleri su kenarlarına kuran insanlar çay çevresini de kullanmıştır .,neutral
"""CS:GO"" oynarken bir oyuncu önünden geçen ve aynı zamanda ona bakmayarak hareket eden düşmanını öldüremezse çok öfkelenirim.",anger
Özellikle kabuk değiştirme dönemlerinde bitkiler onlar için iyi bir saklanma ortamı sağlayacaktır .,neutral
Tatile girdiğimde mutlu olurum.,happiness
Kaybolan köpeğim eve döndüğü zaman.,happiness
Çok istediğim bir şey olmazsa üzülürüm.,sadness
Bir hidroelektrik santral binlerce parçadan meydana gelir .,neutral
Çok çalışıp kötü not aldığım zamanlar.,sadness
Asansörde kalmak.,fear
Çok yakın bir arkadaşımı kaybettiğimde.,sadness
Korku filmleri.,fear
sürpriz doğum günü,happiness
Ağabeyimin annem ve babamla kavga ettiği zamanlar sinirleniyorum.,anger
Arkadaşım sinemaya birlikte gideceğimize söz verdi fakat gelmedi,anger
Bu sıralamayı yöneten kişi sayısına oranla iyi veya kötü olarak belirtir .,neutral
sınıfı pek iyi ile geçince havalara uçtu,happiness
Özgür olduğum zamanlar.,happiness
geçen sene TEOG'da iyi bir derece yapıp okulumu kazanınca çok mutlu oldum.,happiness
Babamın balıktan döndükten sonra avladığı ahtapotun tepsinin içinde birden hareket etmiş olması beni çok korkutmuştu.,fear
Yurt dışında gece evime dönerken yolumu kaybedip ıssız sokaklara girmek beni korkutmuştu.,fear
Bununla birlikte esir düşen Peçenekler’inde Selçukluların hizmetine girmiş olması muhtemeldir .,neutral
Babamın bana telefon almasından mutlu oldum.,happiness
Aniden karşıma bir şey çıkınca korkuyorum.,fear
ilk torunum dünyaya geldi onu kucağıma aldığımda mutluluktan ağladım. ben de bir anneanne oldum.,happiness
Bu sayede mahallenin Bizanslılar zamanında var olduğu anlaşılmaktadır .,neutral
Sevdiklerimi kırdığımda kendime çok kızarım.,anger
Bu gösterinin haber ve fotoğrafları yerli ve yabancı yayın organlarında uzun süre yer almıştı .,neutral
Kötü bir not alırsam üzülürüm.,sadness
Bana 4. sınıfta masaüstü bilgisayar alınmıştı.,happiness
herhangi bir dersten DD altı bir notla kalırsam öfkeleniyorum,anger
Erkeklerin yırtık veya kısa paçalı pantolon giymesinden hoşlanmıyorum.,disgust
Rüyamda gördüğüm kabuslar.,fear
Haksızlıklar.,anger
insanların saçları yağlı bir şekilde durması beni tiksindiriyor.,disgust
Hız trenine binmek.,fear
Beşiktaş'ın şampiyon olamaması.,sadness
Böcek gördüğümde.,disgust
Yanlış cevaplar için herhangi bir ceza yoktur .,neutral
Düşük not almaktan.,fear
dedemin ölümü beni çok üzdü,sadness
Net olmayan durumlar ve haksızlık beni öfkelendirir.,anger
Metronun kokusu.,disgust
Bu iki albümün tamamında Sinan Akçıl tarafından yazılıp bestelenen şarkıları seslendirdi .,neutral
dedemin vefatı,sadness
Porter ile stout arasında pek çok farklılık bulunmaktadır .,neutral
Röportajda şarkı sözü seçimi daha da detaylı açıklandı .,neutral
Notlarımın eskiye oranla daha düşük olmasına üzülüyorum.,sadness
Fenerbahçe ilk hazırlık maçına İstanbulspor karşısında çıktı .,neutral
Yalnız kaldığım hissine kapıldığımda üzülürüm.,sadness
Küçük kardeşimle kavga ettiğimde annem bana bağırdı ve çok öfkelendim.,anger
"Yılbaşında arkadaşlarla gittiğimiz ""Alaçatı'daki"" günümde çok mutlu oldum.",happiness
Ailemin şu an ki ekonomik durumuna,sadness
İkiyüzlü insanlara hissettiğim duygu,anger
Tatilde annemin yanına gittiğimde.,happiness
Ortak tuvaletleri sevmiyorum.,disgust
Eski  sevgilim başkası için beni terk ettiği zaman üzülmüştüm.,sadness
Bilgisayar oyunu kazandığımda.,happiness
Düşük not almaktan korkarım.,fear
Böylece listeye birinci sıradan giren on üçüncü erkek sanatçı unvanına sahip oldu .,neutral
"Bu frekansın ""Kesinliği"" fazladır ve cihazları az yer kaplar .",neutral
Sabahattin Ali'yi okurken mutlu oluyorum.,happiness
Düşüncelerime saygı duyulmadığı zaman.,anger
Ailemle geçirdiğim tüm zamanlar beni mutlu ediyor.,happiness
en yakın arkadaşımın yalan söylemesi,anger
Bir arkadaşım daha fazla yemek yiyebilmek için kendini kusturuyor.,disgust
hamam böceğinden çok tiksinirim. Onu gördüğüm zaman midem bulanır o derece.,disgust
Ona göre insanı ve toplumu ileri götürecek şeylerin başından özgür düşünce gelir .,neutral
"Ayşe Mine ""Erkek Milleti"" adındaki plağı ile Altın Long Play ödülünü kazanmıştır .",neutral
Hitler ve Eva Braun intihar ettiği odanın dışında nöbet tuttu .,neutral
Toplu taşıma araçlarındaki tutma demirleri.,disgust
Birisi aynı soruyu üst üste sorduğu zaman sinirleniyorum.,anger
Benim yaptığım şeylerin taklit edilmesi.,anger
Okul olmadığı zamanlar.,happiness
Güldüğüm zamanlar.,happiness
Ağır yüklerin taşınmasında endüstriyel robotlar önemli bir rol oynamaktadır .,neutral
Bazılarının çıkar için karşısındakine iyi davranması.,anger
dayımın çocuğu olmasını dört gözle bekledim ve evet sonunda oldu,happiness
Birisi önüme bir anda çıktığı zaman.,fear
Köpeğe araba çarptığını gördüğüm zaman.,sadness
Çevremde küfür eden insanlardan.,disgust
Yapmadığım bir şeyin yapmışım gibi gösterilmesi.,sadness
İyi not alınca ve aile içinde güzel bir olay yaşanınca.,happiness
Sınavlardan iyi bir puan aldığımda.,happiness
Emrivaki yapılmasına sinirlenirim.,anger
Böcek görünce tiksiniyorum.,disgust
Etrafımdaki insanların benden beklediklerini gerçekleştiremediğim zaman.,sadness
İğne gördüğüm zaman korkarım.,fear
Karanlıkta yalnız kalmaktan ve kan görmekten korkarım.,fear
"yerde duran siyah bir ipin böcek olma ihtimali beni korkutur. ""CS:GO"" oynarken rakip takımın ""rus"" olması beni korkutur.",fear
Arkadaşlarımla birlikte olunca mutlu olurum.,happiness
Yazılım projemiz için sponsor bulduğumuzu öğrendiğimde.,happiness
her seferinde beni üzen canım arkadaşımın sürekli benden özür dilemesinden tiksiniyorum.,disgust
Bir akrabamı kaybettiğimi düşündüğüm zaman.,sadness
Çorbamdan sinek çıktığı zaman.,disgust
Kardeşime dikkatsizce bakıyorlardı o zaman öfkelenmiştim.,anger
Tanıdığım bir akrabamın vefatında çok üzülmüştüm.,sadness
İngilizce sınavından düşük not aldığımda.,sadness
Dünyadaki en çok satılan beş gazeteden dördü Japon gazetesidir .,neutral
annemle babamı öptüğümde gözlerindeki mutluluğu görünce ben de mutlu oluyorum,happiness
Bu tarihten önce yarışmalarda sadece serbest program yapılırdı .,neutral
Ona çıkma teklif etmek için yollar düşünmeye başlar .,neutral
Yere tükürülmesi.,disgust
Büyük tuvaletini dışarı yapan birisini gördüğümde.,disgust
Gece uykumdan uyandırılmak.,anger
Çocuğumun başına kötü bir şey gelmesi fikrinden korkarım.,fear
En zor antrenmanı sakatlanmadan bitirdiğim zaman.,happiness
Bilgisayarıma birisi baktığında.,anger
Topal ve yaşlı bir adam beni taciz etmişti.,fear
Yanımda sigara içildiğinde tiksinirim.,disgust
En yakın arkadaşımla farklı okullara gideceğimizi öğrendiğim zaman.,sadness
Oynadığım maçta hakemin benim aleyhime yanlış karar vermesi.,anger
Matematikten kötü not aldığımda.,sadness
Otobüslerdeki gereksiz tartışmalara.,anger
Kazananlar en başta koyu renk ile gösterilmiştir .,neutral
Kızımın not yükseltmek için girdiği sınavda notunun düşürülmesi olayına çok kızmıştım. MEB'e kadar dilekçe ile başvurarak haksızlık yapıldığını anlatmıştım.,anger
Yılan gördüğüm zaman.,fear
Dedem öldüğü zaman.,sadness
Değer verdiğim insanların bana değer vermediğini hissedersem öfkelenirim.,anger
Kusmuktan tiksinirim.,disgust
Hayvanların üzerindeki pireler.,disgust
Bilmediğim bir şeyle karşılaştığımda.,fear
insanların yanımda kusmasından hoşlanmıyorum.,disgust
Sınavdan sonra 100 alınca.,happiness
Chicago Bulls ve Los Angeles Lakers ile dört kez şampiyon oldu .,neutral
Yakınlarımı kaybettiğimde üzülürüm.,sadness
Gereksiz yere bekletildiğim zaman.,anger
Issız yerlerden.,fear
İşten her an atılacağım diye korkuyorum.,fear
Doğu kıyılarında ise yeşil bir bitki örtüsü vardır .,neutral
dağınıklıktan tiksinirim.,disgust
Dersin boş geçeceğini öğrendiğimde mutlu olurum.,happiness
Ailemi tehdit eden adamı döverken.,happiness
Ailesinden birini kaybedeni gördüğümde ben de üzülürüm.,sadness
Arkamdan köpek koşturmuştu.,fear
Kendisi sonra Japon dilinde şarkılar söylemeye başladı ve Japon müzik piyasasına adım attı .,neutral
Kısa ve geniş yan yüzgeçleri vardır ve sırt yüzgeçleri bulunmaz .,neutral
Başkanlık seçimi; İslami Devrim Lideri Uzmanlar Meclisi tarafından atanır ve görev ömür boyu sürer .,neutral
Testere filmi.,fear
Arkamdan konuşulması.,anger
Yüzmeyi öğrendiğim zaman.,happiness
Daha sonraki dönemde Arpad Hanedanı ve devamında Macaristan Krallığı egemenliği altına girdi .,neutral
arkadaşımın başka bir arkadaşım hakkında yaptığı acımasız eleştiri beni sinirlendirdi.,anger
Rahat bir uyku ve yemek yediğim zamanlar.,happiness
Gazete Küba’da ve diğer ülkelerde sık okunmaktadır .,neutral
Denizde ayağıma ahtapot sarılmıştı.,fear
El şakası.,anger
Gereksiz sohbet eden ve iğrenç şaka yapan insanlardan tiksinirim.,disgust
Turistler için çok sayıda konaklama seçeneği vardır .,neutral
İşe girecektim fakat giremedim,sadness
yoksul insanlar için bir şey yapamadığım için çok üzgünüm,sadness
İnsanlığın kölesi olmak.,anger
Bazı deri hastalıklarına bakınca tiksinirim.,disgust
Artık hayatta başka yolların peşine düşme zamanı .,neutral
bütünleme sınavına kaldığımı öğrendiğim zaman üzüldüm.,sadness
oğlumun üniversite sınavında başarılı bir sonuç aldığımda çok mutlu oldum,happiness
yemekte brokoli olması beni tiksindirir,disgust
Annem bana sakatat yedirmeye çalıştığında.,disgust
Sınavlardan kötü not alırsam.,sadness
Yakın olmadığım insanlarla aynı tabaktan yemek yemekten tiksinirim.,disgust
Yardımcı bina ise tek kat olmakla birlikte beden eğitimi dersleri burada işlenmektedir .,neutral
evde elektrikler gidip karanlıkta kalınca çok korktum.,fear
Bu fazla rahat bir yöntem olmadığı için eleştirildi .,neutral
Sokakta yere tüküren adamlardan tiksiniyorum.,disgust
Zaten o zamanlarda Lenin partinin fiili lideriydi .,neutral
Saçma bir şaka yapılınca kızarım.,anger
Veli toplantısından sonra öğretmenin anneme beni övmesi mutlu etti.,happiness
Dün sevgilimle ayrıldık.,sadness
başarı elde edince mutlu oluyorum,happiness
TEOG sınavında fen ve teknoloji öğretmenim yüzünden 12 yanlış çıkarmak.,anger
Farelerden ve solucanlardan çok tiksiniyorum.,disgust
Her türlü çiçek yetiştirilir ve iyi pazar bulunur .,neutral
Amerika'daki akrabalarımızın ziyareti beni mutlu etmişti.,happiness
Kardeşimin eşyalarımı almasına.,anger
Aynı yılda Romalılar tarafından idam edilen Yahudiler içinde Pappus ve Julian de bulunmaktaydı .,neutral
Sevdiğim bir arkadaşımın arkamdan konuşmasına.,anger
Ortaokuldaki turnuvalarda sınıfımıza haksızlık yapıldığında çok öfkelenmiştim.,anger
sevdiğim dizinin tekrar çekilmesi,happiness
Yollara tüküren insanlar.,disgust
Plansız ve ani yaşamak genelde beni mutlu eder.,happiness
İstediğime ulaştığım zaman.,happiness
Yalnız kalmak beni mutlu eder.,happiness
Metroya ilk bindiğimde korktum.,fear
Sokak köpeklerinin havlamasından korkarım.,fear
Karanlıktan ve ailemi kaybetmekten korkarım.,fear
Sevdiğim bir insanın hayatının son bulması.,sadness
Arkadaşımla sahilde oturduğum zamanlar.,happiness
İstediğim bölümü kazanamaz isem çok üzülürüm.,sadness
Birisinin yalanını yakaladığım zaman.,anger
Kariyerinde resmi maçlarda hiç kırmızı kart görmemiştir .,neutral
Yemek yerken ağzını açan insanlardan.,disgust
insanların benim kişiliğim hakkında eleştirileri beni öfkelendirir,anger
Küfür edilmesi.,anger
cehalet mutluluktur.,happiness
Tanımadığım insanların garip bakışları beni korkutur.,fear
Sevdiğim kız bana abi dediğinde dünyam başıma yıkıldı.,sadness
trafik kazası yaptığımız zaman çok korkmuştum.,fear
Sevdiğim dizinin yeni sezonu başladığı zaman.,happiness
Öğretmenim çok uğraştığım projemi kabul etmedi.,sadness
Arkadaşlarımla kutladığım yılbaşı eğlencesinde mutlu oldum.,happiness
Arkadaşlarımın cevap vermek istemediğim sorular sormalarından hoşlanmıyorum.,anger
Şehirde Yahudi hayatının merkezi olan bir Yahudi Cemaat Merkezi bulunur .,neutral
Düğünlerde bir araya gelen tüm ailem ile güzel vakit geçirdiğim zaman.,happiness
arkadaşımla kavga ettiğimde sinirlendim,anger
Haksız yere suçlanmak.,anger
Çalışanlarımdan biri işten ayrıldığında çok üzüldüm.,sadness
Takım ilk resmi maçında ilk sayısını atma şerefine erişmiş ilk takım olmuştur .,neutral
Okul tuvaletleri.,disgust
"Bölgeler arası folklor yarışmasını kazanınca çok mutlu oldum.
      Yeğenimin ilkokula başlamasından mutlu oldum.",happiness
Erkek arkadaşımdan ayrıldığımda veya etrafımdaki sevgililerin ayrıldığını gördüğümde çok üzülüyorum.,sadness
Ertesi yıl Tiflis demiryolu hattı da bağlandı .,neutral
Kusmuk gördüğümde tiksindim.,disgust
Kız çocuğuna bu festivalde isim verilirken erkek çocukları için sünnet beklenir .,neutral
kızım doğduktan sonra bana yaşam kaynağı oldu,happiness
İnsanların birbirini sınıflandırıp parçalamasından tiksinirim.,disgust
Okula geç kaldığımda öğretmenin geç yazmasına öfkeleniyorum.,anger
Arkadaşlarım verdikleri sözleri tutmayınca çok öfkelendim.,anger
Köpeğim öldüğü zaman.,sadness
Sınav haftasının başlaması.,fear
"""Burger'dan"" akan sosların görüntüsü iğrenç",disgust
Tuvalet sırasının çok olmasından korkarım.,fear
Bana yalan söylendiğini öğrendiğimde çok öfkeleniyorum.,anger
şirkette tasarladığım devreler çalışmadığında fena üzülürüm,sadness
Yeni bir telefon alındığında çok mutlu olmuştum.,happiness
gittiğim bir mekanda içilen sigaranın kokusu saçlarıma sinince tiksindim.,disgust
Fareden korkuyorum.,fear
Türkiye'nin neresine gidersem gideyim kendi kanımdan insanların beni yalnız bırakmaması.,happiness
Sekiz şarkı ilk üçe girebilmek için yarıştı .,neutral
Sevdiğim birisini ağlarken gördüğüm zaman.,sadness
Çalıştığım bir dersin sınavı kötü geçince üzüldüm.,sadness
Köpek tarafından kovalanmak.,fear
Arkadaşlarım tarafından tartaklandığımda üzülürüm.,sadness
Ailemle geçirdiğim zamanlarda mutlu olurum.,happiness
Uçağa ilk bindiğimde korktum.,fear
Korku filminde korktum.,fear
Her an mutlu olmak lazım.,happiness
Çok çalıştığım sınavda başarısız olunca üzülürüm.,sadness
Daha sonra sırasıyla Vasco da Gama ve Çaykur Rizespor kulüplerinde oynadı .,neutral
Onunla anılarım aklıma geliyor. Artık olmayışını hala kabul edemiyorum.,sadness
Sınavlardan.,fear
Aşırı ve gereksiz şeyler sorulduğunda öfkelenirim.,anger
ders bozulduğu için çok öfkelendim.,anger
Sokak çocuklarına bir şeyler aldığımda onların yüzündeki mutluluğu görmek.,happiness
Annem beni dövdüğü için öfkelendim.,anger
Kusmak.,disgust
Fizik sınavından 30 aldığım zaman.,sadness
sokak hayvanlarına yapılan çirkin muamele beni çileden çıkartıyor,anger
Doğum günümü arkadaşlarımın kutlamaması beni çok üzdü.,sadness
Bazı sınavlarda stres oluyorum.,fear
Kötü kokudan tiksinirim,disgust
bayramda rahatsızlanıp hastanede yatmak zorunda olduğumu öğrenince çok korkmuştum,fear
Emeğimin karşılığını aldığımda ve takdir edildiğimde.,happiness
Salladığım cevabın doğru çıkmasından mutlu olurum.,happiness
Korku filmi izlemekten korkarım.,fear
Emin olduğum soruyu yanlış yapmak.,sadness
Bu gazların kaynama noktası normal ısının altındadır .,neutral
İnsanların küçük düşürülmesi.,anger
Küflenmiş bir yemek gördüğümde tiksinirim.,disgust
Kadın Erkek eşitsizliğini görmek öfkelendiriyor.,anger
Yeğenim doğduğunda çok mutlu oldum.,happiness
babamın hastalığını öğrenince çok üzüldüm.,sadness
Haksız yere suçlanmak.,anger
Rüyamda ailemden birisini ölmüş gördüm . Çok korktum.,fear
vefat eden babaannemin üzüntüsü,sadness
Çok hırslı hem parayı hem de göz önünde bulunmayı seviyor .,neutral
Sevdiğim bir oyunu bitirince.,sadness
Kedim kafasını çarptığı zaman.,sadness
Limon yenmesi.,disgust
karşımdaki kişi benimle yaşıt olduğu halde bana emir verdiği zaman çok sinirlendim.,anger
Ayrıca günlük kendi kendine meditasyon ve iç gözlem aracı olarak da kullanılabilir .,neutral
"Uzun yıllar bende sigara içtim. Sağlık nedeni ile bıraktım. Sigara lafı bile tiksinti verir. Soğuk bir kış günü, Halil diye tiryaki bir arkadaşım misafirimiz oldu.Hoş beşten sonra çaylar geldi.Benim durumumu bilmesine rağmen,sigara içmek istedi.Hanım da benden önce dışarıda içebilirsin dedi. Dışarısı soğuk dedi. Bir tane yakacağım dedi! Nitekim sigarayı yaktı. Üzerimizde misafir,hanım kapıyı pencereyi açtı.O içti biz üşüdük. Tadı kaçtı. Şu an sigara lafından tiksinirim.",disgust
İyi maç oynadığımda.,happiness
birinin yardıma muhtaç olmasına üzülürüm.,sadness
Evde tek başıma karanlıkta kaldım çok korktum,fear
Trafikte önüme araba kırdıklarında.,anger
Arkadaşsız kalmak.,fear
Beatrix kraliçe seçildikten sonra yönetim şekline bir değişiklik getirmiştir .,neutral
hayvanlara kötü davranan insanları görünce çok üzülürüm,sadness
Sabancı Üniversitesi Uluslararası Danışma Kurulu üyeliği görevini de yürütmektedir .,neutral
Yemeğimin içinden saç çıkınca iğreniyorum.,disgust
Birisi hakkımı yediği zaman öfkelenirim.,anger
Ev sahibi Rusya turnuvaya direkt olarak katılmıştır .,neutral
Yere tükürün insanlardan tiksinirim.,disgust
Arkadaşımın yalan söylemesi.,anger
Arkadaşımla geçirdiğim güzel vakitlerde mutlu oluyorum.,happiness
Tatillerde ailem ve arkadaşlarımla birlikte olduğumda mutlu oluyorum.,happiness
Sümük gördüğüm zaman.,disgust
Kusan birisini gördüğüm zaman.,disgust
Kendi mesleğimi yapamamak beni üzdü.,sadness
Elimi duvardaki deliğe soktum ve içinden 10 tane böcek çıktı.,disgust
Fizik performans ödevinden 75 aldığımda.,happiness
Değer verdiğim birisinin beni yanlış anlamasına.,sadness
Sınavdan düşük not alınca üzülürüm.,sadness
sırrımı tutmayan insanlardan tiksiniyorum,disgust
Poğaçadan saç çıktı.,disgust
Genellikle bu arabaları üretmek için modern teknoloji ve üretim tekniklerini kullanır .,neutral
Yakınımın vefat etmesine.,sadness
arkadaşımla tartıştığım içi onu bırakıp gece yarısı eve yalnız gelirken korkmuştum.,fear
Mili Piyango'dan para kazanmıştım.,happiness
Sınavdan düşün not aldığımda.,sadness
Basketbol maçını kazandığımızda.,happiness
İnli cinli film izlerken korktum.,fear
Muş isminin nereden geldiğine yönelik farklı tezler vardır .,neutral
Haksız olduklarını bildikleri halde özür dilemeyen insanlara sinirleniyorum.,anger
Sevdiğim çocuğun başka biri ile eğlendiğini görmek.,sadness
Örümcek görmek.,fear
İğrenç kokular.,disgust
Telefonum yere düşüp kırıldığı zaman.,sadness
Üst dönemden bir kızın çarpıştığımızda bana kızmasına öfkelendim.,anger
Eski okulumda bir arkadaşımın kusması beni çok tiksindirmişti.,disgust
Tayt giyen erkeklerden tiksinirim.,disgust
Sınıftaki kızlardan ikisi beni  çok öfkelendiriyor.,anger
Arabanın ezdiği kediyi gördüğümde.,sadness
biraz önce hoplaya zıplaya yolda yürürken dikkatsiz bir sürücünün hızla gelerek yolun kenarındaki yavru köpeğe çarparak ölümüne sebep olası üzücü bir olaydı,sadness
Palyaçolardan ve lunaparktan çok korkarım.,fear
Burada Mustafa Kemal ile ilk defa tanıştı ve bir süre emir subaylığı görevini yaptı .,neutral
Annemle telefonda konuşurken telefon birden kapandı.,fear
Ekmek kırıntılarının ıslanması.,disgust
annem ameliyat olduğunda çok üzülmüştüm.,sadness
Voleybol maçlarında gereksiz konuşmalar ve gülmeler.,anger
Sigara kokan insanlar ve mekanlar.,disgust
Tuvalete düşen telefonumu tuvaletten alırken çok tiksindim.,disgust
Hoca derse gelmeyince yemek yerken ve uyurken mutlu oluyorum.,happiness
hayallerimi gerçekleştirmek için girdiğim sınavda başarılı olmama rağmen ingilizce sınavından kaldığım için hayallerimi ötelemek beni üzdü,sadness
haksızlıklar beni öfkelendirir.,anger
Laf atan erkeklerden tiksinirim.,disgust
Başarılı olmak.,happiness
Değer verdiğim birisi bana yalan söyler ise.,anger
Sınav haftasında yurtta gürültü yapılmasına sinirleniyorum.,anger
Nüfus açısından ülkenin en küçük kasabalarından biridir .,neutral
Hocaların geç geldiğimizde herkesin içinde azarlaması.,anger
"Yere düşen yiyeceği,yerden alıp tekrar yemeye devam ettiğini görünce tiksindim.",disgust
Bana emir verildiği zaman öfkelenirim.,anger
Siğil elimden hiç geçmeyecek sandığım zaman.,fear
onu çok seviyorum,happiness
Bencillik ve egoistlik.,anger
kuşumun yemi var sanıp beslemediğim için ölünce kahrolmuştum,sadness
kız arkadaşımla gezerken akrabalarım gördüğünde ödüm kopmuştu,fear
Beklediğimden iyi not aldığım zaman.,happiness
Kristal seramik malzemeler çok çeşitli işlemlere uygun değildir .,neutral
çaya bisküviyi batırırken içine düşmesi,disgust
Korku filmlerinden korkuyorum.,fear
Telefonumun ekranı kırıldığı zaman.,sadness
Çiğ yumurta gördüğüm zaman.,disgust
Karanlık bir yerde yalnız kaldığım zaman.,fear
Ailemden birisinin öleceğini düşündüğüm zaman.,fear
bana haksızlık yaptığını düşündüğüm insanın bu durumu önemsememesi beni üzüyor.,sadness
haksızlığa uğradığımı düşünürsem öfkelenirim.,anger
Ailem beni dinlemeyince çok öfkelenirim.,anger
Kıskanç ve fesat insanlardan.,disgust
balkondan evin içine karafatma girdiğini ve zıpladığını görünce çok tiksindim.,disgust
bir gün okuldan eve gelince kuzenlerimin bize geldiğini gördüm. Antalya'dan Balıkesir'e sadece benim doğum günüm için gelmişlerdi.,happiness
Evde yalnız olduğum zaman içerideki odadan sesler duyduğum zaman korkarım.,fear
Henüz yeni yeni kurulma aşamasında olan yelken ve sualtı branşlarında da faaliyet vermektedirler .,neutral
Arkadaşlarım bana kötü davranınca.,anger
kardeşim benim davranışlarımı taklit edince sinir olurum,anger
Tarama sınavlarının olması.,fear
Bilgili insanlarla konuşurken.,happiness
Yeterince anlaşılmadığımda ve benden küçük insanlara söz geçiremediğimde.,anger
Kötü kokulardan tiksinirim.,disgust
Üniversiteyi kazandığımı öğrendiğim  gün  çok sevindim.,happiness
Hoşlandığım kişiyle vakit geçirmekten mutlu olurum.,happiness
Terör olaylarında masum insanların öldürülmesi beni öfkelendiriyor.,anger
şehirler arası otobüslerde kusan insanlar,disgust
Yakınımı kaybettiğimde.,sadness
Oyun oynar iken arkadaşım saçma sapan davrandığı zaman.,anger
Ancak dönemin yayın organları gibi ders kitapları da ırk düşüncesi üzerinde duruyordu .,neutral
Geleneksel Amazon kabileleri bunu az şekilde temel gıda maddesi gibi kullanırlar .,neutral
Aslen kesintisiz bir kubbe olarak devam eder .,neutral
Sevdiğim birisiyle tartışınca aram bozulacak diye korkarım.,fear
Yalan söylenmesi.,anger
Zehri içtiğim zaman.,fear
Femur ve tibia açık renk uzun çizgilidir .,neutral
depremde binada sıkışmaktan korkuyorum.,fear
Birkaç maç kalede görev yaptıktan sonra defans pozisyonunda oynamaya başlamıştır .,neutral
"Kıl, böcek ve dışkı.",disgust
Takımın maçlarını oynadığı sahası Trabzon da bulunan Şenol Güneş Spor Kompleksi Medical Park Stadyumudur .,neutral
en son ne zaman korku hissettiğimi hatırlamıyorum,fear
Yemekte birinin geğirmesinden tiksiniyorum.,disgust
Çok çalıştığım halde düşük  not alırsam üzülürüm.,sadness
Görevini yerine getirmeyen bir insan gördüğümde öfkelenirim.,anger
Kent özellikle Bizans ve geç Bizans devirlerinde gelişme göstermiştir .,neutral
birisi beni eleştirirse ve bağırırsa öfkelenirim.,anger
Bu bilgi insan davranışları gösteren programlar geliştirmek için kullanılmakta ve bu bilim hızla yükselmektedir .,neutral
İçinde 3 harfli geçen hikayelerden çok tırsıyorum,fear
"Sağlıklı ve başarılı olmaktan, barış ortamında yaşamaktan ve ailem ve arkadaşlarım ile birlikte olursam mutlu olurum.",happiness
Sınavlarda FF alacağım sınavdan CC alınca çok sevindim.,happiness
Grupta solist ve gitarist olarak görev yaptı .,neutral
En sevdiğim arkadaşımla vakit geçirdiğimde mutlu oluyorum.,happiness
Eve hırsız girdiğinde çok korktum.,fear
Projeye karşı sansasyonel ve hatta komplo teorisi denilebilecek itirazlar da bulunmaktadır .,neutral
Sınavdan yüksek not almak.,happiness
Şarkı uzun yıllar boyunca David Gilmour tarafından muhafaza edilmişti .,neutral
Sevdiğim kişilerin ölümüne üzülürüm.,sadness
Bir anda karşıma köpek çıkınca hemen kaçtım.,fear
İki kişinin arasında seçim yapmak zorunda kaldığım zaman.,sadness
Normalde gözler bir uyum içinde beraber hareket eder .,neutral
yeni bir kitaba başlayıp kitabı çok sevdiğimde mutlu oluyorum.,happiness
yere tüküren insanlar gördüğümde onlardan tiksinirim.,disgust
Ciddiye alınmadığımda öfkelenirim.,anger
Birisinin önümde kusması.,disgust
Yemeğimin içinden sinek çıktığında.,disgust
Bunu Tanrı ve dünya arasındaki ilişkiyi inceleyerek yapar .,neutral
Geçen sene uzun süreli kalp çarpıntısı yaşadığım zaman.,fear
"Yerlere çöp atılmasından ve
      konuşurken gözümün içine bakılmamasından öfkelenirim.",anger
Sevdiğim insanlara bir şey olduğu zaman.,sadness
bir keresinde arkadaşım üzerime hapşurmuştu.,disgust
Ailemin ölümü.,sadness
Ben hep mutluyum.,happiness
Arkadaşım yanımda kustuğunda.,disgust
Oyuncu eski bir kılıç ustası olarak da eskrim sporu icra etmiştir .,neutral
Kardeşi Lance Vance ise oradan helikopterle kaçmıştır .,neutral
bir insanın beni şapur şupur öpmesinden tiksiniyorum.,disgust
Bana yamuk yapanlara öfkelenirim.,anger
Birisinin beni gıcık etmesi.,anger
Yemek yerken ses çıkaran insanlardan.,disgust
Köpekten korkuyorum.,fear
insanları yaptığım esprilerimle şaşırtmayı seviyorum.,happiness
Odama arı girdiğinde çok korktum.,fear
Beklenmedik bir kaza sonucu Eşimi kaybettim. 3 ve 7 yaşlarındaki kızlarımla yaşama tutunduk.,sadness
beni büyüten teyzemin ölüm haberini aldığımda çok üzüldüm hatta çocukluğumu kaybettiğimi düşündüm.,sadness
"Sokakta çalışan çocuk gördüğümde , annem ve babam tartıştıklarında ve sevdiğim bir arkadaşımla tartıştığımızda üzülürüm.",sadness
işlerim yolunda gitmediği an çok sinirlenirim.,anger
"Latince kökenli bir kelime olup ""hoşnut etmek"" anlamına gelir .",neutral
ders çalışırken rahatsız edilmek,anger
Benden habersiz program yapılması ve son anda benim haberim olmasına öfkelenirim.,anger
Sınav konularının çok uzun olması.,sadness
İran sinemasının en önde gelen figürlerinden biridir .,neutral
Yöre ağzı da belirgin olarak kendini gösterir .,neutral
Kedinin üstüme atlaması.,fear
Sevgilimle tartışıp kavga ettiğimizde.,sadness
Ev arkadaşlarımın sorumsuzlukları sinirimi bozuyor.,anger
İstediğim okulu kazanmam beni mutlu etti.,happiness
hocalar bize hakaret ettiğinde sinirleniyorum.,anger
arkadaşım yakınının vefat etmesi,sadness
Tebeşir sesi ve birinin kusması.,disgust
Köpekten korkarım.,fear
Beklediğimden daha kolay sorularla karşılaşınca.,happiness
Fakat Erikli ismi Ermenilerden kalma olduğu rivayet edilmektedir .,neutral
yeni bir araba alınca sevinirsin,happiness
Bazen istediğim bir şey olmayınca öfkeleniyorum.,anger
Sevdiğim insanlarla aram bozulduğu zaman.,sadness
Ailem ile birlikte olunca.,happiness
Bir konuda başarılı olduğum zaman.,happiness
Süt ve süt ürünlerine dokunmak.,disgust
Kütüphane önemli büyüklükte nadir eser koleksiyonuna sahiptir .,neutral
vefat eden akraba,sadness
okulda sunum ödevleri vermeleri moralimi bozuyor.,sadness
Besteci kimliğiyle önde bir sanatçı olarak uluslararası üne kavuşmuştur .,neutral
Kuralları hiçe sayan insanlar,anger
sebepsiz kırgınlıklar beni çok öfkelendirir.,anger
Orta sınıf ailenin çeşitli sorunlarını ele aldı .,neutral
Bu iki eserde Osmanlı İmparatorluğunun önceki dönemlerini konu etmiştir .,neutral
Yüksek beklediğim sınavdan düşük almak.,sadness
Çevremdeki insanlar mutlu oldukça,happiness
Sevdiklerimle birlikte olduğum anlar.,happiness
Yeni parti de bu popüler hareket ile destek gördü .,neutral
"""Paranormal"" olaylardan korkarım.",fear
Başka bir şehre taşınmak.,sadness
Haksızlığa uğradığımda.,anger
temizliğinden emin olmadığım şeylerden tiksinirim.,disgust
büyük ve iltihap kapmış bir yara görünce tiksiniyorum.,disgust
Ani sınav.,fear
Evde tartışma çıktı . Babam çok sinirlendi ve kalp krizi geçirdi. Ameliyat olduğunda ona bir şey olacak diye korktum.,fear
Sevdiklerim tarafından kırılır isem üzülürüm.,sadness
en iyi arkadaşım Ankara'ya taşındı.,sadness
Her sabah erkenden kalkmaktan tiksiniyorum.,disgust
Sınavdan beklediğim notu alamayınca.,sadness
İstediğim bir konsere gittiğim zaman.,happiness
Sınavlardan yüksek not alınca mutlu olurum.,happiness
Yüksek not almak.,happiness
Edebiyat öğretmenimin beni azarlamasına.,sadness
Hilmi Topaloğlu ve Burhan Aydemir Prestij Müzik olarak devam etti .,neutral
insanların birbirlerinin hayatlarına burunlarını sokmalarına öfkeleniyorum.,anger
Pikniğe gittiğimizde kaybolmuştum.O zaman çok korkmuştum.,fear
Akşam eve dönerken bir adamın beni takip ettiğini fark ettiğimde.,fear
Kusmak.,disgust
Bir yakınıma bir şey olması.,sadness
Köpek havlaması.,fear
Sınıf arkadaşımın bana ait  bir videoyu  bana söz verdiği halde herkese izletmesi.,anger
Akreplerden çok tiksiniyorum.,disgust
Uzuv kaybından korkarım.,fear
Evde tek başıma iken oda kapısının çarpması.,fear
Sınavda yüksek puan alınca çok sevinmiştim.,happiness
Birisinin ağzı doluyken konuşması.,disgust
Yollarda gördüğüm kusmuk  ve kedi köpek mamalarının ıslanmış halleri.,disgust
Sevmediğim renklerden tiksinirim.,disgust
Karanlık bir odada kilitli kaldığımda arkamdan çıtırtı sesi gelirse.,fear
"""Ankara'daki"" patlama haberlerini izlediğim zaman.",sadness
bir olaya iyi yönde olumlu katkıda bulunmak,happiness
Ailemin ve arkadaşlarımın yanında olduğum durumlar.,happiness
İnsanların yapmacıklıkları.,anger
İnsanların çevreye saygısızca davranmalarından tiksinirim.,disgust
dedem öldüğünde çok üzüldüm,sadness
Hem günümüze ulaşan hem de fosil türleri her yıl bu alandaki araştırmacılar tarafından tanımlanmaktadır .,neutral
Evde bir eşyamı unuttuğum zaman.,sadness
Bu varsayımsal tahmin hem test için hem de veri üretmek için kullanılır .,neutral
Bir anda korkutulmak.,fear
bardakların kullanıldıktan sonra yıkanmamasından nefret ediyorum.,disgust
"Babamla film izlerken birden ""paranormal activity"" fragmanı çıkınca korktum.",fear
Kızım düştüğünde çok korktum.,fear
Dayımın ölümüne üzüldüm.,sadness
Asansöre yalnız binmek zorundaysam.,fear
Uzun tırnaklı ve sarı dişli insanlar. Kamuya açık tuvaletler. Et yemekleri.,disgust
Bu konudaki en büyük çabalarını Ayasofya için harcadı .,neutral
Ailemin içinde yaşadığı sıkıntılar ve aile bağlarımızın kopması.,sadness
Basketbol takımına girdiğim zaman.,happiness
İnsanların yerlere tükürmesi.,disgust
Babası şehit olmuş doğmamış yetimlere ve çocuk yaşta öldürülenlere.,sadness
Tavsiye verdiğim insanların beni dinlememesi.,anger
matematik sınavının yaklaşması elim ayağımı birbirine dolandırır.,fear
Birisini ikaz ederken üslubuma dikkat edemediğim zaman karşımdakini kırmış olabileceğimi düşünerek üzülürüm.,sadness
Bu liseyi kazandığım zaman.,happiness
Şehrin tarihi Romalılar zamanına kadar dayanmaktadır .şehirde birde müze bulunmaktadır .,neutral
Ailemin ölmesinden korkarım.,fear
Hamam böcekleri.,disgust
hayatım boyunca yalnız kalmaktan korkarım,fear
AMELİYAT OLDUĞUMDA ÇOK MUTLU OLMUŞTUM,happiness
Bir yakınımın ölümü.,sadness
Biyoloji öğretmenimizin kısa bir süre geç kalmama rağmen yok yazması.,anger
Sınavdan düşük not almak.,sadness
Sevildiğimi hissettiğim zaman.,happiness
Allah'tan korkarım.,fear
Param kalmadığı zaman.,sadness
Anneme alzheimer teşhisi konulduğunda ve babam kalp krizi geçirdiğinde.,sadness
otobüs beklerken yanımda sigara içilmesi tiksinçtir.,disgust
Dışarıdaki tuvaletler.,disgust
Bu nedenle son iki yıldır sadece altyapıdan gelen genç oyuncularla Türkiye liglerinde mücadele edilmektedir .,neutral
Kardeşim bana abla deyince...,happiness
Başarısız olduğumda üzülürüm.,sadness
Arkadaşlarım beni kızdırdığı zaman.,anger
Kısaca ruhların madde evrenindeki görgü ve deneyimini arttırması olarak tanımlanır .,neutral
Ağırlıklı olarak sahne ve televizyon yapımlarında yer aldı .,neutral
Tuttuğumun takımın yenilmesi.,sadness
Yanlış anlaşıldığım zamanlar.,sadness
Ağabeyimin yaptığı şakaya sinirlendim.,anger
Albümün en büyük hiti olan Bad Medicine birçok ülkenin listesinde ilk onda yer almıştır .,neutral
kömür madeninde ölen işçilere çok üzüldüm.,sadness
Korku trenine binmiştim ve çok korktum.,fear
Tükürmek.,disgust
eğer annem ile aram düzelirse çok mutlu olurum.,happiness
Dünya Savaşı patlak verdiğinde gemi neredeyse tamamlanmıştı .,neutral
Sıkıntısız bir sabaha uyanmak ve günümü yeni projelerime vermek.,happiness
Sevgilimin en yakın arkadaşımın yanında bana mesafeli gibi adımla seslenmesi.,anger
Bulunduğu her sahnede kendisini başarılı bir şekilde gösterdi .,neutral
Ağız kokusu.,disgust
Arkadaşlarımın arkamdan iş çevirmesi,anger
Araştırmalara göre insanlara ilk bulaşma yöntemi kesin değildir .,neutral
bayrağıma ve milli değerlerimden birine kötü söz söylendiğinde.,anger
Büyük Temizlik sırasında evlatlık edinen dayısı tutuklandı .,neutral
Sevdiğimle konuştuğumda...,happiness
Yere tüküren arkadaşlardan tiksinirim.,disgust
biri bana gereksiz yere vurursa,anger
iğneden çok korkarım,fear
arkadaşım bana küçük enişte dediğinde öfkeleniyorum,anger
Haksızlığa ve yalana dayanamam öfkelenirim.,anger
Burnunu karıştıran birisini gördüğümde.,disgust
Kardeşimle tartışma yaşadığım zaman ailemin konuyu bilmeden kardeşimin tarafını tutması öfkelendiriyor.,anger
Atlamada bu dünya ile diğer dünya arasındaki sınırlar ortadan kalkar .,neutral
Kötü bir şey yapmadığım halde kızılması.,anger
Geçmişte yaşadığım depremden dolayı hala geceleri uyurken korku ve endişe ile uyuyorum.,fear
Annem ameliyattan çıktıktan sonra iyi olduğunu öğrendiğimde çok mutlu oldum.,happiness
kan alınması,fear
şu an eşim olan insanla görüşmeye başladığımda benden mutlusu yoktu,happiness
Yanlışlıkla hayvan dışkısına bastığımda.,disgust
Sevdiğim insanı gördüğüm an.,happiness
Oyun oynadığım zaman.,happiness
Yemeğimden kıl çıkması.,disgust
Bir eşyamın izinsiz kullanılması.,anger
Yere tüküren birisini gördüğüm zaman.,disgust
Ağabeyim üniversiteyi bıraktığı zaman.,sadness
Gece karanlıkta soyut varlıkları düşündüğüm zaman.,fear
Ölüm,sadness
Sağlık benim mutluluk kaynağım.,happiness
Sevmediğim kişilerden.,disgust
Ölü böceklerden.,disgust
Babaannemin ölmesi.,sadness
Kitabın en fazla sayıda baskısı ise [[Varlık Yayınları]] tarafından yapılmıştır .,neutral
İkinci albümünde bu tarzları dans müziğiyle birleştirerek kullandı .,neutral
Çok uykum olduğu bir zaman tam yüzümü yıkayacağım sırada lavaboda kocaman bir böcek gördüm ve o günden beri lavaboya giderken tedirgin oluyorum.,fear
Burada tiyatro ile tanışan oyuncu sonrasında sanatını geliştirerek ilerlemiştir .,neutral
Ders çalışmaya giderken ders çalış denmesine sinir oluyorum.,anger
Sevdiklerimin değişmesi benim içime derin yaralar açar.,sadness
Görüntüsü ya da tadı kötü olan şeyler.,disgust
Yolda yürürken karşımda bana doğru gelen insanın gözümün önünde yere tükürmesinden tiksiniyorum,disgust
Kaz dağlarında atlattığımız kaza.,fear
Virüsün şehre hızla yayılmasının ardından on binlerce kişi yamyamlık belirtisi göstermeye başladı .,neutral
Yemekten kıl çıkmasından çok tiksiniyorum.,disgust
Arkadaşım yeni aldığım bisikletin lastiğini patlatmıştı.,anger
Ailemin başına kötü bir şey gelmesinden.,fear
Sınavlardan düşük not alınca üzülürüm.,sadness
Yılan gördüğüm zaman.,fear
Sevmediğim bir şeyin inadına yapılması beni sinir eder.,anger
Ezine yerleşim yeri bakımından etrafı tepelerle çevrili bir konumda olduğundan nem ortalaması oldukça yüksektir .,neutral
Çeşitli İstanbul hastanelerinde ve askeri birliklerde çalıştı .,neutral
Bu kısımlarda kalenin surları diğer kısımlara nazaran daha zayıftı .,neutral
Hoşlandığım Kızın kısa short giydiğini gördüğümde beynimden vurulmuşa döndüm,anger
Çok sevdiğim bir kardeşimin imanından olması.,sadness
birinin yanımda geviş getirmesinden tiksiniyorum.,disgust
Finale kalamadığımız zaman.,sadness
İzleyen bir yıl içinde hareket tüm ülkede dalga dalga yayılmıştı .,neutral
Ailemden biri hasta olduğu zaman.,sadness
Kötü yönde yaptığım tahminlerin doğru çıkması.,sadness
Mutfakta çeşmenin altında bulaşıkların birikmesinden iğrenirim.,disgust
Allah'tan başka bir şeyden korkmam,fear
Köpekler ve böceklerden.,fear
Korku evinde korkmuştum.,fear
Lavaboda kulak burun boğaz temizliğinden tiksinirim.,disgust
Yeterince çalışmadığım bir sınava girdiğim zaman.,fear
Bazı hükümet ve askeri bilgilerin korunması bu yapıya örnek olarak verilebilir .,neutral
Bilsel’in yurt içi ve yurt dışı çeşitli dergilerde yayınlanmış birçok akademik makalesi mevcuttur .,neutral
Kız arkadaşımın suratıma geğirmesi.,disgust
Doğum günümde arkadaşlarımın sürpriz yapması.,happiness
Çiçek götürdüğüm sevgilim buluşmaya gelmeyince sinirimden bütün çiçekleri çöpe attım.,anger
Arkadaşlarımın doğum günü sürprizi,happiness
Yeni eklenen yanı sıra çok oyunculu mod da eklenmiştir .,neutral
Okulun güvenliği vefat ettiğinde çok üzüldüm.,sadness
Otobüslerin dolu gelmesine ve otobüste kavga edilmesine öfkeleniyorum.,anger
bu yıl evliliğimin yirmi üçüncü yıl dönümünü eşimle kutladık. Birbirimizi bulabildiğimiz için çok mutluyum. Başka biriyle asla böyle olamazdı. Darısı herkesin başına.,happiness
Bir köpek beni kovaladığında.,fear
Eski sevgilimi başkası ile görünce öfkeleniyorum.,anger
Evde sevmediğim bir yemek olduğunda.,anger
Ablam bayıldığında çok korktum.,fear
Haksızlığa uğradığımda öfkelenirim.,anger
Arkadaşımın yüzüme sakız attığı zaman.,disgust
Gülümsemesi içimi ısıttı.,happiness
Hasta olan kuşumu eve döndüğümde ölü bulduğumda çok üzüldüm.,sadness
Oyuncak tankımın namlusu kırıldığında.,sadness
Mürekkep balığı ve denizin tabanında yaşayan balıklar ile beslenir .,neutral
Nazilerin Sovyet savaş esirlerine karşı işledikleri suçlar sırasında milyonlarca Sovyet yurttaş hayatını kaybetti .,neutral
Gücün dağıtımı daha sonra karşıt çıkar gruplarının etkileşimi ile sağlanır .,neutral
Mahallede tarım ve hayvancılık başlıca geçim kaynaklarıdır .,neutral
Ekmeğin içi ıslanınca tiksiniyorum. Biri kirli olunca tiksiniyorum.,disgust
Sınavdan düşük not almak.,sadness
Ayrıca yüksek topuklu ya da sivri topuklu olarak da bilinir .,neutral
Elleriyle yemek yiyen insanlar.,disgust
Sınavlardan düşük alırsam üzülürüm.,sadness
Sevmekten yoksun insanlar gördüğümde.,sadness
Azar işittiğimde saygımdan dolayı cevap veremediğim zaman.,anger
Birisinin bana öfkelenmesinden korkarım.,fear
Oğlumun sünnetten sonraki hali beni çok üzmüştü,sadness
Yeni bilgisayarım alındığı zaman.,happiness
Annem ile tartışırken.,anger
annem tam bakkala gitmemi söylerken son anda almamı istediği şeyin evde olduğunu fark etmesi,anger
Huzurumun bozulacağını anladığım olaylardan.,fear
Dişçiden çok korkarım. Yalnızlıktan korkarım.,fear
En kolay sınavdan 64 aldığım zaman.,sadness
Pek çok seyirci adını bilmediği halde ona karşı bu oyunu ile büyük ilgi duymuştur .,neutral
Dikkate alınmayınca öfkelenirim.,anger
O zamandan beri suça karşı tek kişilik bir savaşı devam ettirmektedir .,neutral
Bir kişi ile sürekli uğraşılmasına (alay edilmesine) öfkelenirim.,anger
Teyzemin hastalığını duyduğumda üzülmüştüm.,sadness
Kan.,fear
Çok sevdiğim birisinin hayatını kaybetmesi.,sadness
Arkadaşımın babası öldüğünde çok kötü olmuştum.,sadness
Ciddi kan kaybı durumunda vücut sarı kemik iliği kırmızıya dönüştürerek kan üretimini hızlandırır .,neutral
Yurdun temizlikçi kadınların temizliğinden iğreniyorum.,disgust
Grubun Kıbrıs konserinden sonra Mazhar Alanson ile çalışmak için gruptan ayrıldı .,neutral
Benim hakkımda söylenmemesi gereken bir şeyin bir ortamda söylenmesi.,anger
Matematikten 90 Biyolojiden 95 aldığım zaman mutlu oldum.,happiness
Ana sınıfına giderken ayağımdan ameliyat olacağımı öğrendiğim zaman.,fear
Annem iş için şehir dışına çıktığında evde yanlış kalmıştım.,fear
Başarısız olduğum zaman.,sadness
Bunun yanı sıra ikinci yabancı dil öğrenimi de zorunludur .,neutral
Köpeklerden korkarım.,fear
Ailemin yanına gittiğim zamanlar.,happiness
Kitap okumak ve ailemle vakit geçirmek.,happiness
Mahallemize giren suçluyu takip eden polislerden korktum.,fear
Her şeye her zaman öfkelenirim.,anger
Ailem ve arkadaşlarım ile iyi vakit geçirdiğimde.,happiness
Aşırı tepki gördüğümde.,anger
Okula giderken yolda geçirdiğim trafik kazasında çok korktum.,fear
"Ailemle birlikte ""Viyana'da"" lunaparka gittiğimiz zaman çok mutlu olmuştum.",happiness
Toplu taşıma araçlarında kaba davranışlar sergileyenlerden tiksinirim.,disgust
Fare gördüğüm zaman.,fear
İnsanların hakkımı yemeye çalışması.,anger
"ikiyüzlü ,yalancı, dengesiz insanlardan tiksinirim.",disgust
Yanımda sevdiğim ve güvendiğim insanlarla eğleniyorsam mutlu olurum.,happiness
ders iptal olduğunda,happiness
annem ameliyata girerken bana sarıldığında onu kaybedebileceğimi düşünmüştüm ve bu beni çok korkutmuştu.,fear
Kapalı alanlardan.,fear
Sınavların bitmesi.,happiness
Ailemin beni çalışmaya zorlaması ve hala küçük bir çocuk sanılıyor olmam.,anger
Banyodayken elektrikler kesildiği zaman.,fear
Natasha ve bilinmeyen bir adamla romantik bir ilişki içindedir .,neutral
korku filmi izlemekten korkuyorum.,fear
Ablam evlenip Ankara ya taşındığı zaman.,sadness
Eski kız arkadaşım evlendiğinde çok üzüldüm.,sadness
Saçlarım sıraya sıkışıp koptuğu zaman.,sadness
İstediğim bölümü kazanamadığım an.,sadness
Büyük annemin vefat etmesi.,sadness
Duruma göre ve çıkarlarına göre davranış değiştiren kişilerden.,disgust
Suriyeli mültecilere.,sadness
Birisi eşyamı kırdığı zaman.,anger
Sevdiklerimin başına bir şey gelmesine.,sadness
nenem ölmüştü çok üzüldüm.,sadness
Maçlarda küfür edenlere.,anger
Aynı gün Sputnik Türkiye Genel Yayın Yönetmeni Mahir Boztepe de gözaltına alındı .,neutral
Acı çekerek ölmek.,fear
Doğal afetlerin hepsinden korkarım.,fear
Düşünceli arkadaşlarım olduğu için mutluyum.,happiness
Dershane bittikten sonra Sevdiğim kızı bir daha göremeyecek olmamın verdiği his beni Mahvediyor,sadness
Dedem öldüğünde.,sadness
Turnikelerde sıra olunca öfkelenirim.,anger
Arkadaşlarım ile eğlendiğim zaman.,happiness
"Çocukken rüzgardan, sudan ve karanlıktan korkardım.",fear
Çikolatamı arkadaşımın yemesi.,anger
saygısız insanları gördükçe sinirleniyorum,anger
kız arkadaşım beni terk edince üzüldüm,sadness
Bir kız kardeşi ve bir de erkek kardeşi vardı .,neutral
Böceklerden korkarım.,fear
"Hoşlandığım çocuğun benimle konuşmasından mutlu olurum.
      ""İzmir Atatürk Lisesi"" ni kazandığımda çok mutlu olmuştum.",happiness
Devre arasında adı Galatasaray ile anılsa da kulübünde kaldı .,neutral
hafta sonu erken saatte kardeşim tarafından şarkı söyleyerek uyandırıldığımda çok kızarım,anger
Sınavdan yüksek not almak.,happiness
Şehit verdiğimizde.,sadness
sevgilisi için arkadaşlarını satan insanlardan ve bana yalan söyleyen kardeşimden.,anger
Korku filmi izlerken.,fear
Kavga etmek.,anger
Kaybettiğim kaçırdığım fırsatları geri yakalayamadığım zamana çok üzülüyorum. Bir gün çok sevdiğim birini kaybetmiştim. Cenaze evine taziyeye gittiğimde çok üzülmüştüm. Dedim ki keşke daha çok vakit geçirseydik diye çok üzülmüştüm.,sadness
Moralim bozuk olduğu zaman çikolata yiyerek mutlu olmaya çalışırım.,happiness
küçükken gördüğüm bir rüya yüzünden çok korkmuştum.,fear
dişçiye ilk gittiğimde endişeliydim,fear
Kişisel bakımını yapmayan insanlardan.,disgust
Devletler arası ilişkilerde maruz kalınan davranışa aynı şekilde karşılık verme prensibini tanımlar .,neutral
James Russell bunun değiştiğini artık tek bir askerin değiştiğini söylemiştir .,neutral
Kardeşim bana sarılınca çok mutlu olurum.,happiness
Sınava girmeden önce korkarım.,fear
Ablamın üniversiteyi kazandığını öğrendiğim an.,happiness
"Dün gece berbat bir kabus gördüm,sıçrayarak uyandım.",fear
örümcekten çok korkuyorum.,fear
"arkadaşım beraber dışarıya çıkacağımızı söyleyip, gelmediğinde çok kızdım.",anger
Tanımadığınız birinden küçük jestler ve seni düşündüğünü ve önemsediğini gösteren davranışlar,happiness
Matematikten 100 almak.,happiness
Arkadaşlarım benim önemsediğim bir konuyu önemsemedikleri zaman.,anger
Benimle aynı imkanlara sahip olamayan insanların eğitimlerinin eksik kalmasına üzülüyorum.,sadness
arkadaşımla vakit geçirdiğimde mutlu olurum.,happiness
dedikoduya çok öfkelenirim,anger
Korku filmlerinden.,fear
bu okulu kazandığımda çok mutlu olmuştum,happiness
Köyün büyük bir kısmı çevre il ve ilçelere verilen göç nedeniyle nüfusu hızla azalmıştır .,neutral
Bu ise üretim ve özellikle dağıtım sisteminin daha da fazla felç olmasına yol açtı .,neutral
En iyi arkadaşımla bir araya geldiğimizde mutlu olurum.,happiness
Bir arkadaşımın kek ile ayran içmesi.,disgust
Anne ve babamın ayrılması.,sadness
Şarkı Shakira ve Luis Fernando Ochoa tarafından yazılmıştır .,neutral
Kendisi halen Princeton Üniversitesi’nin ziyaretçi araştırmacısı kadrosunda yer almaktadır .,neutral
Korku filmi izlediğim zaman.,fear
Aynı zamanda En İyi Kadın Oyuncu olarak iki kez Akademi Ödülü adayı oldu .,neutral
Okulda başarılı olduğumda mutlu olurum.,happiness
telefon kontörüm olmayacak bir zamanda biterse sinirlenirim.,anger
planlarımı uygulayabilmekten.,happiness
Böcek gördüğümde.,fear
Yüksek not almak ve yarışmada derece aldığımda.,happiness
Sevdiklerimi kaybetme korkusu.,fear
Bir asker şehit olduğunda üzülürüm.,sadness
"Bu durumda eserin kullanımı ""lisans altında"" veya ""izinli"" olarak anılır .",neutral
korku filmi izledikten sonra etkisi kolay kolay geçmez.,fear
evdeki veya bahçedeki hayvanlardan çok tiksinirim.,disgust
Sınavlara girmeden önce korkarım.,fear
Temel seti içinde dalga fonksiyonu bir vektör olarak temsil edilir .,neutral
çaresiz kalmadığım ve kendimi tamamen özgür hissettiğimde mutlu olurum.,happiness
İki katlı olanların üst katında sokağa bakan pencereler olmasına rağmen alt katta pencere yoktur .,neutral
ailemden uzakta yaşamaya başlayınca ayrı oluşuma çok üzülmüştüm,sadness
Yılanlardan korkarım.,fear
100 beklediğim sınavdan 58 almak.,sadness
Sınavlarda başarısız olursam üzülürüm.,sadness
Bir uçağa ilk yolculuğu beş yaşındayken olmuştu .,neutral
Paraşütle atlarken korku ile Heyecan arası duygular yaşadım.,fear
istediğim kitabı aldığımda çok mutlu oldum.,happiness
Dedem vefat ettiğinde çok üzüldüm.,sadness
İstemeyerek birisini üzdüğümde.,sadness
Fizik sınavı ertelendiği zaman.,happiness
Kötü kokular tiksindirir.,disgust
Annemin hastalığına üzüldüm.,sadness
Dedemin ölmesi.,sadness
Uzun bir hastalık döneminin ardından kanser nedeniyle öldü .,neutral
Klinik psikoloji için bu model modern zamanlarda hala takip edilmektedir .,neutral
Yapma dediğim halde arkadaşımın hala o hareketi yapması çok kızdırmıştı.,anger
Çoğu projede sadece kalite kontrolü amaçlı birimler mevcuttur .,neutral
İş yerinde yediğim muhtelif şekilli ve boyutlu kazıklar beni çok öfkelendirir.,anger
Köy bulunduğu konum itibarı ile çok ideal bir yerleşim yeridir .,neutral
evimde sigara içilmesinden nefret ediyorum. Ev çok iğrenç kokuyor ve biz sigara dumanına maruz kalıyoruz.,disgust
korku filmi izledikten sonra uyumakta güçlük çekiyorum.,fear
"arkadaşım yüzüme hapşurdu ağzını kapatmadan, içim kalktı.",disgust
Gözlerimi kapattığımda karşılaştığım karanlıktan.,fear
Öğrencilerine örnek olması için özellikle kendisi kan ve sinir sisteminin anatomik tablolarını oluşturmuştur .,neutral
Ağzını şapırdatarak yemek yiyenden tiksinirim,disgust
Zarar vermek isteyen insanlara.,anger
Bana saygısızlık yapılmasına öfkelenirim.,anger
Köpeğim dudağımı ısırdığında kızmıştım.,anger
gece uyurken gözlerimi açtığımda çevredeki eşyaları bir şeylere benzettiğimde korkarım.,fear
haklıyken haksız duruma geçince sinirlenirim,anger
Bazı ter ve tükürük bezlerinin boşaltım kanallarında ve meme bezlerinin geniş kanallarında görülür .,neutral
Yemek hanede güzel yemek olmasına.,happiness
Matematik sorularını çözebildiğimi görünce mutlu oluyorum.,happiness
yolda giderken karşıma çıkan köpekten çok korktum.,fear
eski sevgilimle en yakın arkadaşımı birlikte görünce tiksindim,disgust
"İngilizce ""social engineering"" tuzak tekniğini kullanarak bilgisayar kullanıcılarına zarar vermektedir .",neutral
annemin dayısı öldüğünde anneannemin durumu beni çok üzdü,sadness
Fizik öğretmenimin gereksiz yere bağırmasına.,anger
Böcek gördüğüm zaman.,disgust
Sınav sonucum beklediğimden düşük geldiği zaman.,sadness
Projeden beklemediğim halde düşük not aldığımda.,sadness
Eve gitmeyi planlayıp gidemediğim zaman.,sadness
Arkadaşlarım ve sevgilimle gittiğimiz duman konserinde çok eylenmiştim.,happiness
Sınavdan yüksek not almak.,happiness
Rusya da Almanya ile ilgili olarak Fransa ile aynı endişeleri paylaşmaktadır .,neutral
Sevdiğim birisinin zarar görmesi.,sadness
Bana karşı kıskanç davranışları olan beni çekiştiren ve sürekli beni geçmeye çalışan birinin bana karşı aşağılayıcı başkalarına karşı yalakalık barındıran kendini iyilik meleği gibi gösteren davranışlardan tiksinirim.,disgust
Güler yüzlü insanların bir arada çalışması mutlu ediyor.,happiness
Batıdaki Arami krallıkları dönemi Asurlular tarafından sona erdirildi .,neutral
sevdiğim çocuk bana bakmıyor,sadness
Diziden ayrıldıktan sonra Jackie Lane Ad Voice adlı ajansı kurdu .,neutral
Allah'tan başka kimseden korkmam.,fear
Cep telefonumu kaybettim bir ay kimseyle konuşamayınca çok kızdım.,anger
dört senede okulu bitiremediğimde çok üzülmüştüm.,sadness
Sorumsuzluktan hoşlanmam.,anger
Bugünkü Amasya ili sınırlarının içinde varlıklı bir ailenin çocuğu olarak dünyaya gelmiştir .,neutral
Hakan'ın okula gelmemesinden ve hapşırırken kafasını masaya vurmasından mutlu oluyorum.,happiness
Kardeşimle kavga ettiğimizde öfkelenirim.,anger
Evimde hırsızı yakaladığım zaman çok sinirlenmiştim ve onu darp ettim.,anger
Yapılan haksızlıklara.,anger
İstemediğim davranışların tekrar yapılması.,anger
ıssız bir yolda benzinim bitmişti. Bu beni korkutmuştu.,fear
Sınav zamanı.,fear
Ağabeyimin sevgilisiyle telefon konuşması beni tiksindiriyor.,disgust
"""SBS"" sınavından düşük aldığım için üzülmüştüm.",sadness
Ağabeyimle babam ile kavga ettikten sonra ağabeyim evden gitti. Ben hiç dönmeyecek sanmıştım.,fear
Oyunda yenecekken kaybettiğimde üzülürüm.,sadness
Matematik ve Fen dersleri İngilizce olarak okutulmaktadır; ikinci yabancı dil eğitimi hazırlık sınıfında başlamaktadır .,neutral
Yakın arkadaşımla buluşunca.,happiness
Ve han artık değirmen olarak faaliyet göstermektedir .,neutral
Arkadaşlarımla istediğim gibi arkadaşlık kuramadığım için üzülüyorum.,sadness
Cesedi Tiber nehrine atıldı ve hiçbir zaman bulunamadı .,neutral
Sınavdan 80 altı not almak.,sadness
İfade alırken yalan söylenmesi.,anger
Ters konuşan insanlar.,anger
yolsuzluk yapan vekiller olduğunu öğrendiğimde meclisi dağıtasım geldi,anger
Eski arkadaşlarımla ayrıldığımda üzülürüm.,sadness
Fatih hocayla balığa gittiğimiz gün hoca direksiyonda uyuya kalmıştı.,fear
Sahnede müzik yaparken mutluyum.,happiness
Bana iftira atılmasından tiksinirim.,disgust
"""Volkan Demirel'in"" sakatlanması.",sadness
Bu liseyi kazandığım zaman.,happiness
Babamı hastaneye kaldırdığımızda.,sadness
Yalnızlık düşüncesi beni korkutuyor.,fear
Verdiğim değer kadar değer görmemek.,sadness
"Minibüste şoförle tek başıma kalmak, Köpekler, evde tek başıma kalmak ve kabus görmek.",fear
"Çok sevdiğim bir kişi, beni öğrencisi olarak nitelendirdiğinde çok mutlu oldum.",happiness
Zor bir işi bitirebildiğim zaman.,happiness
bisikletle giderken tırın altında kalıyordum.,fear
Üst kısmı açık kahverengi alt kısmı beyaz renktedir .,neutral
Okul tuvaletlerinin kokusundan.,disgust
tavşanlar öldüğünde çok üzülüyorum.,sadness
Bu katliama karşı devletten yardım isteyen Türkmen halkı elleri boş bekledi .,neutral
Yeğenim olacağını öğrendiğimde mutlu oldum.,happiness
Hayvanları ellemek.,disgust
Kötü niyetli insanlara öfkelenirim.,anger
İnternet aniden gittiği zaman.,anger
Sınavdan düşük not aldığım zaman üzülürüm.,sadness
Futbol maçını kazandığımız zaman.,happiness
Sevdiklerimi özlediğimde.,sadness
Tartışma halinde konuyu gereksiz yere uzatan bir arkadaşıma.,anger
Öğretmen çok fazla ödev verdiği zaman.,anger
Kan gördüğümde tiksinirim.,disgust
Hırsızlardan.,fear
Bu olaylar şarkıcıya bir iç gözlem yapma konusunda ilham verdi .,neutral
Yolda yürürken tüküren birisini görmek.,disgust
"Bir diğer teori ise Türk dillerinde ortak kullanımı olan ""yavaş"" sözcüğünden geldiği yönündedir .",neutral
Böcek gördüğüm zaman korkarım.,fear
Enkaz akışının hakim olduğu fanlar dik olma eğilimindedir ve bitki örtüsü zayıftır .,neutral
2 sene önce yeğenim kaybolduğunda onu buluncaya kadar korkmuştum.,fear
Ailemin beni her zaman desteklediğini  bilmek.,happiness
Pis kokular.,disgust
kuzenim meyve suyumun içine tükürdüğünü ve tuz kattığını söyledi. İğrendim kustum.,disgust
çoraplarını yıkamayan arkadaşım,disgust
Ders çalışırken rahatsız edilmek.,anger
Kardeşimin düşerek başının şişmesine üzüldüm.,sadness
Köpeğimin bana yaptığı sevimli hareketler.,happiness
Ayrıca onun dublaj rolleri de takdir edilmiştir .,neutral
Sınavlardan iyi not almak ve sağlıklı olmak.,happiness
Bamya yerken içerisindeki sümüksü maddeden tiksinirim.,disgust
Fenerbahçe şike yapınca çok öfkelendim.,anger
Yürürken birisinin bana çarpması.,anger
Kaza sonrası ağır yaralanan Senna helikopter ile hastaneye götürülürken ölmüştür .,neutral
küçükken resimlerdeki insanların beni izlediklerini sanıp korkardım.,fear
"Babası, çocuğu yaramazlık yaptığında çok öfkelendi.",anger
Ölü ya da canlı böcek gördüğüm zaman.,disgust
Bir kızla tartıştığımda.,anger
Çizdiklerimin yeterince iyi olmamasına.,sadness
Arkadaşım bana hediye aldığında.,happiness
Annemin hasta olduğunu öğrendiğim gün çok üzüldüm.,sadness
Fenerbahçe kongre üyesi olan Ali Koç farklı dönemlerde kulüp yönetiminde yer aldı .,neutral
Her cumhuriyetin bir film üretme merkezi bulunur .,neutral
Hamam böceği görmek.,disgust
Korku filmleri.,fear
farelerden bahsedildiğinde tiksinirim,disgust
Limondan tiksinirim.,disgust
Bir serseri bana bıçak doğrultmuştu.,fear
birisi aileme veya bana hakaret ettiğinde öfkelenirim.,anger
Toplu taşıma araçlarında kalabalıkta sıkışık olduğumuz zamanlar tiksiniyorum.,disgust
Evimize misafir geldiğinde tiksinirim.,disgust
Beklediğimi notu alamadığım zaman.,sadness
Televizyonda çıkan bir kadının kıllarını gördüğümde çok tiksindim,disgust
İmkansız sandığım bir şeyin gerçekleşmesine.,happiness
Haksızlığa uğradığımda.,anger
ilk iğne olduğumda korkudan bayılacak gibi olmuştum.,fear
Basileios başta bir askerdi ve hayatının mühim bir kısmı Konstantinopolis dışında ordularının başında geçmiştir .,neutral
örümcekten ve düşmekten korkarım,fear
Kedilerden tiksiniyorum.,disgust
Bahçe kapısını açtığımda yılanla karşılaştığım an.,fear
odada yalnız kaldığımda çok korkarım.,fear
Birisi verdiğim sırrı başkasına söylerse öfkelenirim.,anger
Haksız yere suçlandığım zaman.,anger
Denizde açığa gittiğimde farklı deniz hayvanlarının bana zarar vereceğini düşündüğümde,fear
Taraftarı olduğum takımın Avrupa Şampiyonluğunu son saniyede kaptırması.,sadness
Köpeğim zehirlenip öldüğünde bir hafta ağlamıştım.,sadness
Allah.,fear
münazara yarışmasında birinci olup madalya aldığımda çok sevinmiştim.,happiness
Sevdiğim kız başkasıyla sevgili olunca çok öfkelenmiştim.,anger
Bu liseyi kazandığım zaman herkesin beni övmesi.,happiness
Cahil insanlara üzülürüm.,sadness
Bana hak etmediğim davranışlarda bulunulduğu zaman.,anger
Düşük not alırsam üzülürüm.,sadness
Hasta olduğum için vizeleri kaçırdım ve telafi sınavına girmek zorunda kaldığımda.,sadness
Oğullarımı kucağıma aldığımda hissettiğim mutluluk tarifsizdi.,happiness
Bölge aynı zamanda Hindistan tarafından hak iddia edilmektedir .,neutral
Bu türden ilk evlerde zemin katta balkon yoktur .,neutral
Kitap aldığım zaman.,happiness
Başarılı olduğum zamanlar.,happiness
Uzatma dakikalarında gol olmadığı için seri penaltı atışlarına geçilmiştir .,neutral
Kızım bana her güldüğünde,happiness
Okulda tuvalet çöpüne dışkı yapmışlardı.,disgust
istediğim bursu alamadığımda çok üzüldüm.,sadness
Hoşlandığım çocuk bana bakmadığı zaman.,sadness
Evli olan Bennett kendini bir biseksüel olarak nitelendirdi .,neutral
Sevmediğim insanlarla aynı ortamda bulunmak.,anger
Egoist insanların tavırları.,anger
Pablo attığı üç golle takımın o sezondaki en golcü üçüncü oyuncusu oldu .,neutral
tuvalete girerken ayakkabı bağcıklarımın yere değmesi,disgust
Geceleri dini konular konuşulmasından,fear
Telefonumun şarjı bittiği zaman.,sadness
İnsanların beni anlamadığını düşündüğüm zaman.,sadness
sadece Allah'tan korkarım.,fear
İplerin birbirlerine sürtünme sesinden.,disgust
Toplum içinde bir başkası tarafından dışlandığım yada küçük düşürüldüğüm zaman çok öfkelenirim.,anger
"Annemin  hastalanması veya ölüm korkusu beni ürkütüyor.
      Yalnızlıktan çok korkuyorum.",fear
Kereviz kokusundan tiksiniyorum.,disgust
Maçlarda küfür edildiği zaman.,anger
"En bilinen eseri; ""The Devil in Love"" adlı sahneye alınmış opera çalışmasıdır .",neutral
2 yıl önce çok sevdiğim bir arkadaşımı kaybettiğimde çok üzüldüm.,sadness
"Müzik videosu ayrıca ""Nothing to Lose"" filminden görüntüler göstermektedir .",neutral
Ter ve ayak kokusundan tiksiniyorum,disgust
ameliyat olacağım zaman korkmuştum.,fear
Asansörde kalmak.,fear
Con Air gibi birkaç filmde yer almıştır .,neutral
hoşlandığım kızın bana gülümsemesi,happiness
Korku filmi izledikten sonra uyuyamam.,fear
"Çaba gösterdiğim bir şeyin sonuçlanması, sürprizler, çevremdekilerin hakkımda iyi düşünmesi ve planlarımın iyi sonuçlanması.",happiness
İyi olduğum bir konuda başarısız olursam.,sadness
Sevdiğim insanları kırdığım zaman.,sadness
Taşındığım zaman çok üzülmüştüm.,sadness
Ailemle birlikte olmak en büyük mutluluğumdur.,happiness
Yemek yerken birisinin böcekler hakkında konuşması.,disgust
Korku filmi izlerken.,fear
Arkadaşım kremalı bisküvinin kremasının yerine diş macunu koyup bana vermiş ben de dikkat etmeden ağzıma sokunca çok tiksindim.,disgust
arkadaşlarım tartışırken biri aniden çığlık attığında ödüm patladı,fear
Sevdiklerime zarar verilmesi.,anger
Arkadaşlarımla güzel paylaşımlar yaptığımda.,happiness
sevdiklerimin başarıları,happiness
sınıfın ortamı beni mutlu ediyor.,happiness
Sınav listesi açıklandığında tiksinirim.,disgust
Öğretmenlerin derse gelmemesi.,happiness
Okulun bitmesi beni korkutuyor.,fear
Tek başıma asansör de kaldığım zaman korkmuştum.,fear
yemekten böcek çıkması,disgust
Yakınlarımı kaybettiğim zaman.,sadness
Sabah otobüsün ilk duraktan dolu gelmesine.,anger
dişimin arasında kalan yemek parçalarından midem bulanır.,disgust
Yakınımın ölmesi.,sadness
Güvendiğim kişinin güvenimi boşa çıkarmasına üzülürüm.,sadness
İnsanların ter kokularından.,disgust
"içki, sigara vb. alışkanlıklardan nefret eder tiksinirim.",disgust
Hocanın final sınavına vizeleri dahil etmesi.,sadness
Yılanlardan.,fear
En yakın arkadaşımla farklı sınıflara yerleştirdiğimizi öğrendiğim zaman.,sadness
Evde yalnızken elektriklerin kesilmesi.,fear
Haklı iken haksız konuma düşmek.,anger
Böyle durumlarda fazla sayıda akut ölümler meydana gelebilir .,neutral
Ezilmiş fare gördüğüm zaman.,disgust
solucandan tiksiniyorum.,disgust
Fare sözünü duyduğumda bile tiksinirim.,disgust
Başarısız olmaktan  ve birilerinin kalbini kırmaktan.,fear
Arkadaşlarımın benim telefonumu alıp saatlerce fotoğraf çekmelerinden kızıyorum,anger
Matematikten 20 aldığımı babamın öğrendiğini öğrendiğimde.,fear
Hakan'ın hapşırmasından tiksiniyorum.,disgust
İğrenç insanlardan ve iğrenç hareketlerden tiksinirim.,disgust
Sınava girerken.,fear
"Seslerin şekline, şiddetine ve uyuduğum evin güvenlik tedbirlerine göre değişmekle birlikte böyle bir durumda biraz korku olur.",fear
Yaşlı ve kimsesiz insanlar gördüğümde.,sadness
Ani hareketlerden korkarım.,fear
Eşyamın benden izinsiz alınmasına çok öfkelenirim.,anger
Uzun zamandır hayalini kurduğum okulu kazandığımı öğrendiğim zaman.,happiness
otobüsü kaçırdığımda öfkelenirim,anger
Sevdiklerimi kayıp edince.,sadness
"Evimize hırsız girdiğini ve takılarımı çaldığını öğrenince, eşyalarımı karıştırdığını dokunduğunu bilmek beni son derece kızdırdı.",anger
Babam ve annem bana bağırdığı zaman.,anger
Öfkeliyken dalga geçilmesine kinleniyorum daha fazla öfkeleniyorum.,anger
Eve giderken kedi ve köpeklerden korkarım.,fear
Yalan söylendiğinde.,anger
Belirli bir konu yok genelde endişeli ve korkulu hissederim.,fear
Son birkaç yılda yolcu sayısı hızla artmaktadır .,neutral
Herkesin özel ders alıp benim alamamam.,sadness
Bir rivayete göre; Köyün adı bir İsa’ dan gelmektedir .,neutral
Anne ve babamın beni anlamadığı zamanlar.,sadness
"Yünlü kıyafetler, patlıcan , fıstıklı pasta ve mantar.",disgust
ünlü kişileri gördüğümde,happiness
Genelde her şeye üzülürüm.,sadness
Ankara'ya gidip ikizimle görüştüğüm zamanlar.,happiness
Baskı gruplarına üye insan sayısı artarken politik partilere üye insan sayısı düşmektedir .,neutral
isveç'e doktoraya kabul edildiğim zaman çok mutlu olacağım,happiness
Birisi telefonumu kurcaladığı zaman.,anger
Babamı kaybedince üzüldüm,sadness
Hane büyüklerimin hastalıklarına üzülürüm.,sadness
Sınavdan 50 aldığım zaman.,sadness
Kendi paramla bilgisayar aldığımda. Çalışarak bir şey elde etmek mutlu ediyor.,happiness
Sınavdan düşük bir not aldığımda.,sadness
Kardeşim ameliyat olduğunda.,sadness
"Bilgisayar oyunu ""(LOL)"" oynarken mutlu olurum.",happiness
aileme bir ara doğruyu söylemiştim. fakat onlar yalan söylediğimi sanmışlardı. Bana inanmadıkları için çok üzüldüm.,sadness
öğrenci üst üste aynı tarz sorudan sorunda öfkelenirim.,anger
Her şeye öfkelenirim.,anger
Ailem ve arkadaşlarımla olduğum her an.,happiness
Bu özellikler ürünün depolama metodu ve yerini belirler .,neutral
Tüyleri ve derileri çeşitli renklerde veya benekli olabilir .,neutral
Anadoluda Yörük aşiretleri için oluşturulmuş on yedi yerleşim biriminden biridir .,neutral
kardeşim umutcan ve yiğitcan'ı düşününce canım çok çok yanıyor. bu acım bitmeyecek.,sadness
Seçim sonucundan sonra ülkenin geleceğinden korkuyorum.,fear
Ukala insanların bilgiçlik yapıp karşıdakini dinlememesinden tiksinirim.,disgust
Hayal ettiklerimin gerçekleşmesi.,happiness
Öğretmenim herkesin performansına 100 verip bana 50 verince öfkelendim.,anger
Ölüm haberlerine üzülüyorum.,sadness
Ailemden birisini kaybettiğimde.,sadness
ödevlerden tiksiniyorum,disgust
Yapmacık hareketler görmekten tiksinirim.,disgust
Müzik dinlerken veya sevdiğim bir işi yaparken .Yaptığım iş takdir edildiğinde ve hiç beklemediğim sınavdan yüksek not alınca.,happiness
Annemle babamın ayrılmasından çok korkuyorum.,fear
Yemekhanede güzel bir yemeğin yanında güzel bir tatlı çıktığında.,happiness
Madalya kazandığım zaman.,happiness
Romatizmal hastalıklar genel olarak kadınlarda daha sık görülmektedir .,neutral
Ağabeyim Ankara'dan geldiği zaman.,happiness
Büte kalmak.,sadness
Etrafımdaki insanların güler yüzü beni mutlu eder.,happiness
aldatıldığımı öğrendiğim an canım yandı,sadness
Gitar çalmaktan,happiness
Sokakta ezilmiş bir kedi gördüğümde tiksinirim.,disgust
arkadaşlarımla birlikte istediğim şeyleri yapınca çok mutlu oluyorum.,happiness
Gururumun incitilmesi beni üzer.,sadness
Sait Faik bu kitapla yeni bir öykü tarzına yöneldi .,neutral
sipsi adında bir köpeğim vardı. Bir gün gezmesi için onu serbest bırakmıştım ve üç gün geri gelmedi. en sonunda onun küçücük ölmüş siyah bedenini bulduk.,sadness
Arkadaşlarım ile geçirdiğim zamanlar.,happiness
İnsanlar ile aram bozulduğu zaman üzülürüm.,sadness
Küçükken üzerime köpek atıldı ve elimdeki ekmeğin birisini aldı bundan dolayı köpeklerden korkarım.,fear
Çay tabağında sigara söndürülmesinden tiksinirim.,disgust
"Edebiyat sınavından düşük not aldığımı öğrendim ve sonraki ders coğrafya sınavı vardı, fakat ben o sınava moralim çok kötü olduğu için konsantre olamadım ve o sınavdan da düşük aldım.",sadness
Filmlerdeki kanlı sahneleri izlerken.,fear
Örümcek gördüğüm zaman.,fear
iddaa tutunca sevinirim,happiness
1 kişilik kontenjan kalan bu liseye girdiğim zaman mutlu oldum.,happiness
Oda arkadaşımın bütün gece horlaması,anger
Masum insanların öldürülmesi.,sadness
yanlış anlaşılınca üzülürüm,sadness
Kitabesi olmadığı için hakkında fazla bilgi yoktur .,neutral
sevdiğim diziyi bitirdiğimde,sadness
yanımda sigara içen insanlardan.,disgust
evde tek başıma kaldığımda havalara uçuyorum.,happiness
Bu görevin ortaya çıkmasıyla vezirin nüfuzu kayboldu .,neutral
Hastanelerin kokusu.,disgust
Otobüste çok sayıda kişinin kusmasına tiksindim.,disgust
telefonum yere düşünce kırılacak diye çok korktum.,fear
İstemediğim bir şeyde ısrarcı olunduğunda.,anger
Ders çalışırken odama girip çıkılması sinirlendiriyor.,anger
Bağırarak konuşulması.,anger
Galatasaray'ın galibiyetleri.,happiness
Çöp atarken çöpten kedi çıkınca korkarım.,fear
Böcek gördüğüm an.,fear
Bu sırada halkın gösterisi arasında ihtilal liderlerinden biri girer .,neutral
doktora gitmek beni çok korkutur.,fear
Köy kaya mezarları ile adeta bezenmiş gibidir .,neutral
Filmin müziklerinde on yedi Sezen Aksu şarkısı yer alıyor .,neutral
Gece evin içinden tıkırtılar duyduğumda.,fear
Uzun tırnaklı bayanların yaptıkları yemeği yerken tiksiniyorum.,disgust
Doktorayı bitirebileceğimi öğrendiğimde çok mutlu oldum.,happiness
Kız kardeşimle yatakta uzanıp konuşmak.,happiness
Fenerbahçe bu sene şampiyon olduğunda çok mutluluk duygusu hissedeceğim.,happiness
Bölümler genellikle iki kısma ayrılıp belirli bir karakterin bakış açısından anlatılmaktadır .,neutral
Yolda takip edildiğimi fark ettiğimde çok korkmuştum.,fear
Tuvaleti kirli bulduğumda.,disgust
"""DEÜ"" bilgisayar mühendisliği bölümünü kazandığımda.",happiness
öfke,anger
Köpeklerimin kaybolması.,sadness
Babaannem ameliyat olduğu zaman.,sadness
Öğretmenimin  soruyu çözmem için tahtaya kaldırmasına.,fear
Sevgilimi başka bir erkekle gördüğümde öfkelendim.,anger
Ağabeyim bana bağırdığında çok öfkelenirim.,anger
Annem kardeşimle beni bırakarak evi terk ettiğinde geçici olarak çok üzülmüştüm.,sadness
Ağabeyim vefat ettiği zaman.,sadness
Yere tüküreni görünce tiksiniyorum.,disgust
ilk kez düdüklü tencere kullandığımda korktum,fear
Birisi bana argo kelime söylediğinde sinirlenirim.,anger
Neticesinde birçok üst kademe lig takımının transfer listesine girmeyi başardı .,neutral
Alt kattaki komşumuz çok pis.,disgust
Konumu itibarıyla Elazığ Ovasına hakim bir bölgede inşa edilmiştir .,neutral
Gururumun kırılması beni öfkelendirir.,anger
Dayımın askere gittiği gün çok üzüldüm.,sadness
Oyunuma istemediğim kişilerin gelmesine öfkeleniyorum.,anger
"Evlendiğim gün mutluydum.
      Oğlumun doğduğu gün mutlu oldum",happiness
arkadaşımın bizim evde çoraplarını her yere atmasına çok tiksindim.,disgust
Eve dönerken bir adam yaklaşıp hoş olmayan bir şeyler söylediğinde korkmuştum.,fear
"Çocukken annemler akşamları sinemaya giderlerdi.Biz de kardeşimle evde yalnız kalırdık. Devamlı ses dinler, karartılardan korkardık.",fear
Yani bu şans eseri alınmış bir karar değil .,neutral
Yoğun bitki yaşamının olduğu suya yakın yelerde yaşarlar .,neutral
"En tanınmış ve önemli eseri ise ""Türkiye Mektupları""dır .",neutral
Müzik dinlerken mutlu olurum.,happiness
mutsuzluğuma öfkelenirim.,anger
İtalyan asıllı yoksul bir ailenin çocuğu olarak dünyaya geldi .,neutral
"7 yaşımda iken ""Dabbe"" isimli korku filmi izlemiştim , çok korkmuştum.",fear
Şehrin güneyinde yoğun olarak ormanlık alanlar vardır .,neutral
Sınavdan düşük bir not alınca üzülüyorum.,sadness
çok istediğim bir şey sürpriz olarak alınırsa sevinirim.,happiness
sevdiğim birinin beni sevmemesinden her zaman korktum,fear
İleride yakınlarımın ölümünden korkuyorum.,fear
İş arkadaşlarımdan biri yapması gereken bir işi zamanında tamamlamadığı için zor durumda kaldım.,anger
Yarı finaller ve finalde şarkıcı Alaska ve spor yorumcusu Miguel Serrano sunuculuk yapmıştır .,neutral
Haksızlık yapılması.,anger
Üniversiteden evime döndüğümde keyifle televizyon seyretmek kahve içmek.,happiness
verdiği sözü tutmayınca arkadaşıma çıkıştım.,anger
Polis ve itfaiye birimi plakaları devlet plakaları ters renklerinden oluşurlar .,neutral
Saksafon çalarken ve derslerimde başarılı olduğumda mutlu olurum.,happiness
aç kalınca öfkeleniyorum.,anger
Sınavdan düşük not alınca.,sadness
karşımdaki bana benim kadar empati yapmazsa sinirlenirim.,anger
Kardeşim üniversite sınavından yüksek puan aldığında.,happiness
Beşiktaş'ın Avrupa şampiyonasından elenmesine üzüldüm.,sadness
Arkadaşımın beni kandırdığını öğrenince çok öfkelendim.,anger
"Sevgilimle ben konuşmazken başkaları çok rahat onun yanında olabiliyor, bu duruma sinirleniyorum.",anger
Ben sadece Allah'tan korkarım.,fear
Arkadaşım üstüme kustuğu zaman.,disgust
Herhangi bir yerde böcek gördüğümde.,disgust
Arkadaşımın babasının öldüğü haberini duyduğumda.,sadness
akşam kapıya astığım bornozu gece uyandığımda insan sandığım için ödüm koptu,fear
Ölüm,fear
otobüsü kaçırdığımda çok sinirleniyorum.,anger
Onu uzun yıllar boyunca elinde tuttuğu güçten uzaklaştırdı .,neutral
Hayallerimin gerçekleşmesi.,happiness
Babamın her konuda kendini haklı görmesinden bıktım,anger
"Yakın arkadaşlarımla tartıştığımda,
      Kendimi karşıdakine ifade edemediğimde üzülürüm.",sadness
Ama ne Jandarma ne de Kömür madeni işçileri onları ocakta bulamaz .,neutral
Endişelendiğim zaman.,fear
Yanındaki kadınların sahibiymiş gibi davranan erkeklerden tiksinirim.,disgust
Babamla kavga etmiştim.,sadness
Başarıyla bitmiş bir projesi.,happiness
Kendisinin yokluğunda tahtı bana bıraktı ve adamlarıyla birlikte sefere gitti .,neutral
Üniversite sınavını düşündüğüm zaman geleceğimden endişe duyuyorum.,fear
Rüzgarın sesi ve gölgelerden.,fear
Anlatmaya çalıştıkça karşımdakinin inatla anlamaması.,anger
Her iki kızımın doğdukları anlar ve başarıları mutlulukların en güzelidir.,happiness
Kirli tuvalete girmek zorunda kaldığımda.,disgust
Çağla mutlu olduğu zaman bende oluyorum.,happiness
Peşin ödeme hakkındaki hüküm iki yıl süreyle geçerli olacaktı .,neutral
Arkadaşlarımla çok güldüğüm bir gün geçirdiğim zaman.,happiness
Yere tükürülmesi.,disgust
"""Ankara'daki"" olayda ölenler için üzüldüm.",sadness
Kardeşim başını cama çarpıp kanattığında çok üzüldüm.,sadness
Sınavdan 4 alınca öğretmenimin bakışına öfkelendim.,anger
Özel bir askeri şirketin başında derin bir komplo keşfederler .,neutral
Beni sinir eden kişilere karşı çok öfkeleniyorum.,anger
Çevremdeki bir insanı kaybetmekten.,fear
Köpek tarafından kovalanmak.,fear
Tarımda yaygın bir şekilde kullanılan bu çoğalma metodu farklı şekillerde uygulanabilir .,neutral
Ancak bu değişiklikler tam çatışmanın ortasında yapılması yerine görev öncesi yapılırsa daha sağlıklı olur .,neutral
Matematikten yüksek beklerken düşük aldığımda.,sadness
anneme bir şey anlatırken takmayınca öfkeleniyorum,anger
Savaş döneminden sonra yerel tiyatrolarda ve Arnavut yapımı filmlerde rol aldı .,neutral
Arkadaşımın tatlı yanaklarını sıktığımda.,happiness
Not paylaşmayan insanlardan.,disgust
Bilgisayar sandalyesinden düştüğümde.,fear
BABAMIN AMELİYATINA ÇOK ÜZÜLDÜM.,sadness
Dedem bacağını kırdığında.,sadness
El şakalarından hoşlanmıyorum.,anger
Okulun 11. olduğumda.,happiness
Bir dönem Birleşmiş Milletler Bilim Komisyonunda çalışmıştır .,neutral
Tükürüldüğünde.,disgust
ben bir şey anlatırken diğerlerinin beni dinlememesi beni üzer.,sadness
"annemi çok seviyorum, onun adı bana mutluluk",happiness
ailemden biri hastalanınca,sadness
Bir reaksiyon için birden fazla enzim çalışabilir .,neutral
"Büyük annemi düşündüğümde onun kişiliğinde birisi olmak istiyorum.(Dik duran, geleceği düşünen, akıllı ve ciddi)",happiness
sınıfta kalmak,fear
Aniden kötü bir haber almaktan korkarım.,fear
Bu patent Amerikan Başkanı James Madison tarafından imzalandı .,neutral
Yalnız kalmaktan korkarım.,fear
Amcam annesi olmayan yumurtadan civcivi çıkarınca kanlı görüntüsünden tiksindim.,disgust
Sevmediğim insanlar boş konuşunca öfkeleniyorum.,anger
Fatma Saygın Lisesini kazanmam.,happiness
Dedem ölünce üzüldüm.,sadness
Tatil vakti geldiğinde.,happiness
kiralık ev ararken lojman çıkmasına çok sevindim,happiness
Kendimi özgür hissettiğim anlar. Karşı taraf ile güzel iletişim halinde olmak ve insanların birbirlerine değer verdiğini görmek.,happiness
Yumurta yerken böyle beyazı cıvık cıvık aktığında,disgust
Yolların sıkışık olduğu noktalarda otobüs şeridinin ayrılması yeterli olmaktadır .,neutral
Arkadaşım geleceğini belirttiği saatte gelmeyince çok öfkelendim.,anger
Satıcı bana kazık atınca.,anger
Bu rakamlar hastalığın en az astım ve şeker hastalığı kadar yaygın olduğunu göstermektedir .,neutral
Değer verdiğim kişilerden olumsuz cümleler duymak.,sadness
Bunların her birisi bir tanrıyı ve bir tahtı simgelemektedir .,neutral
İkiyüzlü insanlara.,anger
Büyük dedemin öldüğünü duyunca çok üzüldüm.,sadness
Deri ayakkabıların içinde terleyen ayaklar çok kötü kokuyor,disgust
Dereceleri farklı olmakla birlikte vefat eden aile büyüklerine ya da bireylerine üzülmek çok olağandır.,sadness
gitarımın telleri koptuğunda öfkelenirim.,anger
hoşlandığım çocuğun çıkacağım geziye geleceğini öğrenince havalara uçtum,happiness
Umduğunuz şeylerin bir nedenle olmaması ve bu öngörü eksikliğinden oluyorsa kızgınlık yaratır.,anger
İşlerin vaktinden önce bitmesi.,happiness
Üniversiteyi kazandığım zaman.,happiness
Arkadaşlarım bana doğum günü yapınca çok mutlu oldum.,happiness
ülkemin şu an içinde bulunduğu duruma üzülüyorum.,sadness
yakın arkadaşlarımla birlikte olduğumda,happiness
Kardeşimle ettiğimiz kavga.,sadness
Birileri berbat bir şey yediğinde ya da söylediğinde.,disgust
Bir arkadaşım kusmuştu.,disgust
yarışı kaybetmek beni korkutuyor.,fear
Ölmüş hayvan görmek.,disgust
Maç seyrederken çok mutlu oluyorum.,happiness
Çocukluğumdan beri sahip olduğum köpeğim gecen sene öldüğünde çok üzüldüm.,sadness
Bir şey anlatırken karşımdakinin  ısrarla anlamadığı zaman.,anger
Okumuş cahillerden hiç hoşlanmıyorum,disgust
Yediğim yemekten bir şey çıktığı zaman.,disgust
Beşiktaş gol kaçırınca hep öfkelenirim.,anger
Yüksek  not almak.,happiness
Ailemle geçirdiğim her an mutluyum.,happiness
Gece sokakta  isem korkarım.,fear
Ağabeyimle veya arkadaşlarımla aram bozulduğu zaman.,sadness
Gevşeklik yapan arkadaşıma dayanamadın sonunda daldım.,anger
Tırnağım düzeldiğinde.,happiness
Vücuda alındığında ise metabolizma tarafından iki farklı forma çevrilir .,neutral
Fen dersinde incelediğimiz yapay organlardan.,disgust
Olayı devletin bir kara lekesi olarak niteledi .,neutral
Metroda tacize uğradım.,fear
Arkadaşlarım dışarı çıkarken beni çağırmadıkları zaman.,anger
Ancak yine de genel olarak ölüm haberi olumlu karşılandı .,neutral
Bugünkü öğlen yemeğinden midem bulandı.,disgust
Bunlar bir şehirde ekonomik büyüme hamlesi yarattı .,neutral
Yalan söyleyen çok yakınımdaki birinin yalan söylediğini öğrendiğimde öfke duygum depreşti.,anger
burnu akan ve burnunu karıştıran öğrencilerden iğreniyorum.,disgust
Sevdiklerime zarar gelmesinden korkarım.,fear
Kadına şiddet gösteren erkekler.,anger
Öğretmenin herkesin içinde düşük not aldığımı söylemesi.,anger
Bir ay önce dedem hastaneye kaldırıldığı zaman korkmuştum.,fear
Küçük kafaları ve büyük bir ağızları olur .,neutral
Bazı insanların hadsiz olması.,anger
Güzel bir kızın sümkürmesi ya da küfür etmesi.,disgust
Arkadaşım ile kavda ettiğim zaman.,sadness
Eski erkek arkadaşım beni arayıp bulduğunda mutlu olmuştum,happiness
Bu okulu kazandığımı öğrendiğimde.,happiness
"""Karşıyaka-Göztepe"" maçında yenildiğimiz zaman.",sadness
Grup şarkıyı ayrıca High as Hope turnesinde kullanmıştır .,neutral
askere giden abimi çok özlüyorum.,sadness
Eski sevgilimi görünce üzülüyorum.,sadness
"insan işkencelerine, çocuk işkencelerine hayvan işkencelerine hiçbir şey yapamadığım için öfkeleniyorum.",anger
Sınavdan kötü not aldığım için üzüldüm.,sadness
İnternet paketim yenilendiği zaman.,happiness
En sevdiğim diziye ara verildiğinde.,sadness
Bu dönemde para kazanmak için modellik yapmaya başladı .,neutral
Yemek yerken ağız şapırdatmak.,disgust
Evden çıktıktan sonra bir şey unuttuğumu fark edince çok öfkelenirim.,anger
Almanya gibi İtalya da siyasi birliğini sonradan sağlamıştı .,neutral
Yemek yerken bir böceğe bastığımda tiksiniyorum.,disgust
Hayvan ölüsünden tiksinirim.,disgust
Birinci Dünya Harbinde cephede sıcak çatışmaya girdi ve iki defa yaralandı .,neutral
İnsanların yapmacık davranmasına öfkeleniyorum.,anger
Boğulmak üzere olduğum zaman.,fear
Akşamları yolda yalnız yürümekten ve yüksek yerlerden korkarım.,fear
Kardeşim üstüme kusmuştu.,disgust
Arkamdan konuşulmasına.,anger
Ailem ya da arkadaşlarım sürpriz yaptığı zaman.,happiness
Annemin haksız yere bana bağırmasına öfkelenirim.,anger
Biri bana sürekli ne yapmamı söylediğinde öfkeleniyorum.,anger
Duygusal müzik dinlerken.,sadness
Kardeşimin arkadaşı ile kavga ettiğim zaman.,anger
Fare görmekten tiksiniyorum.,disgust
İnsanları mutlu ettiğim zaman bende mutlu oluyorum.,happiness
YGS'den sonra mutlu olmuştum.,happiness
zor bir anımda çevremdekilerin yanımda olmamasına üzülüyorum.,sadness
İnsanların bana yalan söylemesi.,anger
kardeşim doğduğu zaman çok mutlu olmuştum ama büyüdükçe bize karşı sergiledikleriyle daha da mutlu oldum.,happiness
çiğ et kokusundan iğrenirim.,disgust
Evde tek başımayken elektrikler kesilmişti.,fear
Sevdiğim insanlara bir şey olduğu zaman.,sadness
Yurda döndükten sonra eğitim ile ilgili birçok kurumda çalıştı .,neutral
Ben doğmadan önce vefat eden babam her zaman derin bir yara gibi saklı içimde.,sadness
Grup üç tekli ve iki albüme sahiptir .,neutral
Bir yere gitmemize söz verip sözlerini tutmayınca aileme öfkeleniyorum.,anger
Sevdiklerimden uzakta olmak beni üzüyor.,sadness
bir arkadaşıma yazılı kağıdımı gösterdim o dersi geçti. Öğretmen benim gösterdiğimi anladığı için beni bıraktı. Hele birde arkadaşım karşımda sırıtmaz mı beni çok üzdü.,sadness
İlk yazısı İzmir’ de çıkan Ahenk dergisinde yayımlandı .,neutral
Düşüncelerime saygı duymayanlara.,anger
Düşük beklediğim sınavdan yüksek not aldığımda.,happiness
Birisinin beni sevdiğini söylemesi. Çünkü kimse beni sevmez.,happiness
daha yeni başlamış gibi hissettiğim bir şeyde sona geldiğimi fark edince üzülüyorum. Güzel zamanların bitmesi beni üzüyor.,sadness
Telefonuna cevap vermeyen erkek arkadaşımın daha sonra bana bilerek açmadığını söylemesi.,anger
Sevdiğim insanların ölmesi.,sadness
Evime giderken mutlu oluyorum.,happiness
Göğsü kıllı ve altın zincir takan erkeklerden tiksinirim.,disgust
Yöre halkına göre gölde bir canavar yaşamaktadır .,neutral
LİSEDEN MEZUN OLUNCA ÇOK MUTLU OLMUŞTUM,happiness
Dedem öldüğünde üzülmüştüm.,sadness
Ağabeyim üniversiteyi bitirip eve döndüğü zaman mutlu oldum.,happiness
yemekte insanların yemeği yerken ağızlarının şaplatmalarından çok tiksiniyorum.,disgust
Haberleri izlerken sürekli şehit haberlerinin verilmesi.,sadness
Dışkıya bastığımda tiksinirim.,disgust
Blok yeme korkusu.,fear
Sümüklü böcek.,disgust
Eşyamın izinsiz alınması.,anger
"Arkadaşım yanımda yere tükürünce, yaptığı hareketten de kendisinden de tiksindim.",disgust
İnsanların sesli sakız çiğnemesi.,disgust
anneme sarıldığımda çok huzurlu hissediyorum. annemi seviyorum.,happiness
Yılan resmi gördüğümde ya da sesini duyduğumda.,fear
Uzun süre uykusuz ve aç kaldığımda öfkelenirim.,anger
Yaptığım bir hatanın sürekli yüzüme vurulmasından.,anger
öğretmenimiz bağırınca ödüm patlıyor.,fear
depremden ödüm kopar,fear
sirke kokusundan hoşlanmıyorum,disgust
Dünya Savaşı sonrasında endüstriyel gelişmesinde bu çalışmalar önemli rol oynamıştır .,neutral
Gizlediğim bir şeyin açığa çıkmasından korkarım.,fear
"127 dakikalık ""Moba"" oyununu kazandığım an.",happiness
Hiç çalışmadan sınava girdiğimde sonucundan korkarım.,fear
annem sarılınca çok mutlu olurum.,happiness
adaletin olmaması beni üzüyor.,sadness
Anneme bağırdığım için üzüldüm.,sadness
Hediye alınca.,happiness
Ders çalışırken komşuların televizyonun sesini sonuna kadar açmaları.,anger
Kafamın huzurlu olduğu anlar mutluyum.,happiness
Bu liseyi kazandığımda çok mutlu oldum.,happiness
Vücuttaki küçük ve büyük farklılıkların kombinasyonu yapısal olarak sergilenir .,neutral
Arkadaşımla tartıştığım zaman.,sadness
Sınavlardan istediğim gibi sonuç alırsam mutlu oluyorum.,happiness
Annemin ameliyat olması.,sadness
Ayrıca fakülteye Arapça hazırlık sınıfı da eklenmiştir .,neutral
Dün akşam iflah olmaz bir alkolik olduğumu anladım ve kendimden korktum.,fear
Bazı önemli edebi şahsiyetler tür kurgu yazmıştır .,neutral
doğumda ameliyathanede konuşulanları duymak beni korkuttu,fear
Başarılı olduğumda.,happiness
Sınavdan 100 aldığım zaman mutlu oldum.,happiness
Parası olan insanların dilenmesinden tiksinirim.,disgust
Kamboçya Krallığı ile Kuzey Vietnam arasında olmuştur .,neutral
Hamam böceği gördüğümde.,disgust
Dünya Savaşı sırasında kullanılan kundağı motorlu topçu sınıfı bir araçtır .,neutral
İnsanların hakkımda yalan yanlış konuşmasına sinirlenirim.,anger
Arabamla yeni kaza yaptım. Bu beni çok üzdü,sadness
Grup pek çok konuk sanatçıyla beraber çalıştı .,neutral
Üniversite sınavı aklıma geldikçe korkuyorum.,fear
"""Beşiktaş'ın"" en sonunda derbi  kazanması.",happiness
Yurt içi ve yurt dışına birçok göçler vermiştir .,neutral
Karanlıkta tek başıma kaldığımda.,fear
Geçen yıl cüzdanımı kaybedince çok üzüldüm.,sadness
Hem futbol maçları hem de çeşitli konser ve etkinliklere ev sahipliği yapmaktadır .,neutral
Civar yerleşim yerleri içinde en eskisi olduğu bilinmektedir .,neutral
Gördüğüm bazı rüyalardan.,fear
vefat etme olasılığı olan her insan ya da benden önce hayatını kaybedecek yakınımın olması,sadness
"Bir arkadaşımın uzak bir yere gitmesine ,  bir arkadaşımın bana iftira atmasına bir de aile ve çevre sorunlarına.",sadness
Yemek hanelerdeki yemek artıklarından.,disgust
Yeşilyurt ve Kültür adında iki mahallesi vardır .,neutral
Kusmuk.,disgust
Yetenek yarışmasına çağrıldığım zaman.,happiness
Hayallerimin gerçekleşmeyeceğini düşünmek.,fear
Halk arasında köyün ismi Köprübaşı olarak da bilinir .,neutral
sigaram bittiğinde arkadaşımın bana sormadan sigara uzatması beni mest eder,happiness
Arkadaşlarımdan dost sandığım kişilerden kazık yediğim zaman.,anger
Avrupa ülkelerinde eşcinsellere yönelik saldırılar ve homofobik tutumlar vardır .,neutral
böcek gördüğümde ve kötü kokulardan tiksiniyorum.,disgust
Eğer bir şeyden kaygı duyarsam ya da yeterince ilgi görmüyorsam.,sadness
Ailemden birisi sağlık sorunu yaşadığında.,sadness
Son anda fark ettiğim arabadan.,fear
birinci sınıfta matematik sınavından düşük not aldığımda çok üzüldüm.,sadness
Sevdiğim insanlarla tartıştığımda.,sadness
Bir dersi çalışmanın son güne kalması.,sadness
Birisinin açık yarasını gördüğüm zaman.,disgust
tırnakları pis olanlardan tiksiniyorum.,disgust
Yapılan haksızlıkları gördükçe daha da öfkeleniyorum,anger
aile içi sorunlar yaşamak beni yıpratır,sadness
Böcekler.,fear
telefon çalınca kötü bir haber duyacağım diye korkuyorum.,fear
KAplumbağlarımı istemeden haşlayarak öldürdüğüm zaman,sadness
Emeklerimin boşa gitmesine üzülürüm.,sadness
Çocuğumun içten kahkahası beni çok mutlu eder.,happiness
Sınavlardan düşük not alınca üzülürüm.,sadness
Geceleri garip sesler duyduğumda.,fear
Sevdiklerimi kaybetmekten korkarım.,fear
Sadrazam öldükten sonra yerine Belgrad muhafızı vezir Hacı Halil Paşa geldi .,neutral
Sevdiğim insanlar tarafından kandırıldığım zaman.,sadness
Yemek yerken yapılan bazı davranışlar.,disgust
annemin vefatı beni derinden yaraladı,sadness
İshak Bey komutasındaki Osmanlı Ordusunda Hamza Kastrioti de bulunmaktadır .,neutral
Fizik sınavı.,fear
Birisi eşyamı izinsiz kullanırsa.,anger
Sınavdan iyi not aldığımda.,happiness
arkadaşımın önümde kusması,disgust
İki sinyalin girdiği devrenin çalışma noktası özellikle doğrusal olmayan bir noktada seçilir .,neutral
Lensimle uyuyunca lens gece gözümde parçalanmış. Kör olacağımı düşünerek çok korktum. Babam bir şey olmaz deyince rahatladım.,fear
Sunucu dosyası değişik ağ boyutları için alan adı sistemine yardımcı bir etmen olarak görülmektedir .,neutral
İnsanların duyarsız olması ve gençlerin kültüründen uzak yetişmesi.,sadness
Sevgilimle sorun yaşadığımda.,sadness
Birinin kusma anına şahit olmak.,disgust
Her hangi bir konuda başarılı olduğum zaman.,happiness
Çok sevdiğim bir yazarla tanışamamak beni üzüyor,sadness
Yasama meclisi seçimleri beş yılda bir yapılır .,neutral
Üniversiteyi kazandığımda çok mutlu oldum.,happiness
Evde mutlu bir şekilde otururken birden aklıma sınavların geldiği an.,fear
sınıftaki bir arkadaşımın berbat bir espri yapınca,anger
O dönemde Mısır İngilizlerin işgali altındadır ve Süveyş Kanalı kontrolleri altındadır .,neutral
Yapmacık insanlardan.,disgust
Kendimi yalnız hissettiğimde  ve sınav haftası korkarım.,fear
Bir arkadaşımın başka bir arkadaşım ile aramı bozmuş olması.,anger
Arı soktuktan sonra vücudumdaki reaksiyona.,fear
Halk oyunları grubunda olduğum için mutluyum.,happiness
Fiziksel özelliklerim ile dalga geçilmesi.,anger
Karanlıktan ve yangından korkarım.,fear
Tuvalet tıkanınca taşmıştı. Dışkılar yüzüyordu her yerde.,disgust
Köpek gördüğüm an.,fear
konservatuvar sınavı kazandığım zaman çok mutlu hissettim,happiness
Sevmediğim insanlar ile muhatap olmak zorunda kalınca.,anger
İstanbul trafiğinde beklemek beni çok öfkelendiriyor.,anger
Sınıfımdaki kızlardan tiksiniyorum.,disgust
Ailemden birisinin başına bir şey gelmesi.,sadness
her yaşadığımızın sebebini varlığı belli olmayan bir tanrının elinde olduğunu öğrendiğimde yaşanılan her acı için tanrıya öfke duydum.,anger
sigaran var mı diye soranlara öfkeleniyorum.,anger
Bazı insanların şımarık davranması.,anger
Günümüzde eğitim sisteminden bütün diğer alanlara kadar Rus Kiril Alfabesi kullanılmaktadır .,neutral
Sınav haftası yaklaştığında korkarım.,fear
Yüksekten korkarım.,fear
Daha sonra gitar extreme bir nesne haline geldi .,neutral
Eski sevgilimle geçirdiğim her an mutluydum.,happiness
Çiğ bir tavuğun bıçak ile kesilirken ki görüntüsü.,disgust
Ancak uydu yayın teknolojisinde kazanç sıcaklık oranı olarak tanımlanır .,neutral
Bu olaydan sonra da ismi Yenice olarak değiştirilmiştir .,neutral
beşiktaş şampiyon olduğunda eşim çok sevindi,happiness
Kurban bayramında sokaklardaki et kokusundan tiksiniyorum.,disgust
Sabit fikirli ve dar görüşlü insanlara.,anger
Sınavı kaçırdığım zaman.,sadness
Evde akşam tek başıma kalırsam.,fear
Dedemin hastaneye kaldırıldığını öğrendiğim an.,sadness
O sezon Kerimoğlu A takıma gönderildi ve yerine Orhan Atik geldi .,neutral
geleceğimden emin olamamak en büyük korkumdur.,fear
Erkeklerde ve ailesinde daha önce bu durum yaşanmış olanlarda daha yaygındır .,neutral
İyi not aldığım zaman.,happiness
Orta söğütlü mahallesi ise köy halkının kendi istekleri sonucu bu birleşmenin dışında kaldı .,neutral
Bu nedenle bazı tarihçiler bu deniz savaşına Birinci İnebahtı Deniz Savaşı adını vermektedirler .,neutral
Pirates vizyonda kaldığı sürece en çok izlenen pornografik filmlerden biri olmuştur .,neutral
Korku filmlerindeki ani sahnelerden.,fear
Müdür yardımcısından korkuyorum.,fear
Harp okulundan mezun olduğum an.,happiness
Çevremde üzgün biri varsa bende üzülürüm.,sadness
sınava hiç çalışmadan yüksek not almak,happiness
"İnsanların yapması gereken şeyleri yapmaması, anlaması gereken şeyleri anlamaması , her şeyi karşıdan beklemesi beni öfkelendiriyor.",anger
Fizik ve matematik sınavından 100 aldığım zaman.,happiness
Korkutmak amacı ile yapılan aptal şakalar.,anger
İstediğim bir şey gerçekleşince mutlu olurum.,happiness
Bu liseyi kazandığım zaman.,happiness
Çiftin Jean ve Maurice adlı iki çocuğu olmuştu .,neutral
insanların yemek yaparken yemeği tattığı kaşığı tekrar yemeğe soktuğu zaman tiksiniyorum.,disgust
Jinekolog muayenesinden çok korkarım.,fear
Herkesin mutlu olduğu zaman.,happiness
Birisi önümde yellenince.,disgust
Kusan birisini gördüğüm zaman.,disgust
eşim yokken çok korkuyorum.,fear
yerde ölü kurbağa gördüğümde tiksinirim,disgust
Bana haksızlık yapıldığı zaman.,anger
Bir yakınımı kaybettiğimde.,sadness
Birisinin yalan söylediğini bile bile dinlemek zorunda kalmak.,anger
ikiyüzlü riyakar arkadaş gibi görünenlerden tiksiniyorum.,disgust
Şişli Halkevi Tiyatro Kolu’nda çeşitli etkinliklere katıldı; yeni deneyimler kazandı .,neutral
Sigara kokusu duyduğumda midem bulanıyor.,disgust
yere tüküren birini görünce tiksiniyorum.,disgust
Tüm sınavlarımın bitmesi ve sonunda eve gitmek.,happiness
Gazete yazılarının dışında iki yüzün üzerinde şiiri ve birkaç öyküsü vardır .,neutral
Emek  verdiğim sınavdan yüksek not alınca.,happiness
Ter kokan insanlardan.,disgust
Bir enfeksiyon geçirmiş ve bir süre sonra görme yetisini kaybetme tehlikesi vardı .,neutral
Anneannem vefat edince çok üzüldüm.,sadness
Birisine bir şey anlattığımda anlamadığında sinirleniyorum.,anger
Sahip olduğum ve sevdiğim şeyleri kaybetmekten korkarım.,fear
Yılanlardan çok korkarım.,fear
Arkadaşımın sebepsiz ihanetine çok öfkelendim.,anger
Ygs'de sınıftaki kız kusunca çok tiksindim.,disgust
Ailemden birisi ameliyat olmuştu.,fear
Arabamız kayıp kaldırıma çıktığı gün.,fear
sevdiğim insanlarla mutluyum.,happiness
Hocaların  adaletsiz davranışları benim onlardan tiksinmeme neden oluyor.,disgust
Arkadaşımın bıçaklandığını öğrendiğimde.,sadness
asansörde iki saat mahsur kalmıştım.,fear
Örgütün birkaç üyesi yıllar içinde gidip gelmiştir .,neutral
Mağara girişleri el bombaları ve alev silahlarına karşı eğimli inşa edildi .,neutral
bisküviyi çaya batırırken bisküvinin çaya düşmesi,disgust
Sınavlara çalışıp emeğimin karşılığını almak.,happiness
hayatta en sevdiklerimi kaybetme düşüncesi beni üzüyor.,sadness
Farelerden tiksinirim.,disgust
onu her gördüğümde benden bir parça kopuyor.,sadness
Arkadaşı telefonumu yere düşürdüğünde çok öfkelendim.,anger
Fazla empati yaptığımdan  böyle olduğunu düşünüyorum. En son halamın kanserden ölümüne üzüldüm.,sadness
Köy meydanında bulunan bu su yazın soğuk kışın ise sıcak akması ile ilgi çekicidir .,neutral
Fare modeline göre üzerinde bir veya daha fazla sayıda tuş ve tekerlek bulunabilir .,neutral
Yalnız olmak daima üzer.,sadness
sözünde durmayan insanlara sinir oluyorum.,anger
Özgürlüğü üstünü başını açmak olarak yorumlayanlardan.,disgust
"""Emenike'nin"" kaçırdığı gole öfkelendim.",anger
"Komik bir şey olunca, yemek yediğimde ve sevdiklerimle vakit geçirdiğimde.",happiness
Falda kötü bir şey çıkınca.,sadness
Aptal insanların toplumda söz sahibi olmalarına öfkeleniyorum.,anger
Biz rahmetli anneannemle yaşadığımız için anneannemi kaybettiğimde keşke hiçbir şey yapmasaydı da köşede otursaydı ve yaşasaydı diye içimden çok geçirmişimdir. Her aklıma geldiğinde ise sağlığında onu üzdüğüm için Pişmanlık duyuyorum.,sadness
Güzel bir şey yaşadığımda.,happiness
sigara içen birinin öpmesinden tiksiniyorum,disgust
Cep telefonumu düşürüp kırdığımda üzüldüm.,sadness
yanımda biri yere tükürürse çok tiksinirim.,disgust
Düşük beklediğim sınavdan yüksek not aldığımda.,happiness
karşımdaki birini bilerek kırıp sonra alındığını görünce çok suçlu hissediyorum,sadness
İki tarafta da cephane ve mühimmat sıkıntısı başlamıştı .,neutral
Bu nedenle onlar da çevredeki şirketlerden işlem yaptılar .,neutral
İnsanların yalan yanlış konuşmalarına ve dinlemeden ön yargı yapmalarına çok öfkelenirim.,anger
Bana yalan söylenmesine öfkelenirim.,anger
Kendisi aynı zamanda iyi bir gitarist olarak da bilinmektedir .,neutral
Toplumda bazı insanların temiz olmamaları.,disgust
Bu arayış sırasında kendisinin o kadar da renksiz olmadığını keşfeder .,neutral
Merdiven düşmekten.,fear
Ördeğim ölünce çok üzüldüm.,sadness
Evde yalnız iken elektriklerin kesilmesi.,fear
Çocukken yediğim aşureden tiksindim.,disgust
Sevgilimle kavga ettiğim zaman.,sadness
Yalan söylenmesine öfkelenirim.,anger
kaplumbağam öldüğünde kahrolmuştum,sadness
Hem araştırmalarda hem de uygulamalarda bilgisayarlar oldukça yaygın olarak kullanılmaktadır .,neutral
Çok konuşan ve cıvık hareketler yapan kişilere.,anger
Daha sonraki zamanlarda birçok ortak iş yapmışlar .,neutral
Öğretmenlerin haksız yere not vermesi ve empati kuramayan insanlar.,anger
"İç organlar , domuzlar ve egoist insanlar",disgust
Dayımın ölümü beni çok üzmüştü.,sadness
Ağzı açık yemek yiyen ve bakımsız olan insanlardan.,disgust
Kimse tarafından ciddiye alınmamaktan ve savunmasız duruma düşmekten korkuyorum.,fear
Kibirli davrananlardan ve yalan söylenmesine öfkelenirim.,anger
Geçen on yıllarca birçok proje göz önünde tutuldu .,neutral
Veri iletişimde gizlilik isteyen şirketler için bu özellik çok önemlidir .,neutral
Çocukken sahip olduğum kedi acı içinde kıvranarak öldü.Ben hiçbir şey yapamadım bu yüzden çok üzgünüm.,sadness
"Cins adı olarak kullanılan ""Canis"" Latince ""köpek"" anlamına gelmektedir .",neutral
Belgesel kanalında böcek yiyen birisini gördüğümde tiksindim.,disgust
Yolda kedi ölüsü gördüğümde.,disgust
Tuvaletlerde peçetenin  yok olması.,anger
arkadaşım bana uçan tekme atınca çok öfkelendim.,anger
Eskişehir Anadolu Üniversitesi İşletme Bölümünden mezun oldu .,neutral
Amatör çocuk oyunculardan oluşan kadrosuyla film yurt dışı eleştirmenlerden iyi puan almayı başarmıştır .,neutral
Soruları doğru cevapladığım zaman.,happiness
Karşımda burun karıştırılması.,disgust
Temiz olmayan yerler.,disgust
Haklıyken haksız duruma düşmek.,anger
Tuvaletimi yaptıktan sonra tuvalet kağıdının olmaması.,anger
çok büyük meblada bir para elime geçince çok mutlu oldum,happiness
Zorba insanları görünce öfkeleniyorum.,anger
Kötü geçen sınavdan yüksek not almak.,happiness
Düzenimin bozulması öfkelendirir.,anger
oda arkadaşım sürekli eşyalarını ortaya atıyor ve ben bundan hoşlanmıyorum.,anger
Annem beni sevmediğini söylediğinde ödüm patladı.,fear
Arkamdan konuşulunca üzülürüm.,sadness
Dış görünüşümle ilgili her şey beni üzüyor.,sadness
"""Galatasaray'ın"" ""Fenerbahçe'yi"" yenmesi.",happiness
Kendimi önemli hissettiğim zaman.,happiness
Araba kazası yaptığımızda korktum.,fear
Yapabileceğim soruyu yapamamak.,sadness
Hasta arkadaşımın üzerime hapşırmasından tiksindim.,disgust
Ailemin beklentilerini karşılayamadığım için.,sadness
Kardeşimin bazı hareketlerine.,anger
Ailemin yanında olduğum zamanlar mutlu olurum.,happiness
Düşük not almaktan.,sadness
Sınava girmeden hemen önce.,fear
Birisi beni sinir ederse öfkelenirim.,anger
Hayvan ölüsü gördüğümde.,disgust
Kuşlar insanlık kültüründe çağlar boyunca yer almıştır .,neutral
Hastaların muayeneden sona kirli peçetelerini yere atmalarından hoşlanmıyorum.,disgust
İnsanların geleceği için korkuyorum.,fear
Evde haksızlığa uğradığımda çok öfkelenirim.,anger
Kötü not almak.,sadness
Beni tanımadan hakkımda yorum yapılması.,anger
Küçükken kaybolmuştum.,fear
Kaba insanlara öfkelenirim.,anger
playstation 4  oyun konsolunu alınca mutlu oldum.,happiness
Yanımda birinin aşağılanması ve küçük düşürülmesinden tiksinirim.,disgust
hakkım yenildiğinde çok öfkelenirim.,anger
Birisinin hakkımda iftira atması.,anger
Yüksekten korkarım.,fear
Ben uzun uzun konuştuktan sonra karşımdakinin duymadım demesi.,anger
İnsanlar bazı pisliklerini asansör ve otobüs gibi yerlere sürüyorlar. Onları gördüğümde iğreniyorum.,disgust
Yıllarca gitmek istediğim konsere sonunda gittiğim zaman.,happiness
Müfredatın öğretici ve eğlenceli olmamasına.,anger
Bir kişinin arkadan iş çevirmesi ya da dedikodu yapmasına.,anger
Sigarayı ilk bıraktığımda arkadaşım ölmüş gibi üzüldüm.,sadness
Yemekhanede sevmediğim yemekler üst üste çıkınca tiksinirim.,disgust
İstanbul Üniversitesi Edebiyat Fakültesi’nde Türk Dili ve Edebiyatı okudu .,neutral
Yazıları çoğunlukla İslam ve İslami feminizm üzerinedir .,neutral
Toplu taşıma araçlarında oraya buraya sakız yapıştırılması.,disgust
Bisikletim çalınmıştı buna çok üzüldüm.,sadness
"yapmam gerektiği halde bir şeyi yapamazsam kendime kızıyorum. Niçin ben yapamıyorum, becerikli değil miyim diye.",anger
Pırasa yemeğinden tiksiniyorum.,disgust
Kafama sakız atılması.,anger
İstediğim okulu kazanınca mutlu oldum.,happiness
Öğretmen beni dersten attığı zaman.,sadness
Yalan söylendiği zaman.,anger
Üç sporcu da kariyerinin ilk Olimpiyat madalyalarını kazandı .,neutral
Kışları soğuk olsa da Doğu Avustralya bu türe ev sahipliği yapar .,neutral
"Kirli ve dağınık insanlardan ,farelerden,yılandan,solucandan tiksinirim.",disgust
Oğlumun kursta başarılı ve sınavlarında puanını yükseltmesi bana müthiş sevinç verdi.,happiness
Evde bir yeri pis gördüğüm zaman tiksiniyorum.,disgust
Bu modelin kendine özgü terimleri de vardır .,neutral
Kendini beğenmiş insanlara.,anger
Kötü kokulardan ve böceklerden tiksinirim.,disgust
yol üzerinde pis bir tuvalete girince midem bulandı.,disgust
Kızların kol kıllarından.,disgust
Bir ortamda haksızlık olduğunda sinirleniyorum. İş yerimde yapılan bir haksızlıktan dolayı çok rahatsız olmuştum.,anger
oda arkadaşlarım kişisel temizliklerine dikkat etmediklerinde midem bulanır.,disgust
"Herhangi bir aile üyesinin çıktığı uzun yolculuklarda, varana kadar ki süre içinde bir kaza geçirecek sanıp korkarım.",fear
Kaba davranan insanlara öfkeleniyorum.,anger
Kardeşime yapmasını istediğim bir şeyi yapmadığında üzülüyorum. Annemin hasta olduğunu öğrendiğimde üzüldüm.,sadness
Arkadaşlarım ile vakit geçirdiğim anlar.,happiness
Kazalardan korkarım.,fear
Toplum tarafından dışlanma korkusuydu ilk yaşadığım korku.,fear
Arkadaşlarımın kendi eğlenceleri için benimle uğraşmalarına öfkeleniyorum.,anger
Kardeşimin bencilce davranmasına.,anger
YGS'den çok iyi bir derece yapmak,happiness
Kalabalıktan korkarım.,fear
tuvaletlerin sigara kokmasından tiksiniyorum.,disgust
Cuma günleri geldiğinde.,happiness
Film aynı zamanda uluslararası ni de yansıtıyor .,neutral
Okullar tatil olduğu zaman.,happiness
Böcek yiyen insanlar.,disgust
çöp konteynerini açtığımda o kokunun yüzüme vurması,disgust
Sakat bir köpek gördüğümde.,sadness
Sanırım babamı üzmekten korkuyorum,fear
Toplu taşım araçlarında seyahat ederken yanımdaki kişilerin temasından hoşlanmıyorum,disgust
Çoklu aşkın pek çok değişik biçimi vardır .,neutral
Küçük bir çocuğu döven 50 yaşlarındaki adama çok öfkelendim,anger
Geçen gün oynadığımız maçta ben çok kötü oynadım buna üzüldüm.,sadness
Ne zamandır aradığım şarkının aslını bu sabah buldum ve beni ziyadesiyle mutlu etti.,happiness
Farelerden tiksinirim.,disgust
Herkesin yapamadığı bir şeyi başardığımda.,happiness
Sınavdan iyi not aldığım zaman.,happiness
Bisiklet sürerken köpekler beni kovalamıştı.,fear
Arkadaşımın ciddi bir rahatsızlığı olduğunu öğrendiğim zaman.,sadness
El şakası.,anger
üniversitede istediğim bölümü kazandığımda çok mutlu olurum,happiness
Sağlığımın bozulması.,sadness
İnsanların üzerime gelmesi ve beni küçük görmesi.,anger
Kendimi küçük ve ezilmiş hissettiğim zaman üzülürüm.,sadness
Çok geç bir saatte camiye gitmiştim her yer çok tenhaydı.,fear
kardeşim benle inatlaştığında ona ayar oluyorum.,anger
bu işe girdiğimde çok mutlu oldum.,happiness
Birinin arkadaşıma kaba davranmasına öfkelenirim.,anger
Beğendiğim bir kitabın bitmesi.,sadness
insanların işlerinde başarısız olmasına çok üzülüyorum.,sadness
annemin hastalığını öğrenince üzüldüm.,sadness
her yeni gün bir mutluluk,happiness
Yer altı suyunun kapalı ve yüksek hidrostatik basınç yarattığı bir sistemi tanımlar .,neutral
Oyuncak arabam kırılınca çok ağladım.,sadness
Her şey doğru gidiyorsa mutlu olurum.,happiness
Arkadaşlarımın benden habersiz eşyalarımı alması.,anger
sinemada korku filmine gittiğimde donuma yapacaktım neredeyse,fear
İnsan gibi davranmayan insanlar.,anger
Yol kenarına konulan ölü kedi kokmaya başlayınca çok tiksindim,disgust
sinir olduğum bir şey inadına yapıldığında çok öfkelendim.,anger
Banyo yapmayan insanlardan.,disgust
Annemi bir gün kaybedecek olmak beni çok üzüyor.,sadness
Turizm ilçenin en çok istihdam yaratan iş koludur .,neutral
Ailem ya da sevdiğim insanların başına üzücü bir şeyler geldiği zaman.,sadness
Basketbol as takımına giremeyince üzüldüm.,sadness
ablam benim eşyalarımı giydiğinde öfkelenirim.,anger
Hakkım yenildiği zaman,anger
deneme sınavında kaydırma yaparak düşük puan alınca kahroldum,sadness
İstanbul Grafik Sanatlar Müzesi bünyesinde özgün baskı çalışmaları yaptı .,neutral
bir arkadaşım için grup buluşma tarihini erteledikten birkaç gün sonra o arkadaşımın yine gelmeyeceğini öğrenince kafamın tası attı.,anger
Yılan gördüğümde korkarım.,fear
Carol Thatcher isimli bir ikiz kardeşi vardır .,neutral
Sınavdan yüksek not aldığımda sevinirim.,happiness
Hastane kokusu.,disgust
Sakızını çok sesli bir şekilde çiğneyenlere sinir oluyorum.,anger
Haksızlık ve iftira öfkelendirir.,anger
Kişiliğim hep öfkelidir.,anger
Milliyetçi Hareket Partisi ve Halkların Demokratik Partisi ise yine milletvekili çıkartamamıştır .,neutral
Hoşlandığım çocuğun bana mesaj atması.,happiness
mezarlığın yanından gece geçerken ürkerim,fear
Dört milyondan fazla oyun dünya çapında satıldı .,neutral
Bu ağalar uzun dönem boyunca Kürtler arasında korku yaymaya devam etmiştir .,neutral
Küçük bir hata yüzünden başarısız olursam.,sadness
bilardoda şampiyon olmuştum mutlu olmuştum baya,happiness
yurtta kaldığım zamanlarda midem çok bulandı.,disgust
Birinci Dünya Savaşı öncesinde okulun mezunlar derneğinin katkılarıyla yapılan bazı binalar hala ayaktadır .,neutral
Arkadaşımın burnunu karıştırması.,disgust
küçük çocukları sevince mutlu oluyorum,happiness
Eczacının kadın poşeti vermesi.,anger
insanların yere tükürmesi,disgust
Kapalı ve karanlık bir yerde kalmak.,fear
Merhametsiz insanlara.,anger
"böcek, yosun gibi şeylere dokunmaktan tiksinirim.",disgust
Sevgilimin doğum günümü unutması.,sadness
Uzunca süre erkek öğrencilerin okuduğu okulda daha sonra karma eğitim başlamıştır .,neutral
Sevdiklerim mutlu olunca bende mutlu olurum.,happiness
İnsanlarla kavga ettiğimde öfkelenirim.,anger
Korkum yok,fear
Anneme düşük not aldığımı söylerken.,fear
Aniden kafama vurulunca öfkelenirim.,anger
Kız arkadaşımla tekrar barıştık.,happiness
Otobüste erkeklerin bacaklarını açarak her yeri işgal etmelerine öfkelenirim.,anger
Hamam böceğinden.,disgust
Haksızlığa uğradığımda,anger
Arkadaşımın kaza haberi beni çok üzdü,sadness
Ülke eyaletlerinin kendilerine ait bir ordusu yoktur .,neutral
Dedem vefat ettiği zaman.,sadness
Tuvaletlerde sifonu çekilmemiş gördüğümde.,disgust
Mutfak lavabosundaki çöpleri elimle alıp çöpe atmaktan tiksiniyorum.,disgust
Yalnızlık ve karanlık.,fear
bir restoranda yemeğimin içinden kıl çıkınca tiksinmiştim.,disgust
Değer verdiğim kişilerin bana değer vermemesi.,sadness
Pislikten tiksinirim.,disgust
Sözümün kesilmesine sinirlenirim.,anger
Albüm dünya çapında büyük bir başarı elde etti .,neutral
Kale alınmamak.,anger
Babaannemin çorbalarından tiksiniyorum.,disgust
Sevdiğim kişiler ile geçirdiğim mutlu günlerde.,happiness
Bir konu hakkında konuşurken lafımın kesilmesi.,anger
küçükken evde tek başıma kaldığımda çok korkmuştum.,fear
Tatillerde memleketime gittiğimde mutlu olurum.,happiness
Yağlı yemeklerin görüntüsünden tiksinirim.,disgust
aldığı kıllar yanlışlıkla yemeğime karıştı.,disgust
Sınavı test yapacağım dedi hoca sınav günü klasik sınav kağıt önüme gelince çok öfkelendim.,anger
"""SBS'den"" yüksek not almam",happiness
Bana yalan söylendiğinde.,anger
Fare görünce korkarım.,fear
Arkadaşımın yere düşen yiyeceği yemesi.,disgust
Dış görünüşüm ile dalga geçilmesine.,anger
Bir akrabam özel hayatımla ilgili çok fazla sorular sorduğunda ona çok sinirlendim.,anger
Doğum günümde arkadaşlarımla konsere gitmiştik. O zaman çok eğlenmiştim.,happiness
Otobüste ya da toplu taşıma araçlarında gözle ya da sözlü tacize maruz kalınca çok öfkeleniyorum.,anger
Sınav tarihi açıklanırken.,fear
Anlamadığım bir konu hakkında öğretmene sorduğumuzda saygısızca sözümü kesmesine çok sinirlendim.,anger
bir yere giderken yanımda konuşan insanların sürekli küfür etmesinden iğrenirim.,disgust
Futbolcuların yere tükürmesi.,disgust
inancıma aykırı bir şey yapınca,sadness
Aileden birinin sağlığı bozulunca üzülürüm.,sadness
Yüzyıl başında nüfusu hemen hemen bir milyona yakındı .,neutral
Ayrıca anne ve babasının aşkını da bu şarkıda anlatmıştır .,neutral
Kulenin Cenevizliler ya da Haçlılar tarafından yaptırıldığı sanılmaktadır .,neutral
Yolda ezilmiş kedi gördüğüm zaman.,disgust
Çalışmadığım sınavdan yüksek not aldığımda.,happiness
Küfür edilmesi.,anger
Sınav haftasında ödev verilmesi.,anger
İğrenç içerikli videolar gördüğümde.,disgust
Springfield nükleer işleme fabrikası da şehir sınırları içindedir .,neutral
Uzun zamandır görmediğim bir insanı görünce çok sevindim.,happiness
otobüse en son binip oturacak yer bulmam,happiness
şehit haberlerini aldığımda veya duyduğumda çok üzülürüm. Bu tür olayların bitmesini isterim.,sadness
gece ayak sesleri duyunca korkmuştum. Gece yalnız başıma yolda yürümekten korkmuştum.,fear
Notların açıklandığı an.,fear
Programlama ile güzel şeyler elde ettiğimde.,happiness
Pis kokan insanlardan tiksiniyorum.,disgust
annem hastalandığında çok üzüldüm.,sadness
Okul tuvaletinde aynı kabinde 3 kişi birden sigara içtiklerinde.,disgust
dışarıda tüküren birini gördüğümde tiksinmiştim,disgust
Sevdiğim insanların yanında olmaktan mutlu olurum.,happiness
Eşyam izinsiz kullanıldığında ve benimle dalga geçildiğinde.,anger
yeğenim olduğunda sevinmiştim.,happiness
İnsanların ağızlarının kokmasından ve küfür etmelerinden tiksiniyorum.,disgust
insanların yere balgam atmasından tiksinirim,disgust
Ben görüşlerimi ifade ederken sözümün kesilmesi.,anger
Bu yerleşim birimlerinde sadece merkez ve merkez çevresindeki yerler kullanılmaktadır .,neutral
kurbağalardan tiksinirim,disgust
Bu yöntemler daha sonraki yıllardaki propaganda yöntemleri için de model oluşturmuştur .,neutral
Anneannem öldüğü zaman.,sadness
kedim öldüğünde üzüntüden kendimi hayattan soyutladım.,sadness
Sakatlanmaktan.,fear
Devlet büyüklerimizin halkı enayi yerine koyuyor olması beni cidden kızdırıyor.,anger
Geceleri laboratuvarda tek başıma çalışınca korkuyorum.,fear
Sevdiğim bir insandan hediye almak veya sürpriz yapılması beni çok mutlu eder.,happiness
Coğrafya sınavından çok düşük aldığımda.,sadness
İllegal işlerden korkuyorum.,fear
Soru çözebildiğim zamanlar.,happiness
Sevdiğim insanların başına bir şey gelmesinden korkarım.,fear
arkadaşlarım doğum günümde sürpriz yapınca mutluluktan havalara uçtum.,happiness
fakir insanları görünce ve zengin insanların cimriliğine tanık oldukça içim sızlıyor.,sadness
"Yunanca kökenli bir kelime olup ""çift bıçak"" gibi anlamlara gelmektedir .",neutral
söz veripte sözünde durmayanlara feci ayar olurum.,anger
Sınavımın beklediğimden sıkıntılı geçmesi.,sadness
ailemi ve arkadaşlarımı kaybetmekten çok korkuyorum,fear
Raj Kapoor bu filmle dünya çapında üne kavuştu .,neutral
Finallerden önce ödev verilmesi.,anger
Beklemediğim bir insanla aramın bozulması.,sadness
Günümüzde bozuk paraların gerçek değeri ihmal edilir .,neutral
arkamdan konuşulması,anger
Arkadaşımın bana yalan söylemesi.,anger
İstediğim konsere gitmek ve ailemin yanımda olduğunu bilmek.,happiness
"Böcek, arı, peri ile ilgili şeylerden korkuyorum. Evimize kocaman bir böcek girdiğinde çok korkmuştum. Yüksekten de korkuyorum.",fear
Dönem Parlamentolar Türk Grubu Konseyi Üyeliği yapmıştır .,neutral
Teneffüslerin kısaltılması.,anger
Işık kirliliği gece havada aşırı aydınlık oluşmasıdır .,neutral
Genişleme paketine olan yorumlar büyük oranda pozitif oldu .,neutral
Ana Kalandadze’nin bazı şiirleri Türkçeye de çevrildi .,neutral
Geçmiş yıllarda yaptığım kritik ve ani kararların akabinde üzüntü duydum.,sadness
Yalan söyleyen birinin yalanını inkar etmesine öfkelenirim.,anger
Kış mevsimi geldiğinde üzülürüm.,sadness
Ak parti başa geldiğinde.,anger
oğlum hastalandığında çok üzülmüştüm.,sadness
Üniversite günümüzdeki durumuna gelinceye kadar çeşitli aşamalardan geçmiştir .,neutral
Toplu taşıma aracında bir adamın kustuğunu gördüğümde.,disgust
"küçükken pırasa yemeklerinden tiksinirdim, sonra çok güzel olduklarını fark ettim.",disgust
Sözler fazla basit ama böyle de olması gerekiyor .,neutral
telefon sapıklığı yaparken numaramın gizli olduğunu sanıp yanıldığım an ödüm koptu,fear
Yüksek not aldığım zaman.,happiness
Hakkımın yenmesi.,anger
Evde yalnız kaldığımda karanlıkta uyumaktan korkuyorum.,fear
Planladığım her şey yolunda gittiği zaman.,happiness
Babam anneme her küfür ettiğinde öfkelenirim.,anger
Çok yakın bir arkadaşımı benim hatam yüzünden kaybettim.,sadness
Evde yalnız kalmaktan korkarım.,fear
Sürüngenler.,disgust
Sevdiğim bir şeyler yaptığım zamanlar.,happiness
Yüksek beklediğim sınavdan düşük not aldım.,sadness
Kabus gördüğüm zaman.,fear
Ablamın kıyafetlerimi izinsiz alması.,anger
Thor onunla mücadele eder ve onu öldürür .,neutral
Trafik kazası.,fear
Ölümden korkuyorum.,fear
Çikolata yemek.,happiness
Tavşanımı sıkarak öldüren kuzenime.,anger
İşleme devam edilirse beyaz veya beyaza çok yakın bir ton elde edilebilir .,neutral
Bu dönemde içlerinde Saadet İkesus’un da yer aldığı ünlü hocalardan ders aldı .,neutral
Yıllar süren çabalar ardından kedimi almaya gittiğimde.,happiness
Gereksiz şeyler söylenmesine öfkeleniyorum.,anger
Arkadaşım bana küstüğünde çok üzüldüm.,sadness
Ağabeyimin en yakın arkadaşına ihanet etmesi.,anger
Düşük not aldığım zaman.,sadness
Evcil hayvanımı kaybetmek.,sadness
Ellerimi kaybetmek.,fear
Ancak enerjinin uzak yerlere taşınması ve dağıtılması için de gerilimin yükseltilmesi gerekir .,neutral
Bu dönemde eski bir iskelesi olan Cide’de bir de tersane kurulmuştur .,neutral
Evde yalnız kaldığımda.,fear
Ülkede yaşanan terör olayları.,sadness
"dokuzuncu sınıfın başında hiç arkadaşım yoktu, üzülüyordum.
      ""Aya Kitou'nun"" hayatını okuduğum zaman da çok üzülmüştüm.",sadness
annemin rahatsızlanması beni derinden üzdü,sadness
Alkol aldıktan sonra arkadaşım üstüme kustuğunda tiksinmiştim.,disgust
Ailem ve arkadaşlarım ile geçirdiğim zamanlarda.,happiness
Tiyatro gecesi düzenlenmişti ve ben görev almıştım.,happiness
haksızlığa öfkelenirim.,anger
İzmir Kız Lisesini kazandığım zaman.,happiness
Sınavlara girmek.,fear
Kardeşim düşüp çenesini yardığı zaman.,fear
Kaza yaptığımda bana ölü muamelesi yapıldığında çok korkmuştum.,fear
Yüksek bir yerden bakmak.,fear
Dramatik film izlerken.,sadness
Köpekler tarafından kovalanmıştım.,fear
kötü kokulardan rahatsızlık duyuyorum.,disgust
kuşum öldüğünde çok üzüldüm. doğum günümde ölmüştü,sadness
Çok yakın bir arkadaşım tayin sebebi ile İstanbul'a taşınmıştı.,sadness
Takım arkadaşlarım ile turnuvaya katıldığımız zaman.,happiness
Sağ bek olmasına rağmen golcü kimliği ile ön plana çıktı .,neutral
Çok sevdiğim birisinden ayrılmak.,sadness
Kamu ve özel sektörde çeşitli görevlerde bulundu .,neutral
Ailemden birinin rahatsızlanması beni çok üzer.,sadness
Kısıtlanmadan özgürce dilediğimi yapabildiğim an.,happiness
Beşiktaş maç kazandığında.,happiness
oda arkadaşım izinsiz bardağımı kullandığı için ona çok sinirlendim.,anger
Uzaktaki sevgilim başını göğsüme yasladığında mutluydum,happiness
Bu savaşçıların liderleri Sith Lordu olarak bilinir .,neutral
Yemekhanede yemeklerden saç çıkınca tiksinirim.,disgust
Yakın arkadaşımla kavga ettiğim zaman.,sadness
İşlerim yolunda gidince mutlu olurum.,happiness
Uzun zamandır beklediğim kitabı kitapçıda gördüğüm zaman.,happiness
Yolda yürürken ölü bir kedinin kuyruğuna bastığımda korktum.,fear
Paraşütle atladığım zaman çok mutlu oldum.,happiness
Bardağımı başkasının kullanması.,disgust
Ölü bir hayvan görmek.,disgust
Arabayla giderken yan sokaktan aniden araba çıkmıştı.,fear
Erkek arkadaşımla vakit geçirmek.,happiness
Rappelz’de bulunan her Guild bir zindan sahibi olabilir .,neutral
Yerde gördüğüm fareden tiksindim.,disgust
Birisi kustuğunda.,disgust
"Liseye başlarken ortama, arkadaşlarıma ve öğretmenlerime alışabilir miyim diye korkmuştum.",fear
Ailesi kahve ihraç ediyordu ve ayrıca annesinin bir mağazası vardı .,neutral
Büyük şirketler çoğunlukla donmuş yoğurt üretiminde özel montaj hatları kullanırlar .,neutral
"En meşhur eseri olan ""Alamut"" romanı ile tanınmıştır .",neutral
Babam kaza yaptığı zaman.,sadness
Beş tane köpeğin arkamdan koşturması.,fear
Her şeye maydanoz gibi karışan sınıf arkadaşımdan tiksiniyorum.,disgust
Böceklerden korkarım.,fear
Eşini kaybedeli on yıl oldu ama o hala acı çekiyor.,sadness
3 harfli denilen şeylerden görürsem.,fear
Yalan söylendiğinde bir de oyunda canlar bitince.,anger
Evlendikten sonra iki erkek bir kız çocuğu sahibi oldu .,neutral
Gece denize girmek ve üniversite sınavını kazanamamak.,fear
dedemin ölümünde gerçekten çok üzülmüştüm,sadness
Kardeşimin farklı bir okula gideceğini öğrendiğim zaman.,sadness
Çabalarıma rağmen başarılı olamamaktan korkarım.,fear
Kırılan telefonum yerine yeni alınan telefon hediyesi.,happiness
Param bittiği an korkarım.,fear
Her iki akım da Rusya’da batı kökenli sosyal değişimin arayışı içerisindeydi .,neutral
Her şeye karışan insanlar.,anger
Dersler bitince mutlu oluyorum,happiness
Bir bayanla birlikte olduğumda çok mutlu oldum.,happiness
Serviste arkadaşım üstüme kustu.,disgust
Salyangozun elime dolanmasından tiksinirim.,disgust
Sınavdan düşük not alınca.,sadness
Kaleme aldığı eserleriyle Ulusal ve Hindistan genelinde ödüller kazandı .,neutral
vefat eden teyzem her aklıma geldiğinde,sadness
Ağzı açık yemek yenmesi.,disgust
Basketbol oynarken genelde takım arkadaşlarıma sinirleniyorum.,anger
Yetersiz akademik hazırlık nedeniyle giriş sınavlarında başarısız oldu .,neutral
Sınavların 2 haftaya sıkıştırılması beni öfkelendiriyor.,anger
amcam aniden ölünce,sadness
Bir babanın çocuğuna cinsel istismarda bulunduğunu öğrendim.,disgust
Sevdiğim yemekleri yediğim zaman mutlu olurum.,happiness
Birisini kusarken görmek.,disgust
Sevdiğim birisini kaybedince ve hoşlandığım çocuk başkasına baktığında.,sadness
İstediğim şeyleri başarınca ve annem bana muzlu süt yapınca mutlu olurum.,happiness
Kar yağışı ve don olayı çok ender görülür .,neutral
Evimizden fare çıkmıştı.,fear
Son görev yeri Ankara Akdere Ticaret Meslek Lisesi’ydi .,neutral
Bu sırada gemiye doğru ateş açılmaya da başlandı .,neutral
Çok kötü bir yemek yediğimde tiksinirim.,disgust
Eski sevgilimin kötü yola düşmesi.,sadness
Trafikte haksız ve aptalca hareket ederek insanların hakkını yiyen insanlara çok öfkelenirim.,anger
Şahsi eşyamı birisi izinsiz kullandığında kızarım.,anger
Sevdiğim insanlar üzüldüğü zaman.,sadness
Araba kullanıp kaza yapmaktan çok korkarım.,fear
Tablo canlı enerjik ve eşsiz dokunaklı realizm ile meşhurdur .,neutral
Su faturalarındaki artık bedel parası.,anger
Ağzı açık yemek yiyen insanlardan.,disgust
Arkadaşımın köpeği ile parkta oyun oynarken bir şahsın yanına giden köpeğin tekmelenmesine üzüldüm.,sadness
Sonraki iki sezon Utah Jazz tarihinin en başarılı dönemini yaşadı .,neutral
Bu olay sonrasında hala uzaya tek bilet kesen şirket olma özelliğini korumaktadır .,neutral
Matematik sınavına girdikten sonra üzülürüm.,sadness
Bunun üzerine öğrenciler bu durumu protesto ederler .,neutral
ailevi olaylar yüzünden üzüldüm,sadness
yemek yerken terleyen şişman insan görüntüsünden tiksiniyorum.,disgust
Bir öğretmenimin okuldan gitmesi.,sadness
küçükken babamın bana paten aldığını görünce çok mutlu olmuştum.,happiness
nerede olduğunun farkına varmadan cıvık davranışlar sergileyen insanlardan,disgust
Sınav sonuçları açıklandığında.,fear
Düşük not aldığımda.,sadness
İlk kez trafik kazası yaptığımda korkmuştum.,fear
Bu makale girdap akımlarını içeren zekice çözülmüş bir problem üzerineydi .,neutral
Birisini kaybetmek üzere idim. O zaman çok korkmuştum.,fear
Dolu olan minibüsler.,disgust
Fotovoltaik aynı zamanda bu konuda yapılan çalışmalara verilen genel bir addır .,neutral
Karanlıkta birden yüksek cızırtılar duymak.,fear
Dün bir rüya gördüm ve korktum.,fear
Kardeşim hastalandığı zaman.,sadness
Bundan sonra bu bayrağı Türk halkına emanet ediyorum .,neutral
Değer verdiğim bir varlığın zarar görmesine üzülürüm.,sadness
Bu üyeler salt çoğunluk ve gizli oyla aralarından bir başkan ve bir başkanvekili seçerler .,neutral
Köpeklerden korkarım.,fear
kız arkadaşımın gözlerime bakarak seni seviyorum demesi beni her zaman mutlu etti,happiness
Ter kokan insanlardan çok tiksinirim,disgust
trafikte kaza yapmaktan korkarım.,fear
Hak etmediğim kötü bir muamele ile karşılaşınca öfkelenirim.,anger
Böcekler.,fear
Maçta 9 gol atmamız.,happiness
Fare ve böcek.,disgust
Akşam eve dönerken bir palyaçonun şeker al diye ısrar edip arkamdan gelmesi beni korkuttu.,fear
İçkime sinek düştüğü zaman.,disgust
sınıfta siyasetle ilgili müzikler açtıklarında tiksiniyorum,disgust
Ama Denizlispor ile anlaşma tam olarak sağlanamamıştır .,neutral
İki yüzlü insanlarla konuştuğum zaman.,anger
Toplu taşımada kişisel hijyene dikkat edilmediğinde oluşan kokudan tiksindiğimi hatırlıyorum.,disgust
"Hayvanlara kötü davranılması, din üzerinden insanların kandırılması ve ağaçların kesilmesi.",anger
Düşük not almak.,sadness
Sevdiğim insanları kendi hatalarımla kaybetmek.,sadness
Bu yüzden gerçek ve sanal parçacık arasında mutlak bir fark yoktur .,neutral
sigara kokusundan tiksinirim.,disgust
"Değer verildiğimi, önemsendiğimi hissettiğimde mutlu olurum.",happiness
"""Fenerbahçe'ye"" şike yaptı damgası vurulduğunda.",sadness
Bu şenlikler mısır ekimi ve hasadı ile ilgiliydi .,neutral
İlk kez matematikten zayıf aldığımda.,sadness
Dizüstü bilgisayarımın 8 saat pil ömrünün olması.,happiness
Küçükken bir çöp arabasının kediyi ezdiğini görmüştüm. Hala rüyalarıma girer.,fear
Sokaklara tükürülmesi.,disgust
Umre'ye seyahat hediyesi aldığımda mutlu olup şaşırmıştım.,happiness
Evde yalnız kaldığımda korkuyorum.,fear
İlkokulda bir çocuk altına yapmıştı.,disgust
Birisini kaybettiğimde ve arkadaşlarımla problem yaşadığımda.,sadness
Yemeğin içinden kıl çıkmıştı.,disgust
İlk yüksek notumu aldığım an.,happiness
Çöp.,disgust
Daha sonra Spinoza ile tanışmış ve ondan pek çok konuda etkilenmiştir .,neutral
Yemeğimden kıl çıktığı an.,disgust
Kusmuk kokusu.,disgust
AİLEMLE BİRLİKTE OLDUĞUMDA ÇOK MUTLU OLUYORUM,happiness
Ele geçirdiği Milano şehrini tekrar İspanya’ya vermek zorunda kalır .,neutral
Hak etmediğim söz ya da davranışa maruz kaldığımda.,anger
işim gereği çok insanla muhattap oluyorum. insanların genel temizliğini yapmamaları yüzünden çok tiksinme yaşıyorum.,disgust
Evde 2 gün tek başıma kaldığım zaman.,fear
tam yattığımda odamdaki boy aynası yere düştü ve inanılmaz bir sesle kırıldı.,fear
Öykülerinin bir bölümü çeşitli dillere çevrilerek yayımlandı .,neutral
Bazı çevreler yapılan uygulamayı internete sansür uygulaması olarak değerlendirmektedir .,neutral
Arı gibi uçan canlılar.,fear
Daha çok askeri bir terim olup bu mesleğe mensup kişilerce hakkı verilen bir kelimedir .,neutral
Gece gittiğimiz diskoda kavga çıktığında.,fear
Başarılı olmaktan ve çikolata yemekten mutlu olurum.,happiness
Haksızlığa uğradığımda öfkelenirim.,anger
Meraklı ve her şeye burnunu sokan insanlardan iğrenirim.,disgust
Biyoloji sınavında arka sayfayı görmemiştim.,sadness
İnsanların sürekli birbirlerini aşağılaması.,anger
Önemsenmediğimi ve sevilmediğimi hissedince üzülürüm.,sadness
Kavga öncesi öfkeli olurum.,anger
Yavru kedi ya da köpek severken bir de annem bana sarıldığında.,happiness
İzmir'e İstanbul'dan taşındıktan sonra ilk taşındığım ev çok büyüktü ve gece sürekli dışarıdaki sesleri dinleyerek ürkmüştüm.,fear
Sevgilimin arkadaşlarımı toplayıp bana doğum günü partisi yapması.,happiness
Bir ders grubundan atılmam.,sadness
Söz verip durmayana çok kızarım,anger
kaybettiğim yakınlarımı düşündüğümde büyük üzüntü hissediyorum,sadness
Bu kapsamda önemli miktarda anıtı da hayata geçirdi .,neutral
Daha sonra tekrar kaçarak Kızıl Deniz kıyısında bulunan bir mevkiye yerleşti .,neutral
Kedim kaybolduktan sonra bulunduğu an.,happiness
"Almanya izlenimlerini anlatan ""Aşk Hayattan Büyük"" adlı bir roman yazdı .",neutral
Genelde ağır ishal vakaları olarak kendilerini belli ederler .,neutral
Köyün batı tarafında ikinci bir kale vardır .,neutral
"Rahatsız edici, dikkat dağıtıcı davranışların bana yapılması. Haksızlık yapılması. Kaba davranışlar.",anger
Babamın ameliyat olduğu zaman,fear
Maç yaparken bana pas atılmaması.,anger
Sevdiğim birine ya da bir şeye zarar gelmesi.,sadness
Adaletsiz bir yarışın içinde olduğumu fark ettiğimde.,anger
Sınav zamanları çok korkarım.,fear
İçkimin içilmesi.,anger
Ekşi bir şey yemek beni tiksindirir.,disgust
Yemek yerken ağzını şapırdatan insanlar beni sinirlendiriyor.,anger
"Rengin bordo olduğu kapakta ""Avrupa Birliği"" ifadesi ve pasaportun verildiği üye ülkenin adı yazılıdır .",neutral
Her örümcek gördüğümde korkuyorum.,fear
Yarışma üçer kişilik iki takımdan oluşmakta ve her bir takımda birer yıldız bulunmaktadır .,neutral
Yarışmayı kazanan Scott müzik dünyasında tanınmaya başladı .,neutral
"""Play station"" oynamak beni rahatlatır",happiness
Eşyalarımın kurcalanması.,anger
Çetenin çözülme nedeniyle eski üyeleri çeşitli yollara yönelmiştir .,neutral
"Bu sabah otobüs ile okuluma gelirken, bir adamın burnunu karıştırıp, elindeki pisliği koltuğun kenarına sürdüğünü görmüştüm.",disgust
Eski sevgilimi yeni sevgilisiyle gördüğüm zaman.,sadness
Sınava çalışmayan arkadaşımın benden yüksek not alması.,anger
Babamın trafik kazasında ölmesi.,sadness
İstemediğim bir konuda ısrar edildiği zaman.,anger
İlk evlenme yaşı üzerinde bölgesel farklılıklar görülür .,neutral
Risk Yönetimi kavramı Kurumsal Yönetimin önemli bir yönünü oluşturmaktadır .,neutral
kötü kokan yemeklerden.,disgust
Bazı matematik sorularından.,fear
annemin ameliyattan iyi bir şekilde çıkması. Sınav sonuçlarım iyi olduğunda,happiness
İyi sandığım birisinin kötü olduğunu anladığım zaman.,sadness
Okul bitirme tezimin son sayfalarını hazırlarken bilgisayarım çöktü ve çok öfkelendim.,anger
"Yakın bir arkadaşım dedesi ile  trafik kazası geçirmişti. Babam ile birlikte evlerine ziyarete gitmiştik, hatta o gün babamın doğum günüydü ve çok mutlu geçirmiştik.",happiness
Annemin vefatını düşünmek içimi çok acıtıyor.,sadness
"O zamanki adı ""Düz Mahalle"" olarak geçiyordu .",neutral
Bugün İskoç dilini bilen herkes İngilizce de bilmektedir .,neutral
Çocukluk mahallemden taşındığımızda.,sadness
Doçe Selvo ve komutası altındaki Venedik donanması güneye inip Dyrrhachium limanı önüne geldiler .,neutral
Evde veya herhangi bir yerde örümcek gördüğümde tiksinirim.,disgust
Kusan insanlardan.,disgust
Sınavda çalıştığım yerden soru çıkmadığı zaman.,sadness
Böylece genellikle iki yılda bir döl verirler .,neutral
Birisinin yanımda kusmasından ve bazı insanların damarlarının gözükmesinden.,disgust
bir çocuğu ağlarken görmek beni üzer,sadness
Arabayla kaza yaptığımız zaman.,fear
Asansörde kalmak.,fear
Arkadaşlarım ile geçirdiğim zamanlar.,happiness
Sümüğümün elime bulaşmasından tiksindim.,disgust
Haksızlık yapıldığı zaman.,anger
Evde yalnızken elektrikler kesilmişti.,fear
Yemekten saç çıkınca tiksinirim.,disgust
"ineklerin suyunu gece kapatmaya gittiğimde hızlı hızlı koşar, karanlıktan bir şey çıkacak diye korktu.",fear
Ailemle birlikte olmak.,happiness
Eşimle tatile çıkmak beni çok mutlu ediyor.,happiness
Burada Paramount Pictures adına geç dönem sessiz sinema filmlerinde oynadı .,neutral
Masa tenisi ve voleybol gibi hobileri de olduğu bilinmektedir .,neutral
Emir verildiğinde öfkelenirim.,anger
Yaşadığımız şehirden başka şehre taşındığımız zaman çok üzülmüştüm,sadness
Elektrikler kesildiğinde ve kurbağa sesi.,fear
Babasının yaptıklarını kabul etmemek için her türlü şekilde buna karşı geleceğine ant içer .,neutral
İlk kez araba kullandığımda.,fear
Köpek ve kedi.,fear
İki helyum atomunun füzyonu sonucu berilyum oluşur .,neutral
İstediğim bölümü kazanamazsam üzülürüm.,sadness
"Yobaz, ayrımcı ve homofobik kişiler ile aynı ortamda bulunmak.",anger
Karanlıkta kaldığımda kendimi öldürmeyi düşündüğüm an.,fear
Dünya Savaşı sırasında Amerika Birleşik Devletleri Hava Kuvvetleri emrinde savaştı .,neutral
Gece karanlıkta sokakta yürürken korkarım.,fear
Albüm için birkaç üye yazılı olarak yer aldı .,neutral
Krem şanti yediğim zaman.,happiness
Edebiyat sınavının olduğu gün.,fear
Lisenin en güzel kızına duygularımı açıkladım ve o da bana aynı duyguları beslediğini söylediğinde.,happiness
Yüksek not aldığımda.,happiness
Ailemle birlikte olmak ve yüksek not almak.,happiness
Allah korkusu birdir.Başka hiçbir şey beni korkutmaz.,fear
Benim söz sahibi olduğum konuda başkasının konuşmasına öfkelenirim,anger
Sevgilim ameliyattayken gerçekten korkmuştum.,fear
İstemediğim bir şey yapılınca.,anger
Sınavlardan önce ödev verildiğinde.,anger
iş yerinde arkadaşımın iş yıkmasına sinirlenirim.,anger
kuşum öldüğünde çok üzülmüştüm.,sadness
Kusmuk ve böcek görmek.,disgust
Sevdiğim kişinin beni sevmemesi.,sadness
Annemin ders çalışmaya zorlaması.,anger
Ailem mutlu olunca bende mutlu oluyorum.,happiness
Matematikten yüksek not aldığım zaman.,happiness
Okulun çok sıkıcı olduğunu fark edince üzüldüm.,sadness
sınavdan düşük not aldığımda yüksek alanlardan tiksiniyorum.,disgust
Birisi bana samimiyetsiz davrandığı zaman.,anger
Elektrikler kesilmişti.,fear
Sınavdan yüksek not aldığımı öğrendiğim an.,happiness
Beklediğimden çok yüksek not almam.,happiness
Aynı dönemde Aydın Esen ile özel çalışmalar yapar .,neutral
İnsanların ağzını kapatmadan öksürmelerinden tiksinirim.,disgust
Ailemle birlikte sohbet etmek.,happiness
Bazı korku filmleri.,fear
Geçen sene Türkiye şampiyonasını son anda kaçırmıştık.,sadness
Böceklerin üstüme gelmesi beni korkutur.,fear
iki büyük annemin ölümlerinde yanlarında olamadığıma çok üzülüyorum.,sadness
Birisi yanımda burnunu silerken.,disgust
Haklıyken haksız gibi gösterildiğimde.,anger
Ders çalışırken bir ses duyduğumda o ortamı terk etmek istiyorum.,anger
ilk kez dişçiye gittiğimde çok korkmuştum,fear
Bir insanın karşımda kusması tiksindiğim bir durumdur. Fakat bu durumu çoğu zaman normal karşılarım.,disgust
Çirkin bir şekilde sakız çiğnendiği zaman tiksinirim.,disgust
Uzun uğraşlarım sonucunda bir projeden A aldığımda çok mutlu olmuştum.,happiness
Bilgisayar sınavından yüksek not almak.,happiness
Arkadaşımın su içerken gülüp kusmasını çok tiksinç buluyorum.,disgust
son sigaramın kırılması,sadness
dedem öldüğünde yasa girdim,sadness
Sınavın kötü geçmesine üzülürüm.,sadness
Yüksek beklediğim an düşük almak.,sadness
Basketbol oynamak.,happiness
Tırnak kesen birisini gördüğüm zaman.,disgust
Aynı zamanda Amerikan Sanat ve Bilim Akademisi ve İsveç Kraliyet Mühendislik Bilimleri Akademisi üyesiydi .,neutral
Kaleme uç takarken ucun sürekli kırılmasına.,anger
Sevdiğim insanların kötü bir hastalığa yakalanmasından.,fear
Yüksek beklediğim sınavdan düşük not aldığımda.,sadness
Bir kediyi korkuttum ve karşıya kaçarken araba ezdi.Buna çok üzüldüm.,sadness
Hak ettiğim puanı aldığım zaman.,happiness
Okul başlayınca.,sadness
bir şeyler başarmak,happiness
Okulda arkadaşlarımla birlikte izlediğim Halka filminden korkmuştum.,fear
Bazı Türk organize suç örgütleri Türk olmayan üyeleri de kabul etmektedir .,neutral
Oğlumun bana küsmesinden korkuyorum,fear
Temizliğe dikkat etmeyen insanlardan hoşlanmam.,disgust
yılandan ödüm patlar.,fear
ilk düşük notumu aldığımda çok perişan olmuştum,sadness
Ankara Kocatepe Camii için yaptığı projenin gerçekleştirilmesi ise mümkün olmadı .,neutral
Kariyeri boyunca birçok televizyon filmi ve dizilerde rol almıştır .,neutral
Kap kaça uğradığım zaman.,fear
Lübnan bayrağının sahip olduğu renklerin farklı anlamları vardır .,neutral
Birisinin ter kokması.,disgust
Başrollerini Zeki Alasya ile Metin Akpınar paylaşmaktadır .,neutral
uzun yolda otostop çeken öğrenciler bulunca onlarla muhabbet etmek beni mutlu etmişti.,happiness
Kardeşimin kolu kırıldığı zaman korkmuştum.,fear
Hayvan işkembesinden.,disgust
Bazı kaynaklara göre bu sayı bir milyona yaklaşmaktadır .,neutral
Okulda çok iyi anlaştığım birinin başka bir okula nakline üzüldüm.,sadness
Büyük ikramiyenin zengine çıkması.,sadness
Bu durumda doğal olarak dilleri de Türklerin eski dilleri ile ortak olmalıydı .,neutral
Üzerime doğru gelen bir hayvan.,fear
Servis uydu üzerinden yayınlanır ve çevrimiçi olarak da mevcuttur .,neutral
Okulun başlamasına üzüldüm.,sadness
Arkadaşımın  yalan söylemesi beni çok öfkelendirdi.,anger
Bir çok şeye öfkelenirim.,anger
Uzun zaman sonra eve gitmek.,happiness
"""MOBA"" oyunlarda form çalanlardan tiksiniyorum.",disgust
Yerde tükürük görünce içim bulanır,disgust
Türk yazarları ve Türk edebiyatını İspanyol kamuoyuna tanıtmıştır .,neutral
Fatma Saygın Lisesini kazandığımda.,happiness
Etrafımdakiler mutlu olduğu zaman bende oluyorum.,happiness
Kurbağa görmekten tiksinirim.,disgust
İlk bilgisayarım alındığında.,happiness
Sabahları dolmuşta ağzı kokan amcalar.,disgust
Deniz kenarında gezerken denizin içindeki pislikleri görünce tiksindim.,disgust
Tüküren insanlardan.,disgust
Uyuyacağım zamanlar.,happiness
Babamla rakı içmek paha biçilemez.,happiness
Arkadaşım bana bağırınca çok öfkelenirim.,anger
Lisede trafik kazası geçirerek vefat eden arkadaşımın ardından çok üzülmüş ve çok ağlamıştım.,sadness
"uçurumun kenarında ayağım kaydığında dizlerimin bağı çözüldü, bir müddet ayağa kalkamadım.",fear
Bu sistem ayrıca uçak gemisi üzerindeki kapalı alandaki uçağın uzunluğunun azaltılmasına yardımcı oluyordu .,neutral
Teyzem öldüğü zaman.,sadness
Dedemin ölümüne çok üzüldüm.,sadness
Annem ve babamın boşanması.,sadness
Enternasyonal liderlerinin uluslararası işçi hareketine yaptığı ihanetten bahsetmiştir .,neutral
Öğretmenime aldığım hediyeyi bir arkadaşımın zarar vermesine sinir oldum.,anger
Evli olan müzisyen Jason ve Edgar iki erkek çocuğu sahibiydi .,neutral
Arnavut direnişinin barışçı yollarla örgütlenmesi gerektiğini savunmuştur .,neutral
tikim olduğu halde bana tik yapan bir arkadaşıma çok öfkelenmiştim.,anger
Kişilerde iyot eksikliği ile ilgili yaptığı klinik çalışmalarıyla bilinir .,neutral
Lazer cerrahisi ayrıca renk ve gece görüşünü hafifçe azaltabilir .,neutral
Matematikten 15 aldığımda çok üzüldüm.,sadness
Orta gelir grubunun ikamet ettiği bir semttir .,neutral
Kuran okunurken korkarım.,fear
Birinin ağzında yemek varken konuşmasından.,disgust
Çok sevdiğim birini kaybetmekten korkmuştum.,fear
"""Astana"" maçında son dakikada yenilen gol.",sadness
arkadaşımın bana karşı yanlış davranışlarına çok öfkelenirim.,anger
Kedim hastalandığı zaman.,sadness
Başarısız olduğumda üzülürüm.,sadness
Arkadaşlarımın bana bir şey söylememesi.,anger
yalan söylenmesinden hoşlanmam,anger
Felsefe öğretmeninin derste beni azarlamasına.,anger
Sitoplazma büyük oranda su içerdiği için açık renkli yarı akışkan ve saydam özelliğe sahiptir .,neutral
Bu arada sanatçıyla özdeşleşen pek çok şarkıyı dinleme fırsatı veriliyor .,neutral
Otobüste hamile bayanlara yer verilmediğini gördüğümde çok öfkeleniyorum.,anger
İnsanların yargılayıcı davranmaları beni öfkelendiriyor.,anger
Gelecek hakkında fikrim olmadığı halde geleceğimden korkuyorum.,fear
Yoldaki bir adamın yere tükürmesi ve değişik sesler çıkarmasından tiksinmiştim.,disgust
Yunan alfabesinin yaratılmasına önayak olan Fenike alfabesiyle yakın akrabalığı vardı .,neutral
Bilgisayarım başkası tarafından kullanıldığında.,anger
Burnunu karıştıran birisini gördüğüm zaman.,disgust
Ancak bazen Sovyetler Birliği liderleri olarak çizilmiş olanları da vardır .,neutral
Oğlumu kucağıma (doğduğunda) çok mutlu oldum.,happiness
Üniversitesi için başka bir şehre gittiğimde korkmuştum,fear
Arkadaşlarım tarafından yalnız bırakılırsam öfkelenirim.,anger
"""Bursaspor'un"" şampiyon olması.",happiness
Arkamdan dedikodu yapılması.,anger
Korku filmi izledikten sonra aklıma geldiğinde.,fear
Burada sultanlık görevini ancak bir yetişkin kişinin yapabileceğini iddia etti .,neutral
Böcek ölüsü gördüğümde.,disgust
Tuvaletten ellerini yıkamadan çıkanlardan.,disgust
Ailemden ayrı kaldığım zamanlar.,sadness
Atanamamak beni öfkelendiriyor,anger
Sevdiğim kuzenlerimle özel ağacımızın altında vakit geçirdiğimiz zamanlar.,happiness
"Kendime ,beni incitmesine izin verdiğim için.",anger
Arkadaşlarımla vakit geçirmek.,happiness
Yaptığım oyun tutmayınca.,sadness
Bir dönem kanalın haberlerini gazeteci Savaş Ay sunmuştur .,neutral
ilk cam asansöre bindiğimde çok korktum,fear
çinlilerin köpek eti ve böcek yediklerini öğrendiğim an,disgust
Belediye meclisi toplantısında mevcut başkan Mehmet Ünlü tekrar başkan seçilmiştir .,neutral
Tatilde iken çalıların arasından önüme yılan çıkmıştı.,fear
Toplu taşıma araçlarında ter kokan insanlar.,disgust
Şırnak ilinin Silopi ilçesinde bulunan sınır kapısına yolundan ulaşılabilir .,neutral
Kamusal alanlarda arkadan gelen insanı düşünmeden davranan insanlardan.,anger
ağız şapırdatarak yemek yenmesi,disgust
Emin olduğum sorunun yanlış çıkmasına sinirlendim.,anger
"haftalar boyu gece gündüz uğraşarak yaptığım matematik projesinden 75 alırken, arkadaşımın 1 gecede kurşun kalemle yaptığı projeden 90 alması beni öfkelendirmişti",anger
Evde yalnız kaldığım zamanlar.,fear
Kurban bayramlarında hayvanların iç organlarının kokusu.,disgust
Yaralı hayvan gördüğümde.,sadness
Başarısızlığa üzülürüm.,sadness
en korktuğum hayvan köpektir. Daha önce çok kez beni köpek kovaladı ve her köpek gördüğümde korkudan koşmaya başlıyorum.,fear
Arkamdan saçma sapan konuşulması.,anger
Aynı yıl başlayan bir hukuki süreç grubun yeni bir albüm üzerinde çalışmasını engelledi .,neutral
Kaybolduğum zaman.,fear
Fransız ve Hollanda hakimiyeti altında ise Yahudilerin durumu daha da iyiye gitti .,neutral
Onur tezi için Avustralya pornografi sektöründeki kadın deneyimleri üzerine nitel araştırmalar yaptı .,neutral
ilk kez dişimi çektirmeye gittiğimde dişçiden çok korktum.,fear
dedemin öldüğü gün aklıma geldiğinde içim çok acıyor.,sadness
Yolda yürüyordum. Telefonum kırılacak diye korkmuştum.,fear
Bu da iki arkadaş arasında herkesin bildiği buruk bir uzaklaşmaya neden oldu .,neutral
İnsanlardan korkarım.,fear
Babamın arkadaşının ve rahmetli babaannemin vefatında,sadness
Hayvan kokusu.,disgust
Aniden birisi karşıma çıktığı zaman.,fear
Sevmediğim ve konuşmadığım bir arkadaşımın beni sinir etmek için benimle uğraşmasına öfkeleniyorum.,anger
Dom dersinden kalma ihtimalimin olması canımı yakıyor.,sadness
Yılandan korkarım.,fear
Saçma ve mantıksız davranan insanlar gördüğümde.,anger
Haklarımın hiçe sayılması ve bencil kişiler.,anger
İnönü çiftinin Hayri ve Eren isminde iki çocuğu oldu .,neutral
Sınavdan yüksek aldığımda.,happiness
İşlevsel olmanın yanı sıra süs olarak da kullanılır .,neutral
Elimi kedi ısırınca kuduz olacağım diye korktum.,fear
İlk göreve başladığım Kırşehir'de yıllar sonra eski çalışma arkadaşlarımı görünce çok mutlu oldum.,happiness
Çaresiz kalmaktan korkarım.,fear
Beni seven insanlara sahip olduğum için mutluyum.,happiness
Bölümdeki kişilerin fazla bencil olması.,anger
Ailem ile dizi izlediğim zamanları seviyorum.,happiness
Kardeşim geç kaldığı zaman kayboldu sanmıştım.,fear
ilk kez teyze olacağım için çok mutluyum.,happiness
Karşımda ses çıkartarak yemek yenmesi.,disgust
Bir konuda tek şansımın olması ve o şansımı değerlendirememek.,sadness
Fizik sınavım kötü geçtiği için çok üzüldüm,sadness
Sembol İslam hat sanatında bir bölümün sonunda bir gösterge olarak kullanılır .,neutral
İstediğim okulu kazanınca çok mutlu oldum.,happiness
Tatil olması.,happiness
Kardeşim ile tartıştığım zaman.,anger
Ödevimi yapmadığım zaman.,sadness
Ufak bir trafik kazası geçirdiğimizde.,fear
Sevgilimle kavga ettiğimde.,anger
birisi kusarsa tiksinirim,disgust
Bilgisayar biliminde yaygın kullanılan çeşitli optimizasyon algoritmaları çoklu dizi hizalama problemine uygulanmıştır .,neutral
Sınavdan düşük not aldığımda.,sadness
sebze yemeklerini zorla yerim,disgust
Takip edildiğim zaman.,fear
Finalde Göztepe Spor Kulübü ile eşleşmiş ve penaltılarda kaybederek Süper Lige yükselme şansını kaybetmiştir .,neutral
Yapma dediğim şeylerin yapılması.,anger
telefonumu havuzda çaldıklarında çok öfkelendim.,anger
Etrüskler şarap yapım tekniklerini geliştirdiler ve Akdeniz havzasının ötesinde bir ihracat ticareti geliştirdiler .,neutral
Herkesin önünde bağırılması.,anger
Yapmam gereken işin başka biri tarafından söylenmesine öfkelenirim.,anger
Korku filmi izlerken.,fear
Sevdiğim birisinin acı çekmesi.,sadness
Haksızlık yapıldığında.,anger
Bu nedenle çok yavaş ve dikkatli hareket etmekte idi .,neutral
annem ve babam kaza geçirdiğinde çok üzüldüm.,sadness
Sevdiklerimin ölmesi.,sadness
Karanlıkta kalmaktan.,fear
Arkadaşımın şahit olup anlattığı taciz olayında tiksinti duydum.,disgust
Arkadaşım derste kusmuştu.,disgust
Diğerleri ikiye ayrılarak Asya ve Avrupa’ya dağıldılar .,neutral
Sınıf temsilciliğini kazanamadığım zaman.,sadness
Dünyada milyarlarca paranın silahlara harcanırken insanların açlıktan ölmesine.,sadness
Kızımın üniversite sınavında başarılı olması beni mutlu eder.,happiness
"Bilgisayarda ""saçlı kek"" videosu izlediğimde.",disgust
voleyboldan anlamam ama voleybol maçlarını izlerim ve kazanmak beni mutlu eder.,happiness
Depremler.,fear
Arkadaşlarımla korku filmi izlemiştik.,fear
Birisi kustuğunda.,disgust
İleri güvenlik bazı internet bilgi sağlayıcıları tarafından önemli bir özellik olarak değerlendirilmektedir .,neutral
Düşük not beklediğim sınavdan yüksek not alınca.,happiness
Kilo vermek.,happiness
Aynaya baktığımda kendimden tiksindim.,disgust
Ailemin hayati tehlikeye girmesi.,fear
"çok yakın arkadaşımın, kardeşimin babası öldü. Buna çok üzüldüm. Acısını birlikte yaşadık.",sadness
Şarkının klibi Ahmet Can Tekin yönetmenliğinde çekildi .,neutral
Burada genç yaşına rağmen ilk on birde çabuk yer edindi .,neutral
Böceklerden korkarım.,fear
Gece duyduğum seslerden.,fear
Asansörlerde yalnız kalmaktan korkarım.,fear
Düşük not almak.,sadness
Sınavlar bitince.,happiness
Böceklerden tiksinirim,disgust
Yemeğin içinden kıl çıktığında tiksinirim.,disgust
Sokakta yerlere tükürenleri gördüğümde sinirim tepeme çıkıyor.,disgust
Karanlık ve boş sokaklarda yürümek.,fear
Arkadaşlarımla korku tüneline gitmiştik o zaman korkmuştum.,fear
İğrenç olan her şey.,disgust
Çok özlediğim birine kavuşunca mutlu olurum.,happiness
Böceklerden nefret ederim.,disgust
Başarı kazandığım zaman.,happiness
Haksızlığa uğradığımda.,anger
"""fenerbahçe'nin"" şampiyonluğu kaybetmesi",sadness
Yılanlardan çok tiksinirim.Bir de denizde yüzerken ayağıma yosun değmesi.,disgust
Anlatmaya çalıştığım şeyi anlayamayanlara.,anger
Matematikten anlamadığım zamanlar.,sadness
yemek yeyince çok mutlu olurum.,happiness
yurtta kalmaya başlayıp annemden ayrıldığımda üzülmüştüm.,sadness
yemek yerken aksırıp hapşurup ses çıkaran insanlardan iğrenirim.,disgust
Diziye sonradan katılan Belgin Alptekin ise dizinin başrolleri arasındadır .,neutral
Haklı olduğum durumda haksız konuma düştüğümde öfkelenirim.,anger
3'lük maçında son  saniyede basket attığımızda ve kazandığımızda mutlu oldum.,happiness
Ayak tırnağı ameliyatından tiksindim.,disgust
Otobüste kavgacı bir grup içerisinde yolculuk etmekten öfke duyarım.,anger
Türkiye de bazı köşe yazarları ve Tarihçiler de benzer iddiaları dile getirmektedir .,neutral
Arkadaşımın patates kızartmasını dondurmayla yemesinden tiksindim.,disgust
Ortak diller aşağıda yer alan materyaller ile çalışır .,neutral
Düşük not alınca veya birisi kalbimi kırınca üzülürüm.,sadness
Thales teoremi yardımıyla bir çembere istenilen noktadan teğet çizilebilir .,neutral
Elektriklerin kesilmesi sırasında çıkan uğultu sesinden.,fear
Bazı insanların haksızlık yapması beni sinirlendiriyor.,anger
Sevgilimin benden ayrılması.,sadness
İş yerinde insanların üzerine düşen görevleri yapmamasından ya da özensiz yapmasından hoşlanmıyorum.,anger
"okul tatili başlar ve özlediğim bahçemizde ağaçları sulayabilir, bakabilirim",happiness
Böcekler.,fear
Yanımda sakız çiğnenmesinden hoşlanmam.,disgust
Okulda olduğum günlerde üzülürüm.,sadness
"Emeğimin karşılığını almak , saygı ve sevgi duyulduğunu hissetmek.",happiness
Bu dönemde gitarist Barış Bölükbaşı gruptan temelli ayrılmak istediğini beyan etmiştir .,neutral
Eşimin ayrılık sebebine çok öfkelendim.,anger
Piyangodan para çıkması,happiness
Eski belediye binasının bodrum katı bir sinema salonuna tahsis edilmiştir .,neutral
Böceklerin odamda dolanmasından nefret ederim.,disgust
çok çalışıp da karşılığını alamadığım zamanlarda boynum bükülür,sadness
Her şeye öfkeleniyorum.,anger
Birisini kusarken gördüğüm zaman.,disgust
Ölü bir fare görmüştüm.,disgust
Bölgede kuru kışlar ile soğuk bir iklim hakimdir .,neutral
Hava kirliliğinden bıktım.,disgust
Soğuk ve sıcak lastik kaplama yeni yeni gelişmektedir .,neutral
Sınavda kopya çekerken yakalanmaktan korkarım.,fear
Sokak köpeklerinden.,fear
İçki içen ve sarhoş olanlardan hoşlanmıyorum,disgust
Yemekten kıl çıkması.,disgust
Buca Fen Lisesini kazanınca çok mutlu oldum.,happiness
temiz olmayan ortamlar,disgust
İnsanların yerlere  tükürmesi ve çöp atması.,disgust
Yazlıkta iken babamın komşu ile kavga etmesi sonucu adamın silah çıkardığı zaman öleceğiz diye korkmuştum.,fear
Egoist  ve şımarık insanlar.,anger
Evimden başka yerde tuvalete girmeyi sevmiyorum.,disgust
"""Fatih"" hocanın dersinden 100 almak.",happiness
Ailem ve arkadaşlarımla geçirdiğin güzel her andan  mutlu olurum.,happiness
Stüdyo Activision tarafından bir sermaye yatırımı ile kuruldu .,neutral
okula sivil kıyafetle gelince hocalar yakalayacaklar diye çok tırsıyoruz.,fear
Ailemin olmadığı bir dünya düşünmek.,fear
"""Beşiktaş"" 3. olmayınca.",sadness
Çok çalışmış olduğum bir şeyden kötü sonuç aldığımda.,sadness
Okulla Avrupa turuna çıktığımızda.,happiness
Saçlarımın çok yağlanmasından tiksinirim.,disgust
Kaçırdığım fırsatlar aklıma gelince üzülüyorum.,sadness
Resmin karşısında hiçbir zaman bir yazar veya bir düşünür değil sadece bir ressamdır .,neutral
Kimya yüzünden sınıfa kalmaktan.,sadness
Ölmekten korkarım.,fear
Büyük bir kalabalığın bana baktığını gördüğümde.,fear
Turnikelerin kollarından tiksiniyorum.,disgust
Birisinin karşımda midye yemesi.,disgust
arkadaşlarım iğrenç espri yapınca midem bulanıyor.,disgust
Düşük not almak.,sadness
ağzını şapırdatarak yemek yiyen insanlardan hoşlanmam.,disgust
Cüzdanımı kaybettiğimde.,sadness
Yapılıp kullanıma açılma tarihi kaynaktan kaynağa farklılık gösterir .,neutral
"Ailemin sağlıklı,mutlu,başarılı olması.",happiness
Sevdiklerim ile zaman geçirmek.,happiness
Mutsuz sandığım muhtaç insanların mutlu olduklarını gördüğümde şaşırdım.,happiness
Şalom sözcüğü birçok farklı dilde de bulunur .,neutral
Yeğenim dünyaya geldiğinde bir de sınavı kazandığımda.,happiness
Kaddafi bir saat kadar sonra hayatını kaybetti .,neutral
En çok  babamdan korkarım.,fear
Savaştan sonra yara tedavisi üzerine kitaplar yazdı .,neutral
Aynı dönemde yeni stat inşaatı için finansman arayışları başladı .,neutral
Yüzbaşı rütbesinde Deniz Harp Okulu Hazırlık Okulu Tabur Görevlisi olarak bulundu .,neutral
Çok güvendiğim bir insanın arkamdan konuşmasına üzüldüm.,sadness
Kanal tedavisi olmak istemezsin,fear
Hamam böceğinin üzerimde gezdiğini görünce tiksindim.,disgust
Haksız yere suçlandığım zaman.,anger
Birinin sürekli beni dürtmesine öfkelenirim.,anger
Kusmuk görmek.,disgust
yüksek not aldığımda mutluluktan çıldırdım,happiness
Bunlar adsız düzenleyici işlemler olarak da anılır .,neutral
Yolda ikinci sırada durarak kendi işini gören ama başkalarının işlerini engelleyen bencil kişilerden nefret ederim.,anger
Örneğin bu okula gelmek. İstediğim şeyleri başarmak beni çok mutlu eder.,happiness
Sevdiğim insanlarla birlikteyken ve yüksek not aldığımda.,happiness
Ailemle tatile gittiğimizde ben çatıda yıldızların altında müzik dinleyip kitap okurdum.O zamanlar çok mutlu hissetmiştim.,happiness
Birçok sivil toplum kuruluşunda kurucu üyeliği ve yöneticiliği devam etmektedir .,neutral
Birisinin benimle dalga geçmesi.,anger
Eşimin beni sevdiğini her söyleyişinde çok mutlu olurum,happiness
Annemle kavga ettiğimizde ve annemi kırdığımda.,sadness
bursluluk sınavını kazandığımda mutlu olmuştum,happiness
Sevdiklerimi kaybettim. 2 dedemi ve dayımı.Bu beni çok üzüyor.,sadness
Hoşlandığım kız çıkma teklifimi kabul ettiği zaman.,happiness
Annem kızınca üzülürüm.,sadness
Sınav sonucum açıklanırken kötü not alacağımdan korkmuştum.,fear
İstediğim bir şeyin yapılmaması.,anger
Bunun ardından İstanbul Üniversitesi Edebiyat Fakültesinin Felsefe Bölümünü tamamladı .,neutral
Kitabı dünya çapında bilinen aynı zamanda lise ve yüksek okullarda kullanılan bir kitaptır .,neutral
Kolay olan sınavlar.,happiness
Aileden birinin ölümüne üzülürüm.,sadness
Sınav sorularından.,fear
Maç kaybetmek.,sadness
Mantar kokusundan tiksinirim.,disgust
Korku filmlerinden.,fear
Başarılı olmak ve çevrem için iyi bir şeyler yapabilmek.,happiness
Günün ilk sigarasını içtiğim zaman.,happiness
Bu üç versiyonun hepsinde altı vitesli manuel şanzıman vardı .,neutral
Kitabımın arasında gördüğüm böcekten.,disgust
insanların karşımda gözüyle oynamasından tiksiniyorum.,disgust
yapmak istediğim şeyleri yapamadan ölmekten çok korkuyorum,fear
Arkadaşım önümde kusunca tiksindim.,disgust
Köpeklerin bana doğru koşturmasından.,fear
"Babamın bana çok karışıp, kararlarıma saygı duymaması.",anger
Günümüzde lokanta ve sosyal tesis olarak kullanılmaktadır .,neutral
Yalnızlıktan ve seslerden ürkmedim ama dişçiye ilk kez gittiğimde ürkmüştüm.,fear
Okuldaki katlı gişelerden tiksiniyorum.,disgust
Kibirlenen insanlara öfkelenirim.,anger
eşim evlenme teklifi ettiğinde çok mutlu oldum.,happiness
İstediğim bir şey olduğu zaman mutlu oluyorum.,happiness
Rampalarda kamyon çekişten düşünce arkadan beni sıkıştıran araçlara sinir oluyorum.,anger
Yaz mevsiminde çok sıcak olan bu bölge kış aylarında ılıman ve bol yağışlı olur .,neutral
Düşük alacağımı zannediyordum fakat yüksek bir not aldım.,happiness
Arkadaşlarımla birlikte olunca mutlu oluyorum.,happiness
Kargomu yanlışlıkla getirmediklerinde çok sinirlendim.,anger
İnsanlara bir şey yapmadığım halde benden uzaklaşması ve aldatılmak.,anger
İnsanların karşısındakine sadece çıkarları doğrultusunda yaklaşmaları beni tiksindiriyor.,disgust
insanların beni dinlememesi beni sinirlendirir,anger
ilk evcil hayvanlarım iki su kaplumbağam  öldüğü zaman çok üzülmüştüm.,sadness
Annemin anneler gününü kutlarken ve hediyesini verdiğimde çok mutlu oldum.,happiness
Bazen beni dinlemiyor ve sözümü kesiyorlar.,anger
Buzdolabında unuttuğum çikolatalı pastayı uzun bir süre sonra hatırlayıp tadına baktığımda tiksindim.,disgust
Kardeşim ağzıma kustuğunda çok tiksindim.,disgust
Hayatıma ve tarzıma karışılması.,anger
İnsanların anlattığım bir şeyi anlamaması.,anger
Yaz tatilleri.,happiness
Böylece müze ortaçağ ile günümüz arasında bir köprü kurmuş oluyor .,neutral
Aldığım arabanın kilometresi oynanmıştı.,anger
hiçbir şeyden korkmam. ölme anından da korkmam. toprağa konulduktan sonra korkarım.,fear
Dünya'daki veya yaşadığım ülkedeki insanların kötü olan yaşantılarını görmem kendimi üzmem için en büyük sebeptir.,sadness
Düşük not aldığım zaman.,sadness
amcanın şeker olduğunu söylediği şeyin şeker olmadığını iş işten geçtikten sonra fark ettiğimde tiksinmiştim,disgust
Bu yıl doğum günümde herkesin istediğim hediyeyi almış olması.,happiness
Yemek yerken konuşan insanlardan.,disgust
Yemekte yanımdaki kişinin uygun olmayan yemekleri karıştırmasından tiksinirim.,disgust
Ata Mağarası inancı ve geleneği eski dönemlerde Türkler arasında oldukça yaygındır .,neutral
Allah korkusu,fear
9. sınıfta matematikten 20 alınca üzüldüm.,sadness
Ailemin beni dinlemediği ve ön yargılı olduğu zamanlar.,anger
Kominizim savunucuları ve annemin sus diye bağırması.,anger
Bana yalan atılması.,anger
Almanca sınavına çalışırken harcadığım zamana üzülüyorum.,sadness
Küçük kardeşim yediklerini tükürdüğü zaman.,disgust
Sınavlardan önce korkarım.,fear
Kimya sorularını çözebildiğim zaman.,happiness
Arkamdan birisinin gelip beni korkutması.,fear
"Zaman zaman ""gün"" sözcüğü de ""gündüz"" anlamında kullanılır .",neutral
Ruhani olaylardan korkarım.,fear
"""Beşiktaş'ın"" maç kaybetmesi.",sadness
Birinin burnunu kurcalamasından tiksiniyorum.,disgust
eşim ve oğlumla birlikte gezmek benim için en güzel aktivitedir. Onlar yanımdayken çok mutluyum.,happiness
Sinema alanında yurt içi ve dışında büyük başarı elde etti .,neutral
Birinin beni küçük görmesi.,anger
Telefonum yere düştüğünde bozulduğunu sanmıştım.,sadness
En yakın arkadaşım vefat etti.,sadness
Başarılı olamamak.,sadness
Sınavlarım iyi geçince.,happiness
Yaşlı veya sakat birini görünce çok üzülürüm.,sadness
Aptal ve şımarık olan insanlar.,anger
Pis insanlardan.,disgust
Aynı gün 3 sınav art arda açıklandı ve ben hepsinden düşük not aldım.,sadness
Köpeğim olduğu zaman.,happiness
Bunlardan bazıları modern sanat tarihi düşünürleri tarafından kabul edilmemektedir .,neutral
Sözünde durmamaktan nefret ederim.,anger
Verilen söz tutulmadığı zaman.,anger
4 yaşındayken bulunduğum arabaya araba çarpmıştı.,fear
Ağabeyimin saygısız ve sinir bozucu hareketleri.,anger
Gittiğim barda bir çiftin sürekli sevişiyor gibi olması tiksindirdi.,disgust
Şarkı aynı adı taşıyan kitap ve filmden esinlenilerek yazılmıştır .,neutral
saygısızca davranıldığında ayar olurum.,anger
Bir gece sabah 5 te otobüsten inip yurda yürümüştüm. Yurda yürürken benzinlik önünde bulunan küçük sıralı lambaların önünden geçerken gölgemin yansımalarını birileri sanıp korkmuştum.,fear
Kardeşimin ben ağlarken benimle ilgilenmesi.,happiness
"İncirden tiksiniyorum, dış uzaydan bir yaşam formunun iç organları gibi.",disgust
Arkadaşım yerden sakız alıp çiğnemişti.,disgust
Böceklerden.,fear
Kitap okurken.,happiness
biri beni nedensizce eleştirdiğinde üzülüyorum.,sadness
Çok yanlış anlaşılınca üzüldüm.,sadness
Gördüğüm bazı rüyalardan.,fear
Sevdiğim kişiyle evlenince çok sevindim,happiness
Kibirli insanlardan tiksinirim.,disgust
Yılanlar.,fear
kardeşimi kaybettiğimiz zamanı düşününce çok üzülüyorum,sadness
Yeni üyeler sadece kulüplerin oybirliği ile davet edilmesi sonucu alınmaktadır .,neutral
Aşk,happiness
Duvarların önünde de çit veya hendek olabilir .,neutral
Hiç beklemediğim arkadaşım bana yanlış yaptığı zaman.,anger
Arkadaşlarım üzülürse.,sadness
"Ablamla kavga ettiğimde bana çok fazla bağırması , kötü söz söylemesi ve haksızlığa uğramam . Esra adındaki en yakın arkadaşımın bana söylediği kırıcı sözler de beni çok öfkelendirir.",anger
Sınavda sürem yetmediğinde.,sadness
erkeklerin dışarıda küfürlü konuşmalarından tiksiniyorum.,disgust
arkadaşım aynı şeyi 100 kere söylerse,anger
öğretmenim beni haksız yere azarladığında çok öfkelendim.,anger
"""Takdir belgesi'ni"" 1 puanla kaçırınca üzüldüm.",sadness
Sevdiklerime bir zarar gelirse üzülürüm.,sadness
Rüyamda bile eve hırsız girdiğini görsem çok korkarım.,fear
Aksi takdirde Concorde Anlaşması’na göre kural değişikliklerinin tüm takımlar tarafından onaylanması gerekmektedir .,neutral
Haftaya bugün final sınavlarım başlıyor..,fear
"""Guiza"" gol kaçırınca.",sadness
Babamla kavga ediyoruz sürekli çok üzülüyorum.,sadness
Bulunduğum ortam kirli ise tiksinirim.,disgust
sevdiğim kişi tarafından ihanete uğradığım zaman çok üzülmüştüm.,sadness
Hiç bilmediğim bir yerde kaybolmaktan korkarım.,fear
Geçen yıl arkadaşlarımla doğum günümü kutladığımız zaman.,happiness
Çabalarımın boşa gitmesinden ve sevdiklerimin kaybından korkarım.,fear
Beşiktaş maç kazandığı zaman.,happiness
iş bulduğumda çok mutlu oldum.,happiness
Sanat hayatında üç filmin de müziklerini yapmıştır .,neutral
İnsanların yere tükürmelerinden tiksinirim.,disgust
Karınca yuvasının üstüne bastığım zaman.,sadness
Arkadaşıma hazırladığım sürpriz doğum günü partisinin birisi tarafından bozulması.,anger
Çok hayal kurarım. Bu hayallerim gerçekleşirse mutlu oluyorum.,happiness
birilerinin benden gizli bir şeyler çevirip ve ben sorunca geçiştirmelerinden nefret ediyorum ve çok sinirleniyorum.,anger
Yolda yürürken etrafta kimsenin olmaması.,fear
Fenerbahçe maçı kazanınca çok öfkelendim.,anger
Subay olduktan sonra bazı birliklerde görev aldı .,neutral
"Dersin sonunda bir arkadaşımın ""öğretmenim ödev vardı"" demesi.",anger
Oynadığım oyunda galip geldiğimde mutlu olurum.,happiness
Ekmek alınırken sıraya uyulmaması.,anger
Birinin saçıma dokunması.,anger
Derslerime çalıştığım halde derslerden hiç bir şey alamadığım zaman öfkeleniyorum.,anger
Sınavlarda çok fazla gürültü olduğu zaman.,anger
Sorumlu olduğum bir şey hakkında başkalarının bana haber vermeden karar vermesine.,anger
Yüksek beklediğim sınavdan düşük not almak.,sadness
Burnu havada olan insanlardan.,disgust
En sevdiğim 4 arkadaşım ile aynı evde kaldığımız zaman.,happiness
Sevmediğim bir kişinin yüzüne bakmak istemem,anger
Köpek havladığında korkarım.,fear
Yüksekten çok korkarım,fear
Bir yakınımı kaybedince üzülürüm.,sadness
otobüste yaşlılara yer vermeyen gençlere öfkelenirim,anger
Sevdiğim kızın başkasıyla çıkması.,anger
Yakınlarım tarafından sırtımdan bıçaklanmak.,sadness
Leicester Üniversitesi kampüsünde bulunan akademik binalar birbirlerine yakındır .,neutral
Hücre içinde ve hücre dışına proteinleri taşımayı sağlar .,neutral
"""Alex souza'nın"" ""Fenerbahçe'den"" ayrılmasına üzüldüm.",sadness
Kardeşim ve arkadaşımı kaybettiğim zaman yaşama devam edemeyeceğimi düşünmüştüm.,sadness
Akşama kadar uyumak.,happiness
Kaya tırmanışında liderken düşmekten çok korkuyorum.,fear
Kadına şiddet gösterenlere.,anger
Söz hakkı verilmediği zaman.,anger
Galatasaray'ın Şikeli Şampiyonluğu beni üzdü.,sadness
Öfkeme hakim olamadığım için her şeye öfkeleniyorum.,anger
İnsanların kendilerine bakmadan başkalarını yargılamasına sinirleniyorum.,anger
Kızlarımdan birinin karnımda iken doktorun olumsuz şeyler söylemesi beni çok korkutmuştu.,fear
Çöp kokusu.,disgust
Sevgilimin İnternet hesabına başka erkekler ile olan fotoğraflarını koymasına.,anger
güvendiğim arkadaşlarımın güvenimi boşa çıkarması,sadness
kayın validemin çocuklarıma bakmamasına çok öfkeleniyorum.,anger
Beklediğim dizinin bölümü gelmediğinde.,sadness
Her gün dersim olmasından üzüntü duyuyorum.,sadness
Korku filmi izlerken.,fear
"""Fenerbahçe"" ""Alex'i"" yolladığında.",sadness
Köy sayısına bakıldığında Kafkas göçmenlerinin oldukça çok olduğu görülür .,neutral
Arkadaşlarım ile geçirilen zamanlar.,happiness
Ailem ve arkadaşlarımla birlikte olduğumda mutlu olurum.,happiness
Ancak bugün bu lehçe artık yok olmak üzeredir .,neutral
yeni bir okulda kendime uygun bir arkadaş bulduğumda onunla sohbet etmek beni sevindirir.,happiness
Hızlı giden kamyon sürücülerinden çok tiksinirim.,disgust
Finaller kolay geçince mutlu oluyorum.,happiness
Bu nedenle kızılağaç yapraklı huş adı verilmiştir .,neutral
Ağır kokulu yiyeceklerden.,disgust
Yolda ölü fare gördüğümde tiksindim.,disgust
Pis olan her şey.,disgust
Yapılan haksızlıklar.,anger
Ağızlarından su fışkırtan insanlardan.,disgust
Kentin doğusunda görkemli bir hamam kalıntısı vardır .,neutral
Java i istem alıp buna dayanarak bir yanıt üreten bir nesnedir .,neutral
Bencil insanlara.,anger
ön yargılı ve at gözlüklü insanlardan tiksinirim,disgust
en yakınım olsa dahi sigara içen bütün insanlardan tiksiniyorum,disgust
Buralara ilk olarak Kuzeydoğu Körfezi adını verdiler .,neutral
Yani her büyük olanın gördüğü küçük hali aslında kendisinin bir saniye sonra yapacağını gösteriyor .,neutral
Kayma yöntemi ve büyüklük açısından farklılık göstermektedir .,neutral
Kuzenimin ayağı kırıldığı için üzülmüştüm.,sadness
Kötü kokular duyduğumda.,disgust
25 sayfalık kimya ödevini bitirmek için ellerim yara olmuşken öğretmenin ödevimi ertelemesi.,anger
eve gittiğimde mutlu olurum.,happiness
eve gelince sevdiğim yemek yapılmış ama ben dışarıdan yemişsem,sadness
Salak insanlar.,anger
bazı kanlı vahşet görüntüleri beni tatmin yani mutlu ediyor.,happiness
Yolda ölmüş bir hayvan gördüğümde.,disgust
tuttuğum takımın bir maçını kazanması bana mutluluk verir.,happiness
Her para aldığımda mutlu oluyorum.,happiness
topluluk içinde geğirilmesine,disgust
kardeşim ödevimi yırttı.,anger
Yalan söylendiği zaman.,anger
Tahmin ettiklerim doğru çıktığı zamanlar.,happiness
Bu sene okulu bitirecek olma hissi çok mutlu ediyor beni. Büyük hayaller ve zorluklarla girdiğim okuldan mezun olacak olmam hem beni hem de ailemi çok mutlu ediyor,happiness
Babam ve annem dövüş sporuna gitmeme izin verdiler.,happiness
Liseye geçtiğim zaman.,happiness
Bu diyagramı çizen kişi kuvvetin uygulama noktasını okun uç kısmıyla göstermiş .,neutral
Sınav olduğunu öğrendiğim zaman.,fear
Öğretmen sınav notlarını okumaya başlayınca düşük not alacağım diye korkuyorum,fear
Orduların komutasını üstlenmek üzere Batıdan Patrici Marcellinus ve Doğudan general Basiliscus atandı .,neutral
Yakın bir arkadaşımın üzüldüğü an.,sadness
Bir arkadaşım bana  bir şaka yapmıştı. O zaman ondan tiksinmiştim.,disgust
Her zaman mutluyum. Bir kuşun uçuşunu görmek bile mutlu ediyor.,happiness
Sasalı hayvanat bahçesine  gittiğim zaman yılanları gördüğümde çok korkmuştum.,fear
Ailemle birlikte köyümüze gitmiştik. O zaman çok mutlu hissetmiştim.,happiness
Ailem notlarım hakkında bana baskı yapıyor.,sadness
Bugün bile hala bu bölgelerdeki lava izleri görülebilir .,neutral
Bazı korku oyunlarından.,fear
Ablamın üniversite okumak için Ankara ya gitmesine üzüldüm.,sadness
"Bazen İngilizcede yazıldığı gibi ""Faroe Adaları"" olarak da yazılır .",neutral
Bana sormadan eşyalarımın karıştırılmasına kızarım.,anger
Dinlenirken kendimi mutlu hissederim.,happiness
Kız arkadaşıma laf atılınca çok öfkelenirim.,anger
"Sevdiklerimle huzurlu yaşamak. Dondurma yemek. Aşık olmak, aşkı doyasıya yaşamak.",happiness
Küçükken karanlık fobim vardı. Hele kış aylarında zifiri karanlıkta rüzgar uğuldadıkça var olmayan yaratıklar ..,fear
"Haksızlık yapılması , görgüsüzlük ve benimle dalga geçilmesi öfkelendirir.",anger
Kadınların cinsel obje olarak görülmesi.,anger
106 sınıfına düştüğümde üzüldüm.,sadness
Son model telefon aldığımda.,happiness
İnatçı insanlara öfkeleniyorum.,anger
Küçükken otlattığım kuzulara kurt saldırınca çok korktum.,fear
Kusmuk.,disgust
"Zira Türkler bu dağı aynı zamanda ""Cehennem dağı"" olarak adlandırmışlardır .",neutral
Gördüğüm kabuslardan korkuyorum.,fear
Kendisini öven insandan.,disgust
Evde yalnız kaldığım zaman.,fear
Güney tarafında Katedralin içine küçük bir taş kilise inşa edilmiştir .,neutral
üniversiteye hazırlık döneminde ilk yılda istediğim puanı alamamam beni üzmüştü,sadness
Hiç çalışmadığım halde matematik sınavından 94 aldığım zaman.,happiness
hayatımdaki çoğu şeyin yolunda gitmesi,happiness
Okulun zemin katında gördüğüm çöp yığını,disgust
Köyün suyu yumuşak tatlı ve içmeye elverişlidir .,neutral
Yeni sürümde birçok gelişmiş yeni işlevler tanıtıldı .,neutral
Dünya savaşı boyunca kullanılan top savaşın ardından uzun süre Kızıl Ordu servisinde kaldı .,neutral
Hoşlandığım çocuk ile haberi olmasına rağmen en yakın arkadaşımın sevgili olması.,anger
Bazen istediğim şeyler olmadığı zaman öfkeleniyorum.,anger
Fizikten geçer not almak.,happiness
Hüsnü Çobanın vurulması.,sadness
Bana hakaret edilmesine öfkelenirim.,anger
Fakat mali ve finansal zorluklar nedeniyle Kıbrıs mahkemeleri tarafından kapatıldı .,neutral
Ligde ise ilk golünü ikinci haftada Borussia Mönchengladbach karşısında buldu .,neutral
Bu nedenle bir alanı kaplayan bitki topluluğunun doğası iklimin bir yansımasıdır .,neutral
Edebiyat sınavında uzun metinler gördüğümde korktum.,fear
Uçurumun kenarında yürürken dağ keçisinin beni aşağı atmaya çalışması.,fear
Bu köprünün bir ucunda güvenliği sağlamak amacıyla bir askeri karakol bulunuyordu .,neutral
Yolda yürürken insanların yere tükürmesinden nefret ediyorum.,disgust
Vytautas Katolik töreniyle vaftiz oldu ve Hristiyan oldu .,neutral
Dediğim dedik insanlarla konuştuğum zaman.,anger
"Çöp kutularının yanından geçerken, içinden gelen kötü kokudan.",disgust
"Kız kardeşim ben banyoya girmeden önce küvete saklanmış , sonra bir anda çıkınca çok korktum.",fear
Kuzenimin doğmasına çok mutlu olmuştum.,happiness
Duşta iken elektriklerin kesilmesi.,anger
"Şehrime gelip ortalığı karıştıran, haraç kesmeye çalışan, hırsızlık yapan, uyuşturucu satan doğu kökenli şerefsizlere çok öfkeleniyorum.",anger
Matematik sınavından düşük not almıştım.,sadness
"birinin ter kokması, yaşlı eli öpmek",disgust
İŞİD'nin canlı insanları yakması beni üzüyor.,sadness
kendi yaşıtlarımın iğrenç ilişkilerini görmek beni tiksindiriyor.,disgust
Evde yatağımın üzerinde gördüğüm hamam böceğinden tiksindim.,disgust
sınavlarda yüksek puan aldığımda veya önemli sınavlardan hiç yanlış yapmayarak çıktığımda mutlu hissederim.,happiness
Bu yüzden vali adanın işgalini protesto etmek için görevinden ayrıldı .,neutral
Larva ve nimfleri ise değişik memeli ve kuşlarda bulunur .,neutral
Yalan söylenmesi ve hakaret edilmesi öfkelendirir.,anger
Sevdiğim bir yemeği yemek.,happiness
Ahenk Gözü açılır ve Doktor bu sırada serbest kalır .,neutral
İstediğim bir şeyi elde ettiğim zaman.,happiness
söz verilip tutulmadığında genelde sinirden ağlarım.,sadness
Yemek yerken uygunsuz hareketler yapılması tiksindirici.,disgust
Kusmuk.,disgust
Genç oyuncu İstanbul’un Altınları dizisindeki performansı ile dikkat çekmiştir .,neutral
Boyumun uzadığını fark ettiğim zaman.,happiness
Kayıtlarda yazar ve prodüktör Linda Perry ile çalıştı .,neutral
birine karşı yapılan haksızlık veya verilen zarar beni öfkelendiriyor,anger
Karanlık ve ani sesler.,fear
İftiraya uğramak.,anger
Soğukta sokakta ince giyinmiş çocukları gördüğümde üzülürüm.,sadness
yemek yerken huzurluyumdur,happiness
Şarkıda oldukça ağır ve ruhlu ritimler göze çarpmaktadır .,neutral
rüyamda abimin ölümünü görünce çok korktum.,fear
Arkadaşımın burnunu karıştırmasından tiksiniyorum.,disgust
Ailemin yanımda olduğu an.,happiness
Çok yakın bir arkadaşımın bana yalan söylemesine.,anger
Okulda bazı hocaların tükürük saçarak konuşmalarından tiksiniyorum.,disgust
Sınavdan düşük not aldığımda.,sadness
Karşımdaki kişinin beni anladığı anlarda mutlu olurum.,happiness
Çabaladığım bir şeyin gerçekleşmemesi ve umursanmamak.,sadness
ingilizce sınavını geçtiğimizi öğrenince mutluluktan uçtum,happiness
Ailemle kavga ettiğimde babamın bana olan davranışları.,anger
"Bedava 2 ""Gb"" ""internet"" geldiğinde mutlu oldum.",happiness
Şarkının radyolarda da sıkça çalınması üzerine grup daha geniş alanlara yayılmaya başladı .,neutral
Arkadaşımın yemeğinden kıl çıkmıştı.,disgust
Hocalarımız tamamen Türkçe kullandığında.,happiness
Verdiğim değerin karşılığını alamamak.,sadness
bu hafta sonu ailemin yanına gideceğim için çok mutluyum.,happiness
Tatilde bir yerde çalıştığım zaman kazandığım ilk para beni mutlu etmişti.,happiness
yere tüküren kişilerden tiksinirim,disgust
çok yakın bir arkadaşımı ağlarken görmek beni üzer,sadness
Bunun üzerine federal Yugoslav güçlerinin müdahalesi ile Hırvatistan’ın bağımsızlık savaşı başlamıştır .,neutral
Yılanlardan.,fear
Caminin yanında ve okulun aşağısında bir futbol sahası bulunmaktadır .,neutral
"""Narnia"" serisinin yeni filminin çekileceğini duyduğumda sevinçten yerimde duramadım.",happiness
Bile bile yanlış yaptıktan sonra geriye dönememek.,sadness
Arkadaşım üzerime kustuğunda.,disgust
evde tek başınayken çok korkuyorum.,fear
Gece yalnız olduğumda bazen korkuyorum.,fear
Mesajlarımın görülüp cevap verilmemesine öfke duyarım.,anger
Ailemden birisinin mutsuz olması.,sadness
Grubun solisti Luke ile Gap adlı şarkıyı babalarının ölümü üstüne yazdılar .,neutral
Korku filmi izlerken ani hareketlerden korkarım.,fear
Sevdiğim insanlarla arama mesafe girdiği zaman.,sadness
Bir ovanın ortasında gece tek başıma kalmaktan korkarım.,fear
Dişlerini fırçalamayan insanların dişlerini gördüğüm zaman.,disgust
Maç kazandığım zaman.,happiness
Kardeşimin ağzına doldurduğu çikolatayı gösterdiği an.,disgust
Benim adıma verilen kararlara.,anger
okuldan atılırsam üzülürüm,sadness
Köpek tarafından kovalandığımda korkarım.,fear
Sokağa tüküren insanlardan tiksinirim.,disgust
karanlıktan ödüm kopar,fear
dışarıda yemek yerken çok tiksiniyorum,disgust
Bazıları açık erişimli olmayan yayımlar serisinden gelen geliri alırlar .,neutral
Herodot kaynaklarında Paflagonya halkının kendi kendine kabile gibi yaşadıklarını söylemektedir .,neutral
Bazı oyunları oynarken.,happiness
ders anlatırken başka ders çalışan öğrencilere öfkeleniyorum.,anger
"""Fenerbahçe"" maç kaybettiği ve düşük not aldığım zaman.",sadness
Babam tekrar sigaraya başladığında.,sadness
Cuma tören çıkışı kurs çıkmasından korkuyorum.,fear
sözlüme düşük verilirse çok öfkelenirim.,anger
Çürük yumurta yemiş gibi kokuyordu.,disgust
toplu taşıma araçlarında kusan birini gördüğümde,disgust
Emekli olduğum an.,happiness
Takdir aldığımda mutlu olurum.,happiness
Oğuz arkadaşımı çıplak görmek.,disgust
babam ameliyat olurken çok korktum,fear
bu üniversiteyi kazandığımda yaşadığım duygu,happiness
Bardakların içine konulan sigara izmaritlerini görünce iğreniyorum.,disgust
Yorgun olmadığım zaman.,happiness
belgeselleri severim ama hayvanların birbirlerini parçalamasından tiksiniyorum.,disgust
"YGS sınavına 2013 de yılında girdiğimde kazanamamıştım. Bu üzüntü ailemin bana gösterdiği çabanın karşılığını veremediğimi düşündüğüm içindi.
      En çok güvendiğim bir insanın beni hayal kırıklığına uğratması. Bana söylediği her güzel sözün bir yalandan ibaret olduğunu anladım. Neredeyse duygularımı kaybetmiştim.",sadness
içkimin bitmesi.,sadness
Eşkenar üçgenin içinde beyaz bir yıldız bulunmaktadır .,neutral
yere tüküren insanlar dünyanın en tiksinilesi insanlarıdır.,disgust
İftiraya uğramak.,anger
Ödevler projeler bitti.,happiness
Haksızlıklara ve beni anlamadan yorum yapılmasına sinirlenirim.,anger
Ders boş olduğu zamanlar.,happiness
Evde yalnızken diğer odalardan gelen seslerden korkarım.,fear
Ağzı pis kokan insanlardan.,disgust
En yakın arkadaşım ile en yakın arkadaşımın kavga edip küstüğü zaman.,sadness
Ama sonunda onu sadrazamlık görevinden ayırmaya karar verdiler .,neutral
Ağız kokusundan tiksinirim.,disgust
Arkadaşım kustuğu zaman.,disgust
Birisinin bir şeyi yapmadığım halde yaptığımı söylemesi.,anger
Videonun yönetmen koltuğunda diğer Linkin Park kliplerinde olduğu gibi Joe Hahn vardı .,neutral
Ardından Yeni Şafak gazetesinin kuruluş çalışmalarında yer aldı .,neutral
Birisini kaybettiğimde.,sadness
babamın vefatı beni çok sarsmıştı.,sadness
Bununla beraber bölgede herhangi bir kale kalıntısı bulunamamıştır .,neutral
Bornova Küçükpark'ta bir kafede gelen çayın içerisinden nutellalı kaşığın çıkması aklıma gelen ilk tiksindirici olaydı,disgust
Çekirgelerden korkarım.,fear
arkadaşlarım bana söz verip sözünü tutmuyorsa sinirleniyorum.,anger
annemin salonda sigara içmesinden ve bu kokunun salonda ya da diğer odalarda kalmasından hoşlanmıyorum.,disgust
ANNEMİN ÖLECEĞİ KORKUSU UYKUSUZ GECELERİME SEBEP OLDU,fear
İngiltere de bilmeden domuz eti yediğimde tiksinmiştim.,disgust
Dersler boş olduğunda.,happiness
Hastalandığımda üzülürüm.,sadness
Namaz kıldığım zaman mutlu olurum.,happiness
Bir insanın kalbini kırdığımda kendimden tiksiniyorum.,disgust
Kedi yeme video'su izlediğim zaman.,disgust
Alev Sezer ve Arsen Gürzap’la sınıf arkadaşı olmuştur .,neutral
Çok sevdiğim birinde kist çıkmasına üzüldüm.,sadness
Kendimi huzurlu ve enerjik hissettiğim zaman.,happiness
Çok istediğim bir plak hediye edildiği zaman çok sevinmiştim.,happiness
Yalan söyleyenlerden tiksiniyorum.,disgust
Konuşurken tükürük saçanlar.,disgust
Annemin seyahat dönüşü birden hastalanması,sadness
Anneannem aniden hastalandığı zaman.,sadness
Bu anketi doldurmalısınız dendiğinde üzüldüm.,sadness
Bu okulu tutturduğum gün.,happiness
"""Quaresma'nın"" beşiktaş'a ikinci defa gelmesi.",happiness
Sınıfta kargaşa yaşandığında kızarım.,anger
Ülkemdeki hukuksuzluk beni üzüyor.,sadness
Geralt daha sonra ejderha formundaki Saskia ile savaşır ve nihayetinde onu yener .,neutral
Karanlık yerden korkarım.,fear
Birisi ile tartıştığımda.,sadness
"Suriye de insanlara yapılan eziyet, kadınlara yapılan tecavüz içimi parçalıyor.",sadness
sevdiğim birini kaybedince çok üzülürüm,sadness
İnsanların hassas olduğum zamanlarda üstüme gelmelerinden ve isteklerim gerçekleşmeyince öfkelenirim.,anger
Demir kafes içine alınan ayak izine benzeyen şekil turistlerin özellikle uğradığı yerlerden biridir .,neutral
Toplum içinde yapılmaması gereken hareketlerde bulunulması.,anger
Devam eden bir işin yarım bırakılmasına öfkelenirim.,anger
Yurtta oda arkadaşım geceleri gürültü yaptığında sinirleniyorum.,anger
Trafikte emniyet şeridine giren sorumsuz sürücüleri görünce çok öfkelendim.,anger
Fizik sınavından 24 aldığım zaman.,sadness
Futbol oynarken yerlere tükürülmesi.,disgust
Uyurken burnuma konan kelebek beni yerimden sıçratmıştı ve o günden sonra kelebeklerden korkar oldum.,fear
okuldaki öğretmenim bana düşük not verdiğinde çok sinirlendim.,anger
İzmir Atatürk Lisesini kazandığımda mutlu oldum.,happiness
fareden korkuyorum,fear
Eve dönerken yanımdaki kıza araba çarptı ve kızın kulağından kan geliyordu. Çok korkmuştum.,fear
Parkın bir ucu çocuklar için oyun alanı olarak düzenlenmiştir .,neutral
hırsızlığa uğradığımda çok sinirlenirim.,anger
Sevildiğimi hissetmek.,happiness
Çikolata yerken mutlu oluyorum.,happiness
Matematik sınavından 85 aldığım zaman.,happiness
aşık olmaktan çok korkarım,fear
"Arkadaşlarımla buluştuğumda, hediye aldığımda mutlu olurum.",happiness
Arkadaşımın riyakar davranmasına.,anger
Birisinin güvenini kaybetme korkum var.,fear
Protestolar hızlıca Batı Şeria ve Doğu Kudüs’e yayıldı .,neutral
Evde tek başımayken karanlıkta kalmaktan korkarım.,fear
İngilizce sınavından düşük not almak.,sadness
Arka sokaklardan.,fear
John taktığı gözlük sayesinde bu gizli mesajları görmeye başlar .,neutral
Alkole bağımlı hale gelmiştir ve kendisini göz göre göre perişan eder .,neutral
Paris Singer ile olan ilişkisinden de Patrick adında bir oğlan çocuğu dünyaya getirmiştir .,neutral
İnsanlar beni eleştirdiğinde tiksinirim.,disgust
Irkçı düşünceli insanlardan nefret ederim.,anger
Savaş ünlü İngiliz menzil yayının başarılı kullanımıyla tarihe geçti .,neutral
Ayrıca hesabın temel teoremi kapalı tür integral yazımına izin vermediği zaman da kullanılabilir .,neutral
Bazı savaş filmleri.,fear
ailemin beni kazandığım halde hemşirelik okuluna göndermemeleri beni üzüyor.,sadness
"""Göztepe"" şampiyon olduğu zaman.",happiness
Değer verdiğim insanların bana değer verdiğini görmek.,happiness
En son İstanbul Teknik Üniversitesi Maden Mühendisliği bölümünde bölüm başkanı olarak görev yaptı .,neutral
Örümcek görmek.,fear
Futbol takımımızın yenilmesi.,sadness
Dans ederken ve müzik dinlerken mutlu olurum.,happiness
Sınavdan yüksek not alınca mutlu oluyorum.,happiness
Yere tükürülmesi.,disgust
Ciddiye alınmamaktan öfkelenirim.,anger
Kola ve hamburgerin içindekileri öğrendiğim zaman.,disgust
Özel eşyalarımın çalınması beni altüst etti.,sadness
Filmde Norveç gençliği etrafında Norveç yaşamı anlatılmaktadır .,neutral
Bilgisayar oynarken çok mutlu oluyorum.,happiness
Oyunculuğu dışında babasından kalan şirketin de başında yer almaktadır .,neutral
Sadece Brandenburg fabrikasında kamyon üretimi tam hızla ilerliyordu .,neutral
eve geldiğimdeki yemek kokularını hiç sevmiyorum.,disgust
Korku filmleri.,fear
Haksızlık ve adaletsizlik.,anger
Akşam tek başıma sokakta yürüdüğüm zaman.,fear
Haksız yere karşı çıkılması.,anger
Çok istediğim bir kazağın doğum günümde alınmasına.,happiness
Sınavlara öfkeleniyorum.,anger
Kerevizden  ve kokusundan.,disgust
abimin oğlu olacağına çok sevindim. amca oluyorum,happiness
Kusmuk görmek.,disgust
Kabataş yalanının ortaya çıkmasına rağmen devam ettirilmesine çok öfkeleniyorum.,anger
Arkamdan konuşulması.,anger
Yeni bir telefon  yere düştüğü zaman üzülmüştüm.,sadness
Sınav boyunca gözetmen öğretmenin bana bakması.,fear
Sevdiğim bir dizi ya da film izlerken.,happiness
Haksızlık yapıldığı zaman.,anger
Yeşil zemin üzerine dağılmış bir şekilde çakıl taşları yer almaktadır .,neutral
Aniden uyandırıldığım zaman.,anger
Bu konudaki başka bir isim de Xu Jedong’tur .,neutral
öğle yemediğinin içinden kıl çıktı.,disgust
Örümceklerden tiksinirim.,disgust
Yüksek beklediğim bir sınavdan düşük not aldığımda.,sadness
Fransızca sınavından ve arkadaşlarımın beni yüzüstü bırakmalarından korkarım.,fear
Kardeşim bana dil çıkarınca çok öfkelenirim.,anger
Müzik dinlerken rahatsız edildiğim zaman.,anger
Abisi Louis Renault ile aynı yılda ölmüştür .,neutral
Uyumak ve müzik dinlemek.,happiness
Birisinin bana emir vermesi.,anger
Böcek birkaç saat içerisinde yemeyi bırakır ve açlıktan ölür .,neutral
Yapmacık ve çok bağıran insanlardan tiksinirim.,disgust
Bu çalışmaları nedeniyle kendisine Fahri Doktora payesi verilmiştir .,neutral
kardeşim çok dağınık.,anger
Arkadaşımla çarpıştık üzüldüm.,sadness
Babamı bir köpek ısırmıştı.,fear
Sevdiklerime bir sıkıntı gelirse çok üzülürüm.,sadness
Sınavlarda hata yaptığım zaman.,sadness
"Bir öğretmenim ile sorun yaşamıştım ve bana ,ailemi dava edeceğini söyleyerek tehdit etmiş olması",fear
Ailemin doğum günümde bana sürpriz yapması.,happiness
Sihirbaz gösterisi izlediğimde.,happiness
Sayısaldan para kazanamayınca.,sadness
Fenerbahçe Spor Kulübü Yelken Şubesi eski sporcusudur .,neutral
Yakın bir akrabamın ölmesi.,sadness
Beklediğimden yüksek not alırsam.,happiness
Annemden sürekli istediğim pastayı yapacağını öğrenince mutlu oldum.,happiness
Gölün tamamı ve çevresindeki bölgelerin pek çoğu koruma bölgesi ilan edilmiştir .,neutral
Böceklerden.,fear
öğretmenimin beni dinlemeden bütün sınıfın önünde bana bağırmasından ötürü çok öfkelenmiştim. Ama sonra ben haklı çıktım.,anger
Grup sonra eleme maçında uzatmalarda takımına frikik kazandırdı .,neutral
Bir yetişkin olarak Hristiyan olmayı tercih etmiştir .,neutral
İzlediğim bir korku filminden.,fear
Bir arkadaşımın arkamdan küfür ettiğini duyduğum zaman.,anger
birisi eşyalarımı benden habersiz alırsa sinirden patlarım,anger
Ailem ile kavga ettiğim zaman.,sadness
Birinin boş konuşması ya da bana bulaşmasına.,anger
sigara kokusundan tiksinirim ve midem bulanır.,disgust
evlendiğimde benden mutlusu olamaz.,happiness
Lig ve Süper Lig ekiplerinin transfer listesine girdi .,neutral
Arkadaşlarımızla oynadığımız bir oyun için  çeşitli yiyeceklerin olduğu bir bardak dolusu iğrenç karışımı içtiğim zaman.,disgust
Babamı kaybettiğimde onu bir daha göremeyecek olmak çok üzdü.,sadness
Birsinin kusması.,disgust
Kadınların erkekler karşısındaki rahat ve edepsiz davranışları içimi kaldırır.,disgust
Nefret ettiğim birinin  her hareketinden.,disgust
birinin ayağını sürterek yürümesini tiksinç bulurum,disgust
Sekiz maçtan oluşan etkinliğin yedi maçı canlı olarak yayınlanmıştır .,neutral
Derslerime zamanında çalıştığım zaman mutlu olurum.,happiness
sınavda ilk tercihim olan liseye yerleşemediğim için üzülmüştüm.,sadness
Birisinin yalan söylediğini anladığım an.,anger
Böceklerin üstüme tırmanmasına.,disgust
Doğa üstü olaylar.,fear
Birbirlerinin arkasından konuşan ve sonra yüzlerine bakabilen insanlardan.,disgust
Ailemin yanında mutlu olurum.,happiness
Bazen Moldova ve Slovenya da dahil edilebilmektedir .,neutral
Kabus gördüğümde ve önemli bir sınavın öncesinde korkarım.,fear
Sınavda kopya çekebildiğim zaman.,happiness
Teog sınavının geldiği gün.,fear
Sevdiğim adamın beni terk etmesi.,sadness
Başkasının benim hakkımda kötü şeyler söylediğini duyarsam ondan tiksiniyorum.,disgust
Sunderland ise ikinci finalinden de mağlubiyetle ayrılmıştı .,neutral
vefat eden kardeşimi düşündüğümde kalbim acıyor.,sadness
Teyzemin vefat etmesi.,sadness
arkadaşım birinin çiğnediği sakızı çiğnemişti.,disgust
İnsanlar hazır cevap oldukları zaman.,anger
Galatasaray'ın Şampiyon olup 4. yıldızı takması.,happiness
Dışarıda sigara içenlerin dumanını çekmekten bıktım.,disgust
Deniz seviyesine veya onun pek az üstüne kadar yükselirler .,neutral
Haksızlıklara çok öfkeleniyorum. Örneğin; bir erkeğin bir kadına el kaldırması. Empati kuramayan insanlara çok öfkeleniyorum.,anger
Sabahleyin yanımdan köpek geçmişti.,fear
Halı saha maçında önde iken sonra maçı kaybedince.,sadness
Sevdiğim çocuğun bana mesaj atması.,happiness
ilk defa yurt dışına çıktığımda çok mutlu olmuştum.,happiness
Kardeşimin yapmasını istediğim bir şeyi yapmamasına.,anger
"İnsanları kıran , hor gören birisine dönüşmekten korkuyorum.",fear
küfürlü konuşmadan hiç hoşlanmam,anger
Bu yüzden yakın arkadaşları ona bu ismi verdi ve bu isim böyle kaldı .,neutral
Yere tükürülmesinden ve sakız çiğnenmesinden tiksinirim.,disgust
Antrenman ve iç saha maçlarının oynanacağı salon ise Mustafa Dağıstanlı Spor Salonu olarak belirlenmiştir .,neutral
Birkaç kişi hariç çoğunluk liseden beri bu duygulara sahipti .,neutral
İnsanların kötü ve pis hallerinden.,disgust
Tramvayda yaşlı bir amcanın haksız olduğu halde söylenmesine öfkelendim.,anger
Yapılan ayrıcalıkların farkında olup bunları hatırlamak beni benden ediyor.,anger
Şehrin kalesinin üzerinde bulunduğu tepe bütün Massa şehrine hakimdir .,neutral
Geceleri duyduğum bazı sesler.,fear
Lunapark'da bindiğim bir oyuncaktan.,fear
Galatasaray şampiyon olduğunda çok sevindim,happiness
Kendisinden küçük kardeşleri çok küçük yaşta ölmüştür .,neutral
Benim için değerli birisini üzgün görürsem bende üzülürüm.,sadness
"hoşlandığım kıza ""İnstagram"" da takip isteği yolladığımda kabul etmeme ihtimalini düşündüğümde korktum",fear
Sabit fikirli insanlara.,anger
Forum İstanbul’da kalıcı sanat eserleri yer almaktadır .,neutral
sevdiklerimi kaybetmek,sadness
Yeğenime zarar geldiğinde ya da hastalandığında çok üzülüyorum.,sadness
Kötü olaylar karşısında üzülürüm.,sadness
Aynı zamanda hava temizleyici olarak da kullanılabilir .,neutral
Birinin bir şeyi yapacağım deyip yapmamasına sinir olurum,anger
Ailemle bir arada olduğumda mutlu olurum.,happiness
Yalnızlık ve anlaşılmamak.,fear
Kendimi açıklamaya çalışırken susturulmak istendiğim zaman.,anger
Hat komutanı Ulaştırma Yüzbaşı Ali Beyin önerisiyle Erenköy adı şimdiki bölgeye verildi .,neutral
İki yüzlü insanlardan.,anger
Her yıl düzenli olarak yapılır ve her yıl kendine ait bir sitesi yapılır .,neutral
Bir korku filminin afişi,fear
Sınıfta top oynarken korktum.,fear
Anneme yalan söylediğimde ve onun yalanımı anladığı an.,fear
Kardeşimle her kavga edişimde.,anger
benimle inatlaşıldığında öfkeleniyorum.,anger
Ormandan elde edilen ürünler odun ve odun dışı olarak sınıflandırılır .,neutral
Arkadaşım kahve fincanını üzerime düşürünce çok korktum.,fear
Birsinin bana emir vermesi ve birisinin ciddi bir konuda ciddiyetsiz davranmasına sinir olurum.,anger
Küfür eden kişilerden hoşlanmıyorum.,disgust
Gittiğimiz dağ yürüyüşünde arkadaşım üstüme düştü bende yuvarlandım.,fear
"""Ayasofya cami'sinde"" yüz binler ile kıldığımız namaz.",happiness
Bir şey planladığım gibi giderse mutlu olurum.,happiness
metro istasyonunda kusmuştum.,disgust
Sessizlikte paranoyak gibi düşündüğüm an ve kendi kendime konuştuğum an.,fear
İstediğim şeylerin maddi durum yetersiz olduğu için alınamamasına üzülüyorum.,sadness
Trabzon İmparatorluğu hakkındaki kitabı da ölümünden sonra yayınlanmıştır .,neutral
bize dayak atıp küfür edince çok korktuk.,fear
çocuk istismarı haberlerine çok öfkelenirim,anger
Doğumda kızımı kucağıma almadan ölmekten çok korktum.,fear
Yemeğim yere düştüğü zaman.,sadness
Böcek fobim var.,fear
Kusmuk.,disgust
Cinlerden korkarım.,fear
Sınavdan düşük aldığım için çok üzüldüm.,sadness
beşiktaş şampiyon olursa,happiness
Yerde para bulmak.,happiness
Edebiyat dersinden 45 aldığımda çok üzüldüm.,sadness
Kuruluş tarihi belli olmamakla birlikte Bizanslılar zamanında büyük yerleşme yerlerinden birisi olduğu kabul edilmektedir .,neutral
Bazı mide bulandırıcı görüntüler aklıma geldiğinde.,disgust
Bunun sonucunda Milano antik Dükalığı ortadan kaldırıldı .,neutral
Yeni bir kişiyle çıkamamak,sadness
Ailemden ya da sevdiklerimden birisini kaybetmekten.,fear
Yaşam alanlarının tahrip edilmesi ve bozulması sebebi ile tehdit altındadır .,neutral
ölümü düşündüm.,fear
Zor olan sorular.,fear
Yılın en başarılı ekibi ödülünü aldığımız zaman.,happiness
Korkak biri değilim.,fear
Boğulmaktan çok korkarım.,fear
Galatasaray'ın yenmesi.,happiness
Aynı zamanda İsrail Yuvarlak Masa kulübünün de kurucusudur .,neutral
Tüm sınavlardan korkarım.,fear
arkadaşlarımdan birine şaka yapmak hoşuma gider,happiness
Okulun olmadığı zamanlar.,happiness
sarımsak ve ter kokusundan iğrenirim.,disgust
Birisinin benim adıma konuşması.,anger
Karanlık ve sınav günleri.,fear
otobüs sırası için insanların doğru sıraya girmemesi beni deli eder,anger
Cinsel organlar.,disgust
Bu liseyi kazandığım zaman.,happiness
Bu tür yasa dışı iletişim içerikleri devletler ve uluslara göre farklılıklar gösterebilmektedir .,neutral
Öğretmenimin beni şikayet etmesi.,anger
İngilizcede tam ders uyumaktan mutlu olurum.,happiness
Yeni arkadaşlarla tanışmak.,happiness
Ter kokan insanlar.,disgust
sıra altına sakızlar yapışması,disgust
Çok bilmiş davranan insanlar bir de açken öfkeliyim.,anger
Okula giderken karşıma 6 büyük köpek çıktığında çok korkmuştum.,fear
Dini konuları ele aldığı çağdaş tarzda çalışmalarıyla bilinir .,neutral
Bazı insanların yemek yeme şekilleri.,disgust
Büyük annemin ölümüne üzülmüştüm.,sadness
Mahcup edilen insan görmek üzer.,sadness
ilk maaşımla aldığım daktilomu aldığım gün çok mutlu olmuştum.,happiness
iki yıl önce kardeşimin başı yarıldığında çok korkmuştum.,fear
Her gün bir sürü kadının öldürülmesi ve bu konuda hiç bir şey yapılmaması.,sadness
Babacığımın hastalık haberiyle sarsıldım.,sadness
"köpeklerden, hırsızlardan ödüm kopar. En korkutucusu ise çevremdeki bir insanı kaybetmektir.",fear
Okulu astığımda mutlu olurum.,happiness
İnsanlar tutarsız davrandıklarında.,anger
Madalyalar her yıl verilen teklifler üzerine birkaç bin kişiye verilmektedir .,neutral
Şu anda okumakta olduğum üniversiteyi kazandığımı öğrenince çok sevinmiştim,happiness
Okulda not konusunda yaşanan haksızlığa sinir oluyorum.,anger
"""Abdülhamit'ten"" tiksiniyorum.",disgust
"derslerden geçmek, sınavlardan ve sınıftan geçmek bana hep huzur ve güven vermiştir",happiness
biraz paranoyak biriyim. Çoğu şeyden korkarım ama en çok sevdiklerimi kaybetmekten korkarım.,fear
anne ve babaların yurttaki kalan çocuklarına ziyarete gelmesi,happiness
Arkadaşım ilk defa cinden bahsedince gece sabaha kadar oturdum çok korktum.,fear
Katıldığım bir resim yarışmasında birinci olduğum zaman.,happiness
İnsanlara güvendikten sonra buna değmediklerini anladığımda üzülürüm.,sadness
Böylece çok hafif taşıma sahip olan modeller aynı zamanda çok ince bir tasarıma sahiptirler .,neutral
Öğrenci evine fare girmesi.,disgust
Katılmak istediğim bir yarışmanın süresini kaçırdığımda.,sadness
Gece 12 doğum günüm kutlandığı zaman.,happiness
İnsanların benimle dalga geçmesine.,anger
Kaybedersem üzülürüm.,sadness
Emek verdiğim bir işin iyi sonuçlanması.,happiness
Bu dönemde Caz ve Ragtime müziğine ilgi duymaya başladı .,neutral
Cuma günü geldiğinde.,happiness
Domuzdan ve örümcekten korkarım.,fear
Sonra parkın yakınındaki tesise girer ve Carlos ile karşılaşır .,neutral
Annem bu yaz Avrupa'da bir ay etkinliklere katılacağımı söyledi.,happiness
Oğlum hasta olması beni çok üzüyor,sadness
Annem bana sarıldığında çok mutlu oluyorum.,happiness
Konağın yerinde bugün İstanbul Üniversitesi Fen ve Edebiyat Fakülteleri bulunur .,neutral
"Bu albümde yer alan ""The Novel Sound"" ve ""Indigo Blues"" şarkılarıyla beğeni kazanmıştır .",neutral
Çok güvendiğim birisi güvenimi kırdığı an.,sadness
"Ayrıca ""Yeni Sovyet insanı"" olarak da bilinir .",neutral
Maske takmış insanlardan ve ölümü düşündüğüm zaman korkarım.,fear
öğretmen bir keresinde yemekhane sırasında küçük diye benim önüme kayması ve sonra yemek alamamam.,anger
Telefonum 3. kattan düştüğü zaman korktum.,fear
Final öncesi.,fear
Karanlıktan bir de Allah'tan korkarım.,fear
Yemek sırası beklerken  yerim kapıldığı zaman sinir oluyorum.,anger
Pişmanlık duyduğum zamanlar.,sadness
"kanalizasyon kokusu duymak.
      Terli insanlarla tokalaşmak.",disgust
bok kokusu,disgust
Fazla üzülmem öfkelenirim.,anger
Üniversite yıllarımda yolda yürürken uğradığım tacizden haftalarca öfkem devam etmişti.,anger
Sınavlardan sonra notumu beklerken korkarım.,fear
Yapmacık davranışlar.,anger
Polonya hukukunda cinsel yönelime dayalı istihdam ayrımcılığı yasaktır .,neutral
Ağabeyim istediği okulu ve bölümü kazandığı zaman çok mutlu oldum.,happiness
Annemi ve babamı kaybetmek beni üzüyor.,sadness
Soğukta sokaklarda yaşayan insanlara ve hayvanlara üzülürüm.,sadness
Köpek kovaladığı zaman,fear
"Bütün ödevlerimi  yapıp dersime iyi çalışmama rağmen, benden daha az çalışmış birisinin benden yüksek not almasına üzüldüm.",sadness
Hiç beklemediğim bir yerden para gelmesine çok sevindim,happiness
Arkadaşımın beni umursamaması beni öfkelendiriyor.,anger
Birçok popüler romantik komedi filmlerinde yan rolde görülmektedir .,neutral
Fizik sınavının çok zor olması.,fear
Eşimin bana hediye aldığını görünce çok sevindim,happiness
Havacılık tarihinin en başarılı nakliye uçaklarından biri olarak kabul edilmektedir .,neutral
Birisi burnunu karıştırdığı zaman.,disgust
arkadaşım verdiği sözü tutmadı,anger
Bir insanın karşımda kusması.,disgust
Kaba davranışlardan.,anger
Birine kötü davranıldığında öfkelenirim.,anger
Karanlık bir sokakta arkamdan aniden bir şey çıkması.,fear
Kulüp özellikle alt yapıdan yetiştirdiği oyuncularıyla birçok Türkiye derecesine sahiptir .,neutral
Bana yalan söylendiğinde öfkelenirim.,anger
Takıntılı olduğumdan kitaplarımın sayfaları karıştıkça üzülüyorum.,sadness
Tek  başıma kalmaktan çok endişeleniyorum.,fear
Denizde arkadaşlarla şakalaşırken boğulma tehlikesi geçirince çok korktum.,fear
İki sene sonra tiyatroları kaza sonucu bir yangında yandı .,neutral
abim üniversiteden eve geldiğinde çok mutlu olmuştum.,happiness
Yüksek kapasiteli veri depolama için en yaygın bant genişliği bir buçuk inç olanıdır .,neutral
İzlediğim bir videodan korkmuştum.,fear
Çok sevdiğim hediye olan bardağımı kaybettiğimde.,sadness
her yaptığım sorgulandığında deliririm.,anger
Metrodaki bir adamın kötü bakışından ve hapşırmasından tiksindim.,disgust
Plastik borular ise genelde plastik ekstrüzyon yolu ile imal edilir .,neutral
Fen Lisesini kazandığım zaman çok mutlu olmuştum.,happiness
Yakınımdan birisini kaybetmek üzer.,sadness
Fakat zamanla mahalleden merkeze göç etmiştir aile .,neutral
Yemek yerken yaşlı insanların geğirmesinden tiksiniyorum.,disgust
"Ardından ilk single parçası olan ""Tatil""i çıkardı ve klibi çekildi .",neutral
Yarımada ismini burada daha önce bulunan illerden almıştır .,neutral
Bu protestolar Çin Hükümeti tarafından hızlı bir şekilde bastırıldı .,neutral
Anavatanı Meksika olup bu ülkenin ulusal çiçeği olarak kabul edilmektedir .,neutral
Böcek gördüğümde tiksinirim.,disgust
fındık aromalı kahve içmek beni rahatlatıyor.,happiness
Girdiğim sınavlarda başarısız olunca.,sadness
"Yemeklerde sürekli aynı yemeklerin çıkmasına,
      Yazılıda hocaların çıkmayacak dedikleri sorunun sorulmasına öfkelenirim.",anger
Yurtdışından ticaret amacıyla gelen aileleri levanten denmekteydi .,neutral
"Yakınım öldüğünde, Sevdiğim kişiden ayrılınca üzülürüm.",sadness
Örümceklerden.,fear
Sonraki sezon ise takımın değişmez futbolcularından biri oldu .,neutral
Telefonumu kaybettiğimi sandığım zaman.,sadness
yakınımın öldüğünde derin bir keder hissetmiştim.,sadness
Folklorik ögeleri daha çok Bitlis havzasının karakterini gösterir .,neutral
Laf atıp takip eden erkeklerden korkuyorum.,fear
Yüksek not almak.,happiness
Sevmediğim arkadaşım benimle konuşunca öfkeleniyorum.,anger
Dağınıklıktan nefret ederim.,anger
Deprem olduğu zamanlar.,fear
Çok sevdiğim bir filmin kitabının çıkacağını öğrenince mutlu olurum.,happiness
Bir takım el şakaları ile canımı acıtan insanlara.,anger
Çocukluk arkadaşımın taşınmasına üzülmüştüm.,sadness
Haksızlığa uğradığım anlar.,anger
Kötü kokular.,disgust
Hükümdarlığı döneminde Karahanlı topraklarında İslamiyetin yayılması devam etti .,neutral
Annemin kardeşime hamileyken yaşadığı bir takım sağlık sorunlardan ötürü ikisine bir şey olacak diye korkmuştum ve sonra  korktuğum oldu.,fear
Haksızlığa uğrayan arkadaşıma bağıran hocama çok öfkelenmiştim.,anger
belediyenin önündeki fıskiyenin kırılması beni çok mutlu etti.,happiness
Korku dizileri izlerken.,fear
Gece geç saatte eve yalnız dönerken gördüğüm erkeklerden korktum.,fear
"Haksızlığa uğramak.
      Çabamın dikkate alınmaması.",anger
Otobüste çocuğun kusmasından tiksindim.,disgust
3 sene sonra memleketime gittiğimde.,happiness
Turnuvanın kahramanı ve kötü karakteri ilk turnuvanın tam tersi olur .,neutral
Sigaranın kokusu.,disgust
Karanlık bir sokakta yürürken birisinin takip ettiğini sanıp korkarım.,fear
okulumu okumak beni mutlu eder.,happiness
Düşüncenin yükselişi özellikle Orta Doğu ve Afrika coğrafyasında bağımsızlık hareketlerinden sonra kendini göstermiştir .,neutral
Birisi bana yumruk atarsa.,anger
böcekler her zaman içimi bulandırmıştır.,disgust
Annemin hastalığını öğrendiğim an.,sadness
Böceğin üstümde yürümesi.,fear
Hakarete maruz kaldığım zaman.,anger
Evde kız arkadaşımla çılgınca müzik açıp oynamak beni mutlu eder.,happiness
Tuttuğum takımın şampiyon olamaması beni üzdü,sadness
okulda derece yapınca sevindim,happiness
Ve daha sonrasında Smithsonian tarafından satın alındı .,neutral
Dedemin vefatı.,sadness
Sevdiğimle beraber olmak.,happiness
El şakalarından hoşlanmıyorum.,anger
8 aylık kardeşim yemek yerken ağzındakileri çıkarınca tiksiniyorum.,disgust
Polislerden.,fear
Annemin akşam yemeği için bamya yapmasına.,anger
Örümceklerden.,fear
Böceklerden tiksinirim.,disgust
teog sınavında 3 yanlışım oluğunu öğrendiğimde çok sevindim.,happiness
Bir öğrencim arkadaşına zarar vermek istediğinde çok sinirlendim.,anger
Ortaokulda hakkım yendiğinde çok öfkelenmiştim.,anger
"Düzensiz,dağınık,plansız iş organizasyonlarını hiç sevmem.",anger
Böcek görmek.,fear
Sevdiklerime bir şey olması.,fear
Katıldığım bir yarışmayı kazanamamıştım.,sadness
üniversite hayatımın daha farklı geçmesi gerektiğinin farkında olmak beni hep üzer.,sadness
"Kardeşimin tayininin, eşinin çalıştığı yerin yakınına çıkmasına sevinmiştim.",happiness
Babaannem annem hakkında ona sadece kötülük olsun diye annemin yaptığı iyi şeyleri kötü olarak yorumlayıp insanlara anlattığı zaman onu yakaladım ve çok öfkelendim.,anger
Evde tek başımayken balkondan eve kedi girmişti. O zaman çok korktum.,fear
bir arkadaşım ağzı açık yemek yemeye başlamıştı. sese çok sinir olmuştum. Çok kötü bir şekilde bağırdım.,disgust
İldeki önemli bir nüfus Kazak Türkçesi konuşmaktadır .,neutral
babam söz verdiği bisikleti almadığında çok öfkelendim,anger
Değer verdiğim birisine zarar gelmesinden korkarım.,fear
Ailemin bana kızması.,sadness
Bazı çalışkan olan öğrencilerin ayrıcalıklı davranılmasına sinir oluyorum.,anger
"sevdiğim bir topçunun ""fenerhahçe'den"" ayrılması bana koydu",sadness
Bir yarışmada derece alamamak.,sadness
Bir insanın küfür etmesi tiksindiriyor.,disgust
Bina üstünde aynı zamanda bankanın reklamı vardır .,neutral
Okul tuvaletleri.,disgust
Anneannemin vefat etmesi.,sadness
Hakkımın yenmesi ve matematik öğretmeninin bir şey anlatmaması.,anger
Düşük beklediğim sınavdan yüksek not aldığımda.,happiness
Grubu son sırada tamamlayarak Amatör Lige düştü .,neutral
Paramın bitmesi.,sadness
Hayvanları kurtarmak için önünde alt etmesi gereken tehlikeli bir çete vardır .,neutral
sigara kokusundan tiksiniyorum,disgust
Saldırgan tavuklardan.,fear
Çok çalıştığım sınav kötü geçerse sinirlenirim.,anger
Sınavlardan yüksek not almak ve tatiller.,happiness
Özgür Fransa için savaşçıların bir listesini hazırladığı biliniyor .,neutral
Peynirin vücuduma değdiği an.,disgust
Yine aynı tarihte sınırların genişliğinde de düzenlemeler yapıldı .,neutral
insanlar inancıma ters hareketler yaptığında o kişiden soğuyorum.,disgust
Pişmiş buğday tüm tane bulgur niteliği taşır .,neutral
Kuşum öldüğü zaman.,sadness
Böceklere dokunmaktan hoşlanmıyorum.,disgust
Genelde üzgünüm.,sadness
Düşük not aldığımda.,sadness
tuvaletlerde idrar lekesi görmekten,disgust
Korku filminden.,fear
Dışkı görmek.,disgust
yılanı görünce çok korktum.,fear
"""Galatasaray'ın"" bu sezon ki durumu.",sadness
Toplu taşımalarda yaşlı insanların herkese yaslanması.,anger
Alper'lerin İstanbul'a taşınmasına çok üzüldüm.,sadness
Birsinin gereksizce sürekli suratıma bakmasına.,anger
Gizli bir şeyler yapıp yakalandığımda.,fear
Gece uyumadan önce biri bana seslenirse veya hayallerimden vazgeçmek zorunda kalırım diye korkarım.,fear
Farelerden.,fear
Erkeklerin birbirleri ile flört etmeleri tiksindirici.,disgust
Ailemden birisini kaybettiğim zaman.,sadness
Bozuk yemeklerden kurtlar çıkmasından tiksinirim.,disgust
Masamda gördüğüm örümcek.,fear
En sevdiğim kitabın çok eski diye artık ciltli basılmadığını gördüğüm zaman.,sadness
Arkadaşlarımla birlikteyken.,happiness
Ağız kokusundan.,disgust
Ders sırasında konuşulması.,anger
İngilizce sınavından düşük not aldığım zaman.,sadness
Matematikten ilk defa düşük not aldığım zaman.,sadness
gerçekten sevdiğim insanları kaybetmekten korkarım.,fear
hırsızlık durumuyla karşılaştım ve bunu yapan kişiye öfkelendim.,anger
Kötü görüntü ve kokulardan tiksinirim.,disgust
"Düşünüyorum...Çok gülmek çok mutlu olmak manasına gelmez, çok güldüğüm anlar oldu, oluyor da ama çok mutlu olmam için sanki o anı henüz tam manasıyla yaşamamış gibiyim; ya da insan ailesiyle beraber eğleniyorken onlar hayattayken yalnız hissetmiyorken mutludur... İşe giriş için sıralamaya girdiğimde ve kazandığımda çok mutlu olmuştum evet.",happiness
Annemin abimle kavgamızda olayı anlamadan beni suçlu görmesine öfkeleniyorum.,anger
Genellikle o bölgede az okul ancak çok öğrenci varsa bu sistem hayata geçer .,neutral
Kitabevi daha çok İngiliz edebiyatı üzerine yoğunlaşmıştır .,neutral
İzmir Atatürk Lisesini kazandığımda çok mutlu oldum.,happiness
Boş sorular sorulması.,anger
annemin babamın veya ağabeyimin öleceğini düşünmek bile beni yıkıyor.,sadness
Lahdin sahibi karı ve koca kline üzerinde sembolik olarak resmedilmiştir .,neutral
Arkadaşımın arkamdan dedikodu yaptığını duyduğum zaman.,anger
yemek yerken ağız şapırdatmak,disgust
Bu okula nakil olduğum zaman.,happiness
Etrafımdakilerden iltifat alınca mutlu olurum.,happiness
Geç saatte telefon gelmesi.,fear
Sınavdan düşük not aldığımda.,sadness
ameliyathaneye girdiğimde korktum.,fear
Suyun paralı oluşundan tiksiniyorum.,disgust
Sevgilimin beni denize götürmesi.,happiness
sınıf ter kokunca midem bulanıyor,disgust
Televizyonda haber sunan kişinin kötü haberleri sunarken yüzündeki ifadeye öfkeleniyorum.,anger
Düşük not aldığım an.,sadness
Isis üzerinde bir dizi kürek ve tekne yarışı düzenlenmektedir .,neutral
Geceleri cin ve ruh hakkında konuşulanlara.,fear
Balgam görmek.,disgust
Ayrıca Rock Springs petrol ve doğal gaz bakımından zengin topraklara sahiptir .,neutral
Yüksek not almak.,happiness
Bu nedenle sağlığı çok büyük bir darbe aldı .,neutral
Parasızlık.,fear
Toplumsal konuları ve ülke meselelerini irdeleyen şiirler yazdı .,neutral
öğretmenimin benim sözlüme düşük vermesine öfkelendim,anger
Kasabanın iklimi Karadeniz art bölgesine has bir iklime sahiptir .,neutral
Yapmadığım bir şey hakkında suçlanmak ve arkamdan konuşulması.,anger
"Yemek yerken, uyurken ve kitap okurken.",happiness
Projeyi tamamlayamayınca çok üzüldüm.,sadness
Dedemi kaybettiğim zaman.,sadness
"Tatlı yerken, resim yaparken ve yaptığım planların bozulmamasından mutlu olurum.",happiness
Yılan ve karanlık.,fear
ideallerime gidecek yolda doğru hareketler yaptığımda seviniyorum.,happiness
annemin konsere gitmeme izin vermemesi,sadness
Babasının çalışmalarına kendi döneminde olan kayıtları eklemiştir .,neutral
memleketime gittiğim zaman mutlu olmuştum.,happiness
Elektrikler kesildiğinde dolabın içine saklanıp beni korkutmuştu.,fear
Birisinin beni küçük görmesi ve aşağılaması.,anger
Sokakta bir grup köpek görmek.,fear
İri vücut yapıları ve kuvvetli kasları sayesinde çöl yaşamına uyum sağlamıştır .,neutral
Geçen sene sınıfta kaldığımda.,sadness
Yalan söyleyenlere.,anger
Düşük beklediğim vize notunun yüksek gelmesi.,happiness
Böcekleri görünce.,disgust
Hep birlikte neşeli ve mesut olarak koro ile finale şarkısını söylerler .,neutral
Birisinin tükürdüğünü görmek.,disgust
İstediğim bir şey olduğunda.,happiness
Yalaka insanlardan tiksiniyorum.,disgust
Bisikletten düşünce kendimden tiksinmiştim.,disgust
Dünya Savaşı sırasında birçok şehir harap edildi .,neutral
Karşımdaki insan yemek yerken konuşur ise.,disgust
küçükken şehir dışında oturan anneannemin bize ziyarete geldikten sonra geri dönüşü beni üzdü.,sadness
yalnız kalmaktan çekinirim.,fear
Sembolik bir matematik kütüphanesidir ve sinir ağları gibi makine öğrenimi uygulamaları için de kullanılır .,neutral
Temizlik takıntım olduğu için hayvanlarla temas ettiğim zaman tiksinirim.,disgust
Üniversitenin birçok Avrupa ve Amerika üniversitesi ile öğrenci değişimi anlaşması bulunmaktadır .,neutral
Ailem ile pazar günü yaptığım kahvaltılar ve sınavdan 100 almam.,happiness
Özel eşyalarımın izinsiz kullanılması ve yerlerinin değiştirilmesine öfkelenirim.,anger
Tiki kızlarla aynı ortamda bulunmak beni tiksindiriyor.,disgust
Yayınlandığı andan itibaren hem içerik hem biçim olarak ilgi gördü .,neutral
Milli Reasürans tarafından satın alınmasıyla beraber katları ayrı ayrı satılmıştır .,neutral
En yakın arkadaşımla kavga ettiğim gün üzüldüm.,sadness
Beklenmedik yüksek sesler.,fear
Okul tuvaletleri.,disgust
Oyunculuk kariyerine bir kola reklamında oynayarak başladı .,neutral
Kardeşimin konuşmamasını söylediğim kişiyle konuştuğunu öğrendiğimde.,anger
DOM Lab'ı erken bitti.,happiness
Buradaki yapılar Roma ve Orta Çağ izlerini taşımaktadır .,neutral
İki boyutlu cisimlerin en ve boy olmak üzere iki ölçüleri vardır .,neutral
böceklerin hepsinden tiksinirim,disgust
Matematikten 100 aldığım an.,happiness
Olimpiyat sonrası stadyumu kullanabilmek için iki ortaklık teklif vermiştir .,neutral
Birisini kaybetmek yani hayatımdan çıkmasından korkarım.,fear
Bir taksici tarafından kazıklandığımda.,anger
Karşımdaki insanın yeterince dinlemeden bir yargıya varmasına ve kendi düşünceleri dışındakilerini kabul etmedikleri zaman öfkeleniyorum.,anger
Babam eve yeni bir telefonla geldiği zaman.,happiness
Başlatılan geliştirme programıyla birlikte yeni kurumsal kimlik altında yeni şubeler açılır .,neutral
Evde tek başıma kaldığımda korkmuştum.,fear
başkası bana ait olan bir şeyi alırsa çok sinirlenirim.,anger
Kitaptaki favori karakterimle sevmediğim karakterin öpüşmesinden tiksindim.,disgust
Sigara içenlerden hiç haz etmiyorum.,disgust
arkadaşlarımla doğum günümü kutladığımız zaman kendimi mutlu hissediyorum.,happiness
biriyle yemek yerken ağzını şaplatmasından hoşlanmam,disgust
Analiz aynı zamanda bir ya da daha fazla istisna yolu da gösterebilir .,neutral
oda arkadaşımın dağınıklığı beni tiksindirir.,disgust
İç çekirdeğin içindeki alan muhtemelen benzer bir güce sahiptir .,neutral
Köy yeni kurulduğunda mahallenin belirli bir adı yoktur .,neutral
Ölümünden sonra kardeşi Deli Hasan yerine geçerek isyanı devam ettirdi .,neutral
Küfür edilen bir ortamda kaldığımda.,disgust
Annemle babamın yüksek sesle tartışmalarına üzülürüm.,sadness
Bir oyunu bitirdiğim zaman.,happiness
Yüksek beklediğim sınavdan düşük not almak.,sadness
İlk kez panik atak geçirdiğimde çok korktum.,fear
Biri benim sabrımı zorlarsa öfkelenirim.,anger
Ülkemizde insan kayırmalarını gördüğümde.,anger
Böcek görmek.,fear
Okulda istediğim sınıfa düşmeyince üzüldüm.,sadness
Sınav notlarım düşük gelince.,sadness
İğrenç şeyler görmek beni tiksindiriyor.,disgust
ilk korku filmi izlediğimde donuma etmiştim,fear
temiz olmayan insandan ve yılandan tiksiniyorum,disgust
Bizim evimizin sahibi öldüğünde çok üzüldüm.,sadness
Sevdiğim birini sevmediğim birisi ile görünce üzülürüm.,sadness
Geçen sene arkadaşlarımın doğum günümde bana sürpriz yapması.,happiness
İngilizce derslerine girerken.,fear
dışarı çıktığımda her köşe başında çaresiz ve bazen zorla çalıştırılan çocukları görmek her seferinde tekrar üzülmeme sebep oluyor.,sadness
İnsanların fiziksel acı çektiğini görmek ve beklentilerimin karşılanmaması.,sadness
Türk Büyükleri çalışması albüm kitap olarak yayınlandı .,neutral
Bir yakınımı kaybetmek.,sadness
Elleri kirli birinin elinden yemek yemek ya da yemek tabağımı almaktan tiksiniyorum.,disgust
Dağın başında iki tane kangal köpeği tarafından kovalanırken ömrümden ömür gitti.,fear
Bu liseyi kazandığım an.,happiness
Evime bir misafir geldiğinde çorabı kokunca çok tiksindim.,disgust
5:15 trenini kaçırıp 7 ye kadar beklediğimde.,anger
"Her türlü haksızlık (emek, statü vs.), bencillik, düşüncesizlik benim için öfke sebebidir. Bilinçsizce yapılan hatalarda öfkemi kontrol altında tutabiliyorum. Önemli olan iyi niyet.",anger
Ailemle ya da arkadaşlarımla tartıştığım zamanlar çok öfkeleniyorum.,anger
"Derbi maçta ""BJK"" galip gelirse mutlu olurum.",happiness
Kadınlara şiddet uygulandığını izlediğim haberlerden.,anger
Toplu taşıma aracında gece bir tek bayan olarak yolculuk edince çok korktum.,fear
ilk bisikletimi aldığımda çok mutlu olmuştum.,happiness
Sınavlara girdiğim zamanlar.,fear
"Oyun kullanıcılardan ""karışık"" ve ""ortalama"" puanlar aldı .",neutral
Kusmuk gördüğümde.,disgust
annem kardeşimi okula almaya gittiğinde onu arayıp bulamadığını söylediği zaman çok korkmuştum. Kursu varmış o yüzden bulamamışız.,fear
Babamın ameliyatı uzadığı zaman.,fear
Uzun zamandır birlikte çalıştığım iş arkadaşım işten ayrılacağını söylediğinde çok üzüldüm.,sadness
Çok yüksek ya da dar bir yerden geçmekten.,fear
"""SBS"" sınavına girmeden önce.",fear
"Yeğenim ayağını kırdığı zaman çok ağlamıştı , onun ağlamasına çok üzülmüştüm.",sadness
Soyunma odasındaki koku.,disgust
Matematikten 100 aldığımda çok mutlu oldum.,happiness
Lise sebebiyle İzmir'e geldiğimde.,happiness
İnsanların insanlık dışı hareket etmesi tiksindirici.,disgust
Zoru başarmak.,happiness
Sevdiğim birine zarar gelmesine üzülürüm.,sadness
Bütün bu zor şartlara rağmen çalışmaları değerini buldu ve Royal Society üyeliğine getirildi .,neutral
Geleceğimi düşündüğüm zaman.,fear
En iyi arkadaşımın nikah şahidi olmam.,happiness
Kafam güzel olunca mutluydum.,happiness
İşten eve gidip oğlumu gördüğümde mutlu olurum.,happiness
Ancak olaylar kritik zirveye ulaşır ve isyancılar ateş açar .,neutral
Hafta sonu.,happiness
Yemekten kıl çıkması.,disgust
Hırsız.,fear
Memleketime gittiğim zaman mutlu olurum.,happiness
Kesilen kafası Balkanlarda yolda bulunan orduya gönderildi .,neutral
Günah işlediğim zaman Allah'ın gazabından korkarım.,fear
Dünya Savaşı sırasında ilk ulusal başarısını kazandı .,neutral
Böceklerden.,disgust
"""Özgecan"" olayından sonra bu ülkeden ve insanlarından tiksindim.",disgust
Brezilya en başarılı grup birincisi olarak finale çıktı .,neutral
Anneannem vefat ettiğinde.,sadness
Annemin bir çok kez çaresiz kalması.,sadness
Kitaplarıma ve çizimlerime zarar verildiğinde.,anger
Basketbol takımına seçildiğimde.,happiness
"korkmayı iki boyutta anlatabilirim. Birincisi manevi korku, ikincisi maddi korku. Manevi korku insanların beni incitme ve üzmesinden korkar ve temkinli yaklaşırım. ikincisi ise geç saatte yalnız başıma sokakta gezmekten korkarım.",fear
Penaltı atışı sırasında tuttuğum takımın gol yemesinden korkuyorum.,fear
Haksız yere suçlandığımda.,anger
Geniş mesafelerde deniz kontrolü yapabilme becerisine ihtiyaç vardır .,neutral
Arkadaşım ile girdiğim iddiayı kazandığım zaman mutlu oldum.,happiness
Farelerden ve yılanlardan korkarım.,fear
Bir arabanın bir hayvanı ezdikten sonra hiç bir şey olmamış gibi oradan kaçması.,anger
Babaannem hastaneye kaldırıldığı zaman.,sadness
Ailemin bana elektro gitar aldığı gün.,happiness
Hakkımın yenmesi.,anger
Eski futbolcunun bir temsilcisi durumunun ciddi olmadığını söyledi .,neutral
Oyun kazanmak.,happiness
Yapmacık insan görünce.,anger
korku filmi seyretmek her zaman beni huzursuz eder,fear
Özgürlüğümün kısıtlanması tiksindirir.,disgust
tuvaletin temiz olmaması çok rahatsız eder.,disgust
Akşam eve dönerken köpek kovalamıştı.,fear
Rahatsız olduğum bir konuda bile bile üstüme gelinmesi.,anger
İğrenç kokular.,disgust
Mutfaktaki sarı bez ve böcekler.,disgust
Öğretmenlerin öğrenciler arasında ayrımcılık yapmalarına öfkelenirim.,anger
Hayvanlara dokunmaktan hoşlanmam.,disgust
korku filminde cadı olan kadının kızın derisini yüzüp kemiğini çıkarmasına çok tiksindim.,disgust
Okuldaki hoşlandığım kızla nöbetçi olduğumuz zaman.,happiness
Kudüs hakkında döneme ait önemli bilgiler vermiştir .,neutral
Ağzı açık sakız çiğneyenlerden tiksinirim.,disgust
çocukken korku filmlerinden sonra çok etkilenirdim.,fear
Yağmurlu bir havada elektriklerin kesilmesi.,fear
Bu günde kurulan Canlı Hayvan Pazarı dolayısıyla belde de aşırı kalabalık ve canlılık gözlenir .,neutral
Kantinden aldığım tostun içinden kıl çıktığında.,disgust
Karanlıkta kalmak.,fear
Ayrıca Bizans ordusu Antalya’ya kadar ilerleyerek birçok kaleyi Türkler’in elinden almıştır .,neutral
"Hızlı motor sürenlerden
      Sigara içenlerden
      Çok sesli gülenlerden tiksinirim.",disgust
Başarısız olmak.,fear
Ailemden birisini kaybettiğim zaman,sadness
Haksızlık yapılmasına öfkelenirim.,anger
Asansörde kalıp ışıklar da sönünce korktum.,fear
Arkadaşlarımla ve ailemle birlikte olunca.,happiness
Böbrekler kan basıncının düzenlenmesinde önemli rol oynarlar .,neutral
"Sevgilimle,ailemle,arkadaşlarımla vakit geçirirken mutluluktan uçuyorum.",happiness
Ailemle geçirdiğim zamanlar.,happiness
Yalan söyleyen insanlardan nefret ederim.,anger
Havlayarak bana doğru koşan bir köpek korkutur.,fear
İsaakios imparator ilan edildikten sonra Andronikos isyancı bir grup tarafından öldürüldü .,neutral
iş yapmayıp kendine pay çıkaranlara öfkeleniyorum,anger
Arkadaşlarım ile dedikodu yaparken.,happiness
Ancak her iki şehzade de bir süre sonra kaçmıştır .,neutral
köpek aniden karşıma çıkınca korktum,fear
Yağmurun ıslattığı ve kenarları kısmen kaymış toprak yoldan aşağıya arabamla korka korka inmeyi başardım.,fear
Projem başarılı olduğu zaman mutlu oluyorum.,happiness
Sevdiğim insanlardan birinin hastalanması ya da başına bir şey gelmesi düşüncesi beni üzüyor.,sadness
Ailem ve arkadaşlarımla oturup muhabbet ettiğimizde.,happiness
Brezilya ve Yunanistan da canlı yayın yaptı .,neutral
Yatak olarak adlandırılan kazı alanında Homo erectus kalıntıları da ortaya çıkarılmıştır .,neutral
Kimyacının kıyafetine öfkelendim.,anger
Doğum günlerim.,happiness
Başarılı olduğum zamanlar mutlu olurum.,happiness
Annemle olan gerçekler ve artık anne diyesimin gelmemesi çok üzüyor,sadness
Karşıdan karşıya geçerken arabaların hızını arttırmasından çok korkarım.,fear
Kusmuk.,disgust
Düşük not almak.,sadness
En iyi arkadaşım beni sevdiğini söylediği zaman.,happiness
Ahmet Fehim ve Küçük İsmail toplulukta yer alan diğer ünlü isimlerdir .,neutral
dedemin vefatına çok üzülürüm.,sadness
Halamın vefat etmesi.,sadness
"derste öğrenciler tarafından hocayı duymadığım bir anda öfkelenirim.
      Hak etmediğim şeylerle karşılaşırsam öfkelenirim.",anger
çöp konteynerindeki suyu akmış pis kokulu çöplerden tiksinirim.,disgust
sınavlardan çalışmadığım halde yüksek aldığımda mutlu olurum.,happiness
Annem en yakın arkadaşımla bana doğum günü sürprizi yaptıklarında çok mutlu oldum.,happiness
Old School Hip Hop yerine disco dans müzikleri yaparak farklı bir tarz oluşturmuşlardır .,neutral
Yüksek bir binanın tepesinden bakınca korkarım.,fear
Sürekli yazı yazmak.,anger
Okula giderken kaybolduğum gün korkmuştum.,fear
Annemin belini kırması.,sadness
küçükken beni köpek kovalamıştı.,fear
Bozuk yumurtadan çıkan koku.,disgust
Lisede ilk sınavımdan istediğim notu alamadığım zaman.,sadness
At gözlüğü takmış insanlara üzülürüm.,sadness
Kenobi ve Yoda bu sinyali kapatıp kalan Jedi’ların hayatlarını kurtarmak için harekete geçtiler .,neutral
Sınavda başarılı olunca mutlu olurum.,happiness
Küçükken alışveriş merkezinde annemi kaybetmiştim.,fear
sigara içilmesinden nefret ediyorum ve evde içilmesine izin vermiyorum..,anger
Babam dişini gıcırdattığı zaman.,disgust
Bir insanın karşımda kusması.,disgust
Edda sonraki yıllarında bir hastane laboratuvarında çalıştı ve tıp teknisyeni olmayı umuyordu .,neutral
Köpeğim öldüğü zaman.,sadness
eve yuva yapan kuşların yuvalarının yıkılması beni yıkar,sadness
"Köpeğini ağzından öpen, onu sarılıp koklayan arkadaşımın anti hijyenik davranışları midemi zorluyor.",disgust
Yemeklerdeki çorbaların dibini tutup çok iğrenç kokmasından tiksinirim.,disgust
sigara içen insanlardan nefret ediyorum,disgust
Sokakta ölü bir hayvan görürsem çok üzülüyorum.,sadness
Bu para sayesinde sık sık seyahat etme fırsatı buldu .,neutral
Param olduğunda mutluyum.,happiness
Emeğimin karşılığını aldığımda.,happiness
Babamın bana karne hediyesi alması oldu.,happiness
Roma imparatoru Nero zamanında onun tarafından öldürülmüş ve Hristiyan şehidi olarak kabul edilmiştir .,neutral
Yürüyen keko kızların kasıtlı omuz atması.,anger
Nehrin yukarı kesimlerinde yer altı sularının aşırı kullanılması sonucu nehri besleyen kaynaklar kurumaya başlamıştır .,neutral
Birisinin kalbini istemeden kırdığım zaman.,sadness
İstediğim okulu kazanamayınca.,sadness
Arkamdan sessizce gelip korkutulmak.,fear
Bir köpeğe araba ile çarptığımızda.,sadness
Çabalarımın karşılığını alamamak.,sadness
Dedem öldüğü zaman.,sadness
Birinin konuşurken ağzından tükürük saçmasından tiksinirim.,disgust
Ailem ve arkadaşlarımla birlikte olduğumda ve bana sürpriz yapıldığında mutlu olurum.,happiness
Roger Vadim yönetmenliğindeki bu filmde Brigitte Bardot ile rol almıştı .,neutral
Zach ile Beth arasında görünürde bir ilişki vardır .,neutral
Güreşe olan merak çeşitli Osmanlı şairleri tarafından da şiirlerle gösterilmiştir .,neutral
ağzıma sinek girdiğinde çok tiksinirim,disgust
eve yarasa girmişti. Aniden uçunca korktum.,fear
Az uyuduğum  ve haksızlığa uğradığım zaman.,anger
Bu kesimin mensupları bir arada yaşamak ister .,neutral
Köpeğin önceki sahipleri tarafından özellikle bu yönde eğitilmiş olduğunu anlar .,neutral
Okula uygun gelmediğim zaman okul müdürüne yakalanmaktan korkarım.,fear
kışlık kıyafetlerimin cebinden para bulmak,happiness
Hayvanları beslerken ve bilgisayarda oyun oynarken.,happiness
Taşıma sırasında enerji kullanıldığı için sadece canlı hücrelerde gerçekleşebilir .,neutral
anneannem vefat ettiğinde içim çok acıdı.,sadness
"aile ve arkadaş ortamında güzel vakit geçirmek
      yağmur yağarken izlemek ve dolaşmak",happiness
Başarı elde ettiğimde mutlu olurum.,happiness
İstediğim liseye giremeyeceğimi öğrendiğim zaman.,sadness
annemin gereksiz yere bana küsmesi beni öfkelendiriyor.,anger
"Scuba yaptığım zaman mutlu olurum.
      Okulda ders iptal olduğu zaman mutlu olurum.",happiness
Gece ışıkların kapandığı an.,fear
Rus salatası yiyen birisini gördüğüm zaman.,disgust
atların ölümü,sadness
Dişçi koltuğuna oturmamak için direndim.,fear
Yalan söyleyen insanlara öfkelenirim.,anger
Sevdiğim  birisini istemeden incitmek.,sadness
Fen sınavından 64 almak. Beşiktaş'ın yenilmesi.,sadness
Top oynadığımız alana tükürülünce tiksinirim.,disgust
Durakta beklerken birisi kimseyi umursamadan yere tükürmüştü.,disgust
Emeğimin boşa gitmesi.,sadness
Safra Kesesi Ameliyatı öncesinde gerçekten korkmuştum.,fear
fenerbahçe Beşiktaş'a mağlup olduğunda çok üzüldüm.,sadness
Aldığımız balık altı günde ölünce çok üzüldüm.,sadness
Bir gün kuzenim ile evde korku filmi izledikten sonra yatağıma giderken çok korkmuştum.,fear
Gölün su düzeyi bütün yıl boyunca hemen hemen aynı kalır .,neutral
Tuvaletten çıkan birinin elini yıkamadığını gördüğüm an tiksindim.,disgust
dersler boş olduğu zamanlarda benimle kaçmayan arkadaşları vurasım geliyor,anger
Katıldığım sosyal etkinlikler.,happiness
Sevmediğim insanların hareketlerini görmek.,anger
genel sınavlardan çok korkmuştum.,fear
Birisinin benim yüzümden üzülmesi ve hayal kırıklığına uğratmak.,sadness
okul yolundaki köpeklerden korkuyorum.,fear
tuvalete girdiğimde olması gerekenden çok daha kirli bırakılmışsa çok tiksinirim.,disgust
Sayısal tutmayınca.,sadness
küçükken kedim öldüğünde bir hafta ağlamıştım.,sadness
yüksekten ödüm patlar,fear
Elektromanyetizma elektrik yüklü parçacıklar arasındaki hareket güçtür .,neutral
2 kupayı da kazanan takımımın performansından mutluluk duydum.,happiness
kızımın doğumunda kucağıma aldığım mutluluk tarif edilemez,happiness
ağzını şapırdatarak yiyen insanlardan hoşlanmıyorum,disgust
Bu kapsamda iki aşamalı bir azaltma planı oluşturuldu .,neutral
Saygısızlık yapan insanlardan.,disgust
Babaannemin vefat ettiğini öğrendiğim zaman üzüldüm,sadness
Birisi bana hediye aldığı zaman.,happiness
Birinin bana yalan söylemesine kızarım.,anger
Hamam böceklerinden.,disgust
farelerden tiksinirim,disgust
Ailemin bana ilkokuldayken sürpriz doğum günü yapması.,happiness
çocuğumu kaybetme düşüncesi.,fear
Ailemle yaptığımız tatil ve piknik.,happiness
En yakınımla tartıştığım zaman.,sadness
Takımın yeni renkleri ise Hindistan bayrağı ile aynıdır .,neutral
Aniden gördüğüm böcekten korkarım.,fear
Sigaradan tiksindiğim kadar hiçbir şeyden tiksinmem.,disgust
kalbime bir bıçak saplanıyor sanki,fear
yere tükürmek,disgust
ilk ameliyat olduğumda çok tırsmıştım.,fear
Böceklerden  çok tiksiniyorum.,disgust
Birisinin yerlere tükürmesi.,disgust
düşünce ayağımı tekrar kırdığımı sanarak korktum.,fear
tuvalette kilitli kalmak,fear
Genellikle kışın Balkanlardan gelen soğuk hava akımlarından etkilenmektedir .,neutral
yere tükürülmesinden tiksinirim.,disgust
Kusmuk.,disgust
Sınavdan düşük beklerken yüksek not almıştım.,happiness
Sabah tek başıma giderken benden büyük birinin benden para istemesi ve vermeyince beni takip etmesi oldu.,fear
En yakın arkadaşımın başka bir şehre taşınmasına üzüldüm.,sadness
Okul koridorunda bir çocuk kusmuştu.,disgust
Büyük dedemin öldüğünü görünce üzüldüm.,sadness
Eleştiri kaldıramayan egoist insanlara öfkelenirim.,anger
Evimizin önünde yüksek sesle müzik dinleyen ve klakson çalan arabalara çok kızıyorum.,anger
Düşük beklediğim sınavdan yüksek not almak.,happiness
Ev sahibi ise doğrudan katılma hakkına sahiptir .,neutral
Ayın 28'i olmasına rağmen tabletlerin verilmemesi.,anger
benim haklı olduğum bir konuda babamın bana haksızmışım gibi davranması ve bana inanmaması beni çok öfkelendiriyor.,anger
Annemi ve babamı kaybetmekten hep korkarım.,fear
Canlılara özellikle çocuklara eziyet edenleri gördüğümde çok sinirlenmişimdir.,anger
İstediğim üniversiteyi kazanırsam mutlu olacağım.,happiness
Savaş yüzünden evlerini terk etmek zorunda kalan insanlara üzülüyorum.,sadness
Ölmüş bir hayvan gördüğümde.,disgust
Yılanlardan.,fear
Cinli filmler.,fear
yapmadığım bir şeyden dolayı suçlanırsam çok öfkelenirim.,anger
Yalnız kalmak ve sevdiklerimi kaybetmek.,fear
Belgesellerde timsah ya da yılan gördüğümde tiksiniyorum.,disgust
Karşımda birisi kustuğu zaman.,disgust
Balgam.,disgust
Yaptığım proje dünya 3. olduğunda.,happiness
kendi soğuk esprilerinden tiksiniyorum.,disgust
Tuttuğum takımda sakatlık olmasından korkarım.,fear
Dönüşü olmayan olaylar.,fear
ilk kardeşim doğduğunda çok mutlu oldum.,happiness
Sözlüde listeden benim adımın çıkmasından korkarım.,fear
küçükken ablam beni karanlıkta korkutmuştu.,fear
Sokakta mendil satan bir çocuğun mendillerini ayağıyla tekmeleyen bir adam görmüştüm. O adamdan tiksinmiştim.,disgust
Aynada bir yüz gördüğümü sandığım an.,fear
Mutfak tezgahının üstünde yemek artığı gördüğümde.,disgust
Kara kedilerden korkarım.,fear
Arkadaşımın babasının ölümüne çok üzüldüm.,sadness
Evde evcil hayvan beslenmesinden hoşlanmıyorum.,disgust
birisinin beni sevgilimden ayırması,anger
bu ürkme eylemleri daha çok korku filmleri izlerken olurdu.,fear
"yapacağım, edeceğim dedikten sonra birinin dediğini unutmuş gibi yapıp ama aslında unutmayıp yapamamasından dolayı öfkemi kontrol edemez hale gelirim",anger
Arkadaşımın benim için hazırladığı doğum günü partisi.,happiness
hayvanlara bilerek eziyet edenlerden tiksiniyorum,disgust
iki kişinin bilek güreşi yaparken birinin kolunun kırılma videosunu izlediğimde midem bulunmıştı,disgust
Arkadaşımın bana yalan söylemesine.,anger
Corpus Christi şehri yerel idare sınırları büyük bir su yüzeyini de sınırları içine almaktadır .,neutral
Demet Güler ile evli ve bir çocuk babasıdır .,neutral
Ben olduğum için üzülüyorum bazen.,sadness
Değer verdiğim bir kişi bana değer vermiyorsa.,sadness
Coğrafyadan düşük beklerken yüksek not aldığım zaman.,happiness
Forbes ile Lauderdale arkadaş oldular ve zamanla birlikte müzik yapmak için buluşmaya başladılar .,neutral
Bilgisayarda bir şeyler izlerken sürekli rahatsız edilmem.,anger
Fikrimin açıklanmasına izin verilmemesine öfkelenirim.,anger
İnternet kotamın yenilenmesine çok zaman olması.,sadness
Erkek arkadaşımla babama yakalanınca çok korktum,fear
Düşük not aldıktan sonra eve giderken korkarım.,fear
Sıcakta çok fazla terlediğimde.,disgust
İnsanların iki yüzlü davranışlarına.,anger
Bana bağırılması ve insanlarla iletişimimin kötü olması.,sadness
Sevdiğim birisini kaybetmek.,sadness
ter kokusundan tiksiniyorum.,disgust
Yolda yürürken serseriler benden para istediler ve kesici aletlerini bana doğrulttular.Gerçekten korkmuştum.,fear
Değer verdiğim insanın bana değer vermediğini öğrenmek.,sadness
"""Metallica"" konserini en önden izlediğim gün mutlu olmuştum.",happiness
Sürücülerin sorumsuz araç kullanmalarından nefret ediyorum.,anger
Annemler doğum günümde tablet alınca çok mutlu oldum.,happiness
Yüksek beklediğim sınavdan düşük not aldığımda.,sadness
eve gelen yaşlı teyzelerin beni ıslak ıslak öpmesi,disgust
100 aldığım zaman.,happiness
Yapmacık hareketler.,anger
Annem bana ters bir şekilde baktığında korkarım.,fear
Sınavlarda yüksek not almak.,happiness
Haksızlıklar.,anger
Bu pistin kenarlarında seyircilerin oturduğu basamaklar bulunuyordu .,neutral
İleriye yönelik hayallerimin gerçekleşmemesinden üzülürüm.,sadness
Yüksek not almak.,happiness
Teyzemin pis olan evini gördüğümde.,disgust
eve ilk kez kedi aldığımızda çok mutlu oldum.,happiness
Rüyamda annemin öldüğünü gördüğümde korktum.,fear
Arkadaşımın telefona cevap vermemesi.,anger
İnsanların bilgisizlikten kendi gibi düşünmeyen insanları aşağılamaları beni tiksindiriyor.,disgust
Her gece ve karanlıkta olduğum zamanlar.,fear
Matematik sorularını çözemediğim zaman.,sadness
arkadaşımın doğum günümde aldığı çikolataları bir günde yedim,happiness
Zavallı insanların alay konusu olması.,anger
Düşük beklediğim sınavdan yüksek not aldığımda.,happiness
"Birisi annemi üzdüğü zaman, o kişiden nefret ederim.",anger
parfümleri o kadar değerli ki alıp kafasına fırlatasım geliyor,anger
Geçen gün arkadaşlarla kordona indik.,happiness
Ağabeyim nişanlandığı zaman.,happiness
İnsan doğaya karşı programında çiğ kalp yenmesi.,disgust
Küçük ve hızlı hareket eden hayvanlardan.,fear
Bir yakınımın vefatı.,sadness
Sınavdan yüksek not almak.,happiness
Olaylar tahmin ettiğim gibi gelişmezse öfkelenirim.,anger
Dolmuş'un boş olmasına rağmen beni almamasına.,anger
Finaller sonrası.,happiness
Günümüzde normal dağılıma Gauss dağılımı da denmektedir .,neutral
İstediğim okulu kazanamadığımda çok üzülmüştüm.,sadness
hayalimdeki laboratuvarı kurunca  çok sevineceğim.,happiness
Şiirleri en çok bestelenen bir şair olarak da anıldı .,neutral
kusmaktan ve sineklerden inanılmaz derecede tiksinirim.,disgust
Döneminin dünyada çapında en yüksek betonarme binalarından biriydi .,neutral
Hayvanlara işkence edilmesinden tiksinirim.,disgust
Araştırma görevlisi olduğumu öğrendiğimde çok mutlu olmuştum.,happiness
Gündüzleri saklanır geceleri saklandıkları yerlerden dışarı çıkarlar .,neutral
Yerde ezilmiş hayvan görünce.,disgust
Bu dönemde İttihat ve Terakki Cemiyeti üyesi oldu .,neutral
Eberhard kendisi de kurucu serisi Roadster bir Tesla kullanmaktadır .,neutral
Anma ve spor etkinlikleri halka açık olarak düzenlenir .,neutral
Sınavdan zayıf not aldığımda üzülürüm.,sadness
Kardeşimle tartışırken annemin daha konuyu bilmeden  kardeşimin tarafını tutması öfkelendiriyor.,anger
Günümüzde akademisyenler ve öğrenciler tarafından inceleme alanı olarak kullanılmaktadır .,neutral
Ayrımcı insanlardan.,disgust
"Manchester Üniversitesi Ekonomi ve Sosyal Çalışmalar Fakültesinde ""Avrupa Birliği"" üzerine master yaptı .",neutral
İnsanların haksız yere öldürülmesi ve Afrika'daki  insanların açlıktan ölmesi.,sadness
"istanbul'da gezdiğim, bulunduğum her an mutluyum.",happiness
Genç nesiller Farsça konuşmayı bu dillere kıyasla tercih etmektedir .,neutral
Haksız yere suçlandığım zaman.,anger
"karşımdakine bir şey anlatırken beni duymaması iki cümle konuştuktan sonra devam ediyorken he, he demesine gıcık olurum.",anger
Sigara içen insanlardan.,disgust
Savunma Kalkanı Operasyonu gibi büyük operasyonlara katıldı .,neutral
sokak kedilerinden tiksinirim,disgust
Korku filmi izlediğimde korkuyorum.,fear
Bu kurallara olan bağlılığı ile bazı din adamlarını görevlerinden düşürdüğü de bilinmektedir .,neutral
Ailem ya da yakın arkadaşlarımla iyi geçindiğim zamanlar.,happiness
Okulda arkadaşım ile kavga etmiştik ve disipline gideceğimi sanmıştım.,fear
Adımın eksik ya da yanlış söylenmesinde.,anger
Deprem ve örümcek.,fear
Herhangi bir çalışmada emeğimin karşılığını alamadığımda öfkelenirim.,anger
Okulu kazandığım zaman mutlu şaşırmıştım.,happiness
Yanımda birisinin gaz çıkartması.,disgust
Ciddiye alınmama.,anger
Sınavlardan yüksek not aldığımda mutlu olurum.,happiness
Uzun zaman sonra babamı gördüğümde mutlu oldum.,happiness
Yakın bir arkadaşımla kavga edince üzülürüm.,sadness
istediğim üniversiteyi kazanmak,happiness
Yükseklikten korkarım.,fear
arkadaşım bana verdiği sözü yerine getirmezse öfkelenirim.,anger
YGS den istediğim puanı alamayınca,sadness
İnsanların söz verdikleri şeyleri yapmaması beni çok sinirlendirir.,anger
Her şeyi bildiğini düşünen ve her şeye küfür bulan insanlar beni öfkelendirir.,anger
Beklemediğim bir anda gelen güzel haber.,happiness
Büyük bir köpeğin saldırısına uğradığımda.,fear
Akşam eve geldiğimde tüm ailemi görünce mutlu oluyorum.,happiness
iftiraya uğrayınca çok öfkelendim,anger
Ağabeyim şehir dışından bizi ziyaret ettiği zaman mutlu olurum.,happiness
"Güney yamaçlarında buzul izlerinin bulunmaması ""bakı"" etkisinin önemini gösterir .",neutral
Kardeşim düştüğünde çok üzüldüm.,sadness
"Albümde üçüncü klibini ""Kimdir O"" adlı şarkısına çekti .",neutral
Vefat eden anneannemi ve dedemi  düşünmek içimi çok acıtıyor.,sadness
"""İddaa"" oyunundan yüklü para kazanmıştım.",happiness
Yanımda ağzı açık sakız çiğnenmesi.,disgust
Sınavlardan yüksek not almak.,happiness
Çinlilerin böcek yediklerini gördüğümde.,disgust
Kardeşi Diego Milito da kendisi gibi futbolcudur .,neutral
ağabeyim yemek yerken çok pis davranıyor. Bende bundan tiksiniyorum.,disgust
Bozulmuş balık ceset gibi iğrenç kokar.,disgust
Tek başıma evde kaldığım zamanlar.,fear
Uçakta arkamda iki çocuk oturmuştu.İkide bir benim koltuğuma tekme atıyorlardı.2 kere uyarmama rağmen durmadılar.,anger
Ter kokan insanlardan.,disgust
Bu grup Andromeda takımyıldızı yönünde bulunur ve yaklaşık olarak uzaklıktadır .,neutral
Birisi kustuğu zaman.,disgust
birinin haksızlığa uğradığını gördüğümde öfkelenirim,anger
Ben en çok başarılı ve öz güvenli hissettiğim zaman mutlu olurum.,happiness
Yere tükürülmesi.,disgust
Kendi internet sitelerinden şu anda vatandaşlık başvuruları almaktadır .,neutral
10 saat uyuduktan sonra tekrar bir 4 saat daha uyuyabildiğim zaman.,happiness
Korku filmi izlerken korkarım.,fear
"İnsanların birbirinin özel eşyalarını kullanmasından (çatal, kaşık vb.) tiksiniyorum.",disgust
Morrissey de sahne yaşantısı boyunca hep sadece soyadını kullanmıştır .,neutral
Günümüzde ise Tunus yarışma için hiçbir başvuru yapmamıştır .,neutral
Bu süreçte Elvira bir kokain bağımlısı haline geldi .,neutral
İzlediğim duygusal bir filmde.,sadness
Mutfakta artan motivasyon ve rekabet sayesinde mutfak kültürü şekil değiştirmeye başladı .,neutral
sokaklarda tüküren insanlar,disgust
Dizinin ilk sezonuna düzenli olarak katılan birçok oyuncu oldu .,neutral
İstemeden birisine zarar verdiğimde.,sadness
"Erkekler için kullanılan bu unvanın yanı sıra kadın şefler için de ""Adi"" kullanılır .",neutral
Düşük not aldığımda üzülürüm.,sadness
İzmir Atatürk Lisesini kazandığımı duyunca çok mutlu olmuştum.,happiness
YGS sonuçları açıklandığında çok üzüldüm.,sadness
Birisinin sürekli bana dokunması.,anger
Nancy ve Phillip isminde iki çocuğu oldu .,neutral
Kedi aniden çöpten çıktığında.,fear
Testere filmini izlerken.,fear
Sınavdan yüksek not alınca mutlu oluyorum.,happiness
Arkadaşlarımın benim dedikodumu yaptıklarını öğrendiğim an.,anger
Böylece hayatta kalan tanrılar yaşamaya devam edecek .,neutral
Şehirdeki organize suça karşı verdiği savaşta Batman ve James Gordon’la birlikte anılıyordu .,neutral
Annemden sakladığım bir şeyi annem öğrenecek diye çok korkmuştum.,fear
yemeğin içinden çıkan saç teli beni tiksindirir.,disgust
Beraberlik durumunda direkt seri penaltı atışlarına gidilir .,neutral
Sierra Nevada dağ silsilesi üzerinde yer almaktadır .,neutral
Eski tarihlerde burada bulunan Bizans halkının pazaryeri olması nedeniyle adını buradan almıştır .,neutral
Bilgisayar oyununda istediğim karakterin galibiyetinden mutlu olurum.,happiness
Kum torbasının kokusundan tiksiniyorum.,disgust
Daha sonra draft gününde Boston Celtics ile takas edildi .,neutral
Bir şeyleri yapamadığım zaman üzülürüm.,sadness
Babamın sağlıklı olduğunu duyduğumda.,happiness
Anket yapılmasından tiksiniyorum.,disgust
Bu yöntem tuz kaplaması olarak da bilinmektedir .,neutral
Bu liseyi kazanmak.,happiness
Annemin ben oyun oynarken gelip fişi çekmesi.,anger
Öğretmenin bana çok konuştuğumu söylediği zaman.,sadness
Sevdiğim ve benden yaşça büyük olan insanların öleceğini günü düşünmek beni çok üzüyor.,sadness
Orta Sahanın ortasında ve sağ bek olarak oynayabilmektedir .,neutral
engelli insanları görünce üzülüyorum,sadness
Kuzenimin bu yaz gelmeyecek olmasına.,sadness
söz veripte sözünde durmayan arkadaşlarıma çok öfkeleniyorum.,anger
Düşük not aldığım zaman.,sadness
Okul çıkışı yoldan geçerken hissettiğim kokudan tiksiniyorum.,disgust
Çocuk dilendiren insanlara.,anger
Sevdiğim ve özlediğim insanlarla görüştüğümde mutlu oluyorum.,happiness
Hocanın sınav kağıtlarını yanlış okumasına.,anger
Albümün kapak ve promosyon fotoğrafları Mehmet Turgut tarafından çekildi .,neutral
iğne vurulurken korkarım.,fear
Babamın üniversite için şehir dışına gitme fikrine karşı çıkması.,sadness
Bir radyo teleskop tesisini kullanarak uzaya bu enerji biriminden gelen sinyali yayar .,neutral
Ölü fare görmek.,disgust
Babam arkadaşlarımla dolaşmama izin vermeyince çok öfkelendim.,anger
Bir yakınım öldüğü zaman.,sadness
Sınav sonuçları açıklandığında.,fear
Dedemin ölmesi.,sadness
Kız kardeşimin yalnızlığı aklıma geldiğinde çok üzülüyorum.,sadness
Evde yalnız olduğumda aslında yalnız olmadığımı düşündüğümde korkarım.,fear
ilk ameliyatımda ameliyathane kapısından beklerken çok korkmuştum.,fear
Herhangi bir konu hakkında yalan söylendiğinde çok fazla öfkelenirim.,anger
Mendil satmaya çalışan çocuğu oradan uzaklaştırmaya çalışan garsona.,anger
haksızlığa uğradığım bir durum beni çok öfkelendirir.,anger
babam bana istediğim telefonu aldığında çok sevindim.,happiness
okul arkadaşlarımdan ayrılmak zorunda kalınca çok üzüldüm.,sadness
Gereksiz yere kavga edenlere.,anger
ingilizce sınavından yüksek not alınca mutlu oldum.,happiness
En az iki bilgisayarı birbirine bağlayarak bir ağ oluşturulur .,neutral
Şimdiye kadar sadece bu şarkının canlı performans sürümü çıktı .,neutral
Yolda giderken tuvaletini yapan birisini görmek.,disgust
Matematikten hiç bir şey anlamadığım zaman.,sadness
Arkadaşımla geçirdiğim zamanlar.,happiness
Kısa bir süre için kaybolmak.,fear
Alışveriş merkezinde kardeşimi kaybetmiştik.,fear
Sürüngenler ve böcekler.,disgust
Koşarken düştüm ve bana güldüler.,sadness
Eşimin ilk bebeğimize hamile olduğunu duyduğumda çok mutlu olmuştum.,happiness
Son saniyede attığım basket mutlu etti.,happiness
iyi bir üniversiteyi kazandığımda mutlu olacağım,happiness
Bir iş yaparken sürekli kesilmesine.,anger
Hem adanın batısında bulunan kuru ormanlarda hem de doğudaki tropik ormanlarda yaşarlar .,neutral
Karanlık bir yerde tek kaldığımda.,fear
Kusmuk.,disgust
Babamın beklemediğim bir anda Ankara'da beni ziyaret etmesi,happiness
Durduk yere bağıran insanlar.,anger
Benimle dalga geçildiği zaman.,anger
Kardeşim bazen beni sinir eder.,anger
Yanımdaki arkadaşım kustuğu zaman.,disgust
evde yalnız kaldığımda üç harflilerden korkuyorum,fear
Uyku halindeyken insanların düşüncesizce gürültü yapması.,anger
Kısmen dalgalı ovalık bir arazi üzerinde kurulmuştur .,neutral
Herhangi bir konuda rezil olmaktan.,fear
Erivan Gürcistan Büyükelçiliği önünde bir protesto düzenlendi .,neutral
Tanıdığım birisinin hastalandığını duyduğumda.,sadness
Yollarda gördüğüm tükürükler.,disgust
Kedi yada köpek arkamdan kovaladığında korkarım.,fear
Premier o yıl Year Round Records adlı bağımsız plak şirketini kurdu .,neutral
Sınavım kötü geçince.,sadness
Alanya Belediyesi binası da Vedat Dalokay projesidir .,neutral
Çalışırken akıcı bir şekilde İspanyolca konuşmayı öğrendi .,neutral
Oyunda en değer verdiğim oyuncu var ise mutlu olurum.,happiness
İnsanların randevularına zamanında gelmemesine öfkelenirim.,anger
Tarihinin büyük çoğunluğunu İngiliz Futbol Sisteminin üçüncü ve dördüncü seviyesinde yer alan liglerde geçirmişlerdir .,neutral
Gittiğimiz komşunun evindeki et kokusu.,disgust
Kalbimin kırılması.,sadness
Haksızlık yapılması.,anger
Sınavdan beklediğimden düşük almıştım.,sadness
Otobüste arkadaşımın kusmasından tiksindim.,disgust
kendini çok güzel sanan ama aslında o kadar güzel olmayan insanların kendilerine samimi olmamaları tiksindirici bir durum bence,disgust
önde dedeler yüksek sesle sümkürünce tiksiniyorum.,disgust
Yüksekten korkarım.,fear
LYS puanımla 50 bin kişiyi geriye çekmek mutlu etti.,happiness
Haksızlık yapıldığı zaman.,anger
Tatile gittiğimiz zaman.,happiness
Albümün ikinci kısmı ise dört solo bölümden oluşmaktadır .,neutral
yere tükürülmesi,disgust
Bir gün beni 30 40 arası arı kovalamıştı ve bazıları da soktu.,fear
Bir şeylerin birden çok tekrarlanması.,anger
Teyzemle tartışıp aramız bozulduğu zaman çok üzülmüştüm.,sadness
ailem bana hediye aldığında çok mutlu olurum.,happiness
Yüksekten korkarım.,fear
babama sıkıca sarılmak ve onun ağzından beni sevdiğini duymak.,happiness
Param bittiğinde.,sadness
Hak etmeyen birinin benden iyi konuda olması.,anger
Her gruba farklı liste uzunlukları ve sunum oranları kombinasyonları verildi .,neutral
Yakınlarımdan birisi öldüğünde üzülürüm.,sadness
dedemin ölmesi,sadness
Aynı yılın kasım ayında ise bir süredir yattığı hastanede hayatını kaybetmiştir .,neutral
Otobüste arkadaşımın kusmasından tiksindim.,disgust
doğuma giderken çok korkmuştum.,fear
Tek başıma kaldığımda ve başarılı olduğumda.,happiness
Matematik sınavlarından.,fear
Bir kitap okurken bir karakter ölmüştü o zaman çok üzülmüştüm.,sadness
Aldığım iyi not karşısında bazı kişilerin benden ummadıkları için şaşırmasına üzüldüm.,sadness
Sınavlardan önce.,fear
Sınavdan sonra istediğim okula giremedim için üzüldüm.,sadness
Arkadaşımla sınav öncesi bir konunun doğruluğu hakkında kavga ettiğimizde.,sadness
Babam burnundan ameliyat olduğu zaman.,fear
Körfez halkı ise Ürdün lehçesini öğrendiler ve iki lehçe karışarak yeni bir lehçe oluşturdu .,neutral
Haksız yere gözaltına alındığımda korkmuştum.,fear
annem ameliyata girdiğinde çok korkmuştum.,fear
Sokakta zarar görmüş ya da ölmüş hayvan gördüğüm zaman.,sadness
Koşan bir köpek gördüğüm zaman.,fear
Amerikan iş dünyasının en önemli eleştirmenlerinden biri olmuştur .,neutral
Tüm okul arkadaşlarımdan dürüst olmayışları ve zevksizlikleri yüzünden tiksiniyorum. Hatta okulun kendisinden hoşlanmıyorum.,disgust
engellilere duyarsız davranılması beni üzüyor,sadness
Böceklerden.,disgust
Balık ve balık kokusuna tahammülüm yoktur çok tiksinirim.,disgust
Öğretmenimden övgü aldığım zaman.,happiness
Tıva ulusal tiyatrosu en başta tiyatro stüdyosu olarak işlevini görmüştür .,neutral
haksızlığa uğramak,anger
Sesli harfler üzerine konulan aksan işareti olarak da geçer .,neutral
Anlayamadığım bir konuyu bir anda anladığım zaman.,happiness
Birisini kırmak.,sadness
Yüksek öğrenimini İstanbul İktisadi ve Ticari İlimler Akademisinde tamamladı .,neutral
Akşam şiddetli yağmur ve şimşek'ten çok korktum.,fear
Sevdiklerimin beni bırakmasından terk etmesinden.,fear
Yapılmasını istemediğim bir davranışın uyardığım halde yinede yapılması.,anger
köyden aldığım cipsten kertenkele çıktı,disgust
Büyüklerimin beklentilerini karşılayamamak.,sadness
Birisinin kusması.,disgust
Anne ve babamın ara sıra beni dinlememesine ve birilerinin kötü bir şey yapmasına öfkeleniyorum.,anger
kedilerden çok tiksinirim.,disgust
okulda fare görmekten midem bulanır,disgust
Sinsi insanlar.,anger
Çok emek verdiğim bir şeyin başkası tarafından berbat edilmesi ve bir şeyin zorla yaptırılmak istenmesi.,anger
Küfürlü ve argo konuşmalardan tiksinirim.,disgust
Takım havanın da nispeten serin olması nedeniyle Red Bull Racing kadar performans gösteremedi .,neutral
Bu yüzden büyük lokanta mutfaklarında yeşil tercih edilir .,neutral
Geçen sene hazırladığım 1500 kişilik organizasyon sonucu aldığım tebrikler.,happiness
Her konuda boş konuşan insanlara.,anger
karne günü arkadaşlarımla alsancak'a gitmiştik. O zaman kendimi çok mutlu hissetmiştim,happiness
Pek çok piyano kompozisyonu klasik gitarla da yorumlandı .,neutral
Yurt dışında iken geçirdiğim bir kaza sonucunda başıma bir beton parçası düşmüştü. İşte o zaman hastaneye götürülürken çok korkmuştum.,fear
Karşı komşumuzun dişlerindeki pis yemek parçaları beni tiksindirdi.,disgust
"""YGS"" gününün sabahı trafik kazası geçirdik. ""Allah'tan"" bir şey olmadı.",fear
Lisans eğitimi ile birlikte reklam sektöründe kameraman olarak çalıştı .,neutral
vefat eden abimin hasta hallerini gözümün önüne getirdiğimde çok üzülüyorum.,sadness
Bir bakışı bile mutlu olmama yetiyor.,happiness
üniversitede arapça hazırlık sınıfı sınavından geçtikten sonra büyük bir mutluluk duydum.,happiness
Köpek ısırmasından korkarım.,fear
İNSANLARIN OTURDUKLARI YERLERİ PİS BIRAKMASI MİDEMİ BULANDIRIYOR,disgust
Elime sinen sigara kokusundan çok tiksiniyorum.,disgust
İnsanların pis bıraktığı ortamlardan tiksinirim.,disgust
Her zaman dinden bahsedip gereklerini yerine getirmeyen kişilere öfkeleniyorum.,anger
Deprem anı yaşamak.,fear
Uluslararası savaş hukukunun esirleri kapsayan maddelerine aykırı olarak yapılan işkenceler sonucu hayatını kaybetti .,neutral
Esaret döneminde bir toplama kampının bütün ağır şartlarını tecrübe eder .,neutral
Ağız kokusu ve terk kokusu.,disgust
Önceki oyunlarından topladığı verileri kullanarak yeni oyunlarını daha fazla oyuncu çekmek için tasarladı .,neutral
Haksızlığa uğradığım zaman.,anger
Bilgisayar oyununda yenildiğim zaman.,sadness
Tuvalette birisinin çöp kutusuna dışkısını yapmasına.,disgust
Makyaj malzemelerimin bitmesi.,sadness
Genel olarak mutluyum.,happiness
Çok yakınım vefat etmişti.,sadness
Çok sevdiğim bir arkadaşımı uzun süre sonra gördüğümde.,happiness
Aradığım kıyafeti bulamayınca aşırı sinirleniyorum.,anger
Tenis oynarken mutlu olurum.,happiness
Çorbacıda alkollü bir adam tabağa kusmuştu.,disgust
Sigara dumanı olan bir yere girdiğim zaman.,disgust
Kardeşimin doğması.,happiness
Gittiğim tiyatro kursunda yılın en başarılı erkek oyuncusu ödülünü aldığım zaman.,happiness
İyi beklediğim sınavdan kötü not  aldığımda.,sadness
Yüksek bir binaya çıktığımda.,fear
Sevdiğim insanlarla  birlikte olduğum zamanlar mutluyum.,happiness
Hedeflerime ulaşınca mutlu olurum.,happiness
Kardeşimin  telefonumun camını kırdığı zaman.,anger
Kusan birisini görmek.,disgust
Korku filmi izlemek.,fear
Bebeğimin ilk hareketlerini hissedince çok şaşırdım.çok güzeldi,happiness
Bayrak yatay olarak bayrağı iki eşit parçaya bölen iki şeritten oluşmaktadır .,neutral
yanımda kusan bir insandan aşırı tiksiniyorum.,disgust
Yolda kedi veya köpeğin araçla ezilmiş cesedini gördüğümde tiksinirim.,disgust
yakınımı kaybetme korkusu yaşıyorum,fear
Kolumun kırıldığını öğrendiğim an.,fear
Umudumu kestiğim bir olay gerçekleştiği zaman,happiness
Sınavdan 490 puan aldığımda mutlu oldum.,happiness
Her ödül töreninde Taylor Swift'in 10 tane ödül almasına sinir oluyorum.,anger
SBS'yi kazandığımı öğrendiğim zaman çok sevinmiştim.,happiness
Bir tek Allah tan korkarım.,fear
arkadaşım gözümün önünde burnunu silmişti.,disgust
Konu hakkında bir de kitap yazmış olmasına karşın video görüntüleri kimseyi ikna edemedi .,neutral
Sözümü kesenlere öfkelenirim,anger
Üzülen bir insanı mutlu etmek için elimden bir şey gelmemesi.,sadness
işe başladığımda çok mutlu oldum,happiness
Kız arkadaşım beni aldattığı zaman.,anger
Pişmiş soğan.,disgust
Merdiven demirlerinden tiksinirim.,disgust
Kötü not aldıktan sonra eve gitmek.,fear
Yılanlardan korkarım.,fear
geceleri çöp kutusunun yanından geçerken bebek ağlaması duyarsam çok korkarım.,fear
Onun koruması altında iken eski kölesi Bilal tarafından görülmüş ve etrafı sarılarak öldürülmüştür .,neutral
Yabancı memlekette çantamı kaybettiğimi düşündüğümde bulana kadar çok korkmuştum.,fear
Eve böcek girdiğinde çok korkmuştum,fear
Babamın ölümü aklıma gelince üzüntüye boğuluyorum,sadness
Her yeni bilgi öğrendiğimde.,happiness
"""Umut Bulut'un"" 6 ay gol atamaması",sadness
sevgilimle barışınca mutlu oldu.,happiness
Cadde son dönemlerde bir eğlence merkezi haline gelmiştir .,neutral
Yemek yerken mide bulandırıcı şeyler anlatılması.,disgust
Ayrıca toplamda en fazla sezon oynayan futbolcu rekorunu da paylaşmaktadır .,neutral
Bazı kızlardan tiksiniyorum.,disgust
Takip edildiğim zaman.,fear
Babam hastaneye yattığı zaman ve anneannemin sürekli öleceğim demesi üzüyor.,sadness
Yemek hane sırası.,anger
Kızımın mezuniyet töreninde hem gurur hem de mutluluk yaşadım.,happiness
Mahallede kadınlar daha çok fırında ekmek yaparlar .,neutral
arkadaşlarım bana doğum günüm için sürpriz parti yaptıklarında içim içime sığmamıştı.,happiness
İnsanların riyakar olması tiksindiriyor.,disgust
Hoşlandığım bir kızın başka biriyle çıkmaya başladığını görünce çok üzülmüştüm.,sadness
Korku filmi seyretmek.,fear
Kustuğum zaman.,disgust
Tatil olup eve gittiğimde mutlu olurum.,happiness
Belirli bir kategoride yoğunlaşmış ve o kategoride kayda değer görülen siteler eklenir .,neutral
Kusan birisini görmek.,disgust
"Bu turnuvada ""Altın Top"" ve ""Altın Ayakkabı"" ödüllerini de kazandı .",neutral
Ellerini yıkamadan sofraya oturulmasından tiksinirim.,disgust
Dizinin pilot bölümü aynı yeni dizideki mini seri gibi film olarak tasarlanmıştı .,neutral
Okulda yaşadığım olumsuzluklardan korkuyorum.,fear
şu an okuduğum fen lisesini kazanınca mutlu oldum.,happiness
Etkinlikler ve düzenli toplantılar günlük olarak yerel bölümler veya üyeler tarafından organize edilir .,neutral
Sınavdan kötü not aldığım zaman.,sadness
NBA oyuncusu ile fotoğraf çekilmiştim.,happiness
Böceklerden tiksinirim.,disgust
Ellerini yıkamadan yemek yiyen insanlar.,disgust
Sınıftaki bir arkadaşımın saçma sapan hareketleri beni tiksindiriyor.,disgust
Trafik polisinin çevirmesinde alkol testinde bende alkol çıkmayınca alkolmetreyi hediye ettiğinde çok öfkelenmiştim..,anger
Böcekler.,disgust
Sınav kağıdına su döküldüğünde tiksinirim.,disgust
Ortak kullanım alanlarının temiz bırakılmaması,disgust
Sınavdan kötü almak.,sadness
"Oynadığı dönemde ""savunmanın bel kemiği"" olarak adlandırılmıştır .",neutral
Sevdiğim diziyi izlerken mutluyum.,happiness
yanımda biri ağzını şapırdatarak bir şey yediğinde çok tiksinirim,disgust
küçükken tavşanımı kedi kaptı ve tavşanım felç olmuştu,sadness
Babaannem ve dedemin vefatı.,sadness
bu okulu kazanınca çok sevinmiştim,happiness
Teog sınavında çok korkmuştum,fear
Herhangi birinin kötü kokmasından tiksinirim.,disgust
Sevmediğimi bildikleri halde bile bile bana yaptırılan şeylerden.,anger
ilk boks maçında bileğimi kırdığım için çok üzüldüm.,sadness
İnsanların  değiştiğini ve uzaklaştığını görmek beni üzüyor.,sadness
Çok fazla çalışmama rağmen çalışmamışsın denilmesine ve sevdiğim şeylerle dalga geçilmesine.,anger
Sınav esnasında kalemimin bozulması.,anger
üniversiteyi kazanırsam mutlu olurum.,happiness
Hareketlerimi taklit edip dalga geçen insanlara.,anger
Yeni tanıştığım kişi aynı benim gibi fizik ve ruh haline sahip . Onu tanıyınca mutlu oldum.,happiness
Kusmuk gördüğüm zaman.,disgust
İngilizce öğretmeni iyi dil bilmediğim için sürekli beni sınıfa rezil etmesi öfkelendiriyor.,anger
Bu ve bunu takip eden Osmanlı zamanlarında bölge sorunsuz bir dönem geçirir .,neutral
Dişçiden.,fear
Üstelik bölgede oldukça iyi durumda çakmak taşı kaynakları vardır .,neutral
Saçlarım uzun ve sakallıyken müdür yardımcısının önünden geçmeye korkuyorum.,fear
Hediye almak.,happiness
Tekrar doğa yürüyüşü yapabilmem beni mutlu etti,happiness
Verdiğim karar karşısında pişman olmadığımda.,happiness
Yüksek not aldığımda.,happiness
Sevdiğim insanların mutlu olduğunu görmek.,happiness
Türkçe ve İngilizce olmak üzere iki dilde eğitim verilmektedir .,neutral
Çok çalıştığım halde sınavdan düşük not almak.,sadness
Çok çalıştığım sınavdan düşük not alırsam ya da yok yere kavga olunca.,sadness
Pis şeyler gördüğümde.,disgust
"""Kül kedisi masalı"" sadece 12 ye kadar dışarıda kalabiliyor olmak.",sadness
Özgürlüğümün kısıtlandığını fark ettiğim zaman.,anger
İffet annesini kaybetmiş ve babası ve kız kardeşiyle birlikte yaşayan genç bir kızdır .,neutral
Zamanında yapılmayan işlere.,anger
"Çoğunlukla huzurlu ve yalnız olduğumda, yapmak istediğim şeyleri yaptığımda,kimseye muhtaç olmadığımda mutlu olurum.",happiness
Babam vefat ettiğinde çok üzüldüm.,sadness
Yakınlarımı hayal kırıklığına uğratmaktan korkarım.,fear
Kapalı alanlardan ve akarsudan korkarım.,fear
Sürprizler.,happiness
Pis su gördüğümde.,disgust
Güzel bir kız görünce.,happiness
Yanımdaki insanın ter kokması.,disgust
İnternette film izlerken en heyecanlı yerde internetin kesilmesine üzüldüm.,sadness
Hoşlandığım çocuk mesaj atmadığında.,sadness
Biri benden izinsiz eşyamı alınca öfkelenirim.,anger
Arkadaşlarımla birlikte olduğumda mutlu olurum.,happiness
Haksızlığa uğradığımda.,anger
Aklıma cinler geldiği zaman.,fear
Okulun hocaları arasında da çok ünlü yazar ve araştırmacılar bulunuyordu .,neutral
Herhangi bir hayvan bana yaklaştığında.,fear
Çorba içerken içinden kıl çıkması.,disgust
"mesajlarım okunup, cevap yazılmayınca öfkeden kıpkırmızı oluyorum.",anger
Bu popüler görüntü için bir dizi açıklama bulunmaktadır .,neutral
Yüksek beklediğim sınavdan düşük not aldığımda.,sadness
ilk kaza yaptığımda çok korkmuştum,fear
Dünyanın diğer iklimi uygun bölgelerinde de durum aynıdır .,neutral
Anneannem öldüğünde.,sadness
Toplu ulaşım araçları hınca hınç dolu olduğunda insanların ter kokusunu sevmiyorum.,disgust
Birden bana doğru hareket eden herhangi bir şey.,fear
Gece aniden uyanınca ses ya da tıkırtı duyduğumda korkarım.,fear
Kaza geçirip sakat kalmak ve muhtaç olmaktan korkuyorum.,fear
Bir köpeğe araba çarptığını gördüğümde.,sadness
Dünya Savaşı sırasında anne ve babasını arka arkaya kaybedince amcasının yanında büyüdü .,neutral
Sokaktaki kimsesiz ve yaşlı insanlara üzülüyorum.,sadness
küçükken bindiğim bisikletim binerken kırılması,sadness
Ailemle buluştuğumda.,happiness
İnsanların burnunu ulu orta karıştırmalarından midem bulanıyor.,disgust
Ön göz dizisinin etrafı kırmızımsı kıllarla çevrilidir .,neutral
Dışarıda insanların ses çıkararak sakız çiğnemesinden rahatsız oluyorum.,disgust
Böcek.,fear
kardeşimin doğduğu gün,happiness
Sınava çalışmadığım zaman.,fear
Bu tür kuvvetler astronotlar için rahatsız edici bir durum olabiliyor .,neutral
Öfkelendiğimde kimseye zarar vermemek için kendi kendime sakinleşmeye çalışırım.,anger
Fakir ve yetim olan bir çocuğa bayramda yeni elbiseler alıp harçlık verince yaşadığı mutluluğu görünce çok mutlu oldum.,happiness
Sevdiğim birisinin vefatı.,sadness
Sevmediğim kişilerin benimle konuşmalarından tiksinirim.,disgust
Hollanda'nın Türk milli takımına yenilmesi,happiness
yere düştüm dizim kanadı. Annem düştüğüm için kızdı ve ben çok üzüldüm.,sadness
Evde yerde kıl görmekten tiksiniyorum,disgust
hayatında sadece eğlenceye yer olan insanlardan hoşlanmıyorum,anger
Karşımdaki erkek benimle insan değilmişim gibi konuşuyorsa ondan tiksinirim.,disgust
Bir gün babam ile teknede idik ve çok büyük dalgalar olmuştu batacağız diye korkmuştum.,fear
Motorumu satmam beni üzdü.,sadness
gelecekten korkarım,fear
Albümdeki şarkıların düzenlemeleri Esin Engin tarafından yapılmıştı .,neutral
Yolda giderken bir motor bize çarpmıştı.,fear
sebze yemeklerinden tiksinirim.,disgust
Köpek tarafından kovalanmak.,fear
Birisinin benim doğruma yanlış demesi.,anger
Sevmediğim kişilerin her davranışından tiksiniyorum.,disgust
Saldırılar daha çok işgalci İngiliz ve İngiltere’ye bağlı İrlandalı polis teşkilatına karşı olur .,neutral
Haksızlık ve çocukça davranışlar öfkelendirir.,anger
Kötü geçen bir sınavdan yüksek not aldığımda.,happiness
Hayvan dışkısı gördüğüm zaman.,disgust
Sevdiğim futbolcu sakatlandığı zaman.,sadness
Ablamın iş için şehir dışında yaşayacağını öğrendiğim zaman.,sadness
Sadece kendi düşüncesinin doğru olduğuna inanan insanlarla tartışınca çok öfkeleniyorum.,anger
Sonuç olarak Mer ile birlikte yeni mobil standartlar oluşturuldu .,neutral
Evde tek başıma olduğumda.,fear
babamın kanser olduğunu duyduğum an hayatım silindi.,sadness
Ailemden birisini kaybettiğim zaman.,sadness
Dışarıda yenilen yemeklerden tiksinirim,disgust
çocuklar hasta olduğunda çok üzülüyorum.,sadness
Ailem ve arkadaşlarım ile geçirdiğim zamanlarda.,happiness
Üst üste 12 kere çalım atıp 12 gol attım çok mutlu oldum.,happiness
Birinin yakınımda kusmasından tiksinirim.,disgust
İnsanların arkamdan konuştuklarını öğrendiğimde çok öfkelendim.,anger
Kurumun yönetim ve temsil yetkisi başkana aittir .,neutral
Buca Fen lisesine girdiğimi öğrenince çok mutlu oldum.,happiness
Çok istediğim bir şey olunca mutlu olurum.,happiness
öğrencilerimden biri dersi sabote ettiğinde çok öfkeleniyorum.,anger
DENİZE VEYA HAVUZA ATLAMAKTAN çOK KORKARIM,fear
Ailemden birisine zarar gelmesi.,sadness
Hamam böceği gördüğümde.,disgust
İslami bir devlet yapısı oluşturulan krallığın başkenti Kong şehriydi .,neutral
Bir gece hırsız ile göz göze geldiğimde.,fear
Motor ile uçurumdan yuvarlanmak üzereyken çok korkmuştum.,fear
sözlerime doğru düzgün cevap vermediği için öfkelenmiştim.,anger
Sevdiğim erkeğin ayrıldıktan bir gün sonra başka bir kızla çıktığını öğrendiğimde.,anger
Müzik dinlerken.,happiness
babamı kaybettiğimde çok acı çektim.,sadness
Şu anki Kıbrıs Ermeni toplumunun Kıbrıs Temsilciler Meclisi temsilcisidir .,neutral
Tatil olduğu zamanlar ve oyun konsolu alındığı zaman.,happiness
Bir dolaşım alanının belirlenmesi için dikkatli bir gözlem sonucu elde edilen veriler kullanılır .,neutral
birisi eşyalarımı izinsiz kullandığında çok sinirlenirim.,anger
"Sahip olduğum ilk ve tek köpekti o , adı Gofretti .. Korkmadığım tek köpek, yıkadığım, uyuduğum.. Bir gün öldü ve bir daha hiçbir köpeği içten sevemedim",sadness
Birsinin bana hakaret etmesi.,anger
Hacı Ferhat Ağa ve Hacı Mehmet Ağa tarafından yaptırılmıştır .,neutral
Sevdiğim bilgisayar oyununu oynamak.,happiness
Dönem Tekirdağ Milletvekilliği ile Ticaret Bakanlığı yaptı .,neutral
Sınavdan düşük not almak.,sadness
Dolayısı ile bu isimlere yapılan referanslar okulların o dönemdeki liderlerini ifade eder .,neutral
Benim hakkımda yalan söylendiğini duyunca çok sinirlendim.,anger
İnsanların saçma davranışlarına öfkelenirim.,anger
yerdeki kusmuğu görünce içim kalktı,disgust
"Sonra ""Müslüman Öğrenciler Birliği""nin kurucuları arasında yer aldı .",neutral
Kabus görmek.,fear
Milli takımın Hollandayı yemesi.,happiness
ailem doğum günümde hediye almıştı. bana aldıklarının bilmiyordum ve çok sevinmiştim.,happiness
Böceklerden korkarım.,fear
Yangın merdiveninde kilitli kaldığımda.,fear
Fener maçında hakemin yanlış karar verdiği an.,anger
yılışık bir insandan tiksinirim.,disgust
Okul takımının turnuva da maçı kazanması.,happiness
Bitki örtüsü çalı yosun ve yazın yetişen otlar tundra bitki örtüsünü oluşturur .,neutral
Eşek arısından korkarım.,fear
annemin bir anda önüme çıkması,fear
Kusan birisini gördüğümde.,disgust
Kısa hayatında dramatik müzikte birçok yenilikler yapmakta başarılı olmuştur .,neutral
Kantinde önüme geçen çocuğa sinirlenmiştim.,anger
En yakın arkadaşım ile farklı okullara gidiyor olmamız.,sadness
En sevdiğim öğretmenimin okuldan ayrılması.,sadness
Aniden karşıma çıkan yaralı bir insan gördüğümde korkmuştum.,fear
Murat Giray bu duruma tepki olarak Leh ordusuna müdahale etmemiştir .,neutral
Genel olarak her şeye öfkelenirim.,anger
Sınavlardan kötü not almaktan.,fear
Kokan birisi yanıma geldiğinde hemen orayı terk ediyorum.,disgust
İnsanların benimle inatlaşmasına.,anger
Ardından Özgürlük ve Dayanışma Partisi’nin kuruluşuna katıldı ve bu partinin Parti Meclisi Üyeliği’ni yaptı .,neutral
Hidrojenin taşınması ve depolanması da kirletici maddeler yaratabilir .,neutral
Tüm bu akarsu ağı bölgede büyük bir balıkçılık sanayi oluşmasına katkı sağlamıştır .,neutral
"""tuğçe ışınsu'nun"" yeni kitabının çıkması",happiness
bir ödeve ya da herhangi bir şeye emek harcayıp da karşılığını aldığım zaman,happiness
Donanım ve tasarım olarak ekran kartı haricinde normal bir dizüstü ile hemen hemen aynıdır .,neutral
"Evime bir misafir geldiğinde, 'Sigara içebilir miyim?' sorusunu sormasından hoşlanmıyorum.",anger
Ailemden gelen sağlıklı bir haber.,happiness
Çok değer verdiğim birisini kaybetmek.,sadness
İzmir İktisat Kongresinde özel sektöre destek kararı alındı .,neutral
Bir şirketin %1'ini aldığımda çok mutlu olmuştum.,happiness
Pis ve bakımsız insanlar.,disgust
Bir kere yanlışlıkla kardeşimin kafasını kanatmıştım. O zaman bir şey olacak diye çok korkmuştum.,fear
Birinin üzerime kusmasından tiksinirim.,disgust
Aldatılmak,anger
deprem olunca çok korktum.,fear
sokak hayvanlarına eziyet edilmesi,anger
Maçın uzatma dakikalarında gol yiyeceğiz diye çok korktum.,fear
"Sevdiğim birisinin bana sarılması , hediye vermesi ve kitap okumak mutlu ediyor.",happiness
Okulların kapanmasına az kaldığı için mutluyum.,happiness
Yurt içi ve yurt dışında Özgün Baskı seminerleri verdi .,neutral
Birinin her şeyi biliyor edasıyla saçma sapan konuşmasına öfkelenirim.,anger
Hakkımda yalan söylendiği zaman.,anger
Yeni şeyler öğrendiğim zaman.,happiness
Benim için önemli olan bir şeyi başardığımda.,happiness
yere tükürenlerden tiksiniyorum.,disgust
Sevgilimi gördüğüm an.,happiness
Arkadaşlarım ve ailem ile geçirdiğim vakitlerde.,happiness
Fenerbahçeli olduğum için mutluyum.,happiness
hastaların yıkanmadan muayene için başvurmalarından tiksinirim,disgust
yağlı eller,disgust
Sınavda bildiğim soruyu yapamadığım zaman üzülüyorum.,sadness
Yanımda birisinin öksürmesi.,disgust
Bazı Kamerun kültürlerinde ise iyi şans getirdiği düşünüldüğü için kedi eti yeme törenleri düzenlenmektedir .,neutral
En iyi dostum Eskişehir'e taşındığı zaman.,sadness
Sevmediğim derslere girdiğimde.,sadness
Başrollerinde ise Laura Ramsey ve Luke Evans yer alıyor .,neutral
bir böcek gördüğümde tiksinirim.,disgust
Yola tüküren birisini gördüğümde.,disgust
Jane onlarla temasa geçti ve hızlı bir sözleşme imzalandı .,neutral
Hastalık durumlarında üzülürüm.,sadness
Divan şiiri yolunda yazdıkları zayıf kopyalar olmaktan öteye gitmez .,neutral
birini ağlarken görmek,sadness
Aynı ortamda bulunduğum kişilerin çoğunun geri zekalı olması ve bunu kabul etmemeleri.,anger
Ulusal düzeyde şampiyonaları katılan çift daha sonra ayrıldı .,neutral
Anestezi adında izlediğim bir filmden tiksinmiştim.,disgust
Başkalarını düşünmek beni üzer.,sadness
"hayalet, ruh gibi şeylerden konuşulduğunda korkarım",fear
Ortak kullanılan bir tuvaletin temiz bırakılmamasını sevmiyorum.,disgust
Erkekler tuvaletine girdiğimde.,disgust
Sınavlardan kaldığımı gördüğüm rüya.,fear
Bir yakınımı kaybettiğim zaman.,sadness
iki yıl önce arkadaşım vefat ettiğinde çok üzüldüm,sadness
Vücudumda güneş yanıklarından meydana gelen su tomurcuklarından çok tiksinmiştim.,disgust
Dedemin ölümü.,sadness
Yazdığım program hata mesajı verdiği zaman.,anger
Yediğim  yemeğin boğazımda kalması sonucunda boğuluyorum sandım.,fear
Harçlık alınca.,happiness
sınavlarda başarılı olmak beni çok mutlu ediyor.,happiness
Yakınımdaki birine bir şey olması. (hastalık vb. ),fear
biri bana istemediğim bir şey söylediğinde sinirleniyorum.,anger
Bir öğrencimin cevap almak için değil de benim bir açığımı aramak için soru sorması,anger
"Ayrıca sosyalizmin sorunlarını işleyen ""İlke"" ve ""Yeni Dünya"" isimli iki dergi çıkarmıştır .",neutral
Konuları ve soruları iyi anlayıp başarılı olunca mutlu olurum.,happiness
erkek bir arkadaş grubunun yanımdan küfrederek geçmelerinde tiksiniyorum.,disgust
sokakta sigara içilmesi,disgust
Yemek yerken etrafımdakilerin böceklerden söz etmesi.,disgust
Yılandan korkuyorum.,fear
Yüzme yarışlarında iyi derece alınca çok seviniyorum.,happiness
Kardeşim odamı dağıttığında öfkelenirim.,anger
Yanlış yaptığım soru olduğu zaman.,sadness
"sevdiğim insanlarla birlikte hayal kurmak ve onları yaşarken bak biz bunun hayalini kurmuştuk, şimdi de yaşıyoruz diyerek şükür eder ve mutlu olurum.",happiness
Bana dürüst olunmaması.,anger
Sevgilimden ayrıldığım an.,sadness
Topluluk önünde konuşmaktan korkarım.,fear
Adamın biri sokakta peçete kullanmadan burnunu temizlemişti.,disgust
Alkol alıp sarhoş olduğum zaman  eve döndüğümde alkol aldığımı anlamalarından korktum.,fear
Aynı bardaktan su ya da kola içmek.,disgust
Albümde sanatçının cinsel içeriğe fazlaca bağlı kalması eleştiri toplamıştır .,neutral
Böceklerden korkarım.,fear
amcam camdan düştüğü zaman çok ağladı,sadness
öğretmenlerin haksızlığını kabul edemiyorum.,anger
İyi puan beklediğim sınavdan düşük gelmesi.,sadness
Kardeşi Bülend Uşaklıgil de kendisi gibi diplomat olmuştur .,neutral
Sevdiğim insanlarla birlikte eğlenirken mutlu olurum.,happiness
Ani bir durum karşısında korkarım.,fear
Sevdiklerim ile kavga ettiğim zaman.,sadness
Yükseklik,fear
Bulaşık makinesinin yıkamadan sonra içerisinde bulaşık gördüğümde tiksiniyorum.,disgust
Cüzdanımdan 5 TL bulduğum zaman.,happiness
Kardeşimin odamı karıştırması.,anger
girdiğim sınavda beklediğimden yüksek puan alınca çok sevindim.,happiness
Baba tarafı Fransız ve Kuzey İrlandalı anne tarafı da Yahudi asıllıdır .,neutral
evde yemek olmaması,anger
İnsanların bencil davranması.,anger
Bu yüzden nüfusun hızlı bir şekilde artmasına yardımcı olacak yiyecek fazlalığı oldu .,neutral
Arkadaşlarımla olmaktan mutlu olurum.,happiness
"İnsanların birbirlerine laf sokması beni çok üzüyor , hatta ağlayasım bile geliyor.",sadness
Hidrodinamik ve diferansiyel denklem sistemleri üzerine makaleler yazdı .,neutral
Dersleri anlamakta zorlandığım zaman.,sadness
Babamdan korkarım.,fear
bir yere gittiğimde orası yeterince temiz olmadığında,disgust
kahve önünde oturup kızlara bakan sapık amcalardan tiksinirim.,disgust
Sokakta birinin yere balgam atmasından tiksinirim.,disgust
Aşırı hızdan korkarım.,fear
Koyun peynirinden hiç hoşlanmam.,disgust
Kusmuk.,disgust
Yere tükürülmesinden nefret ederim.,disgust
iyi beklediğim sınavdan düşük almam,sadness
Korku filmi izlerken korkuyorum.,fear
Arkadaşlarımla şakalaşmak gülmek mutlu ediyor.,happiness
Ali'nin tipinden tiksiniyorum.,disgust
"""İzmir'e""  geldiğim zaman.",happiness
Elektrikler kesildiğinde.,fear
Amerikan hava savunma silahları çatışmalarda büyük başarı göstermişlerdir .,neutral
böceklerden tiksiniyorum.,disgust
Sankt Petersburg’daki çalıştığı fabrikada sendikal faaliyetlerinden ötürü kovulur .,neutral
Kanalizasyon borusunda sürünerek ilerleyen birini gördüğümde tiksindim.,disgust
herhangi bir ortamda sert hitaplarla karşılaştığım anlarda öfkelenirim.,anger
Okulu kazandığım zaman.,happiness
"Feminist olmayı yeniden tanımlaması çerçevesinde ""bireysel"" bir harekettir .",neutral
Haksızlığa uğradığımda.,anger
Üniversite giriş sınavında ilk yüze girdiğim için çok mutluyum.,happiness
Ortaokuldayken  aşı olduğumda çok korktum.,fear
Evimiz taşınır iken masamın kırılması.,sadness
Yemeğimden saç çıkması.,disgust
İki yıllık eğitimin sonrasında düşük notlarından dolayı okulu bırakarak orduya katıldı .,neutral
Evrende yalnız olmaktan korkarım.,fear
Japonya pazarında ise Nissan Skyline adıyla satılmaktadır .,neutral
Çocuklarım olduğu için çok mutluyum.,happiness
Babam araba sürmeme izin verince çok mutlu oldum.,happiness
oral yollu gaz çıkışından tiksinirim,disgust
Daha sonra Heinrich Himmler tarafından Yahudi olduğu fark edildi .,neutral
Birinin bana yalan söylediğini anladığımda çok öfkelenirim.,anger
Hayvanlara zarar veren insanlara.,anger
sigara kokusundan tiksinirim.,disgust
Tuvaletlerin pis olması ve ellerini yıkamayan insanlar.,disgust
yükseklik korkum vardı.asansöre binip içinde kalmaktan korkardım.,fear
Bunun haricinde oyun içi harita editörü de vardır .,neutral
"Birisinin arkasından bir şeyler yaptığımda , yaptığımın öğrenilmesinden korkarım.",fear
Sınavım kötü olacak diye çok korktum.,fear
"Eleştirmenler tarafından canlandırdığı engelli ""İhsan"" karakteri ve oyunculuğu beğenilmiştir .",neutral
İzlediğim bir belgeselde adamın canlı böcekleri ve ölü hayvanları çiğ çiğ yemesinden tiksinmiştim.,disgust
Görevleri esnasında enerjik çalışmaları ve dürüst kişiliği ile ismi duyuldu ve takdir topladı .,neutral
Trafikte önüme aracını kırdıklarında.,fear
Yemek hanedeki yemekler.,disgust
Hamam böceği gördüğümde.,disgust
suçlu kovalayınca öfkelenirim.,anger
bir tanıdığımın vefatı,sadness
Fare görünce tiksiniyorum.,disgust
Sevmediğim kişinin gittiğini görmek mutlu etti.,happiness
Arkadaşımla kavga ettiğim zaman.,sadness
Böcekler ve yılandan korkarım.,fear
Yakın bir akrabamın kötü bir hastalıkla savaştığını öğrendiğim zaman.,sadness
dişçiye tel tedavisi için gittiğimde çok endişelenmiştim.,fear
Bu sayede Diyarbakırspor ismi ve arması boşta kaldı .,neutral
Üzülmem.,sadness
Kilo aldığımda.,sadness
Matematik sınavında hiç bir soruyu yapamayacağımı sandım.,fear
İzlediğim filmdeki karakteri geceleri sürekli kapının önünde görürüm.,fear
Öyle ki aşk şarkıları denince ilk akla gelen isim olmuştur .,neutral
"""İstanbul'a"" gidip eski bir arkadaşımla buluştuğumda .",happiness
Eğer birisi bana yalan söylerse.,anger
Yani evrende zamanda geri ve ileri sıçrayan tek bir elektron vardı .,neutral
sevdiğim kişiden olumlu hareketler gördüğümde çok sevindim.,happiness
Bileğim kırıldığı zaman korkmuştum.,fear
arkadaşlarımla aramızda bir sorun çıkınca üzülüyorum.,sadness
Fakir bir ailenin çocuğu olarak Tenerife adasında doğdu .,neutral
hastalığımı kabullendiğimde çok mutlu oldum,happiness
"""Disneyland'da"" geçirdiğim 1 gün içinde çok mutlu oldum.",happiness
Günümüzde Kürdistan Bölgesel Yönetimi sınırları içerisinde yer alana Duhok ilinin bir ilçesidir .,neutral
Genellikle güçlü rüzgarlar ve şiddetli yağmur eşlik eder .,neutral
Abim beni korkutursa çok kızarım.,anger
Abimle ve sevdiğim arkadaşlarımla beraber olduğumda mutlu olurum.,happiness
Kusmuk kokusu.,disgust
Aslında Volvo daha farklı bir kodlama düşünüyordu .,neutral
Laftan anlamayan insanlar neden hala varlar!,anger
Köpeğim hasta olduğunda ve 4 yıldır 1. sınıf okumak.,sadness
Dizinin her bir sezonu Baltimore şehrinin ayrı bir yüzüne odaklanmıştır .,neutral
Birisinin benim gıcık olacağımı bildiği halde o şeyi yinede yapması.,anger
Ameliyat olduğumda çok korkmuştum.,fear
Burada takımla sezon boyu sadece bir galibiyet aldıktan sonra sözleşmesine son verilmiştir .,neutral
beşiktaş'ın şampiyon olamaması,sadness
Köyün ilk kurulma tarihi bir rivayete göre Bizans zamanlarında diye konuşulmaktadır .,neutral
Düşük not almak.,sadness
Fareden tiksiniyorum.,disgust
evde yalnız kalmam,fear
Korku filmi izlerken elektrikler kesilmişti.,fear
Başkasının vücut sıvısını görmek.,disgust
Tırnağımın arasına bir şey girmesinden tiksinirim.,disgust
Dil ve anlatım dersinden  düşük not almak.,sadness
Karanlıkta kalmaktan korkarım.,fear
Arkadaşımla konuşurken beni anlamaması.,anger
bir çocuğun tip tip bakması beni sinirlendirir,anger
Bu nedenle birçok yiyecek türü cam malzemeler içinde saklanır .,neutral
Yayla yerleşmesi sayısı büyük bir hızla azalmaktadır .,neutral
Birisinin benimle dalga geçmesi.,anger
Güvendiğim dağlara kar yağdı.İhanete uğramak beni çok üzüyor.,sadness
Kardeşimin proje ödevimi mahvetmesine öfkelenmiştim.,anger
Azerbaycan Ziraat Enstitüsü Ziraat Fakültesi ve Bakü Yüksek Parti Okulunu bitirdi .,neutral
Öğretmenimin ter kokmasından.,disgust
İnternet üzerinden kazandığım bir şeye.,happiness
Her hangi bir dedikodu duyduğumda.,anger
Yaralı ve üzgün bir hayvan gördüğümde.,sadness
Sevdiğim hayranı olduğum bir sanatçıyı canlı gördüğüm an.,happiness
Sigara.,disgust
Hediye aldığımda.,happiness
Köylüler tarafından el halı ve kilim ve çilek ile yapılmaktadır .,neutral
Araba kazası geçirdiğimde korkmuştum.,fear
"""Dabbe"" serisini izlerken.",fear
Yemek yerden ağzı açık ve şapırdatan insanlardan hep tiksinirim.,disgust
İzlediğim bir korku filminden.,fear
ölüm korkusunu içimde ilk hissettiğim zaman çok korktum.,fear
Burada onun adını taşıyan bir nadide eserler salonu açıldı .,neutral
Arkadaşıma anlattığım şeylerin başkası ile paylaşılmasına öfkelenirim.,anger
Okul tuvaletinden.,disgust
"Annem ile babamın boşanacağını öğrendiğim zaman.
      Sevgilimle dalga geçilmesi.",sadness
Orta büyüklükteki uçaklara hizmet veren küçük bir havaalanıdır .,neutral
Böcek gördüğümde.,disgust
"Fare , kedi ve köpek.",fear
İlk kez bayıldığımda ölürüm diye çok korktum,fear
yakın bir tanıdığımız oğlu askerdeyken gerçekten üzülüyordu. Neredeyse her gün ağlıyordu,sadness
"2014 yılında ""Almanya'ya"" gittiğimizde orada katıldığımız bir festivalde çok eğlenmiştim.",happiness
Yolda giderken önümden geçen kediden korktum.,fear
Yere tükürenlerden tiksinirim.,disgust
Bir çocuk beni dövdüğünde.,anger
Çarşamba günü Tarih dersine girmek zorunda olmak.,sadness
Bundan sonra direniş azaldı ve beş saat içinde İtalyan kuvvetleri tüm şehri ele geçirdi .,neutral
Olumsuz eleştirilerde ise savaşların seyrek oluşu ve arda arda olmamasıdır .,neutral
Tinerci ya da para isteyen birisi yanıma geldiği zaman korkuyorum.,fear
Yakınlarımın ciddi bir hastalık geçirmesine üzülürüm.,sadness
"""Şeyda'nın"" okula gelmediği gün korkmuştum.",fear
1.8 ortalamanın altında kalmak,fear
Sabahları servisi kaçırdığımda üzülürüm.,sadness
Arkadaşım bana yumruk attığında öfkelendim.,anger
İş arkadaşımın yanlışları yüzünden vakit kaybetmekten sıkıldım.,anger
Ani yapılan hareketlerden.,fear
hala olduğumda mutlu olmuştum.,happiness
Kız kardeşim sahilde kaybolduğu zaman.,fear
Bilgisayarla oynayamadığım zamanlarda öfkelenirim.,anger
Elleri pis kokan bir arkadaşımdan.,disgust
Yemeğin şapırdatarak yenmesi.,disgust
Sınavdan 100 almak.,happiness
üniversiteyi kazanamamaktan korkuyorum.,fear
Uzun süredir istediğim bir şeyin olmaması.,sadness
arkadaşımın gerçek yüzünü gördüğümde içim acıdı.,sadness
Kullanıcı tarafından bir betik dilinde yazılmış da olabilir .,neutral
Dar ve kapalı alanlarda korkarım.,fear
Birisinin sürekli üste çıkmaya çalışması ve benim yaptım şeylerin taklit edilmesi.,anger
Dışarıda yalnızken köpeklerle karşılaştığımda.,fear
Albümden önce Eylül ayında yayınlanan Loca adlı şarkısıyla latin müziğe dönüş yaptı .,neutral
Çok sevdiğim kuşlarımın donarak ölmesine içim gitti.,sadness
Yolda arabanın ezdiği kediyi görünce çok üzüldüm.,sadness
Susuzluktan ölen insanları duyunca korkuyorum.,fear
fenerbahçe kaybedince üzüldüm.,sadness
Bebeklerin kusması.,disgust
Yanımda ses çıkartarak sakız çiğnenmesinden.,disgust
Evde deli yerine konulmam.,anger
İstediğim liseyi kazanamadığım zaman.,sadness
hemşire olarak ilk işe başladığımda hastanın altını almak zorunda kalmıştım. bu beni çok tiksindirmişti.,disgust
Dedemin vefat etmesi.,sadness
Kirli şeyler.,disgust
İngilizceden iyi not aldığım zaman.,happiness
Yakınlarımdan birinin başına kötü bir şey geldiğinde üzülürüm.,sadness
Ayrıca oyuncular diğer oyuncular ile de bağlantı kurup hammadde alışverişi yapabilir .,neutral
Arkadaşlarımın bağırmasından hiç hoşlanmıyorum.,anger
"Sınavdan yüksek not almak, yaşamak ve sağlıklı olmak.",happiness
5. sınıf mezuniyet töreninde su almaya çıkıp kaybolduğumda korktum.,fear
Bilmediğim bir yerde kaybolmaktan korkarım.,fear
Yurt dışında çalıştığım şantiyede isyan çıkması nedeniyle kapılar kapalı birkaç gün evde kalmak korkutucuydu.,fear
Bazı hayvanların bana sürtünmelerinden.,disgust
Parasız kalmaktan korkarım,fear
"Küçük bir kız çocuğuna hamurdan bir şekil yaptım , çocuk bunu saklayacağım ve seni hiç unutmayacağım dediği zaman.",happiness
Yalnız kalmaktan korkarım.,fear
Hasta olmadığım ve sıkıntıların olmadığı zamanlarda.,happiness
Telefonumu bulamadığım an kayboldu sanmıştım.,fear
Birisine ya da bana haksızlık yapıldığında ya da ortada bir haksızlık varsa.,anger
Fakat Madonna bunu son anda nazik bir şekilde reddettiğini başkası aracılığıyla bildirmiştir .,neutral
Ter kokan insanlar.,disgust
eğer istediğim üniversiteyi kazanırsam çok mutlu olurum,happiness
Sokaklara işeyen insan gördüğüm zaman.,disgust
yemek yerken karşımdakinin ağzını şapırdatması,disgust
Üniversiteyi kazanınca çok mutlu oldum.,happiness
İstediğim telefon alındığı zaman.,happiness
Hakkımın yenmesi.,anger
Fen bilgisi sınavından 64 almak. Beşiktaş'ın maç kaybetmesi.,sadness
Yemek yerken mutlu olurum.,happiness
Düşük beklediğim sınavdan yüksek not alınca.,happiness
gece okuduğum gerilim kitabı beni korkuttu.,fear
Sınavlarda düşük not alınca,sadness
Tatiller.,happiness
Sevdiklerim ile beraber olunca.,happiness
Bilgisayar oyununda önde giderken yenilince öfkelendim.,anger
Kız arkadaşımdan ayrılınca üzüldüm.,sadness
Hatta daha iyi belirlenmiş yapılar için hassasiyet nanometre altına düşer .,neutral
Evcil hayvanımın ölümü ya da hastalanması.,sadness
Sınavdan düşük not aldığım an.,sadness
Çek dilinde yazdığı şiir ve çevirileri ona Çekoslovak Yazarlar Birliği ödülünü kazandırdı .,neutral
Aynı yıl Ellen Louisa Tucker ile evlendi .,neutral
bu olayı yaşadım çünkü caddeden geçen araba ona aniden çarptı. sonra çok üzülmüştüm,sadness
Birisi düşüncelerime ve fikirlerime saygı duymadığı zaman.,anger
Her türlü saygısızlığa öfkelenirim.,anger
İmparatorluğun doğu ve batı olarak ikiye ayrılması sonunda daimi bir bölünmeye yol açmıştı .,neutral
Yemekten kıl çıkınca.,disgust
Parmakların ayrılması sırasında fazla sayıda parmaklar oluşabilir .,neutral
"Tarihte kayıtlara ""Güzel bir kutlama"" diye geçti .",neutral
Kitabın sonundaki ek bölümde mahkeme sürecine ilişkin tüm belgeler ve savunma metinleri yer almaktadır .,neutral
otelde yapılan dart yarışmasında birinci olduğum için çok mutlu oldum,happiness
Ayağım kırıldığı zaman korktum.,fear
TEOG sınavında tam puan alınca çok mutlu oldum.,happiness
Gelmek istediğim noktaya gelemeden ölmek.,fear
Her iki ordu da güçlüydü ve yetenekli generaller tarafından komuta ediliyordu .,neutral
"insanların çalıştıktan sonra emeklerinin karşılığını alması, hedeflerine ulaşması bir mutluluktur.",happiness
Altından kalkamayacağım duruma düşünce üzülürüm.,sadness
Sınavdan yüksek not alınca.,happiness
Cuma günü gelince mutlu olurum.,happiness
Kusmuk ve pis tuvaletler.,disgust
İoannis Komnenos ve birçok taraftarı tutuklanıp idam edildiler .,neutral
Silahlarını teslim eden Ermeniler silahlarını geri aldılar .,neutral
Sessiz bir ortamda aniden duyduğum bir ses.,fear
Yakın bir arkadaşımın bana yanlış yapması.,anger
Köpeklerden.,fear
Ekstrem sporlar yaparken korkarım.,fear
İstemediğim bir şey yapıldığı zaman öfkelenirim.,anger
arkadaşımın konuşmak istemediğim halde beni zorlayıp kolumu sıkması,anger
yemekte bamya yemeği olması midemi bulandırır,disgust
Sınav haftası.,fear
çaresizlik içinde olan insanların yaşayabileceklerini düşündüğüm an veya haberlerde çıkan ölüm haberlerine üzülüyorum.,sadness
şahsi eşyalarımın kullanılmasından iğreniyorum,disgust
Sakin bir günde odamda kitap okumak ve müzik dinlemek.,happiness
Kötü kokular.,disgust
evimize fare girmesinden çok tiksiniyorum.,disgust
Yemek yerken ağzını şapırdatmak.,disgust
gece uyurken aniden önümde beliren kafa silüeti beni korkutuyor.,fear
Kız arkadaşımla evde baş başa olduğumuzda.,happiness
Ayten için bir avukat tutar ve hapishaneye onu ziyarete gider .,neutral
Bana hesap sorulduğunda öfkeleniyorum.,anger
Sınavlardan tiksiniyorum.,disgust
Gıybetini yaptığım bir kardeşimin bana hakkını helal etmemesi.,sadness
Bir araba çarptığı için organları dışarı çıkmış bir yavru kedi görmekten rahatsız olurum.,disgust
Özgürlüğümün kısıtlanmasından korkarım.,fear
Kalabalık otobüslere binemediğim zaman öfkeleniyorum.,anger
Bir kere köpek kovalamıştı.,fear
Gece evde tek başıma kaldığım zaman.,fear
Hakkımın yenmesi.,anger
Birinin kusmasına tiksinirim.,disgust
Kariyerinin sonraki dönemlerinde roman türüne ağırlık vermiştir .,neutral
Burnunu karıştıran insanlar.,disgust
Arkadaşlarımı üzmekten korkarım.,fear
Bir yakınımın vefatı.,sadness
Bu bağlamda eyaletin adının anlamı batı limanıdır .,neutral
Yıkanırken elektriklerin kesilmesi.,fear
Arkadaşlarım doğum günümde sürpriz yaptıkları zaman.,happiness
Kilo almak.,sadness
Bundan sonra Meksikalı köylüler de bu arazilere gelip çobanlık yapıp yerleşmişlerdir .,neutral
Daha sonra onu yetiştirmiş ve iyi bir savaşçı yapmıştır .,neutral
Ödevimi evde unuttuğumu fark ettiğim zaman.,sadness
İlk yazdığım programın çalışması beni mutlu etti.,happiness
İnsanların etrafı kirletmelerinden ve tükürmelerinden tiksiniyorum.,disgust
Solucanlardan.,disgust
Bu dergilerde sosyalist teori ve siyasete ilişkin yazılar yazdı .,neutral
Ölen bir çocuğun annesine çok üzülmüştüm.,sadness
Bazı haksızlıklara.,anger
Sevdiğim grup yeni bir albüm çıkarınca.,happiness
Okul tuvaletlerindeki koku.,disgust
Pırasa yemeğinden.,disgust
genellikle sıklıkla yaşadığım bir durum. Sokakta her sabah ve akşam yoğun bir köpek korkusu yaşamaktayım.,fear
önümde biri kusunca tiksiniyorum.,disgust
okul yokuşundan aşağı inerken vahşice havlayan altı köpeği gördüğümde çok korkmuştum.,fear
İstediğim şeylerin beklemediğim bir anda gerçekleşmesi beni mutlu eder.,happiness
Patlamış mısırın kokusu.,disgust
Sarah babasının tutuklanması sırasında Jenny Burton takma adını kullanmaktadır .,neutral
Hoşlandığım kişi ile vakit geçirmek.,happiness
Kimyadan yüksek not aldığım zaman.,happiness
"""Fenerbahçe"" şampiyon olunca.",happiness
Bir hafta sonu ailemle 12 yıldır görmediğimiz arkadaşlarım ve ailelerini görmeye gittik. Beni çok güzel bulmuşlardı.,happiness
Yemekte birisi geğirdiğinde tiksinirim.,disgust
Kardeşim merdivenlerden çıkarken korkmuştum.,fear
Hakkım yenildiğinde öfkelenirim.,anger
Kopya çekilmesi.,anger
Yeğenim adımı ilk söylediğinde.,happiness
Galatasaray'ın yenilmesine gerçekten çok üzülürüm.,sadness
Kredi kartım kırılınca öfkelendim.,anger
Bu yeni ordu kurulması girişiminin başarısız kalmasına başlıca amil oldu .,neutral
Yatalak olan dayımı ziyarete gittiğimde onun haline çok üzülmüştüm.2 ay sonra vefat etti.,sadness
Oynadığım bir oyunda huysuz insanlar.,anger
"arkadaşlık, akrabalık ilişkilerinin aşırı samimiyet boyutuna vardığında oluşan durumlar midemi bulandırıyor.",disgust
Bazı kaynaklarda elleri ve ayakları kesilerek öldürüldüğü ve cesedinin yakıldığı rivayet edilmektedir .,neutral
Derginin arka sayılarının sayfalarında her tür model için bu tür yüzlerce tasarım bulunmaktadır .,neutral
karşımda birinin boğazını temizlemesinden tiksinirim,disgust
Geçmiş yüzünden kendimden tiksinirim.,disgust
"Öfke , korku , tiksinme ve üzülme yaşamadığım zamanlar mutlu olurum.",happiness
Söz verip yerine getirilmemesinde çok öfkelendim.,anger
Sınavlardan.,fear
Annemle kavga ettiğimiz zaman üzülüyorum.,sadness
Yaygın şekilde kullanılan boyama türlerinden birisi paket boyama yöntemidir .,neutral
İkinci Lig Şampiyonu ile Amatör Şampiyon arasında oynanmıştır .,neutral
yapabileceğim şeyleri  yapamayınca öfkeleniyorum,anger
Mahallenin ne yazık ki atıl durumda olan taştan birde hamamı bulunmaktadır .,neutral
dört günde hazırladığım ödevin üzerine kahve döküldü.,anger
Burnunu karıştıran insanlar.,disgust
Hep mutluyum.,happiness
Bir gece yan apartmandan çığlık sesleri gelmişti.,fear
Sibel'in açlığının başına vurmasına öfkelendim.,anger
Zor bir anımda yanımda birisinin olması.,happiness
kardeşimin trafik kazası geçirdiğini duyunca çok korktum.,fear
Yanımdaki kişinin yemek yerken ağzını şapırdatmasına kızarım.,anger
Korku filmi izledikten sonra gece uyuyamamıştım.,fear
Birleşmiş Milletler İklim Değişikliği Çerçeve Sözleşmesi içinde imzalanmıştır .,neutral
Umumi tuvaletlerin kokusu.,disgust
Suçsuz yere suçlanmak.,anger
Köy Selçuklu Sultanı Sultan Alparslan tarafından kurulmuştur .,neutral
Gelecekten korkarım.,fear
Kardeşim Yağız doğduğunda çok sevindim.,happiness
hapşırırken mendil kullanmayanlardan çok iğrenirim.,disgust
Yemeğime sinek düştüğünde.,disgust
Her üç yapı katında da kullanılan bu çukurda kulübe tarzı bir yapının olduğu anlaşılmaktadır .,neutral
Yüksek lisans için yurt dışından burs aldığımda çok sevindim.,happiness
Değer verdiğim insanların bana değer vermemesi.,sadness
Halen Acıbadem Üniversitesinde Rektör Yardımcısı olarak çalışmaktadır .,neutral
Sürpriz yapılması.,happiness
Kibirli insanlarla karşılaşınca ve kendimi ifade edemeyince öfkeleniyorum.,anger
Hastanede tek başıma kafam sarılı uyanmıştım. Herkes Almanca konuşuyordu.,fear
Haksızlık yapıldığı zaman.,anger
Yalnız kalmaktan.,fear
Korku filmi izlemek.,fear
Asansörde kaldığım zaman oradan hiç çıkamayacağımı sanmıştım.,fear
birinin yanımda yemeğini yerken ağzını şapırdatması beni tiksindirir,disgust
Kara ordusunun da ağırlığı ticari paralı askerlerden oluşmaktaydı .,neutral
Yılandan korkarım.,fear
Verilen sözlerin tutulmamasına öfkelenirim.,anger
Benimle dalga geçildiğinde sinirleniyorum.,anger
bir hastanenin kanser bölümünü ziyarete gittiğim zamandı. hastanede yirmi üç nisan kutlamaları vardı ve dışarı çıkamayacak kadar kötü durumda olanların yanına ziyarete gitmiştik. Onlara hediyelerini verdiğimizde her ne kadar onlar mutlu olsa da gözlerindeki hüzün beni üzmüştü. En kötüsü de dokuz yaşındaki çocuğun iyileştikten sonra bayrama katılacağım demesiydi.,sadness
Sabahları çalan alarm sesini duymak.,anger
Üzgün anımda kuzenimin bana sarılmasından büyük mutluluk duydum.,happiness
Yakınlarımın başına bir şey gelmesinden.,fear
Yalnız kalmaktan korkarım.,fear
Böceklerden tiksinirim.,disgust
İçimdeki düşüncelerin hepsini kafa dengi olan birine anlattığım zaman.,happiness
Grup Müsabakaları tek devreli turnuva usulüne göre oynanacaktır .,neutral
Babam istediğim telefonu almayınca üzüldüm.,sadness
"Arkadaşımın kızı sevincini anlatırken ( ben sevmedim, bayıldım bayıldım ) değişi çok hoştu..",happiness
İnsanların seviyesizliğinden çok iğreniyorum.,disgust
Tatile girdiğimiz zaman.,happiness
üniversite sınavına çok çalıştığım halde istediğim ilahiyat bölümünü kazanamadığımı öğrendiğim zaman çok üzülmüştüm. Dershaneye gitmeden asla kazanamazsın diyen hocalarıma rağmen şimdi buradayım.,happiness
"Ateşin yakıcılığı karşısındaki tepkimden sonra, cehennem alevlerinin daha yakıcı olduğunu düşünmek beni ürpertiyor.",fear
Eniştemin sayesinde canlı ameliyat izlemiştim bu benim hayatımın en mutlu anıydı.,happiness
Babamın bana emir vermesi.,anger
Aracın topunun uzun ve ağır olmasından ötürü motor aracın orta kısmından arka kısmına taşındı .,neutral
"eşim, çocuklarım ve kardeşlerim dahil içlerinden birini kaybetme korkusu hayatımdaki en büyük korku.",fear
Yolda iç organları çıkmış halde bir hayvan gördüğümde.,disgust
İnsanların gerçekleri görememesi öfkelendiriyor.,anger
Çöplerin gelişigüzel yerlere atılmasına ve kendini küçük duruma düşüren insanlara üzülürüm.,sadness
"Küçükken eski bir eve girip gezmiştik , o zaman korkmuştum.",fear
Annem üzülünce ben de üzülüyorum.,sadness
insanlar karşısındaki insanları hiç tanımadığı zaman öfkelenirim.,anger
gürültü yapan komşular,anger
Ailemle yediğim akşam yemekleri beni mutlu eder.,happiness
İthalat ile birlikte bir ülkenin dış ticaret dengesini oluşturur .,neutral
İngiltere albüm listesinde yedi numaraya yükselen albüm; otuz üç hafta boyunca liste içinde kaldı .,neutral
Sınavda bilmediğim sorular çıkınca.,anger
Yemeğimden sinek çıkması.,disgust
Gece mutfaktan gelen seslere.,fear
havlayan köpekten tırsarım.,fear
Mahalleden son yıllarda Edremit körfezine büyük göç yaşanmıştır .,neutral
Biyoloji'den düşük not almak.,sadness
Füze seyir halindeyken hedef uçağın yerden takibi de sürekli devam eder .,neutral
Birisine özlem duyduğumda.,sadness
Bana buluşmak için söz verdi fakat unuttu.,sadness
Peynirin kokusundan tiksiniyorum.,disgust
Kusmuk.,disgust
İnsanların birbirlerine kötü davranmasından tiksinirim.,disgust
Tatil zamanları.,happiness
Yirmi ikinci şampiyonaya on iki Avrupa ülkesi katıldı .,neutral
Maç yaparken öfkeleniyorum.,anger
Ortaokulda nerede ise disipline verilecektim korktum.,fear
Hoşuma gitmeyen tavırlarda bulunulduğu zaman.,anger
Genelde her şeye öfkelenirim.,anger
Neredeyse tüm açık kaynak yazılımlar özgür yazılımdır .,neutral
Haksız yere gözaltına alındığımda çok öfkelenmiştim.,anger
Düşük risk grubundaki kadınlarda yapılan çalışmalar ise çelişkili sonuçlar vermiştir .,neutral
Böyle olması da doğal yaşamın ve iklimin kalitesini artırır .,neutral
Yanımda bir kişinin ağzından ses çıkararak yemek yemesi.,disgust
Çok çalışıp başardığım zaman.,happiness
Hamam böceğinden korkarım.,fear
Kendi evine sahip olacak kadar varlıklı olduğu görülmüştür .,neutral
Deprem olduğunda korktum.,fear
Fizik sorularını çözmeye çalışırken matematik ve fen'den tiksiniyorum.,disgust
Ailemin borçlanması hepimizi üzüyor.,sadness
Elektrikler kesildiği zaman.,fear
Beşiktaş maç aldığında mutlu olurum.,happiness
Kanser olan anneannem fenalaştığı zaman.,sadness
siyasileri televizyonda görünce tiksiniyorum.,disgust
Pis bir tuvalete girdiğimde.,disgust
"Okul tuvaletleri, fareler ve böcekler.",disgust
Hoşuma gitmeyen bazı hareketler.,anger
Birisi kusarsa.,disgust
Toplu taşıma araçlarından tiksinirim.,disgust
Bir arkadaşımın istifra etmesi.,disgust
İnsanların düşüncesiz hareketleri.,anger
Güvendiğim insanlar fos çıktığında üzüldüm.,sadness
Annem kalp krizi geçirirken yanında olmam korkunun alasıydı.,fear
Birinin bilmediği bir konuda biliyor gibi konuşmasına kızarım,anger
Kilo verdiğim zaman mutlu olmuştum.,happiness
Yediğim yemekten kıl çıktığı zaman.,disgust
Annemi üzgün gördüğüm zaman.,sadness
önümde biri kustuğunda tiksinirim.,disgust
Alışveriş yaptığım zaman.,happiness
Tırnakları uzun erkeklerden tiksinirim,disgust
Öldürdüğüm kedinin parçaları.,disgust
Maya dillerinin gramer yapısı diğer Orta Amerika dillerine kıyasla daha kolaydır .,neutral
Kedim kaybolduğu zaman.,sadness
oda arkadaşımın dağınıklığından bıktım.,anger
Tanıdığım birisi vefat ettiği zaman üzülürüm.,sadness
Böylece beyne gelen kan miktarı belirli aralıkta tutulmaya çalışılır .,neutral
Arıdan çok korkarım,fear
babam bana evi teslim ettiğinde çok sevinmiştim.,happiness
Bana gereksiz yere öfkelenince bende öfkelenirim.,anger
Yolda ezilen hayvanlara.,sadness
Yeni geldiğim okulda tek arkadaşım olmaz dedim fakat bir çok arkadaşım oldu.,happiness
Dünya Savaşı ve Türk Kurtuluş Savaşı yıllarında ordu içinde başarılı görevler yapmışlardır .,neutral
Animenin sonunda ise onun Vlad Drakula olduğu ima edilir .,neutral
Köpek dışkısı.,disgust
Sınavda düşük not almak.,sadness
ilk kez ameliyat olduğumda ameliyathanenin kokusundan ve ortamından korkmuştum.,fear
Hatta birçok devlet mensubu tarafından bunun devlete ihanet olduğu kabul edilmişti .,neutral
arkadaşım sinemaya benimle gelmeyince çok öfkelendim.,anger
Öte yandan zaman zaman geçirdiği sakatlıklar ile sahadan uzak kalıyordu .,neutral
Eve geldiğim zaman  kitaplarımı okulda unuttuğu fark ettiğim zaman.,sadness
Ailemi kaybettiğim bir rüya görmüştüm.,fear
Sevdiklerimden birisinin vefatı beni çok üzer.,sadness
Ailemin arkadaşlarımla alakalı kısıtlamalar yapmasına öfkeleniyorum.,anger
Tatil beni mutlu eder.,happiness
Nahuatl dili bu ailenin en yaygın dillerinden biridir .,neutral
Allah'ın  benden razı olması.,happiness
Kusmuk.,disgust
Spor yaptıktan sonra.,happiness
Arkadaşımın annesi vefat etmişti. Arkadaşımın haline çok üzülmüştüm.,sadness
Aynı durumu Radyo yayıncıları içinde geçerli olacaktır .,neutral
Kardeşimle kavga ettiğim için üzüldüm.,sadness
"""Robin Van Persie'nin"" Fenerbahçe'ye gelmesi.",happiness
Köpeğimi vermek zorunda kaldığım zaman.,sadness
Küçük yaşlarda piyano ve dans derslerine başladı .,neutral
Site aynı yılın Eylül ayında beta yayına dönerek tekrar başlatıldı .,neutral
Süvari ordusuyla batıya sefere çıkarak Tanca şehrine ve Atlantik Okyanusu kıyılarına kadar geldi .,neutral
Yaptığım işlerin takdir görmesi.,happiness
"büyük kızım parkta oynarken ağzına salıncak çarptı, dişlerini kaybetti. bu olay beni derinden sarstı",sadness
Sınavlarda başarılı olduğum zaman mutlu olurum.,happiness
Bir insanın iç organlarının dışarıya çıkmış olmasından tiksinirim.,disgust
Sevdiklerimi kaybetme korkusu,fear
Annem salça yaparken ona yardım ederken domatese dokunmak tiksindirdi.,disgust
Fatma Saygını Lisesini kazanmak.,happiness
Düşük not almaktan ve istediğimi elde edememekten korkarım.,fear
Geçmişte burada büyük bir meşe ağacı varmış .,neutral
manavın önünden geçerken çocuğun yüzünü kapatmak zorunda kalan babayı görünce çok üzülmüştüm.,sadness
Yazarlığını The Game ve Scott Storch; yapımcılığını yine Scott Storch üstlendi .,neutral
"Sokakta kadınlara sadece cinsel obje gibi bakılması, taciz edilmesi ve laf atılması tiksindiriyor.",disgust
Homer ve geri kalan Simpson ailesi bu yeni şovda görünmeye devam etti .,neutral
Ellerini yıkamadan yemek yiyen insanlar.,disgust
Karşımdaki kişi beni dinlemediği zaman öfkeleniyorum.,anger
Sevdiklerimle beraber olmak.,happiness
Birinin boğazını temizleyerek yere tükürmesi.,disgust
"Yemek yerken ağzını şapırdatanlardan, elle yemek yiyenlerden ve yanımda kusulmasından tiksinirim.",disgust
Ginger Rogers ve Carol Channing başrollerde yer almaktadır .,neutral
karanlıktan feci şekilde ödüm kopar,fear
Yemek yerken ağız şapırdatılması ve temizliğe dikkat edilmemesinden tiksinirim.,disgust
Birisi bana yalan söylediğinde.,anger
Şarapova Eylül ayında Moskova’da Fed Cup’ta finale ulaşan takım arkadaşlarını destekledi .,neutral
Geceleri yolda tek başıma yürürken korkarım.,fear
Kusmuk gördüğümde.,disgust
Doğum günümde arkadaşlarım ile buluştuğumda.,happiness
Kardeşim yere düşüp kafası yarıldığı zaman bir şey olacak diye korkmuştum.,fear
Bir yüksek tarım ve bir mühendislik enstitüsü eğitim vermektedir .,neutral
Kokan insanlar.,disgust
Yalan söyleyen bir arkadaşıma.,anger
Kuyrukta sıranın önüne geçen kişiye çok sinirlendim.,anger
Ailem ve arkadaşlarım ile birlikte olduğum zamanlar.,happiness
Matematik sorularını çözebildiğim zaman.,happiness
Burnunu karıştıranlardan tiksinirim.,disgust
Arkadaşımın bir yere saklanıp bana bağırması.,fear
İnsanların önümde yavaş yürümesi.,anger
Yeni bir şey öğrendiğim zaman.,happiness
Bir yere yetişemediğim zaman.,sadness
Tiksinme deyince aklıma sadece mutfak lavabosundaki artıklar geliyor.,disgust
Bir kaç dakika geç kalmama rağmen geç kaldı yazıldığımda.,anger
Partizanlar ve partizan olduğu düşünülen kişiler işkence ve tecavüze uğradı .,neutral
daha çok çocuğumun olmamasına hayıflanırım,sadness
Orada da sakatlıklar yüzünden başarısız oldu ve hiçbir maça çıkamadı .,neutral
Böceklerden.,fear
Ailemi bir kaybedeceğim korkusu.,fear
Tuz Gölü ve çevresi bu amaca uygun olduğundan bölgeye yerleştiler .,neutral
Sevgilimin yanında başka bir erkek gördüğüm zaman.,anger
İnsanların haksız olduğu durumlarda bile kendilerini üstüm görmelerine öfkeleniyorum.,anger
Büyük annem öldüğünde çok üzüldüm.,sadness
Kilit ekranda varsayılan olarak zaman gösterilir ve hızlı erişim düğmesi bulunur .,neutral
Sınıftakilerin tuhaf hareketlerine öfkelenirim.,anger
Çoğu zaman kıyılmış lahana ile de servis edilir .,neutral
Geceleri oynadığım korku oyunlarından.,fear
lahmacundan kıl çıkması,disgust
Sınavdan düşük not alınca üzüldüm.,sadness
Düşük not aldığımda.,sadness
Öğretmenim çok ödev verdiğinde çok sinir oluyorum.,anger
Sevdiklerimin yanımda olması.,happiness
sınavı kazandığımda mutlu oldum.,happiness
Kaza yaptığımız zaman çok korktum.,fear
Annem telefonda özledim dediğinde.,sadness
Yere tüküren insanlardan.,disgust
Anneme küfür ettiklerinde.,anger
en sevdiğim şey yemek yemek ve oyun oynamaktır,happiness
Yenilen zeytinin ağzından püskürterek çıkarılması tiksindirici.,disgust
Yıllardır arkadaşım olan bir insanın arkamdan konuştuğunu öğrenince öfkelendim.,anger
Haksızlığa uğradığımda öfkelenirim.,anger
Hoşlanmadığım şakalar yapıldığı zaman.,anger
"""Fenerbahçe'ye"" yenildiğimiz zaman.",sadness
Şemsi Efendi ise hayatı boyunca Osmanlı topraklarından başka bir yerde bulunmamıştır .,neutral
Edebiyat sınavım iyi geçtiği zaman.,happiness
Ölüm.,fear
Fakat eğer kasabada kalırsa artık mutsuz olmayı bırakması gereğini de bildirir .,neutral
Başarılı olduğum zamanlar.,happiness
Yaptığım şakaya gülünmemesine üzülürüm.,sadness
"Bir işin kötü sonuçlanacağını anladığımda, kendimi güvende hissetmeyince ve herhangi bir kargaşanın ortasında kaldığımda korkarım.",fear
Anneme motor çarptığını öğrendiğim zaman.,fear
Denizlere kanalizasyon akıtılması.,anger
Bornova merkezde bir çocuk gelip bizden para isteyince korktum.,fear
Sigara kokusu.,disgust
"Yeğenlerimi alıp sevince çok mutlu oluyorum. Hele de kız bebeklerin tatlılığı içimi sarıp sarmalıyor. O masum ve musaffa gülüşlerin ileriki yaşlarını tahayyül ediyor ve onların yanında olmak arzusu duyuyorum. İlk veya son, hepsi de birbirinden tatlı, insana mutluluk veren çehreler olmuştur benim için.",happiness
Ter kokusundan tiksindim.,disgust
Oturulan mekanda yanımdaki insanların bağırarak konuşmasına deli olurum.,anger
Ankara Devlet Konservatuvarı Bale Anasanat Dalı yüksek devresi mezunudur .,neutral
Çok çaba sarf ettiğim bir şeyin gerçekleşmesi.,happiness
Çok üzüldüm uzun süre hayvan beslemedim. Diğerlerinin de öleceğini düşündüm,sadness
Meşrubat adının kökenleri hakkında farklı teoriler vardır .,neutral
Arkadaşlarım izinsiz eşyalarımı karıştırdığında.,anger
Topluluk önünde konuşmaktan korkarım.,fear
Çok emek harcadığım bir konuda başarılı olmak ve övgü almak.,happiness
Lunaparktaki bazı oyuncaklardan korkarım.,fear
Matematikten 100 aldığımda.,happiness
En yakın arkadaşımın sürpriz yapıp yaşadığım şehre ziyarete gelmesine çok sevindim.,happiness
Bunun yanı sıra bazı hayır kurumları devletlerden ve uluslararası organizasyonlardan da destek alırlar .,neutral
Yüksek bir yerden aşağıya baktığımda çok korkuyorum.,fear
Çöplerden.,disgust
Böcek gördüğüm zaman.,fear
Kuş pisliği.,disgust
Gittiğim maçta kavga çıktığı zaman.,fear
Sadece beş yıl içinde İşletme Fakültesi Dekanı oldu .,neutral
Yağmurlu bir günde arabada sevdiğim eski bir şarkıyı dinlerken çok mutlu oldum.,happiness
Yarışmada yaşanan bir diğer ilk orkestrada kadın orkestra şefleri görev alması olmuştur .,neutral
TEOG sınavında bütün soruları doğru yapınca mutlu oldum.,happiness
Sevmediğim bir şey yediğimde.,disgust
Bir akrabamın kanser olduğunu öğrenmek.,sadness
Hoş sürprizlerden mutlu olurum.,happiness
Yakın birisinin ölümü.,sadness
Partinin başkanlığına ilk önce Mehmed Emin Resulzade seçilmiştir .,neutral
Krallık Çin tarihinde genellikle Güney Han Hanedanı olarak anılır .,neutral
arkadaşım benim dışınca biriyle ilgilenince çok sinirleniyorum.,anger
Yolda paramı düşürdüğümde.,sadness
Kapitalizm ve bu sistemin içinde olmak bana çok olumsuz şeyler yaşatıyor. Dolayısıyla öfke kaçınılmaz oluyor.,anger
Tiyatro oyunumuzu sergiledikten sonra rolüm doğrultusunda aldığım olumlu eleştiriler beni çok mutlu etti.,happiness
Haberlerde bir adamın köpeğe işkence ettiğini gördüğümde çok üzüldüm.,sadness
Çiğ köftenin ben doymadan  bitmesine üzülürüm.,sadness
Sürüngenler.,fear
İzmir Yüksek Ekonomi ve Ticaret Okulu mezunudur .,neutral
Bu araç savaşın son dönemlerinde tasarlandı ve üretildi .,neutral
karanlık bir  yerde kalınca çok korkuyorum.,fear
İnsanların yanımda yere tükürmesi.,disgust
Takip edildiğim bir gün korkmuştum.,fear
ilk evcil hayvanım öldüğünde çok üzülmüştüm.,sadness
taktir aldığında sevinirsin.,happiness
Çok konuşan insanlara öfkelenirim.,anger
Başkasının tarağını kullanmak.,disgust
Arkadaşımın kararlarımı sorgulayıp hakaret etmesine sinirlendim.,anger
Salyangozlardan.,disgust
Zamanımın boşa geçmesine öfkelenirim.,anger
Tek sigaramın kırılması.,sadness
Yüksek not almak.,happiness
Annem hastalandığında çok korktum.,fear
dişçiye ilk kez gittiğimde gerçekten korkmuştum hem de korkudan titremiştim.,fear
Dedemin ölmesine üzülmüştüm.,sadness
Sarı boynuzu ve sivri dişleri ile her an saldırıya hazırdır .,neutral
Düşmekten korkmuştum.,fear
Bana yalan konuşunca çok öfkelendim.,anger
bir kermesten aldığım baklava dilimlerinin içinden kıllar çıktı ve o gün hiçbir şey yiyemedim,disgust
Birisinin sürekli soru sorması.,anger
Yapmadığım bir şey yüzünden suçlandığımda öfkelenirim.,anger
Paramın olmaması.,sadness
Haksızlıklar olması.,anger
otobüsdeki veya dolmuştaki havasız ortamdan hiç hoşlanmam,disgust
Kuşlar ve dışkıları.,disgust
İyi beklediğim bir sınavdan kötü sonuç almak.,sadness
lise arkadaşlarımdan ayrılmak. Arka sıra muhabbetlerinin bitmesi,sadness
Ailemle birlikte olmak.,happiness
Osmanlı İmparatorluğu döneminde ise Anamur kentinin gelişmesi sonunda eski önemi kalmamıştır .,neutral
beşiktaş'ta kapkaça uğradığımda çok sinirlendim.,anger
Fen dersinde incelediğimiz küflenmiş besinler.,disgust
Haklı olduğum halde karşı tarafın ısrarla ukalalık etmesine öfkelenirim.,anger
Birisi kustuğunda.,disgust
Tuvaletten çıktıktan sonra suların akmadığını gördüğümde.,disgust
sarma sigara içen insanların üstüne kusmak istiyorum,disgust
Düşük not beklerken yüksek not almak.,happiness
Birine ciddi bir şey anlatırken dinlemediğini veya umursamadığını anlarsam öfkelenirim,anger
Çikolata yediğimde mutlu olurum.,happiness
Çabalarımın karşılığını aldığım zaman.,happiness
Servisteki küçük kızın her gün kusması.,disgust
Dağıtım geliştirme modelleri de paket yönetim sistemleri açısında temelde üç grupta incelenebilir .,neutral
Hırsızların ve tecavüzcülerin bu ülkede önemli pozisyonlarda olması.,anger
Arkadaşlarımla vakit geçirince.,happiness
ağız şapırdatarak yemek yenmesi beni iğrendirir,disgust
Yolculuk yaparken neredeyse trafik kazası geçiriyorduk.,fear
Yalan söylenmesi.,anger
Hakarete uğradığımda.,anger
Bir ara tramvay müzesi olarak kullanılan tiyatro binası yerinde günümüzde itfaiye binası vardır .,neutral
ilk iğne yediğimde çok korktum,fear
Demiryolu ağı ve hava limanı şehirde mevcut değildir .,neutral
Evde tek başıma iken gelen seslerden korkarım.,fear
Gün doğumundaki sessizlik.,happiness
Tam o sırada River Song adlı bir kadın arkeolog takımıyla beraber gelir .,neutral
Ter kokusu.,disgust
Ulusal dergi ve gazetelerde spor konularında araştırmaları ve makaleleri yayınlanmıştır .,neutral
Sevdiklerimin ölmesi ve aniden çıkan yüksek ses.,fear
adaletsizliğe uğradığımda çok öfkelenirim.,anger
kafama pet şişe atılmasına kızıyorum.,anger
Önce veriler sıralama düzenine koyulur ve sıralanmış her bir veriye bir sıra numarası verilir .,neutral
Yolda yarım paket sigara bulduğum zaman.,happiness
Araba kazasının ucundan döndüğümüz an.,fear
içmediğimden çok rahatsız oluyorum dağda bile bana gelir nefret,disgust
Üniversiteden mezun olduğumda mutlu oldum.,happiness
Kusmuk.,disgust
Patlıcandan tiksinirim.,disgust
Yanlış anlaşıldığım ya da konuşmama izin verilmedi zaman.,anger
Fizik sınavından yüksek not aldığım zaman.,happiness
Genelde yanında ufak bir kitapçık ile verilir ürün .,neutral
yalan söylemeye çok öfkelenirim.,anger
Sınavların okulun son haftası yapılmasından nefret ederim.,anger
Kötü kokular duyduğum zaman.,disgust
evin perdeleri leş gibi kokuyor ve her yerde kirli çoraplar oluyor.,disgust
Annemin ölümü.,sadness
Farelerden tiksinirim.,disgust
"""Fenerbahçe'nin"" ""Avrupa Ligi'nde"" yarı final oynamasına.",happiness
Yükseklikten çok korkuyorum dizlerim titriyor.,fear
Kendisini üstün gören saygısız insanlardan.,disgust
Sürpriz tatil planları.,happiness
Silahın hangi cephelerde kullanıldığına dair elimizde kesin bir bilgi yoktur .,neutral
"Tarihte ""Arap"" adına ilk olarak Asur kaynaklarında rastlanmıştır .",neutral
Ailemle ve arkadaşlarımla aram iyi olduğu zaman.,happiness
Üniversiteyi kazandığıma çok sevindim.,happiness
Ailemden birini aradığımda ulaşamadığım zaman.,fear
şapırdatarak yemek yiyen insanlar beni delirtiyor.,disgust
Ölüm ile ilgili bir film izlemiştim. Sürekli öleceğimi düşünmüştüm.,fear
Sevdiğim çocukla konuştuğum zaman.,happiness
Sınavdan yüksek aldığımda çalışmalarım boşa gitmiyor ve mutlu oluyorum.,happiness
Ağzın içinde yiyecek görmek.,disgust
Sevgilimle birlikteyken.,happiness
çocukların kendi arasındaki Sohbetleri beni çok mutlu eder,happiness
eşim işten çıkarıldığında çok hüzünlendim.,sadness
Jutland Muharebesi gibi çoğu taarruz ve çarpışmada kullanılmıştır .,neutral
Uyuyunca ve yemek yerken mutlu olurum.,happiness
El şakalarından hoşlanmıyorum.,anger
Maç sonrası bizi dışarıda bekleyen karşı taraftarın kalabalık olduğunu gördüğümde,fear
Okul tuvaletleri.,disgust
Son anda otobüsü kaçırdığımda.,sadness
yurt arkadaşlarımın yoldan geçen insanlardan sigara istemesi çok iğrendirici,disgust
Sevmediğim insanlarla aynı sınıfa düşmek.,sadness
Ders boş olduğu zaman.,happiness
"Diğer öğretmenlerin yemekhaneye erken gidilmesine izin verip ,bizim öğretmenin  izin vermemesine.",anger
Korku filmi izlerken.,fear
Çamurdan tiksinirim.,disgust
Erciyes Üniversitesi Edebiyat Fakültesi Türk Dili ve Edebiyatı Bölümünde Türk Halk Bilimi öğretim üyesidir .,neutral
Seçimler sonucunda Başkan Clinton Senatör Dole karşısında kesin bir zafer kazanmıştır .,neutral
Bir arkadaşımın ağladığını görmek.,sadness
Bana verdiği sözü tutmadığı için kırıldım.Benzeri durumlar devam edince bana değer vermediğini düşünüp onunla plan yapmadım.,sadness
Bisiklet yolunda yürüyen insanlar.,anger
insanların ikiyüzlü olması beni tiksindiriyor,disgust
Böcekler.,fear
Bunlardan anlaşılacağı üzere şimdiki halkı bu iki kökene dayanmaktadır .,neutral
Sezon sonunda Beşiktaş takımı namağlup şampiyon olmuştur .,neutral
İtalyan Dili Ve Edebiyatı bölümünden mezun oldu .,neutral
Ben konuşurken dinlemeyip kendisi konuşanlara kızarım.,anger
Arkadaşımla akşam sahilde gezerken aniden önümüze çıkan köpekten korktuk.,fear
Gök gürlediği geceler çok korkarım,fear
Buna rağmen tüm eleştiriler olumlu yönde değildi .,neutral
Sınavlarımın güzel geçmesi.,happiness
Yolda hayvan pisliğine basınca tiksindim.,disgust
Eğitsel oyunlar özellikle eğitim amaçlı tasarlanmış oyunlardır .,neutral
Bu mağaraların Perslerin yaşadığı ve mağaraların çevresindeki kalıntıların eski bir kente ait olduğu söylenmektedir .,neutral
Örümceği gördüğümde tiksiniyorum.,disgust
"""Fenerbahçe'nin"" gol kaçırmasına.",sadness
Sigara kokusundan.,disgust
Antik kentin kuruluşu ile ilgili farklı bilgiler bulunmaktadır .,neutral
Korkmam.,fear
Arkadaşım sinir krizi geçirdiği zaman.,fear
Aileme bir şey olacak diye çok korkarım.,fear
Ciddiye alınmadığım zaman.,anger
Yere çöp atılmasına.,anger
Yere tükürülmesi.,disgust
Burnunu karıştıran  birini gördüğümde çok tiksinirim.,disgust
Bu da oksijenin kan dolaşımına geçmesini zorlaştırır .,neutral
Ailemle ve erkek arkadaşımla kavga ettiğim zaman.,sadness
Kardeşimin anneme beni şikayet etmesine.,anger
"Kardeşimle geçirdiğim her an ve birlikte yaptığımız, paylaştığımız her şeyden mutluluk duyarım.",happiness
evde böcek görmekten ödüm patlar.,fear
öğrencilerim saygısızlık yaptıklarında çok kızıyorum.,anger
Önüne gelen dişiye asılan tipler beni tiksindirir,disgust
iş başvurumun kabul edilmesi beni çok mutlu etmişti.,happiness
Yüksek not.,happiness
İnsanlar üzüldüğü zaman.,sadness
Karanlıktan çok fazla korkarım.,fear
ailemden birini kaybetmekten,fear
İşlerimin yolunda gitmediğini düşününce korkarım.,fear
Genellikle bodrum ve evlerin diğer soğuk bölgelerinde görülürler .,neutral
Genelde her şeye sinirli ve öfkeliyim.,anger
Kusmuk.,disgust
Haklıyken haksız duruma düştüğümde.,sadness
Evde yalnızken tuhaf sesler duyduğum zaman.,fear
11. sınıfa geçişim.,happiness
"Bu yüzden ""Isaac"" [""Yitzhak""ın İngilizce çevirisi] adını verdim .",neutral
eve gelen misafirin sigara içmesinden tiksinirim.,disgust
Hapse girip çıktıktan sonra adamı bir daha bulamaz; çünkü adam bilinmeyen bir sebeple tutuklanmıştır .,neutral
Sınavlardan korkarım.,fear
Kredimin  yattığı gün. Annemle konuştuğum zaman. Sevgilim özledim yazdığında.,happiness
Manisa'dan İzmir'e seyahat ederken yolun kaygan olması sebebiyle arabanın kontrolünü kaybettiğimde çok korkmuştum.,fear
Notlarım düşük olduğunda.,sadness
Kavgalar.,anger
Fakat Fransızlar önceki çatışma gibi bu çatışmada da yenildi .,neutral
Annemle evde iken eve hırsız girmişti.,fear
Bu turun hayatında yaptığı en iddialı şey olduğunu belirtti .,neutral
Beni dinlemeden yargılayan insanlara kızarım.,anger
Yaptığım şey doğru olduğu halde yanlış diye ısrar edilince öfkeleniyorum.,anger
Ailem yanımda olduğu için mutluyum.,happiness
Belediye çukuruna düşmek,fear
Hediye almaktan mutlu olurum.,happiness
Yeni aldığım kum torbasının sağlam çıkmasından mutlu oldum.,happiness
Birisi kustuğu zaman tiksiniyorum.,disgust
aniden çıkan şeyler beni ürkütür,fear
Rüyamda yüksek bir yerden düşmek ve karanlık.,fear
sevdiğimin yanında olmak beni mutlu eder.,happiness
Süt ve sütle alakalı her şey.,disgust
bir insanın geğirmesinden tiksinirim,disgust
Annemin evde kalp krizi geçirip bayıldığı an.,fear
Başkasının bardağından su içmek zorunda kaldığım zaman.,disgust
"Oda arkadaşım gecenin bir yarısı kabus görüp, çığlıklar içinde uyanıp, dili tutulunca çok korktum.",fear
bir arkadaşım arkamdan iş çevirirse çok öfkelenirim.,anger
Beş Kage’nin köylerine göre değişen unvanları vardır .,neutral
"Güzel şeyler duyduğumda , alışveriş yaptığımda ve yüksek not aldığımda.",happiness
çok çalıştığım sınavdan düşük almaktan çok korkmuştum.,fear
Yüzünü yıkamadığı için hoşlanmıyorum.,disgust
ilk kez dayı olmuştum hayretler içerisinde yeğenime sarıldım,happiness
Ağabeyimin doğum günümü unutmasına.,sadness
Yer ile herhangi bir temas olmaksızın yerin çeşitli özelliklerinin tespiti işidir .,neutral
Özgürlük meydanında ayrıca değişik toplu gösteriler düzenlenmiştir .,neutral
Bir çocuk kafama boncuklu tabancayla sıktığı zaman.,anger
Yüksek lisansı kazandığımda çok mutlu oldum.,happiness
Arkadaşlarımla olmak.,happiness
Gece duvarda böcek gördüğümde tiksindim.,disgust
Kaşarlı tostu yediğimde içinden çıkan cıvık yağı görmek.,disgust
Karanlıktan korkarım.,fear
okulda bir konuyu anlayamadığımda hırsımdan deliye dönerim,anger
Kesinlikle dağınıklıktan hoşlanmıyorum. Bir de oraya ait olmayan objelerin orada bulunmasına dayanamıyorum. Örneğin kahve bardağının sanırım tuvalette bir işi yok.,disgust
Yüksek not aldığım zaman.,happiness
Paulus başkanlığı altında bir senatörler heyeti taht naipliği için görevlendirildi .,neutral
Sevdiğim adamın cesaretsiz tavırları beni çok üzüyor.,sadness
İnsanlara yardım ettiğimde onların yüzündeki gülümsemeyi görünce mutlu oldum.,happiness
kardeşim yapma dediğim şeyleri yapınca ona sinirlenirim,anger
misafir çocuğu yatağıma yattığında çok tiksindim.,disgust
Çok biliyormuş gibi her konuda konuşan insanlardan.,anger
para biriktirmeye başlayıp istediğim pahalı bir şeyi alınca mutlu oluyorum.,happiness
çalışıp haksız yere kaybedince üzülüyorum,sadness
Eser Fransızcadan Türkçeye çevrilerek Aras Yayıncılık tarafından basıldı .,neutral
"Babamın tayini sebebi ile ""Gelibolu'dan"" buraya taşındık. Oradaki arkadaşlarımdan ve anılarımdan ayrıldığım için üzülüyorum.",sadness
İlk yapım tarihi bilinmeyen kilisenin bulunduğu yerde Doğu Roma döneminde bir kilise olduğu bilinmektedir .,neutral
Şarkının çıkışından bu yana birçok sanatçı tarafından seslendirildi ve televizyonda ve filmde yer aldı .,neutral
Bundesliga gol kralı çıkararak bu kategoride rekoru elinde tutmaktadır .,neutral
Tuvalet kokusundan tiksinirim.,disgust
İnsanlar yere tükürünce.,disgust
İzlediğim korku videosundan korktum.,fear
okula her gün bir buçuk saatte gelmek.,anger
Finali geçme barajını birkaç puanla kaçırdığımda.,sadness
Yerlere tüküren insanlar gördüğüm zaman.,disgust
Bir anda kapı çarpınca korkarım.,fear
arkadaşlarım tarafından satıldığımda çok öfkelenmiştim,anger
Kampüste spor alanları açık ve kapalı olarak yapılandırılmıştır .,neutral
Uzun süre hazırlandığım bir sınavdan yüksek not alınca mutlu oldum.,happiness
Ailemle beraber olduğum zaman.,happiness
yeğenlerim benim mutluluk kaynağımdır. bana dayı dediklerinde bütün dünya benim olur.,happiness
sevdiğim bir topçunun hak ettiği on numarayı sırtına geçirmesinden çok haz aldım,happiness
evde gece yalnız kalmaktan korkuyorum.,fear
Üniversitenin boş işlerle zamanımızı harcamasından korkuyorum.,fear
su bardağında su bırakılmasından hoşlanmıyorum,disgust
Buffy ve Angel hep hayal ettikleri muhteşem günü yaşarlar .,neutral
verilen sözün tutulmamasına öfke duyarım,anger
Evde otururken birden elektrikler kesildi.,fear
Kadınlara şiddet uygulayanlara.,anger
İftira atılırsa.,anger
Zevk olsun diye köpeklere zor anlar yaşatan küçük çocuklara öfkeleniyorum.,anger
ablam üniversiteye gittiğinde büyük bir varlığın hayatımdan geçici bir dönem gitmiş olması beni çok üzmüştü.,sadness
evimizde anneme ait bir sandık vardı ve sandığın çekmeceleri vardı. bir gün içini temizlemek için açtığımızda eşyaların arasına bir farenin yavruladığını görünce tiksindim.,disgust
Böceklerden korkarım.,fear
Delta ve Epsilon sürümleri Erhan Kılıç ile geliştirilmiştir .,neutral
deprem olduğunda kaçacak delik ararım,fear
Birkaç yüzyıl Pers Aryan medeniyetinin yayılmasında kilit şehir olarak rolünü korumuştur .,neutral
Kötü bir not alınca.,sadness
Kedim öldüğünde çok üzüldüm.,sadness
Günümüzde internet sitesi olarak yayın hayatına devam etmektedir .,neutral
"Benim adıma cevap verilmesi,başkalarına değersiz hareketlerde bulunulduğunda.",anger
Yakın arkadaşlarımın benimle dalga geçmelerine üzüldüm.,sadness
Evde yalnız kalmaktan tırsarım,fear
insanların klişe laflarından iğreniyorum.,disgust
"""fenerbahçe'in"" son haftada şampiyonluğu vermesi beni yıkmıştı",sadness
Çar Petro bu durumdan çok iyi faydalandı .,neutral
Arkadaşım ile mangal yapmaya gitmiştik.,happiness
"Nişan ""yıldızı"" gümüşten yapılmış olup düz ve yontulmuş parçalara sahipti .",neutral
"bu yıl öğretmenlerim tarafından başarılarım fark edilip, takdir edilince çok mutlu oldum.",happiness
köyde akrep gördüğümde korktum.,fear
Sınavlarda yaptığım dikkatsizliklere.,anger
temizliğe dikkat etmeyen birini gördüğümde ondan tiksinirim.,disgust
Aile bireylerinden birisinin eve geç kalması beni korkutur.,fear
Kardeşimin kafasında 3 tane porselen tabak kırılmıştı.,fear
Eski arkadaşlarımı düşündüğümde ve yalnız olduğumda üzülürüm.,sadness
Bu durumda öncü maddeler birikir ve asıl sorunu da bu oluşturur .,neutral
Babamın ani ölümü (Kalp krizi) beni çok üzdü. Uzunca sürecek bir depresyona girmiştim.,sadness
Hakkımın yenmesi ve iftiraya uğramak.,anger
Paramın bitmesi.,sadness
Kafama vurulması.,anger
Bana sürpriz doğum günü yapılmıştı.,happiness
Yüksek beklerken düşük bir not almak.,sadness
Akrabamın ölmesi.,sadness
Belirli bir sıcaklıkta kuantum mekanik tünel oluşturma etkisi akımı durur .,neutral
Telefon aldığım zaman.,happiness
Bu liseyi kazandığım zaman.,happiness
Futbol oynarken iyi bir hareket yapmak.,happiness
suçsuz olmama rağmen suçlandığımda,anger
Benim için önemli olan konu yüzünden ağlarken birisinin durumuma gülerek karşılık vermesi beni çok öfkelendirir.,anger
El şakaları.,anger
Metroya binmek.,fear
"""10 Ekim"" deki ""Ankara katliamı"" olduğunda. Çünkü babam da o mitinge gitmişti. ""Allah'tan"" babam iyiydi.",fear
Cebimde para olduğu zaman mutluyum.,happiness
Zor beklediğim sınavın kolay çıkması ve eve geldiğimde annemin en sevdiğim yemeği yapmış olması.,happiness
Arkadaşlarımla eğlenirken mutlu olurum.,happiness
Ani yapılan sınavlar.,fear
anneannemin vefat etmesi beni çok üzüyor.,sadness
Ders boş olduğunda ve müzik dinlediğimde.,happiness
Aynı  tabaktan yemek yiyen insanları görünce onlardan iğreniyorum.,disgust
Sevdiklerimden ayrı kalınca üzülüyorum.,sadness
"ani ölümler, ayrılıklar beni en çok üzen şeyler arasında yer alır.",sadness
Ailemle tatile çıktığımda çok sevindim.,happiness
Hükümdarlığının ilk yıllarında babası gibi Çin ile iyi ilişkilerde bulundu .,neutral
Çiftçi pazarları dünya çapında birçok ülkede bulunmakta olup yerel kültür ve ekonomiyi yansıtmaktadır .,neutral
Sevdiğim erkeğin de  beni sevmesi.,happiness
Köpek kovalaması.,fear
Öğretmenin ders işlememesi.,happiness
"Evimin orada her pazar pazar kuruluyor, ertesi gün olan manzara midemi bulandırıyor.",disgust
Eskişehir Anadolu Üniversitesi Devlet Konservatuvarı Tiyatro bölümünden mezun oldu .,neutral
Sevdiklerimin sağlık sıkıntısı çekmesi.,sadness
Ailemin bana hediye alması.,happiness
Yüksek beklediğim sınavdan düşük not aldığımda.,sadness
İnsanlar benim hayatımla ilgili yorum yaptığı zaman.,anger
Kısacası her şey tek bir cisim gibi kabul edilebilir .,neutral
Bununla beraber bu etkiler çeşitli faktörlerden etkilenmektedir .,neutral
sınav sonuçlarının açıklanacağı zaman korkarım,fear
Performans ödevimi  özensiz yaptığım için kendime öfkelenmiştim.,anger
tanımadığım birinin burnunu karıştırması,disgust
Emir verilmesi.,anger
Korku filmi izlerken korkarım.,fear
Sınavdan düşük not alınca.,sadness
astım hastalığım olduğunun farkında olmalarına rağmen eğlence ortamında gelip sigara içmelerinden nefret duyup tiksiniyorum.,disgust
Aynı dönemde Avrupa ülkelerinin kolonilerinde sömürgecilik karşıtlığı yükselişe geçti .,neutral
Tel Aviv’de doğan yazar şimdilerde Kudüs’te yaşamaktadır .,neutral
Üniversite sınavını kazanırsam mutlu olacağım.,happiness
İlgilendiğim proje ile ilgili önemli birisine attığım maile cevap gelmesi mutlu etti.,happiness
Doktoranın bitmesi beni çok sevindirir,happiness
yalanı iş edinmiş mevki sahibi insanların hak etmedikleri yerlerde görülmesi beni şiddetle öfkelendiriyor.,anger
Sevdiğim dizinin sezon finali yapmasına.,sadness
sevgilimle ilk defa baş başa kalınca çok mutlu olmuştum.,happiness
otobüste telefonumun çalındığını düşünüp çok sinirlenmiştim. O an orayı dağıtmak istedim. Düşürdüğümü fark edince sakinleştim.,anger
taraftarı olduğum takımın avrupa maçında gol atması,happiness
İngilizce sınav sonucu açıklandığı zaman.,fear
Bir öğretmen hak etmediğim  not verdiğinde.,anger
Üniversite ülkenin en büyük üniversitesi olmasından da dolayı her zaman ciddi siyasi rolleri olmuştur .,neutral
Kopya çekerken yakalandığımda.,fear
Ben konuşurken dinlemeyen insanlara.,anger
Kuzenim nişanlandığında onun adına çok sevindim.,happiness
sabahları uyandırıldığımda çok sinirlenirim. Çünkü uyumayı sevdiğim için kendim uyanmayı tercih ederim.,anger
Arkadaşlarım arkamdan konuştu ve o gün çok öfkelendim.,anger
Nefret ettiğim kızlar rezil olup ağlayınca mutlu oluyorum.,happiness
Bir bebeğim olacağını öğrendiğimde mutluluktan havalara uçtum.,happiness
Romalıların atalarını oluşturan bu topluluk italik adını taşıyordu .,neutral
Sahil Tümen Komutanı yardımcısı Alparslan Çelik ve emrindeki birlikler tarafından ateş açıldı .,neutral
Akşam eve gittiğimde annemin güler yüzüyle karşılaştığım zaman.,happiness
Sınavdan yüksek not almak.,happiness
İnsanların terbiyesiz konuşması.,anger
Hiç arkadaşımın olmaması,sadness
"ne zaman küçük bir sinek görsem beni tiksindirir, midemi bulandırır.",disgust
Ankara patlamasında ağabeyimin orada olması beni çok korkutmuştu.,fear
diş ameliyatı olduğumda,fear
Yağmurdan sonra ortaya çıkan sümüklü böcek ve salyangozlar.,disgust
kızlarla anlaşamamak benim canımı sıkıyor,sadness
"ablamın sürekli titiz, ortalığı toplama, temizlik yapma hallerinden bıktım.",anger
2 aydır biriktirdiğim paramı aldığımda mutlu oldum.,happiness
Davranışların değişmesi demek özetle manastır yaşamı kurallarına uyulması demektir .,neutral
Ahi Evran Üniversitesi Tıp Fakültesi Dahiliye Ana Bilim Dalında Bölüm Başkanlığı yapmıştır .,neutral
Sevdiğim kişiden aynı sevgiyi görememek.,sadness
Bir uzay kazasından kurtulan Vicki ve Bennett üç gün boyunca kurtarma gemisinin gelmesini beklerler .,neutral
Kişisel bakımına ve temizliğine önem vermeyenlerden.,disgust
Düşük not almak.,sadness
Köpekler bana doğru koşunca korkuyorum.,fear
Genel olarak hareketli kanallar dikdörtgen bir yapıya sahiptir .,neutral
Yanlış anlaşılmak.,sadness
"kokulara karşı hassasım. yeni tanıştığım insanda koku veya temizlik durumu beni etkiler, o insanı tanımasam dahi tiksinebilirim, bir de banyoda gider yerindeki saçta örtülü bir tıkanıklık en iğrendiklerim arasındadır.",disgust
Yazlıkta gece uyurken arka terasta ağlayan kadın sesi duyduğumda çok korktum.,fear
"""Üsküp'te"" bir köprünün altındaki derede sıcak havadan dolayı ayaklarımızı ıslatalım dedik. Demez olaydık böyle bir idrar kokusunu asla unutamam.",disgust
İlerleyen saatlerde polis bazı duran insanları yaya trafiğini engellediği gerekçesiyle gözaltına alındı .,neutral
Hoşlandığım çocuk başkasına mesaj attığı zaman.,anger
"bu sene ""galatasaray'ın"" dördüncü yıldızı takmasına çok içerlendim.",sadness
karanlıktan korkarım.,fear
Yalan söyleyenlerden.,anger
Günün birinde ortadan kaybolan adam arkasında büyük bir gizem bırakmıştır .,neutral
İnsanların ağızlarıyla garip sesler çıkarması.,disgust
Altmış dördüncü ve altmış beşinci Kongreler için aday oldu; ancak seçilemedi .,neutral
arkadaşım beni haksız yere suçladığında kızdım.,anger
Bunun icin daha önceden yapılmış çalışmalardan yararlanılır .,neutral
Tahtaya tırnak sürtünmesi gibi tiz sesler.,disgust
Amcam kanser olduğu zaman.,sadness
İyi not almak ve film seyretmek mutlu ediyor.,happiness
uzun yıllar arkadaşlık yaptığım iki arkadaşlarımla arkadaşlığımızı bitirdiğimiz gün çok üzüldüm.,sadness
Fakat havalimanı genel olarak Toulouse kentine hizmet vermektedir .,neutral
Yüksek beklediğim bir sınavdan düşük not aldığım zaman üzülürüm.,sadness
Gittiğim mekanın pis olması.,disgust
Bir yakınımı kaybettiğim zaman.,sadness
Gençliğin haline çok üzülüyorum,sadness
İlk gitarımı aldığımda.,happiness
Televizyonlardaki canilikle ilgili sahneler.,anger
Banyoda saç görmekten hoşlanmıyorum.,disgust
sigara kokusundan tiksiniyorum.,disgust
Bir işi yapamayacağımı bildiğim halde yapmak zorunda kaldığımda.,anger
Yapay zekanın dünyayı ele geçirmesi çok korkutucu.,fear
Yolda yürürken bir evin bahçesindeki köpek aniden havlayınca çok korktum.,fear
Bana iftira atıldığında öfkelenirim.,anger
Matematik dersinde iki soruyu çözünce mutlu oldum.,happiness
Öğrencilerimle sevgi ilişkimin bozulmasından korkarım,fear
tahinden iğreniyorum.,disgust
Tehdit edilmesi ve yalnız kalmak.,fear
Okulda bana kötü davranılması.,sadness
"""Wing Tsun"" maçını kazanamadığımda üzülmüştüm.",sadness
İstediğim okulu kazandığımda.,happiness
Arkadaşım masaya damlayan nar ekşisini yaladığı zaman çok tiksindim.,disgust
Özlediğim biriyle görüşmek,happiness
Yerlere çöp atılması.,anger
boş konuşan beni öfkelendirir.,anger
Bozuk yemek yediğimde.,disgust
Mutsuz edecek hiç bir şey olmaması.,happiness
Böcek yiyen insanlardan tiksiniyorum.,disgust
birinci sınıfa giderken aşı olmaktan çok korkuyordum.,fear
Bencil insanlar ve engelli vatandaşlara bilinçsizce yaklaşan insanlar beni üzer.,sadness
Böcek gördüğüm zaman.,fear
çocuklarımızın yanında sigara içilmesinden hoşlanmıyorum,disgust
annem en sevdiğim yemekleri yapınca içimi huzur kaplar.,happiness
"Babam ""Ankara'daki"" eylemdeydi. Ona bir şey oldu diye çok korktum.",fear
Gece ve hafta sonu nöbetleri de olabilir .,neutral
Böceklerden.,disgust
Düşük beklediğim sınavdan yüksek not aldığımda mutlu olurum.,happiness
Bu sırada Lindsey de kendine yeni bir el yaptırmıştır .,neutral
kuzenimin düğünü oldu çok mutlu oldum,happiness
İkiyüzlü ve yalancı insanlar.,anger
ağabeyimle geçirdiğim her an beni çok mutlu ediyor.,happiness
"""Algoritma'dan"" 0 almak.",sadness
Birisi bana hediye alırsa ve yüksek puan alırsam mutlu olurum.,happiness
yılandan korkarım,fear
Benim olan bir şeyin çalınması.,anger
"oğlumun yanına gitmiştim.Telefonum eskiydi. Taksitle bir cep telefonu aldım. çarşıya çıktım. Telefonum yan tarafta kabında idi.Kalabalıkta telefonumu çaldırdım. Yeni almıştım ona mı üzülürsün,arkadaşların telefon numaraları gitti, ona mı üzülürsün,eve geldim hanım sitem eder. İyice öfkelendim. Restimi çektim.Evde kimse telefondan bahsetmesin dedim.",anger
sevdiğim kız bana abi dedi,sadness
Yaşananlar sonucunda devler ve tanrılar düşman olurlar .,neutral
Kuzeyindeki kumul tepeleri tarım alanına dönüştürülerek tahrip edilmiştir .,neutral
Karanlık.,fear
Birçok insan çocuğun ailesini ve hayvanat bahçesi görevlilerini bu ölümden sorumlu tuttu .,neutral
sessizlik ve yalnızlık beni korkutur,fear
Tatile gidince mutlu olurum,happiness
Rolü olamadığım an.,sadness
Optik ortamın karanlık bir yerde saklanması durumunda ise daha uzun süre kalmaktadır .,neutral
Birisinin ağzı açık yemek yemesi.,disgust
Beklemediğim sonuçlar korkutur.,fear
Yemeğimden kıl çıktığı zaman.,disgust
Başarıyı yakaladığım an.,happiness
Sokağa tükürülmesi.,disgust
Kızlar çok saf üzülüyorum.,sadness
Sevdiğim insanların bana ters davranması.Onlarla konuşamamak.,sadness
Sınavda iken arkamdaki çocuğun sürekli kaç dakika kaldı diye saati sormasına.,anger
Kandırılmak ve yalan söylenmesi.,anger
Düşük beklediğim sınavdan yüksek not almak.,happiness
Eğim özelliklerinin yanında çökel malzeme özellikleri ile de çevredeki morfolojik birimlerden kolayca ayırt edilebilir .,neutral
Kötü olan her şeyden tiksinirim.,disgust
Bunun sonucu olarak bu tür malzemelerde net bir mıknatıslanma gözlenir .,neutral
Küçük kardeşimi yeni yemek yedikten sonra döndürmüştüm o da kusmuştu.,disgust
korku filmi izledikten sonra yalnızlıktan tırsarım,fear
Böceklerden tiksinirim.,disgust
BİRİSİ KUSARKEN TİKSİNİRİM.,disgust
En son 2013 haziran ayında mutlu olmuştum.,happiness
Gece üç harflilerden yani cinlerden bahsedince korkarım.,fear
İnsanların gereksiz kaprislerine.,anger
Alkollü birisinin karşımda kusmasına öfkelendim.,anger
Bana ya da bir yakınıma küfür edildiği zaman.,anger
geğiren insan çok tiksindirici.,disgust
evde piyano çalarken herhangi birinin gelip saygısız bir şekilde televizyon izlemesi.,anger
komşunun geğirmesi iğrenç,disgust
eşimi mutlu edemediğimde çok üzülüyorum.,sadness
küçükken biri oyuncağımı çalmıştı.,anger
yalan söyleyip başkalarını kullananlardan hoşlanmıyorum.,anger
Geç saatlerde ıssız sokaklarda eve yürümek.,fear
Futbol turnuvasında yenildiğimiz zaman.,sadness
Sınavdan 100 beklerken 80 aldım.,sadness
Bu proje de o liste içerisinde yer almaktadır .,neutral
Hediye almak.,happiness
Yalnız kaldığım zamanlar mutlu oluyorum.,happiness
çalar saat kurmadığım için kendime çok kızdım.,anger
İstediğim konserin biletlerinin bitmesi.,sadness
birisiyle kavga ettiğim zaman,anger
Yakınıma zarar gelmesi.,sadness
Arık Böke ile Kubilay arasında savaş sürerken Arık Böke kuvvetleri giderek zayıflamaya başlar .,neutral
"sevdiğim insandan olumsuz ters bir söz duyunca, görünce üzülürüm.",sadness
Neredeyse tüm diğer ülkelerin vatandaşları varışta vize alabilirler .,neutral
Şahin kılığında uçabilen bir büyücü olduğu da söylenir .,neutral
Sevgilimle sinemaya gitmek.,happiness
Terli derse girmek.,disgust
Dönemde Avrupa Güvenlik ve İşbirliği Teşkilatı Parlamenter Asamblesi Türk Grubu Üyesi olmuştur .,neutral
Ameliyat olacağımı öğrendiğim zaman.,fear
Yüksek not aldığım zaman.,happiness
Derslerde başarılı olmak.,happiness
Sınavda kodu işaretleyip işaretlemediğimi hatırlamayınca korktum.,fear
Bilgisayar oynamak.,happiness
Bilgisayarımın klavyesi bozulduğunda.,sadness
Ayrıca birçok vücut geliştirme yarışmalarında şampiyonluk dereceleri bulunmaktadır .,neutral
Ve klip yine komik bir şekilde sona erer .,neutral
en büyük korkum ölü insanlar,fear
Benim elimde olmayan bir durumdan dolayı kaybetmek.,sadness
anneannemi düşününce çok üzülüyorum.,sadness
İnsanların yalan söylemesi ve bazı şeyleri saklı gizli yapmasına.,anger
birinin yapacağını söylediği şeyi yapmamasına öfkelenirim,anger
Sınavdan beklediğimin altında not almak.,sadness
işimde başarılı olamadığımda üzülüyorum.,sadness
Seçtiğim dersin kaldırılması,sadness
Yemeklerden kıl çıkınca.,disgust
"Annemin beni ismimle çağırmamasına, ha bire yemek ye demesine ve eşyalarımın karıştırılmasına öfkeleniyorum.",anger
Cinlerden korkarım.,fear
"Drama için ilk solo şarkısı ""You Are The One""ı yayınladı .",neutral
Saçma sapan hareketlere.,anger
Geleceğimizden korkuyorum.,fear
Doğum günümde yeni telefon alınması.,happiness
arkadaşımın nakil olduğunu öğrenince saatlerce ağladım.,sadness
Karşıma aniden biri çıkınca ürkerim.,fear
Piknikte az kalsın köpek saldırısına uğruyordum.,fear
Hastalığın bu denli ciddi sonuçları olduğu toplum içinde çok fazla bilinmemektedir .,neutral
Bunlardan birinin diğerinden daha iyi olması gibi bir durum söz konusu değildir .,neutral
Ağzını açarak yemek yenmesi.,disgust
Yol üzerindeki ölü hayvanlar.,disgust
Sınavdan düşük not almam.,sadness
Kenny hemen hemen her bölümde ölür ve öldüğü zaman fareler tarafından yenir .,neutral
kan vermeye gittiğimde beni kan tuttuğundan tiksindim.,disgust
"Futbol gibi insanları uyutan ve uyuşturan her türlü iyi ,kötü veya zararlı,zararsız her türlü alışkanlıklardan tiksiniyorum.",disgust
evimize sapık dadanınca çok korktum,fear
Bir arkadaşımın arkamdan sessizce gelip beni korkutması.,fear
Oda arkadaşımın çöpleri yere atması beni tiksindiriyor.,disgust
Beklediğimin altında puan aldığım zaman.,sadness
Gösteri öncesinde yapılan maçta Rusev ve Big Cass karşılaştı .,neutral
Kadın kılına değmekten tiksinirim.,disgust
Anastasios bu tehlikeyi durdurmak için diplomasi yollarını kullanmaya kararlıydı .,neutral
"öfke kelimesine tekamül eden kişi matematik öğretmenimdir, bana yapılan haksızlığı asla unutmayacağım",anger
Saygısızlık yapan insanlara.,anger
Şeffaf bir görünümde ticaretin kolay hale gelmesi hedeflenmektedir .,neutral
Yolculuk yaparken yanımdakinin sakız çiğnemesinden.,disgust
Arkadaşımla buluşacaktık ama o gelmedi.,anger
Uçağa bindiğimde.,fear
Sevdiğim biri ile aram bozulunca.,sadness
İğrenç bir şeyi gördüğümde.,disgust
haksızlığa uğrayan birini gördüğümde .,sadness
haksızlığa uğradığım zamanlar. Haksızlık olaylarını kaldıramıyorum.,anger
Sınav notu açıklanırken.,fear
Mutfaktaki pis kokudan tiksinirim bir şey yiyemem.,disgust
gece tek başıma eve dönerken çok korkmuştum.,fear
Arkadaşlarımın kızlar hakkındaki muhabbetleri.,anger
Tamamen aynı ödevi verip yarı puan almak.,anger
Temizlik malzemesi bittiğinde çok üzülürüm.,sadness
Yakınımda peynir bulunmasından tiksinirim.,disgust
Kaza yapmaktan son anda kurtulduğumuz an.,fear
İnsanların mantıksız düşüncelerini dinlerken.,anger
Albümün müzik eleştirmenlerinden aldığı yorumlar farklı farklı yorumlar oldu .,neutral
Arkadaşlarımın el hareketi yapması.,anger
Silgi'mi aldıkları zaman sinirleniyorum.,anger
yükseğe çıkmak,fear
Caminin batı yönünde yer alan Yakutiye Medresesi ile aynı alan içerisinde yer alır .,neutral
Babam para verdiği zaman.,happiness
Arkadaşım beni ret ettiğinde.,anger
Evli erkeklere yakınlaşmaya çalışan kızlardan tiksiniyorum,disgust
Günümüzde hala konserler ve senede bir kez yapılan boğa güreşleri için kullanılmaktadır .,neutral
Geminin silahları için Krupp ile sözleşme yapılmıştı .,neutral
Kusan birisini gördüğüm zaman.,disgust
Okul tuvaletine girince.,disgust
Gaz rezervlerinin büyük bölümü belli iki stratigrafik aralıkta yer almaktadır .,neutral
tanımadığım birinin bardağından su içmek.,disgust
Ancak bu adam Frankie ile geçirdiği zamanlardan büyük zevk almaya başlar .,neutral
Dün fenerbahçe maçında korktum.,fear
Kapalı alanlardan korkuyorum,fear
Benimle dalga geçildiğinde.,anger
Haksızlığa uğradığımda.,anger
Beklemediğim bir başarı gösterdiğim zaman.,happiness
Korku filmi izlerken.,fear
Kız arkadaşımla buluşunca mutlu oluyorum.,happiness
böcekler üzerime çıkınca iğrenirim.,disgust
Dersin boş olması.,happiness
Bu anketin gerçek bir amaç için verilmesine üzüldüm.,sadness
"evde kedi, köpek gibi hayvanların bulunmasından hoşlanmam.",disgust
Ortaokulda sınıf arkadaşım rahatsızlandığında istifra etmişti ve o  zaman tiksindim.,disgust
Sınav notları açıklanırken.,fear
Mezun olduktan sonra birkaç Alman yapımında küçük rollerde yer aldı .,neutral
Evsiz ve fakir insanlara.,sadness
Kültürel normları ve yerel güzellik standartlarını yerine getirmek için estetik amaçlara hizmet edebilir .,neutral
Buraya ulaşmak için deniz yolu dışında bir seçenek bulunmamaktadır .,neutral
İnsanlarla iyi iletişim kurduğumu hissettiğim an.,happiness
Karşımdaki kişi uyuşuk davrandığı zaman.,anger
köyümüzde gece ışıklandırma çok az olduğu için her şey daha korkunç bir hale geliyor.,fear
Arkadaşım ölüp bir daha onu görememek.,fear
ağlayan çocuk görünce üzülürüm.,sadness
Daha sonra savaş karşıtı bir aktivist olarak eylemlerde bulundu .,neutral
Kitap Urduca olarak yazılmıştır ancak birçok dilde çevirisi mevcuttur .,neutral
küçükken ilkokulda iğne olunacağı zaman çok korkmuştum,fear
Babam hastanedeyken ona bir şey olacak diye çok korktum.,fear
Birisinin konuşurken yüzüme tükürmesi.,disgust
Eve hırsız girdiğinde çok korktum çünkü tek başımaydım.,fear
Balgam gördüğümde tiksiniyorum.,disgust
Korosu gibi birçok Koro ve Topluluğu yönetti .,neutral
Yolda ezilmiş fare gördüğümde.,disgust
"İğneden korkarım, hiç sevmem.",fear
Lig ekiplerinden Yeşil Giresun Belediye ile sözleşme imzalamıştır .,neutral
Ben sadece Allah'tan korkarım.,fear
Onun bu girişimi Konfederasyon hükümetinin bir ültimatom vermesiyle sonuçlandı .,neutral
Ölü hayvan.,disgust
Sevdiklerimden ayrı düşmek beni çok üzer.,sadness
Görmek istediğim insanı bir daha görememek.,sadness
"""10 Kasım'da"" saygı duruşu sırasında oturan birisini gördüğümde.",anger
"İşkembe, ciğer kokularından tiksinirim.",disgust
Günümüzde saray manastır okulu olarak hizmet vermektedir .,neutral
Korku filmi izledikten sonra etkisinde kalıp korkarım.,fear
Her an mutluyum.,happiness
Okulda yaşamadığım her olaydan mutlu olurum.,happiness
hasta olan yakınlarımın ya da yaşlı olan dedem veya anneannemin öleceğini düşünmek beni çok üzüyor.,sadness
Birinin yere tükürmesinden.,disgust
"""dabbe"" filmini izlerken korkudan ölüyordum.",fear
TEOG sınavından iyi not aldığımda,happiness
Voleybol oynarken bir kıza fena çarptım.,sadness
Haksız yere birisinin bana bağırması.,anger
Karanlıkta kalmaktan korkarım.,fear
Üretilen mühimmatı bitene kadar az sayıda görevde kullanıldı .,neutral
Arkadaşımın hastalandığında yanına gittim. Onu iyi görünce sevindim.,happiness
İnsanların gerçekleri söylememelerine kızarım,anger
Delikli tambur yatay veya dikey olarak takılabilir .,neutral
Hoşlandığım insanla vakit geçirdiğimde.,happiness
Son olarak prens ile Şekerleme Perisi birlikte dans ederler .,neutral
Ancak eve geldiğinde tam tersi olaylar yaşanır ve sevgilisi kendisini terk eder .,neutral
Odamdaki eşyanın benden izinsiz yerinin değiştirilmesine kızıyorum.,anger
arkadaşım gözlerimin içine bakarak yalan söylemişti ve ben aşırı sinirlenmiştim.,anger
Yerde para bulduğum zaman.,happiness
ölmekten korkuyorum.,fear
Bulunduğum odada bir sineğin uçup durması ve onu öldüremiyor olmak beni sinirlendirir.,anger
Hayal ettiğim ve çok istediğim bir şeyin olması.,happiness
Arkadaşımın bana ettiği hakaretler sonucunda hiç bir değerim olmadığını anladığım zaman.,sadness
sınavdan düşük alınca mahvolurum,sadness
Enrico Fermi için çalışan Herbert Anderson ile tanıştı .,neutral
Bundan sonra fotoğraf tekniği büyük bir ilerleme kaydetmiştir .,neutral
Tabii ki onlar onun bencil olduğunu söyler .,neutral
Ölü hayvan gördüğüm zaman.,disgust
Lise eğitiminin ardından İstanbul Bilgi Üniversitesi İşletme Bölümünde eğitimine devam etti .,neutral
Birisi tarafından gerçekten sevildiğimi hissettiğim zaman.,happiness
Bu çalışmaların yanında çok sayıda uluslararası projenin ortağı veya uygulayıcısı olarak araştırmalar yürütmektedir .,neutral
Burs paramın yatması.,happiness
Derslerin hepsini istediğim şekilde verince çok sevindim.,happiness
Annemin üzüldüğü an bende üzülürüm.,sadness
Otobüste tacize uğradığımda korktum.,fear
Tavuk budu ve derisi.,disgust
Karşıdan karşıya geçtiğim zamanlar araba çarpacak diye korkarım.,fear
"hamam böceği, fare gibi haşeratları görünce çok tiksiniyorum.",disgust
Otobüste koltuk altı kokan bir adam.,disgust
Ailem ve akrabalarımdan ayrılınca üzülürüm.,sadness
Bazı Uzak Asya ülkeleri ve Arap ülkeleri de yine sosyalizme geçmişlerdir .,neutral
"""İngilizce"" sınavından 25 aldığımda.",sadness
Sonra kendi imzası ile çeşitli dergilerde şiirler yayımladı .,neutral
"Ailemle trafik kazası geçirmiştik, o günden beri arabalardan korkarım.",fear
Yeni kurulan partinin Merkez Komitesinde ölünceye kadar görev alır .,neutral
ailemin yüzü güldüğünde,happiness
Karşıdan karşıya geçerken bir araç neredeyse bana çarpıyordu.,fear
Sevgilimin ailesiyle birlikte evimize gelmesine çok sevindim.,happiness
Arkadaşlarımın benden habersiz konser bileti aldığını öğrendiğimde öfkelenmiştim.,anger
Kuzenim öldüğü zaman.,sadness
Arkadaşım sınıfın ortasında kusmuştu.,disgust
Yapmak istemediğim bir şeyi yapmak zorunda bırakılmak.,anger
Sözcüğün kökeni konusunda çok fazla spekülasyon bulunmaktadır .,neutral
Bu suçların çok büyük bir kısmı cinayetle sonuçlanır .,neutral
Düşük not almak ve böcek.,fear
Elmas sahaları bulunurken havadan ve yerden arama yapılmaktadır .,neutral
Yalnızken elektriklerin birden kesilmesinden korkarım.,fear
"Yemeğin içinden istenmedik bir şey çıkınca tiksinirim, yiyemem.",disgust
Üzüleceğimi düşünmeden bir şey yapıldığı zaman öfkeleniyorum.,anger
Arkadaşımın gereksiz hareketleri.,anger
Harçlık aldığım an.,happiness
"tiksindiğim tek şey terör örgütü ""pkk""",disgust
Düşük not beklediğim sınavdan yüksek alınca.,happiness
Olmasına kesin gözle baktığım bir durumun gerçekleşmemesi.,sadness
Orta Çağ pazarları ve özellikle çiftlik hayvanı ticareti onun büyümesini destekledi .,neutral
Fizik sınavına çok çalışmama rağmen düşük not aldım.,sadness
Yılandan korkarım.,fear
Saçımla oynanması.,happiness
Oz Büyücüsü ile ünlenen Judy Garland ın kızı .,neutral
Yalan söylenmesi.,anger
Dedemin vefatı.,sadness
Örgüt kısmi olarak kapitalizm karşıtı görüşleri de savunur .,neutral
Kardeşimin doğması.,happiness
Evde tek başımayken sesler duyduğum zaman.,fear
Saldırgan köpeklerden.,fear
Yere tükürüldüğünde tiksinirim.,disgust
Gitar çaldığımda mutlu olurum.,happiness
Karanlık ve ölüm.,fear
Küfürlü konuşan insanlardan.,disgust
Bazı arkadaşlarımın gereksiz şakaları.,anger
yüksek sesle konuşulunca öfkeleniyorum.,anger
İçtiği içeceği püskürten insanlar.,disgust
Ancak komünistler bu alanda sendikal alana göre daha başarısız olur .,neutral
Açıklamak istediğim bir şeyi açıklama cesareti bulamadığım zamanlar.,sadness
İyi bir puan aldığım zaman.,happiness
Uykusuz kalıp sabaha kadar uğraştığım ödeve hocanın 0 vermesi.,anger
Beklediğim notu almadığımda.,sadness
Çocukken bazı insanlar dişçiyi öcü gibi tanıtıyor bu da beni ürkütmüştü,fear
Otobüste anne babası ayakta olduğu halde oturan öğrenciyi gördüğümde çok öfkelenirim.,anger
"""Fenerbahçe'nin"" şampiyonluğu kaçırması.",sadness
Kendime olan güvenimi yitirdiğim anlarda korkarım.,fear
Korktuğum ve şüphelendiğim bir şeyin gerçek olmadığını anlamak mutlu ediyor.,happiness
Sınıfta boş konuşulduğu zaman öfkelenirim.,anger
Kötü kokular.,disgust
"Kibirli, egoist insanlardan tiksinirim.
      Okul çıkışı bir şahsın yüzüme karşı hapşırmasından tiksindim.",disgust
hastaneye gitmekten çekiniyorum.,fear
İnsanlara gösterdim sevgiyi onlardan göremediğimde öfkelenirim.,anger
Herhangi hayvanın aniden karşıma çıkmasından.,fear
Anneannem vefat ettiği zaman.,sadness
Yakınlarımın başına gelen hastalık gibi kötü şeylere.,sadness
Her piskoposluk makamı kutsal bir makam olarak kabul edilir .,neutral
Yaptığım bir şeyin yeteri kadar iyi olmadığı iddia edildiği zaman öfkeleniyorum.,anger
Çok küçük olan gözlerin göz bebekleri yuvarlaktır .,neutral
annem olmadığında bulaşık yıkamak beni tiksindirir.,disgust
Haksızlığa uğramak.,anger
Kardeşimin elinin kapıya sıkışmasından çok korkmuştum.,fear
İnsanların sorumlulukları karşısında ciddiyetsiz davranması.,anger
Kahvem döküldüğü an.,sadness
Ekmek sırasında beklerken önüme birisi geçti.,anger
Dördüncü şampiyonaya on üç Avrupa ülkesinin yanı sıra Mısır katıldı .,neutral
Ölümlere üzülürüm.,sadness
Sınavın iyi geçmesi.,happiness
Babaannemin ölümüne üzüldüm.,sadness
"""Raul Meireles'in"" maç sırasında formasının yardımı ile burnunu temizlemesi.",disgust
Mevcut banknotların tüm ön yüzlerinde Mustafa Kemal Atatürk portreleri bulunmaktadır .,neutral
Arabayla giderken aniden bastıran şiddetli yağmurdan önüme göremediğim zaman korkmuştum.,fear
öğretmenin boş derste ders işlemesi. sınıfın yarısı yokken ders işlenmesi,anger
Pırasa kokusu.,disgust
Çeşitli sivil toplum kuruluşları ve platformlarda aktif görev aldı .,neutral
Evde tek başıma iken anlam veremediğim sesler duyduğumda.,fear
Bisikletten düştüğüm zaman.,fear
Düşük not aldığımda.,sadness
Umumi tuvaletlere girdiğim zaman tiksiniyorum.,disgust
Hayvan pisliği kokusu.,disgust
Arkadaşlarımın birden beni yalnız bırakmaları.,sadness
Yükseklik.,fear
uzak doğuluların böcek yemesi,disgust
Benim adıma karar verildiği zaman.,anger
çalışma arkadaşımın benim fikirlerimi kendi fikri gibi anlatmasına dayanamıyorum ve çok sinirleniyorum.,anger
Arkadaşımın konuşurken ağız kokusunu alınca tiksiniyorum.,disgust
bu yıl fenerbahçe şampiyonluğu kaçırdığında çok üzüldüm.,sadness
Çocukken yanlışlıkla içtiğim idrar aklıma geldikçe tiksiniyorum.,disgust
Ter kokan birinin yanımda oturmasından tiksinirim.,disgust
"Evde yalnızken hırsız girmişti, polisi aradım ve beni dikkate almadılar. Elimde meyve bıçağıyla bağırarak evden çıktım.",fear
Küçükken evde tek başıma kalmıştım.,fear
Fare gördüğümde tiksinirim.,disgust
Deneme sınavında çok ses çıkaranlara sinirleniyorum.,anger
Ülkemizdeki terör olaylarına üzülüyorum.,sadness
Ellerini yıkamadan yemek yiyen insanlar.,disgust
Serviste birinin kusması.,disgust
Bu kılıç çoğu katana gibi değil ve şekli düz .,neutral
Birileri tarafından dışlanmak.,anger
Arkadaşlarımla iyi vakit geçirdiğim zaman mutlu olurum.,happiness
Korku filmlerinde nadiren de olsa korkarım.,fear
Yakınlarımdan birisini kaybetmek.,sadness
tartışma yaşamak beni her zaman derinden etkiler,sadness
Pizza yediğim zaman.,happiness
Okulun bahçesindeki Kötü kokan ağaçtan   tiksiniyorum.,disgust
En yakın arkadaşım okul değiştirdi.,sadness
yaptığım bir şaka sonrasında arkadaşımın aldığı hal beni çok korkutmuştu,fear
Eşimle seyahate çıktığımız zaman çok mutlu oluyorum.,happiness
İzinsiz eşyalarımın kurcalanması.,anger
Şamanlar ayrıca hastalıkların tanısı yapar ve tedavisini uygular .,neutral
Yazdığım kod düzgün çalıştığında .,happiness
korku filmi izlerken,fear
Çikolata yediğim zaman.,happiness
kuşum öldüğünde çok üzülmüştüm.,sadness
Çocukken balkonda olan yavru kedilerimi başka bir kedinin öldürdüğünü görünce çok üzüldüm,sadness
Bu bölgenin Türk turizmine kazandırılması büyük kazanç olacaktır .,neutral
ilk defa yalnız kaldığımda çok korkmuştum,fear
Sınıflar arası basketbol turnuvasında finale çıktığımızda çok mutlu olmuştum.,happiness
Tatillerde mutlu olurum.,happiness
yalan söylenilmesi beni rahatsız ediyor,anger
İnsanların yalan söyledikleri anda öfkelenirim.,anger
Tırnak yiyen insan gördüğümde.,disgust
Uzun süredir istediğim bir şeyi  aldığım zaman.,happiness
Her sınavdan çıktığımda mutlu olurum.,happiness
ölen dedem aklıma geldiğinde çok üzülüyorum.,sadness
Sınavlardan sonra beklentimin altında not almaktan korkuyorum.,fear
Elimde telefonum varken yüksek bir yerde isem telefonumu düşürmekten korkarım.,fear
insanların bencilliği beni çok sinirlendiriyor.,anger
Uzun süredir görmediğim arkadaşımı gördüğümde mutlu oldum.,happiness
arkadaşımın çantamı saklamasından nefret ediyorum,anger
insanlara yardım edince huzur buluyorum.,happiness
İnsanların saçma sapan hareketleri ve çıkardığı seslerden tiksiniyorum.,disgust
Kedim ve köpeğim ile birlikteyken benden mutlusu yok.,happiness
Türlerin yarısı sadece Güney Afrika Cumhuriyeti sınırları içinde bulunur .,neutral
Düşük beklediğim sınavdan yüksek not almak.,happiness
eşimin benden habersiz önemli konularda karar vermesi beni çok sinirlendirir.,anger
En sonunda onu bulan taşıyıcı kamyonu onu yarışa götürür .,neutral
Masum insanlara yardım edemediğim için.,sadness
Kurbağalardan.,disgust
Alıcılar oldukça güçlüdür ve hemen hemen her şehirde bir yayın merkezi vardır .,neutral
Düşük not aldığımda.,sadness
Yalan söylenince çok sinirlenirim,anger
Ailemle birlikte olduğumda mutluyum.,happiness
Ağzını şapırdatarak yemek yiyen insanlar.,disgust
Eline bir makam geçen kişilerin kendilerini ayrıcalıklı görmeleri beni öfkelendiriyor.,anger
Yola çöp atan insan görmek hoşuma gitmiyor.,disgust
Yolda beni takip eden sapıktan korkmuştum.,fear
Öyle mesudum ki sevdiğim pembe panjurlu evimiz olacağı için..,happiness
Gurbetteki aileme bir şey olacak diye korkarım.,fear
"Bir  konuya çalışıyordum çok çalışmıştım, ama okula gittiğimde o konuyu yapamadığımı gördüm ve çok üzülmüştüm.",sadness
bir insanın doymak bilmeyen sonsuz egosuyla övünerek konuşması,anger
"Yağlı ,kirli ve dağınık saçlı insanları görmek tiksindirir.",disgust
John hala ilk çıkan albümü üzerinde çalışmasına devam etmektedir .,neutral
Ardından dönüp karısına bakar ve genç kadının ölmüş olduğunu görür .,neutral
Yakın arkadaşım beni doğum gününe çağırmadığı zaman.,sadness
iyi niyetli yaklaşıma verilen kötü cevaplardan tiksiniyorum. Sağlık sektörüne yapılan saldırılar gibi.,disgust
Yaşadığım güzel bir anımı hatırladığım zaman.,happiness
Başkalarıyla paylaştığım kıyafetlerden tiksinirim.,disgust
Aileme yalan söylediğimde öğrendiklerinde korktum.,fear
Ağabeyim televizyonun önüne geçtiği zaman.,anger
"beni gelip kaçıracaklarını düşünmüştüm, çok tırsmıştım.",fear
Matematikten düşük not aldığımda çok ağladım.,sadness
Bunlar çoğunluğu ileri sanayileşmiş ülkelerde kurulu bulunan yenilikçi firmalar tarafından geliştirilir .,neutral
Benim doğru dediğimi arkadaşlarımda benimseyince.,happiness
Bir polisin çocuğu önünde öldürülmesi.,sadness
Babam bana karıştığında.,anger
yaz aylarında evime bir misafir geldiğinde ve terleme sonucu çoraplarında oluşan kiri gördüğümde o gittikten sonra halıları yıkamak isterim,disgust
Ailemde birliktelik gördüğümde.,happiness
Sevdiklerim ile birlikte olduğum zamanlar.,happiness
Babam iş kazası geçirdiğinde.,sadness
Kusmuk.,disgust
Arkadaşımın her yere kusmasından.,disgust
Tükürükten çok tiksinirim.,disgust
Başarılı olmak ve her şeyi tek başıma yapıp kendime yetebilmek mutlu ediyor.,happiness
"Hadise ise tüm bu iddiaları reddederek şarkıların ""sadece albümün güzel olmasını"" amaçladığını açıkladı .",neutral
Matematikten 100 aldığım zaman.,happiness
Parçalanmış kedi yavrusu gördüğümde tiksindim.,disgust
Köy halkının geçim kaynağı tarım ve hayvancılığa dayanmaktadır .,neutral
Dayak yemekten.,fear
Annem bana sürpriz yaptığında mutlu oluyorum.,happiness
ıslak veya terli bir eli sıkmaktan veya o kişiyle tokalaşmaktan tiksiniyorum.,disgust
"yurtta film izliyorduk, tuvalet arası verdik. ben tuvaletten dönerken arkadaşım eşek şakası yaptı, yüreğim ağzıma geldi",fear
Kapalı havzanın en alçak kısmında Van Gölü yer alır .,neutral
Kötü sporculardan.,anger
Uzman bir dolandırıcı yakışıklı çapkın bir adamdır .,neutral
Karşıdan karşıya geçerken.,fear
Birisi önümde kusarsa.,disgust
Kantinin pahalı olmasına.,anger
Aniden bir şeyin önümde belirmesi.,fear
Daha dış kesimlerde makrofajlar ve az sayıda lenfosit görülür .,neutral
böceklerden korkarım.,fear
Telefonuma yanıt verilmeyince kızarım.,anger
Örümcekten korkarım.,fear
Üniversiteyi kazanmış öğrencilerin sayısında da artış olmuştur .,neutral
yıllarımızın geçtikçe evlatlarımızın büyüdüğünü görmek beni çok memnun ediyor.,happiness
Böcek ve pis insanlar.,disgust
Haksızlığa uğradığımda.,sadness
Bir arkadaşımla karşılaştığımda bana yüz çevirmesi.,sadness
Matematikten 100 almak.,happiness
"Şarkının ekip bilgileri ""Elbette"" albüm kitapçığından alınmıştır .",neutral
hak ettiğimi almamak beni sinirlendirir,anger
Babaannemin vefatı.,sadness
Bu liseyi kazandığım zaman.,happiness
Görgü kurallarına uyulmadığı zamanlar.,anger
Otobüs erken geldiğinde.,happiness
annemle babam telefonda aracı olarak beni kullanarak kavga edince sinir oluyorum ve çoğu zaman sinirden ağlıyorum.,anger
"Birinci yarı finalde yarışan şarkı ""İkinci Şans"" turuna gitmeye hak kazanmıştır .",neutral
Korku filmi izlerken aşırı derecede korkarım.,fear
Burada hem çiftçilik yaptı hem medresede ders verdi .,neutral
Dedemin vefatı beni çok üzdü,sadness
silahlı çatışmadan korkarım.,fear
Uzun zaman üzerinde çalıştığım bir konu hakkında iyi sonuç almak.,happiness
bilgisayarda oyun oynarken benden bir şey istenmesine kızıyorum,anger
derslerim kötü olacak diye korkuyorum,fear
Çikolata yemek.,happiness
Terör olayları ve eğitim sistemimizdeki belirsizlikler öfkelendiriyor.,anger
annem hasta olduğunda çok korktum.,fear
canım yiyecek bir şey çektiğinde babamın üşendiği için almaya gitmemesine üzülüyorum.,sadness
Sınavlardan 100 aldığımda,happiness
Kendimi güvende hissetmediğim zamanlar.,fear
Bazı insanların cahilliği.,anger
İnsanların yanımda sigara içmesi.,disgust
Yumurtalı köfte gördüğüm zaman.,disgust
yemeğimin içinde yüzen sinek beni tiksindirir.,disgust
Haksız yere suçlandığım zaman.,anger
Gemiden indiğimde babamı gördüğüm an.,happiness
Bu yüzden sadece bir kişi için izin alır .,neutral
Hepinizden iğreniyorum.,disgust
Yaz ayları köy nüfusunun en kalabalık olduğu dönemi oluşturmaktadır .,neutral
Evimize hırsız girmişti.,fear
Bazı böceklerden.,disgust
balıkesirspor küme düşünce çok üzüldüm,sadness
İstemediğim hareketlerin ısrarla yapılmasına öfkelenirim.,anger
Küflenmiş ekmek yiyen bir kuş gördüğümde.,sadness
Eşine şiddet uygulayan insanlar.,disgust
Babam sesli yemek yediği zaman tiksinirim.,disgust
Her manastır zaman içinde kendi gelişimini sağlamış ve topluluklar oluşturmuşlardır .,neutral
Bir insanın pis şeyleri vücuduna sürmesi.,disgust
Sınavdan yüksek not almak.,happiness
Sevdiğim erkeğin başka bir kızla çıkması.,sadness
Yumurta yemiş bir kişinin su içtiği bardaktan yanlışlıkla su içmek.,disgust
cırcır böceklerini çok severim. cırcır böceklerinin sesini duymak beni mutlu ediyor.,happiness
Pis zihniyetli insanların bana bir şey yapmasından.,fear
Bulunduğum ortamdaki kötü kokulardan tiksinirim.,disgust
arkadaşımın osuruğu çok pis kokar,disgust
Çocukların küçük yaşta ölümlerine üzülürüm.,sadness
Kuzenimin kanser olduğunu öğrendiğimde.,sadness
Kısa süre içinde kadın hamile kalır ve bir kız çocuğu dünyaya getirir .,neutral
Kıllı vücut görmek.,disgust
Dünya Savaşı nedeniyle kariyerine bir süreliğine ara vermek zorunda kaldı .,neutral
Düşük beklediğim sınavdan yüksek not alınca.,happiness
Sınavdan düşük not aldığım zaman.,sadness
Fırtına sırasında şehirde bir de ölüm gerçekleşti .,neutral
Umudumun bitmesinden korkuyorum.,fear
Otobüste karşımdaki kişinin kusması.,disgust
Kahve telvesi ağzıma geldiğinde.,disgust
Laf atılmasına.,anger
Flair Nisan ayında yeniden Amerika şampiyonu olmuştur .,neutral
ilk kez akşam evde yalnız kaldığımda korktum,fear
Burnunu temizleyen insanlardan.,disgust
Korku filmi izlerken aşırı korkarım.,fear
Böcekler.,fear
Yolda giderken bir hayvana işkence yapıldığını gördüğüm zaman çok üzüldüm.,sadness
diktiğim fidanların baharla birlikte yemyeşil yapraklarla bezenmesi içimi mutlulukla doldurdu.,happiness
Harem içinde maddi olarak lüks ve rahat bir yaşam sürmüşlerdir .,neutral
Bu bölge içinde Srebrenitsa şehri de vardı .,neutral
tatlı yediğim zaman çok keyifli oluyorum.,happiness
Evlenme teklifi alınca çok mutlu olurum,happiness
Oyun oynarken öfkeleniyorum.,anger
İnsanlardan.,fear
Kör cahil olmasına rağmen öz güven patlaması yaşayan insanlardan tiksiniyorum.,disgust
Ailemle olduğum her an mutlu olurum.,happiness
Birisinin balgam çıkarması.,disgust
Haksızlıklar ve yalanlar.,anger
Karanlıktan korkarım.,fear
Birisinin çiğnediği yemeği başkasının yemesine.,disgust
Ailemden birisi hastalandığında.,sadness
Aç kaldığımda öfkeleniyorum.,anger
çok yakın arkadaşımı üzerlerse öfkelenirim.,anger
Pis bir yerde yemek yemek zorunda kaldığım zaman.,disgust
Ayrıca hiçbir profesyonel tiyatro ile ilişkisi olamaz .,neutral
Pek bir şeyden tiksinmem.,disgust
İğrenç filmleri izledikten sonra yediğimiz yemeklerin cıvık olması beni çok tiksindiriyor.,disgust
Küçük canlılardan tiksinirim.,disgust
yemek yerken ağzıma bilmediğim tatlar geldiğinde huylanırım,disgust
Masama konan çorbanın içindeki sineği görünce içim kalktı.,disgust
Dilbilimci olmadan Türk Dil Kurumuna Başkan olan tek kişidir .,neutral
Bu iki puanın toplamı en yüksek olan sporcu yarışmayı kazanır .,neutral
Ailemle zaman geçirdiğimde çok mutlu oluyorum.,happiness
bu okulu tutturduğuma çok sevinmiştim.,happiness
siyasilere çok kızıyorum.,anger
arkadaşım yanımda sigara içtiğinde küplere biniyorum,anger
İş yerinde bazılarının kayrıldığını gördüğümde öfkeleniyorum.,anger
Köpek ölüsünden tiksindim.,disgust
Chris aracının kontrolünü kaybederek bu grubun arabasına çarpar .,neutral
Bölgenin kuzeyden Çek Cumhuriyeti ve Polonya ile sınırı bulunmaktadır .,neutral
Uzun sürede yapabileceğim bir ödevin yarın için istenmesine üzülürüm.,sadness
Sevdiğim birisini kaybetmekten.,fear
polisten kaçarken ölen insanları gördüğümde çok üzülüyorum.,sadness
sokak köpeklerinden korkarım,fear
çikolatayı afiyetle yemek,happiness
En çok kabus gördüğümde korkarım.,fear
Bu isim aynı zamanda dedesinin de ismidir .,neutral
yılandan ödüm kopar,fear
Yemeğimden saç vb. çıkınca tiksinirim.,disgust
Fakat gölün tabanındaki kaynaklardan da tuzlu sular geldiği tespit edilmiştir .,neutral
Arabam kaza yaptığında çok öfkelendim.,anger
Ailemle vakit geçirdiğim anlarda mutluyum.,happiness
Misafirliğe gittiğim bir evde tatlı ikram eden ev sahibinin yaptığı sütlacın içinden kesilmiş tırnak çıkmıştı hayatımda tiksindiğim nadir ama aklıma kazımam en önemli olaydır,disgust
Düşük not almak.,sadness
Birisi bana yalan söylediğinde.,anger
Bir yakınımın ağır bir hastalığa yakalandığını öğrendiğimde.,sadness
annem ve babamın beni yatılıya bırakıp gittikleri ilk gün,fear
Sınıfımla karşılaştığımda mutlu oldum.,happiness
Tuvalette fare görünce çok tiksindim.,disgust
O yıllarda birçok büyük kulübün transfer listesine girmiştir .,neutral
Bu deniz savaşı sırasında birkaç yara almasına rağmen büyük kahramanlık gösterdi .,neutral
Yüksek bir yere çıktığımda.,fear
Haksızlık ve gelecek hakkında düşündüğüm zaman.,fear
Yaşadıkları bölge ise Galatya adı ile bir Roma eyaleti oldu .,neutral
Yalnız kalmaktan.,fear
yemek pişiren ya da servis eden kişinin hijyen kurallarına uymamasından hoşlanmam.,disgust
İnce bir harf olduğu halde kalın uyumludur .,neutral
geçen yaz kardeşim ve ailemle tatile gidemediğim için çok mutsuz olmuştum.,sadness
Galatasaray'ın hatalı gol yemesi.,anger
İnsanların enayi yerine koyması.,anger
üç harflilerden oldukça tırsarım.,fear
vicdan taşımayan insanlardan nefret ederim.,anger
Basit şeylere üzülüyorum.,sadness
Allah'tan başka bir şeyden korkmam,fear
Daha sonra ise South Melbourne kulübünde oynadı .,neutral
Anlamsız şakalar.,anger
Bütün böceklerden tiksinirim.,disgust
Sevmediğim birisi sınavdan yüksek not alırsa sinirlenirim.,anger
Gelirler Genel Müdürlüğü döneminde Finansal Forum gazetesinde ekonomik konularda köşe yazıları yazdı .,neutral
Kadın cinayetleri ve hayvanlara yapılan eziyetler beni üzüyor.,sadness
şimşekten tırsarım,fear
Ayrıca köyde her yıl ağustos ayında Fındık toplama şenliği düzenlenmektedir .,neutral
"metro tünelinin çökmesi
      mitinglerde patlama yaşanması",fear
Dersin ortasında kalemimin ucunun kırılmasına.,anger
Tip tarihi konusunda yazdığı kitapları ve Vatikan Gizli Arşivleri’nde yaptığı araştırmalarıyla biliniyor .,neutral
Akşam yalnız yürümek.,fear
Arkadaşlarımın bana yalan söylemesi.,anger
Akrabam tarafından ticarette zarara uğradım.,anger
Tuvaletin pis kokusu.,disgust
Arkadaşlarımla korku filmi izlediğimde ve rüyamda boşluğa düştüğümde korkarım.,fear
Attığım soru doğru çıktığı zaman,happiness
Yapma kelimesini anlamayan oğluma çok öfkelendim.,anger
galatasaray'ın şampiyonlar ligi'ndeki çeyrek finale çıkma maçında çok mutlu oldum.,happiness
Paramın olmaması.,sadness
Haksızlığa uğramak öfkelendirir.,anger
En önemli belirti olması nedeniyle bozukluk bununla adlandırılmıştır .,neutral
Ellerini yıkamadan tuvaletten çıkan insanlardan tiksiniyorum.,disgust
İlçedeki dağlar Mardin Eşiği Dağları olarak adlandırılmaktadır .,neutral
"Hırsız,kan ve iğne.",fear
İstediğim liseye giremediğim için üzüldüm.,sadness
Genç insanlar için düşük fiyatlı kıyafetler satıyor .,neutral
Haberlerde çocuklara karşı yapılan şiddeti gösteren haberler beni üzüyor.,sadness
Evde tek başımayken tuvalete girmeye korkarım.,fear
Karşımdaki beni dinlemeyince veya dikkate almayınca öfkelenirim.,anger
Tuna Köprüsü ile birlikte iki ülke arasındaki iki köprüden biridir .,neutral
Irkçı ve ayrımcı insanlardan.,anger
Naylon pahalıdır ve daha çok özel karakteristikleri yönünden kullanılır .,neutral
Karanlık.,fear
Haksızlığa uğradığımda.,anger
Sınava girmeden önce.,fear
Derslerin boş olduğu zamanlar.,happiness
Başarı bursu kazandığımda çok mutlu oldum.,happiness
Ailemden birisini kaybetmekten korkarım.,fear
Çok nadir bulunması nedeniyle çok az kullanım alanı vardır .,neutral
Yogada hareketleri daha kolay yapmam mutlu ediyor,happiness
"Arkadaşımın iftiraları, yalanları ve dalga geçmesi çok öfkelendirdi.",anger
Kötü bir şey olduğu zaman üzülürüm.,sadness
Düşük not alınca.,sadness
İlk arabaya sahip olduğum zaman.,happiness
kan aldırmaktan korkuyorum.,fear
Beklemediğim bir zamanda hediye almak.,happiness
Et yemek istemediğim halde annem ve babamın ısrarla yememi istemesi.,anger
arkadaşlarımın sigara içmesi,disgust
Bildiğim halde bilmiyormuşum gibi muamele görmek sinirlendiriyor.,anger
Yeğenimle geçirdiğim anlar.,happiness
Ardından sol kanadı beton bir duvara çarptı ve kırıldı .,neutral
Birilerini kaybetmek.,sadness
Yılan ve fareden korkarım.,fear
5 sene evvel geçirdiğim trafik kazası.,fear
Grande aynı zamanda albümlerinin yayınlanması ile de birçok rekor kırdı .,neutral
Zor sandığım inkılap sınavındaki soruların hepsini yapabildiğimde.,happiness
Karanlık ve sevdiğim birini kaybetme.,fear
Üniversite sınavında düşük not aldığımda babama söylerken korkmuştum.,fear
Sokakta yaşayan bir çocuk gördüğüm zaman.,sadness
Ameliyat olacağımı öğrendiğimde.,fear
Evde böcek gördüğümde tiksinirim.,disgust
çöp kovalarının ağzına kadar dolu olup çöplerin dışarıya taşmasından iğreniyorum,disgust
Ağzı açık yemek yiyen insanlar beni tiksindiriyor.,disgust
Uğradığı saldırılar nedeniyle birkaç kez yıkılan kale tekrar inşa edildi .,neutral
insanların haksızlık ile bir yerlere gelmesi beni sinir ediyor.,anger
Ağzı açık yemek yiyenden ve geveze insanlardan tiksinirim.,disgust
Kardeşimin odamı karıştırması.,anger
Babam sinirlenip bana bağırdığı zaman korkmuştum.,fear
İlçede etnik grup olarak ağırlıklı olarak Kürtler yaşamaktadır .,neutral
Engelli ve masum insanların ölmesi.,sadness
Çok yakın bir arkadaşım bana kırıldığında çok üzüldüm.,sadness
Samimiyetten uzak davranışlar.,anger
Paramı kaybettiğim zaman.,sadness
Temiz olmayan ve ter kokan arkadaşlarım yanıma gelirse tiksinirim.,disgust
En ufak şeye tepki veriyorum.,anger
annemin ameliyata alınması beni ürkütmüştü,fear
Annem babam ve kardeşimin ölmesinden.,fear
"Morbi vestibulum, velit id pretium iaculis, diam erat fermentum justo, nec condimentum neque sapien placerat ante.",neutral
Ani ölüm ve acı kayıplar altı yıl önce yaşanmış beni baya yıktı,sadness
Sevdiklerimle birlikte olunca mutlu olurum.,happiness
Misafirin evdeki yemek davetine çok geç gelmesi,anger
Arkadaşımı kusarken görmek.,disgust
Kopya çekerken yakalandığım zaman.,fear
Nihayet bölgenin en önemli şehri haline geldi .,neutral
Lisedeki ilk günüm.,happiness
Yalnız kalmak hep üzer.,sadness
Dalga geçildiğinde.,anger
Etkilendiğim birinin mesaj atmasıydı,happiness
arkadaşlarımla birlikte tatil yaptığımda,happiness
"Yılan, sümüklü böcek",fear
"Separated they live in Bookmarksgrove right at the coast of the Semantics, a large language ocean",neutral
Düşük not almak.,sadness
kendimi özel hissettiğim zamanlarda mutlu olurum.,happiness
Varşova Paktı ülkeleriyle iyi diplomatik ilişkilerle birlikte güçlü bir savunmayı savundu .,neutral
Babaannem öldüğü zaman çok üzülmüştüm.,sadness
kızım üniversiteyi bitirip diplomasını alına çok mutlu oldum.,happiness
Islatılmak  ve yatağıma yatılması sinirlendiriyor.,anger
Gürültü önleyici kulaklıklar yok edebilecekleri gürültü miktarını desibel cinsinden belirtir .,neutral
Çok sevdiğim bir arkadaşımın başka bir şehre gitmesi beni yıktı.,sadness
Birisini kaybetmekten korkarım.,fear
İnsan takımları veya insan bilgisayarlar uzun ve genelde sıkıcı hesaplamaları yaparlardı .,neutral
"Annemin ""alzheimer"" olduğunu sandığım an çok korktum.",fear
Kızımın sağlıklı doğumu beni çok mutlu etti.,happiness
Hoşlandığım kişi bana mesaj atınca.,happiness
Önümde oturan kişinin 4 gündür banyo yapmadığını duyduğum zaman.,disgust
Üzerime gelinmesi öfkelendirir.,anger
Osmanlı kaynaklarında da yerleşimden günümüzdeki adıyla bahsedilmiştir .,neutral
İnsanlar bana bir konuda baskı yaptıkları zaman .,anger
Yurt dışına çıktığım zaman çok mutlu oluyorum.,happiness
Buna karşılık kıtanın kıyılarında ve açık denizlerinde çok sayıda hayvan yaşar .,neutral
Okuldan mezun olduğumda ilk iş tecrübem beni ürkütmüştü.,fear
Hastalar işimi bana öğretmeye çalıştığında çok sinirlendim,anger
İnsanların hep kendi çıkarlarına göre hareket etmesi.,anger
Zachary Taylor yönetimi sırasında Fuller donanmada görev yaptı .,neutral
Evde tek başıma olduğum zaman.,fear
Komünizm sonrasında da kardeş ülke olarak kalmışlardır .,neutral
Beşiktaş şampiyon olduğunda.,happiness
El şakalarına.,anger
"dünyanın en güzel şeylerinden biri insanın yeğeninin olması, yıllık iznimi o zaman kullanmıştım",happiness
ailemin bölünmesi düşüncesi bile beni çok korkutur.,fear
Öfkelenmekle elime hiçbir şey geçmeyeceği eğer varsa öfkemi zapt etmeye çalışırım. Aksi takdirde rahatlayamayacağımı düşünürüm.,anger
Arkadaşımın bana yalan söylediğini anladığımda.,anger
Ailemden birini kaybedersem çok üzülürüm,sadness
Bir yakınımın vefat etmesi.,sadness
çocukken tek çocuk olmaktan sıkıldığımda kardeşim olduğunda dünyalar benim oldu,happiness
Köyde sıkılan kurşun mermisi yakınımdan geçince korktum.,fear
Hukuk lisansı yapmış ve özel hukuk alanında yükseköğrenim görmüştür .,neutral
İletişimi sağlayabilmek için ağ geçidi iletişim kurallarını dönüştürme işlemini gerçekleştirir .,neutral
Beden öğretmeninin 1 tur koşturacağım deyip 10 tur koşturması.,anger
Sevdiklerime karşı hata yapmak ya da hayal kırıklığı yaratmak.,sadness
Final sınavında çalıştığım yerden sorulmadı.,sadness
Arkadaşımın şaka niyetine eşyalarımı alıp sonra verip şaka yaptım demesine sinirlendim.,anger
"Tek bir kişi bile ""tek set"" olarak adlandırılan bir gruptur .",neutral
bir öğrenci kardeşimiz parkta top oynarken ihtiyar bir amcanın camına topu defalarca atmasından dolayı özür dileyeceğine ona kabaca karşı gelmesine sinir oldum,anger
Futbol koluna yazıldığımda çok mutlu oldum.,happiness
Yılandan korkarım.,fear
Bunun gibi kırka yakın soy ismi mevcuttur .,neutral
şişme botum denize uçtuğunda çok üzülmüştüm,sadness
Türbenin yanında eski bir camiden kalma kalıntılar ve küçük bir de mezarlık vardır .,neutral
Yemeğimden kıl çıkınca.,disgust
Bu durum dilin yapısında da kendisini göstermiştir .,neutral
dersi aa notu ile geçmek,happiness
Kamil Hoca'nın basket koçumuz olduğunu duyunca çok öfkelendim.,anger
Kötü kokulardan tiksinirim.,disgust
Sabahları açken yollarda balgam görmek.,disgust
Birisinin kusması.,disgust
Yemek yerken insanların ağızlarını şapırdatmalarından hoşlanmıyorum.,disgust
bazılarının çevresindekilere karşı alaycı davranmasına öfkelenirim.,anger
Aynı zamanda çeşitli yardım kuruluşlarında da yardım gönüllüsü olarak görev almaktadır .,neutral
Anneannem hastalanınca çok üzüldüm,sadness
Oyunda kaybedince üzülürüm.,sadness
Yakınlığım olmayan ve ben yaşlardaki kişilerin bana emir verir gibi konuşmalarına öfkelenirim.,anger
Liseye giriş sınavında istediğim liseyi az puanla kaçırdığımda.,sadness
Babamın birisiyle kavga etmesi ve ailemi kaybetmek.,fear
İstediğim liseye yerleştirildiğimi öğrendiğimde.,happiness
Bana ölümü çağrıştırıyor,fear
Sınavda çalıştığım yerden çıkmadığında.,sadness
Sınav notumu anneme söylemekten korkarım.,fear
Annemin benim hatam yüzünden ağabeyime tokat atması.,sadness
Bu diğer ses renklerinde de farklılık gösterir .,neutral
Ailemin ya da arkadaşlarımın başına bir şey gelecek korkusu.,fear
Saksafon çalmaktan mutlu oluyorum,happiness
Kentte adı günümüze ulaşan birçok ünlü kişi yetişmiştir .,neutral
Yüksek not aldığımda.,happiness
hayallerimi yapınca mutlu olurum.,happiness
sınıf hocamın bana değer vermemesi beni üzüyor.,sadness
Yakın arkadaşlarımın arkamdan konuştuğunu duyduğumda.,anger
Para ülkenin altyapısında ve yeni İsrail devletinin ekonomisinin oluşturulmasında kullanıldı .,neutral
Çalgının o dönemlerde de dinsel törenlerde kullanıldığı sanılmaktadır .,neutral
Sevdiğim şeylere zaman ayıramayacak kadar çok ödev verilmesi beni üzüyor.,sadness
İnsanların sesli şekilde sümkürmesi.,disgust
İnsanların sokakta yerlere tükürmesi.,disgust
Annem ile babamın kavga etmesi ve ağlayan birisini görmek.,sadness
Dağda yaşayan canlıların bir kısmı o bölgeye endemiktir .,neutral
Ağız şapırdatan birisi.,disgust
Arkadaşımda kaldığımda mutlu hissettim.,happiness
Hayvanım öldüğü zaman.,sadness
Ayrıca Yeni Azerbaycan Partisinin Genel Başkanlığını yürütmektedir .,neutral
Membran proteinleri yaygındır ve tıbbi olarak önemlidir .,neutral
Okulun bahçesinde bir sürü köpek bana doğru geldiğinde çok korktum,fear
Büyümek başımıza gelecekti. Bunu öğrendiğimde çok geçti.,sadness
Elektrik hattının güvenli bir şekilde yapımı ve elektriğin minimum kayıplarla iletilmesi çok önemlidir .,neutral
Daha sonra Pera Güzel Sanatlar Merkezinde pandomim ve oyunculuk dersleri aldı .,neutral
Yalan söyleyen kişilere sinirlenirim.,anger
Sigaram bittiğinde.,sadness
Öğretmenin aniden sınav yapması.,fear
Büyük Kulüp Genel Sekreteri olarak da görev yapmıştır .,neutral
Vasıfsız insanların büyük makamlara gelmesi.,sadness
Kadınlara iğrenç bir şekilde laf atan insanları gördüğümde.,anger
Aynaya baktığım zaman mutlu oluyorum.,happiness
Sevmek ve sevilmekten mutluluk duyarım.,happiness
Beslediğim hayvanımın ölmesine üzüldüm.,sadness
Örümcek gördüğümde.,fear
Molde'nin Fenerbahçe'yi yenmesi.,sadness
Gece karanlıkta tek başıma kaldığımda korkarım.,fear
Her şeyden öfkeleniyorum.,anger
yakın arkadaşımla artık konuşmamak beni üzüyor.,sadness
Ülkemin insanlarının daha güzel günler görmesi gerekirken tersi olduğu için üzülüyorum.,sadness
Karşımda ağlayan insanlara.,sadness
Kafede yediğim yemeği düşündükçe midem bulanıyor.,disgust
okulumu uzatacağımdan korkuyorum,fear
Kötü bir şey yaptığımda sonucundan korkarım.,fear
Kusmuk görmek.,disgust
kapalı yerde hapis kalmak,fear
farklı olaylar ile ilgili konuştuktan sonra gece karanlıkta evde dolaşmak zorunda olmaktan korkarım.,fear
Kargom gecikince.,anger
Kitap fuarına gittiğim zaman.,happiness
Rahatsız olduğumu söylememe rağmen hala aynı şeylerin yapılması.,anger
istemediğim şeyleri yapmak,anger
Gece karanlıkta yalnız kaldığım zaman.,fear
Bu okulu kazandığımda.,happiness
Sevildiğimi hissettiğim zamanlar mutlu olurum.,happiness
Bateriyi istediğim gibi çalınca mutlu oldum.,happiness
lise de test çözmeye yoğunlaştığım anda arkadaşımın bana seslenmesinden çok korkmuştum yerimden zıplamıştım.,fear
"James Cook ve arkadaşları bu körfeze ilk önce ""Sting Ray Limanı"" adını verdi .",neutral
Korku filmi izledikten sonra evde tek başıma kaldığımda.,fear
Haksızlıklara.,anger
Ailesi lisedeyken boşandı ve daha sonra tekrar evlendiler .,neutral
Psikiyatri üzerine yazdığı kitaplarında genelde varoluşçu psikiyatri ve psikanalitik düşünceye yer verir .,neutral
Matematik sınavı olduğu gün.,fear
Sınavdan düşük aldığım zaman.,sadness
iki tane muhabbet kuşumu kedi yedi. Çok üzüldüm ve yas tuttum.,sadness
Jane Marple hiç beklemediği bir anda hiç beklemediği birinden bir mektup alır .,neutral
Gittiği her yerde gördüğü yapıtları çizdi ve yazıtları kayıt altına aldı .,neutral
Ailem ve arkadaşlarımla birlikte olunca mutlu olurum.,happiness
çocuklarım doğduğunda ki mutluluğum tarif edilemez.,happiness
Kusmuk görmek.,disgust
Evde yalnız kaldığımda çok korktum.,fear
Çocuğun boklu donları,disgust
Alışveriş yaparken mutlu olurum.,happiness
Sami veya Semitik tabiri günümüzde daha çok İbrani ve Arapları tanımlamakta kullanılır .,neutral
Sevdiğim bir şarkıyı dinlerken.,happiness
Yere tüküren bir adam görünce.,disgust
Başarısız olunca ve ailemden ya da arkadaşlarımdan birisi üzüldüğü zaman.,sadness
100 aldığımda mutlu olurum.,happiness
Söyleneni anlamayan ve işini iyi yapamayan kişilere öfkelenirim.,anger
Haksızlık karşısında tepkisiz kalındığında.,anger
Hiç kimsesi olmayan insanlardan korkarım.,fear
ırkçılık yapılmasından ve emanete ihanet etmekten nefret ederim.,anger
Sınavlarda dikkatsizlik yaptığım zaman.,sadness
Zamanla Moğol ve sonra Çin hakimiyetine girdi .,neutral
Anneannemde kaldığımı sandım korktum.,fear
sokaklara tiksinen yaratıklardan oldukça tiksiniyorum,disgust
Matematik sınavından yüksek almak.,happiness
Bir birlerine aşık olduğunu söyleyen sevgililer.,happiness
Ayrıca artık yeni bir erkek arkadaşı da vardır .,neutral
Sevdiklerimden birisini kaybettiğimde.,sadness
tedarikçim ürünlerin sevkiyatını yaptığını söylemişti fakat yapmamış,anger
Arkadaşım burnunu karıştırmıştı.,disgust
ailemden birinin canı yanınca onun için korkmuştum,fear
arkadaşlarımla veya ailemle bir konu konuşulduğu tartışıldığı zaman sözümün kesilmesine ve dinlenmemesine ya da anlaşılmamam beni öfkelendirir.,anger
Onun ölümü dünyada yeni bir sayfa açmıştır .,neutral
Bu kargaşanın içinde hayallerimi nasıl gerçekleştireceğimi düşündüğüm zaman korkuyorum.,fear
İnsanların ağzını şapırdatarak ve garip garip hareketler yaparak yemek yemelerinden.,disgust
Birisi beni haksız yere suçladığında.,anger
Espri yapınca kendim bile tiksiniyorum.,disgust
yardıma muhtaç birine iş çevrildiğinde tiksiniyorum,disgust
Yeni araba aldığımız zaman.,happiness
başkalarının eşyalarını kullanmak,disgust
çok değer verdiğim bir insanın bana değer verdiğini öğrendiğimde çok mutlu oldum.,happiness
korku filmi izledikten sonra birden telefonum çalınca çok korkmuştum.,fear
Birkaç yıl sonra evine dönebildi ancak ev hapsinde tutuldu .,neutral
her gece uyurken çok korkuyorum. Sanki her an bir şeyler olacakmış gibi geliyor,fear
üstüme iftira ile gelinmesi beni çok kızdırır.,anger
Yürürken ya da parkta kızlara laf atılması beni öfkelendirir.,anger
Stabil bir enerjiye sahip olduğunu da keşfetti .,neutral
Trafikte tehlikeli şekilde araba kullanan birisini gördüğümde.,fear
Dedemin vefatına üzüldüm.,sadness
Kuşum öldüğü zaman çok üzüldüm.,sadness
Dernek çalışmaları ve düzenlenen kongreler çocuk göğüs hastalıklarının gelişmesine önemli katkıda bulunmuştur .,neutral
Yakın arkadaşımla kavga ederken diğer arkadaşlarımın taraf tutmasına öfkelendim.,anger
Sınavdan iyi not aldığım zaman.,happiness
Bir yakınımı kaybetmek.,sadness
Arkadaşım kahvesini gömleğime döktüğünde.,anger
Din sınavından sadece ben 100 aldığımda.,happiness
Mevcut limanlar geliştirildi ve bunlara yenileri eklendi .,neutral
Arkadaşlarım ile birlikte evde yaptığımız partide.,happiness
Kaybolmaktan korkarım.,fear
Her hangi bir yerde yalnız kaldığımda korkarım.,fear
Düşük not aldığımda.,sadness
Yanımda birisi kusarsa tiksinirim.,disgust
Vişne suyundan tiksiniyorum.,disgust
Kardeşlerimin canı yandığı zaman öfkeleniyorum.,anger
İnatla inkar eden insanlara.,anger
kız arkadaşım benden ayrıldığında çok öfkelenmiştim,anger
Bozuk yemek yemek.,disgust
Ailem ve arkadaşlarımla birlikte olduğum zamanlar.,happiness
Masum olmama rağmen suçlandığım zaman öfkelenirim.,anger
istediğim okulu kazanamayınca hayal kırıklığına uğradım.,sadness
sınavlarda başarısız olmam ve annemin ağlaması beni üzer,sadness
Yüksek sınav notu aldığım zaman.,happiness
oyunda kaybettiğim zaman üzülürüm.,sadness
Gece tenha yollarda yürürken çok korkarım,fear
Aşı olacağım zaman çok korktum ve hastaneden kaçtım.,fear
Yoksul bir ailenin çocuğu olarak dünyaya gelir .,neutral
Salaklık.,anger
Fakat İsmet Paşa bu planı kabul etmedi .,neutral
Arkadaşımla alışveriş merkezinde gezerken arkadaşımın yere balgam atması hem tiksindim hem rezil oldum.,disgust
Neolitik Çağ çanak çömleği içinde iki mal grubu belirlenmiştir .,neutral
Verdikleri sözde durmayanlar.,anger
Babamın vefat etmiş olması beni üzüyor,sadness
"hoşlandığım kızın ""whattsapp'daki"" fotoğraflarını görünce kızdan soğudum çünkü fotoğrafları çok ergenceydi",disgust
Yere tükürülmesi.,disgust
Kusan birisini gördüğüm zaman.,disgust
2009 yılında Beşiktaş'ın Şampiyon olmasında çok mutlu oldum.,happiness
erkeklerin bu kadar yavşak olmasından tiksiniyorum.,disgust
Özellikle toprak ve iklim üzerine bitki örtüsünün de önemli etkileri vardır .,neutral
Haksızlıklara.,anger
Sevdiğim insanları kaybetmek ve kediler.,fear
Okyanusal kabuk kıtasal kabuğa oranla daha gençtir .,neutral
İzlediğim bir diziden korktum.,fear
İnsanların beden temizliğine önem vermemesi.,disgust
Yeni Arnavutluk ordusu kurulup komutanlığına Bayram Kur geçirildi .,neutral
Amalet etlerk çokutle muzun tanlar bi söylen neleti,neutral
Kötü kokular duyduğumda.,disgust
Sokakta birinin beni takip etmesinden.,fear
Okuldayken bir göreve aday gösterildiğimde çok mutlu oldum,happiness
Sevgilimin beni en yakın arkadaşımla aldattığını öğrendiğim zaman.,anger
Bütün konser boyunca sevgilimle öpüştük.,happiness
Doğum günleri.,happiness
O sözü söylediğinde irkildim.,fear
evime giren hırsıza çok öfkelendim.,anger
insanların yemek yerken ağzından ses gelmesinden çok tiksiniyorum. Öyle ki ortamı terk etmek istiyorum,disgust
"Basketbolda ""Türkiye"" 5. olduğumuz zaman.",happiness
Genç subaylar savaş içinde giderek deneyim kazandılar .,neutral
İngilizce olarak kaleme aldığı oyunları ve romanları da vardır .,neutral
Derslere geç kalmaktan.,fear
El yıkamayanlardan tiksiniyorum.,disgust
Annemin ölmesinden ya da hastalanmasından yalnız kalacağım için çok korkuyorum,fear
Vefat eden dedemi düşünmek içimi çok acıtıyor.,sadness
Fizik'ten geçmek.,happiness
Kardeşimin yaptığı bazı pis şakalardan.,anger
Okulun ilk günü yemekhane sırasını görünce korkmuştum.,fear
Apartmana giren fareden korkan pizzacının kapıma kıracak şekilde vurması ve attığı çığlıklardan çok korkmuştum .,fear
Başka birisinin yemek yediği tabaktan yemek yemek bana tiksinç gelir.,disgust
arkadaşıma hoşlanmadığım bir şeyi söylediğince rahatsız olduğuma rağmen üzerime gelmesi,anger
Pis kokular.,disgust
Kırmızı etten tiksiniyorum.,disgust
Şampiyon olmak.,happiness
Artık erkek kardeşinin tam zamanlı bakımı altındadır .,neutral
Birilerinin beni düşünmesi ve benim için bir şeyler yapması.,happiness
Otobüs havasız ve kötü koktuğu zaman.,disgust
Birisinin beni küçümsemesi.,anger
Yağmura yakalanmak.,fear
Sokaklardaki başıboş dolaşan Suriyeli çocukları gördüğümde.,sadness
Şarkı söylediğimde insanların beğenmesi mutlu ediyor.,happiness
"ablamın, kardeşimin, annemin üzülmesi demek benim de üzülmem demek",sadness
Hiç sevmediğim bir şey yemek.,disgust
Düşük not aldığımda.,sadness
Haksızlık yapılınca.,anger
Çöp varilinin yanına konulan kedi ölüsünün kokusundan tiksindim.,disgust
O zaman bir dizi yorumcu mektubun sahte olduğunu ya da veya mevcut olmadığına inanıyordu .,neutral
hastaneden tedavimi tam anlamıyla bitirip çıktığımda çok mutlu oldum.,happiness
Bir gün dolmuşta bir siyahi kadın bir de bebeği vardı kucağında. Dolmuştaki herkes tuhaf tuhaf bakıyordu onlara. Sonra çocuğun biberonu yere düştü. Ben kalkıp yerden biberonu alıp çocuğa verdim. O anki çocuğun yüzündeki gülümseme her aklıma geldiğinde mutlu olurum.,happiness
hak etmediğim muameleye maruz kalınca çok sinirlendim.,anger
İnsanların ikiyüzlülüğünden tiksiniyorum.,disgust
"""Beşiktaş'ın"" maç kaybetmesi.",sadness
Param olursa.,happiness
İki yüzlü insanlardan tiksiniyorum.,disgust
Sınavlar açıklanırken.,fear
İnsanlara yardım etmek onları mutlu görmek mutlu ediyor.,happiness
İnsanlarla dalga geçilmesi.,anger
Birisi bana yalan söylerse ondan tiksinirim.,disgust
Arkadaşımın kediyi sevdikten sonra ellerini yıkamadan yemek yemesi.,disgust
Mehmet'in yanımda sümkürmesinden tiksindim.,disgust
Hazırlık sınıfındayken en son muafiyet sınavına kalmıştım onun sonucu açıklanacağı zaman çok korkmuştum belki geçememişimdir diye...,fear
Önceki yaz kardeşim denizde benim yüzümden boğulacaktı bundan çok korktum.,fear
Bugün ise kuralları uygulayan hakem heyetleri oluşturulmuştur .,neutral
burnuna elini sokup karıştıranlardan tiksiniyorum.,disgust
Şaka olarak karanlık bir yere atıldığım zaman.,fear
Hakkım olanı alamadığım zaman.,anger
Bana köpek aldıkları an çok mutlu oldum.,happiness
Sevdiğim insanları kaybetmekten korkarım.,fear
Desteklediğim takımın lig atlaması.,happiness
Sınavdan düşük not aldığım zaman.,sadness
Verdiğim değer kadar değer görmemek.,sadness
Ailemin istediğim hediyeyi alması.,happiness
Duygularıma önem verilmediği zaman.,sadness
arkadaşımın kirli donunu görünce midem bulandı,disgust
Yeni bir kitap aldığım zaman.,happiness
Bir yakınımı kaybetmek.,sadness
Görünüşte bu elmasın Kiros tacını süsleyen bir elmas olduğuna inanmıştır .,neutral
Köpeklerden korkarım.,fear
Korku filmlerinden.,fear
babamla birlikte 25 katlı yüksek bir binaya çıkınca korkmuştum.,fear
Arkamdan konuşulması.,anger
Kedimin yavrularını doğurduğu ana şahit olunca çok mutlu oldum.,happiness
Sevdiğim yemeği yerken ve arkadaşlarım ile vakit geçirdiğim zaman.,happiness
geçen yıl sonu balomuz iptal edildiğinde çok kızmıştım.,anger
Onlarca Venedik gemisi bu gemiyi indirmek için çalışıyorlardı .,neutral
evdeki çöpleri hep ben toparlayıp atıyorum. Titizim diye geçiniyorlar ama alakaları bile yok,anger
200 TL paramın 2 günde bittiğini fark ettiğimde.,sadness
Tasarımın arkasındaki felsefe ve düşünceyi yaptığı bir sunum ile açıklamıştır .,neutral
Çirkin dişli insanları hiç sevmiyorum.,disgust
Veri transferini korumak için Şifreleme ve sıfırdan mühendislik dahil birçok yöntem kullanılmaktadır .,neutral
Arkamda boş bir hayat bırakıp ölmekten.,fear
İleri veri tabanı sınavından düşük aldığımda.,sadness
birisiyle konuştuğumda bana ters cevaplar verirse sinirlenirim.,anger
Küçükken köpek ısırdığında çok korkmuştum.,fear
Matematik sınavım iyi geçtiği zaman mutlu olurum.,happiness
Gut hastalığına tutulması nedeniyle geri döndü ve sadece üç ay sonra öldü .,neutral
İnsanların sadece kendilerini düşünmesi beni öfkelendiriyor.,anger
Ayrıca Alman şifre makinelerini de taklit edebiliyordu .,neutral
Korna sesinden tiksinirim.,disgust
Kardeşim kaybolduğu zaman.,fear
Matematiği anlayamamaktan korkarım.,fear
Yakın arkadaşlarımın yaptığı sürpriz doğum günü.,happiness
Sevdiklerimi kaybetmekten.,fear
Beşiktaş şampiyon oldu.,happiness
Billy Joel ve Paul McCartney dinlemeye başladıktan sonra müziğe ilgi duymaya başladı .,neutral
Halen bu kasabada bir Türk nüfusun var olduğu bilinmektedir .,neutral
Ders çalışırken telefonuma baktığımda odama babamın gireceğinden korkuyorum.,fear
evde böcek görmem midemi bulandırır.,disgust
biriyle kavga ettiğimde alttan alması gereken kişi hep ben oluyorum ve bu beni üzüyor.,sadness
"Çok önemli bir araştırma yaparken ""internet"" bağlantısının kesilmesine öfkelenirim.",anger
Sınav öncesi korkarım.,fear
Duyguların bu kadar güzel ve derin hissedildiği .,neutral
"Abimin dağınıklığından nefret ediyorum, her şeyi benim toplamam gerekiyor.",anger
Yağmurlu havalarda yürürken salyangoz ezdiğim zaman üzülürüm.,sadness
Babam bana 7 yaşımda iken bisiklet almıştı.,happiness
Partisinin diğer üyeleriyle savunma ve dışişleri politikalarında ters düştü .,neutral
Başarılı olursam ya da iyi bir geleceğim olursa.,happiness
Pis kokulardan tiksiniyorum.,disgust
Islık sesinden nefret ediyorum.,anger
bir arkadaşımın toza elini sürmesi beni tiksindirir.,disgust
Kararlarıma karşı çıkılması.,anger
Birkaç tapınak hala kullanılmakta ve Ulusal Hazine olarak kabul edilmektedir .,neutral
Kopya çeker de yakalanırsam diye çok korktum,fear
Yere düşen bir gıdayı alıp yiyen insanlardan.,disgust
Orgazm.,happiness
hiç beklemediğim sınavdan  yüksek almak,happiness
Birisinin tırnaklarını tahtaya sürtmesi.,disgust
Ev sahibi ülke olmasından dolayı Kanada erkeklerde yarışacak bir bayrak takımı gönderme şansı sahiptir .,neutral
Düşük bir not aldığımda.,sadness
Ailem ve arkadaşlarımla bir arada olduğum zaman.,happiness
Tuvaletlerin pis kokması.,disgust
Beni için mümkün olmayacak bir olay gerçekleştiği zaman.,happiness
Yolda giderken sapıkça bakışlardan tiksiniyorum.,disgust
Yemek yediğim kaşık ve çatalının ellenmesi.,disgust
her sabah günaydın anneciğim diye uyandıran kızım hayatta beni en mutlu eden kişi,happiness
Anneannemi kaybetme düşüncesi.,fear
babamın ölümü ile içimden bir parça eksilmişti,sadness
Bu nedenle film hem sağın hem de solun tepkilerini aynı oranda çekmişti .,neutral
Sınavlarım kötü geçince okula karşı duyduğum his.,anger
Ağzı kokan insanlar.,disgust
Okulda arkadaşlarımla oyun oynadığım zaman çok mutlu olurum.,happiness
Siyasetçilerin yüzsüzlüklerinden tiksiniyorum.,disgust
Tanıdığım sevdiğim insanların genç yaşta ölmesinden korkuyorum,fear
Büte kalınca çok üzüldüm..,sadness
Bu uygulama esnasında ülke çapında sokağa çıkma yasağı uygulanmıştır .,neutral
Daha önce gitmediğim bir ortama yalnız gitmek zorunda kalmak.,fear
bir yeğenim olacağını öğrendiğimde çok sevindim.,happiness
Ayrıca çıplak gözle görülebilen en uzak nesneler arasında yer almaktadır .,neutral
Yoğun olarak duyduğum yemek kokularından.,disgust
Evde yalnızken sanki beni biri kovalıyor ve korkuyorum.,fear
Bu anketten tiksindim.,disgust
Benim 50 aldığım sınavdan arkadaşım 98 aldı diye ağladı. Ona çok kızmıştım.,anger
Aileme verdiğim sözleri tutamadığımda.,sadness
Bu tabloda da kullanılan esas renk sarıdır .,neutral
Okula gidememekten korkuyorum.,fear
"Geçen sene pek anlaşamadığım bir arkadaşımın, benim ile ilgili hoş olmayan sözler söylediğini duyduğum zaman öfkelenmiştim.",anger
Elime bilmediğim bir şeyin değmesi.,disgust
Korku filmleri.,fear
Haksızlığa uğradığımda öfke duyarım.,anger
Sevdiğim birisinin kırılması üzülmesi.,sadness
Annemin felç olduğunu öğrendiğim zaman.,sadness
Çevremdekileri üzgün görmek.,sadness
Çekirgelerden.,fear
Küçük düşürülmek.,anger
Kafama örümcek düştüğü zaman.,fear
Eve geç kaldığım zaman annemin kızmasından korktum.,fear
Masum insanların öldürülmesi.,sadness
Halen bazı kuruluşlarda bağımsız yönetim kurulu üyesi sıfatı ile danışmanlık hizmeti vermektedir .,neutral
Arkadaşlarımla paten sürerken.,happiness
Annem ağladığında ve kedim öldüğünde.,sadness
Matematik dersinden.,fear
Sevdiğim insanları kaybetmek.,sadness
Birinin karşımda ağzını şapırdatarak yemek yemesinden tiksinirim.,disgust
Her iki ülke de Birleşmiş Milletler üyesidir .,neutral
Anneannem ben 14 yaşındayken ve bizim evde kalırken vefat etmişti. Ölüm duygusunu yaşadığım ilk yakınımdı. Onu çok özlüyorum.,sadness
Jandarma binasının önünden geçen asfalt yol takip edilerek ulaşılabilir .,neutral
Telefonumu kaybetmekten.,fear
Babamın ya da antrenörümün kilo aldığımı söylemesi.,sadness
Arkadaşlarımın beni anlamamasına ve patavatsız konuşmalarına öfkelendim.,anger
Dedikodumu yapan arkadaşımın bir de bana hakaret etmesi öfkelendirdi.,anger
Hayvanların çoğundan korkarım.,fear
bir kere kaza yaptığım akülü bisikletime ikinci kez binerken korktum.,fear
Hayvanlara zarar geldiği zaman.,sadness
Dışkı gördüğüm zaman.,disgust
Beni dövmek isteyen birisinden korkarım.,fear
Hamam böceklerinden.,disgust
Dondurma yemek.,happiness
Sevdiğim insanlara zarar gelmesinden.,fear
Değer verdiğim insanları üzmekten korkarım.,fear
Birisi işlerime burnunu soktuğu zaman.,anger
İstemediğim bir şeyi yapmak zorunda bırakılmak.,anger
yazılı sonuçlarını anneme söylerken korkarım.,fear
Kitap okuma alışkanlığı kazanmamış olmam canımı acıtıyor.,sadness
arkadaşım bana yalan söylediğinde öfkelenirim,anger
Bu yaşımda sahip olduğum gine domuzum kısa süre içerisinde aniden ölünce suçluluk duygusuna kapılarak günlerce üzüntüden ağladım.,sadness
Karanlıkta kendimi yalnız hissediyorum. Bu da beni korkutuyor.,fear
Geçen sefer tek başıma evdeyken deprem olmuştu. O zaman çok korktum.,fear
Başarılı olduğum zamanlar mutlu olurum.,happiness
İnsanların kendisini üstün görmesi ve sadece kendilerini düşünen kişiler öfkelendiriyor.,anger
babaannemin hastalığı bütün ailemi üzüntüye boğdu.,sadness
Karanlık sokakta yalnız yürürken korkarım.,fear
Ben hep öfkeliyim.,anger
Özel eşyalarımın kurcalanması.,anger
İlk evlendiğim yılda evde yalnız kalmaktan çok korkuyordum,fear
Tatillerde.,happiness
Kızların küfür edenlerden ve küçük yaşta sigara içenlerden tiksiniyorum.,disgust
Nefret ettiğim insanları görünce tiksinirim.,disgust
Yazları ise sıcak ve genellikle kurak geçen karasal iklim görülür .,neutral
Bilgisayarım tamir edildiğinde.,happiness
Üstel dağılımının ayrıca sabit bir tehlike fonksiyonu bulunmaktadır .,neutral
Yapmadığım bir şeyi yapmışım gibi söylenmesi.,anger
Sultan Nasir Muhammed huzurunda boğularak idam edildi .,neutral
55 kere anlatsam da anlayamayanlar.,anger
Mezuniyet günümde sevdiklerimin yanımda olmasından çok mutlu oldum.,happiness
Fizik sınavından zayıf not almak.,sadness
örümcek elimin üzerinde iken çok korkmuştum,fear
Dinler ve Dünya dışı varlıklar arasındaki ilişki hakkında birçok kitap yazdı .,neutral
Arkadaşım için güzel bir şey yaptım ve onun bana gülümsemesini görmek.,happiness
Denizde yol alan gemiler ile sağ üst köşede beyaz kayalardan oluşan dağlar vardır .,neutral
uykumdan sebepsiz yere uyandırıldığım her an sinirleniyorum.,anger
Okulun bittiğine çok seviniyorum.,happiness
Bu tanklar eğer gerekirse herhangi bir Alman tankını etkisiz hale getirebilecek yeteneğe de sahiptiler .,neutral
Ben konuştuğum zaman dinlenmediğimi anladığım zaman.,anger
Yılbaşında ailemin çok istediğim kitabı  almalarına çok sevinmiştim.,happiness
yere düşen patatesi yiyen arkadaşım,disgust
Sinirlendiğim zaman insanları kırarım sonra da üzülürüm.,sadness
Matematik sınavı yaklaştığında.,fear
En yakın arkadaşımın ameliyat olması.,sadness
Eski arkadaşımla aynı okula düşmek.,happiness
Protestocular ve güvenlik güçleri arasındaki çatışma günlerce devam etti .,neutral
Üniversiteyi kazandığımda mutlu olmuştum.,happiness
uçakta yanımdaki adamın telefonu açık bırakması beni küplere bindirdi,anger
Sevdiklerimle beraber olmak beni mutlu ediyor.,happiness
"Bu nedenle kendisine ""Cadılar Bayramı filmlerinin büyükbabası"" lakabı verilmiştir .",neutral
Ter kokusundan tiksiniyorum.,disgust
Kazananlar ilk listelenir ve koyu renkle vurgulanır .,neutral
Sevdiğim birisinin başına kötü bir şey gelmesinden.,fear
Hamam böceklerinden.,fear
Pişmaniyeden tiksinirim.,disgust
Annemin geç bir saatte dışarı çıkmama izin vermemiş olmasına.,sadness
eve giren hırsızdan çok korktum.,fear
Yarı finalde bir diğer Karadeniz temsilcisi olan Trabzonspor takımı ile eşleşti .,neutral
Bir insan benim yüzümden incinir ise vicdan azabı duyar üzülürüm.,sadness
Trafikten çok korkarım.,fear
Bencil ve umursamaz davranışlar.,anger
bir yakınımın vefatı üzerine vefatı kabullenemediğim için yaşadığım bir duyguydu.,sadness
yedi yaşında ilk kez anne baba kavgasının arasında kaldım ve çok korktum.,fear
Yaptığım bir şeyin kötülük olduğunu fark ettiğimde ve karabasan gördüğümde korkarım.,fear
"Televizyon yapımı ""The Dream of Diana"" adlı pembe dizide canlandırdığı Oliver Sommer rolüyle tanınır .",neutral
Ülkemin bulunduğu duruma üzülüyorum.,sadness
Duş alırken elektriklerin kesilmesinden korkarım.,fear
Sadece Allah.,fear
Bir sözü tekrar tekrar söylettiklerinde öfkelenirim.,anger
Dolmuşta yer olmasına rağmen yakın oturup elini kolunu değdiren kişilerden.,disgust
Bu rakamlar kırsal alanlardan ziyade kentsel alanda çok daha fazla kazanç potansiyeline işaret ediyor .,neutral
Tatil olunca mutlu olurum.,happiness
arkadaşıma yardım etmediğim için üzgünüm.,sadness
Kusan birisini gördüğümde.,disgust
eve hırsız girdikten sonra evde tek kaldığım için geceleri ışık açık uyuyorum.,fear
Sezonun ikinci yarısında ise yine B takımına gönderildi .,neutral
Deniz kenarında geçirdiğim zamanlarda.,happiness
Evde yalnızken tıkırtı duymuştum.,fear
Dedem öldüğünde ve babam kalp krizi geçirdiğinde.,sadness
Sınıf arkadaşımın öldüğünü duyduğumda çok kötü oldum.,sadness
Sigara içen çocuklara tepkisiz kalınmasından.,anger
"Çok sevdiğim bir insandan ayrılmak zorunda kaldım. Bu ilişkinin yıllarca süreceğini düşünmüştüm , yanılmışım.",sadness
Şehirde aynı zamanda önemli tarihi kiliseler ve binalar bulunmaktadır .,neutral
otobüs veya minibüs tek başıma kaldığımda çok tırsarım.,fear
Evime hırsız girince çok öfkelendim,anger
"Kötü kokular,kötü yiyecekler, basit insan davranışları beni tiksindiriyor.",disgust
Bilmediğim bir yerde kaybolmak.,fear
yalnızlık ve bilinmemezlik korkuyu tetikler,fear
Çok çalıştığım bir konunun olumlu sonuç vermemesi.,sadness
tek veya topluluk halinde cinli perili filme gitmek,fear
Küfür edildiği zaman.,anger
Karanlık yerlerde tek başıma kalmaktan korkarım.,fear
Haklıyken haksız yere düşmek.,anger
Hiç beklemediğim anda sürpriz doğum günü yapılması.,happiness
İğne yapılırken gördüğüm zaman tiksinirim.,disgust
Babaannem ve dedemi görmek.,happiness
Bunun dışında birkaç reklam filminde de yer aldı .,neutral
Ağız kokusundan.,disgust
Dedemin bütün akrabalarıma tüm okul masraflarımı ödediğini yalan attığında. Normalde 1 lirası nasip olmamıştır.,anger
River Plate alt yapısından yetişmiştir ve forvet olarak oynamaktadır .,neutral
Dedemin ölümü.,sadness
Fizik sınavından 100 aldığım zaman.,happiness
İkiz kardeşimin annem ve babam karşısında beni savunmamış olmasına.,anger
Sınavdan düşük not aldığımda.,sadness
Benim için önemli olan insanları kaybetmek.,sadness
Dolabı açtığımda fare çıkınca korktum.,fear
Yalan söylenmesine öfkelenirim.,anger
Arkadaşlarımın bana kazık atması beni çok öfkelendirir.,anger
"Filmlerdeki ""jumpscare"" kısımları.",fear
yanımda değer verdiğim insanların olmasından mutlu olurum.,happiness
gelecek beni hep korkutmuştur.,fear
Boğulma tehlikesi atlattığımda çok korkmuştum,fear
Sosyalizme de istekli ve bu konuda da keşfetmeye açıktı .,neutral
Bu nedenle hidrojen gazlı kaynak makineleri çevre kirliliği yapmaz .,neutral
Radyo ve televizyonlar için çeşitli programlar yaptı .,neutral
Ailemin bana verdiği maddi manevi desteği karşısında başarısız olmak ve bu durumdan ötürü ailemin tükenip kardeşime faydaları olamayacağını düşündüğümde kendime kızıyorum.,anger
Genelde mutluyum.,happiness
İstediğim bir şey yaptığımda ve uyuduğumda mutlu olurum.,happiness
Bozulmuş yemek yediğim zaman.,disgust
derste haksız yere ceza almak,anger
Almanca notumu görünce kendimden tiksindim.,disgust
Atatürk başkumandanımız olduğu için gururluyum.,happiness
Kan gördüğüm zaman.,disgust
Kullanılan top çok serttir ve dışı parşömen kaplıdır .,neutral
Böceklerden korkarım.,fear
Annem hasta olduğu zaman çok üzüldüm.,sadness
Burnunu karıştırıp yiyen insanlardan.,disgust
O yıl Leiden Üniversitesinde Roman ve çağdaş hukuk okumaya başladı .,neutral
Lise döneminde yurt müdiresi tarafından iftiraya uğramıştım.,anger
her zaman Allah'tan korkarım.,fear
sene sonu geldi ve okullar bitiyor. Bu iyi haber,happiness
Hayallerimin gerçekleşmemesi.,sadness
çok genç birinin bir anda ölmesi,sadness
İkizim eşyalarımı kullanınca aşırı derecede öfkelendim,anger
Oluşturduğu cevap ünlü on ilkesinin temelini oluşturdu .,neutral
Deli gibi çalıştığım vize sınavından düşün aldığımda.,sadness
Edebiyat sınavının olduğu gün.,fear
Babam duvara yumruk atıp parmaklarını kırdığında.,fear
En yakın arkadaşımın başka bir şehre taşınması.,sadness
Sınavlardan.,fear
Düşük beklediğim bir sınavdan yüksek alınca.,happiness
maden kazasında vefat edenlerin ailelerine çok üzüldüm,sadness
Bir şeyi başardığımda mutlu olurum.,happiness
Çorba özellikle kış aylarında Türk mutfağının vazgeçilmez bir parçasıdır .,neutral
Boynuma örümcek tırmanmıştı.,fear
Ailesinin hayatta kalan tek erkek çocuğu olarak ailesinden kalan arazilerin başına geçti .,neutral
Bu özellikleri ile turistler için bir cazibe merkezi haline gelmiştir .,neutral
Köyde 6 tane hindi kovalamıştı.,fear
Su molekülleri ayrıca Ay yüzeyi üzerindeki ince gaz tabakasında tespit edilmiştir .,neutral
Öğretmenler adaletsiz puanlama yapınca.,anger
Durakta otobüs beklerken otobüsten inen bir çocuğun önümüzde kusmasından tiksindim.,disgust
Kötü geçen sınavdan iyi bir not aldığım zaman.,happiness
Oyun oynarken.,happiness
kötü kokulardan tiksiniyorum,disgust
Korkunç kadını ilk gördüğümde.,fear
En yakınımın cenazesine mesafeden dolayı yetişemedim.,sadness
köpekler bana her zaman ürkütücü gelmiştir.,fear
Küçükken dolaptan gelen seslerden korkuyordum.,fear
Böyle mücadele vermiş bir mahallede eskiden her şey vardı .,neutral
art arda deprem olunca çok korkmuştum.,fear
Otobüste bulunan bir çocuk kustuğunda tiksinmiştim.,disgust
Sevdiklerimi kaybetmek.,sadness
Sokaklara tükürülmesi.,disgust
Ticaret merkezi olması nedeniyle şehir gelişme dönemine girdi .,neutral
arkadaşımın sebepsiz yere benimle kavga etmesi beni sinirlendirir.,anger
Haklı olduğumu kabul ettiremediğim zaman.,anger
anahtarı kapının üzerinde bıraktım diye korktum.,fear
Sahile vuran bebek cesedi haberine.,sadness
Karşımdaki kişi üzgünse bende üzgün olurum.,sadness
Alışverişte alamadığım bir şeyi birisi bana alınca havalara uçarım,happiness
Böcek görmek.,disgust
Staj yapacağımız yeri ayarlamamıza rağmen arkadaşım son dakika başka bir yerde staj ayarladığını öğrendiğimde çok öfkelendim.,anger
Eşyalarımın izinsiz alınmasına.,anger
Hiç ummadığım insanların üzerinde temiz olmayan kıyafetler görünce tiksiniyor ve onlardan uzak duruyorum.,disgust
Kariyerinde çalıştığı kulüplere üç İtalyan Şampiyonluğu ve dört İtalyan Basketbol Kupası kazandırdı .,neutral
Haksızlıklar.,anger
İzmir'e kar yağdığı zaman.,happiness
Korku filmi izlerken korkarım.,fear
ailemi küçük düşürülmesi beni üzer.,sadness
Evde anlamsız gürültü duyduğumda hırsız girdiğini sandığımda.,fear
Başka bir şehirde yaşayan hocamı dinlemeye gitmek için eşimin izin vermesine çok mutlu oldum.,happiness
Birisi bana sataşması.,anger
Düşük not beklediğim sınavdan yüksek not almak.,happiness
Güvendiğim insanların güvenimi kırdığında öfkelenirim.,anger
Sezon sonunda en iyi rezerv takımı oyuncusu ödülünü kazandı .,neutral
İnsanların katlediği bir video izlediğimde.,sadness
burs kazanınca kendimle gurur duydum,happiness
Dedemin ameliyat olması.,sadness
Tatillerde eski arkadaşlarım ile bir araya geldiğimiz zaman.,happiness
mutluluk,happiness
Çok çalıştığım sınavdan işlem hatası yüzünden düşük not almam.,sadness
hayvanım gözümün önünde intihar ettiğinde,sadness
Anneme küfür edildiğinde.,anger
Yüksek not aldığımda.,happiness
Yemek yediğim yerdeki kirden tiksindim,disgust
Soluk bir yıldız olmasına rağmen uygun gözlem koşullarında çıplak gözle gözlenebilir .,neutral
Haksız yere azar işittiğimde çok öfkelendim.,anger
Birisi sırrımı açığa çıkarırsa.,anger
SBS de soruların zor olduğunu görünce üzüldüm.,sadness
Ona oğlu gibi davranıp onun kendisinin varisi olduğunu söylemiştir .,neutral
Kızım doğunca çok mutlu oldum.,happiness
Köyde Türkçenin Kuzeydoğu Anadolu ağız grubu ağır olarak yaşamını sürdürür .,neutral
korku filmi izledikten sonra gece çok korkmuştum.,fear
iş yerimde çöplerin toplanmaması ve kokusu oldukça rahatsız ediyor.,disgust
Yaşamının çeşitli evrelerinde yapmış olduğu kendi portreleri sanatındaki gelişmeyi göstermesi açısından önemlidir .,neutral
Savaşta çoğunlukla kılıç ve mızrak savaşı şeklinde devam etti .,neutral
Önde olduğum oyunu kaybetmek.,anger
sadece otobüste hırsızlığa uğramak değil her yerde uğramak beni çok kızdırır.,anger
Eski sevgilimi görünce kan beynime çıktı.,anger
Ailem ve arkadaşlarıma zarar gelmesinden korkarım.,fear
Ruh halime göre tiksindiğim şeyler değişir.,disgust
Faydalı işlerle uğraşmaktan mutlu olurum.,happiness
Güvendiğim kişilerin ihanetine öfkeleniyorum.,anger
Annemin bana çikolata alması.,happiness
İş yerinde bana yapılan bir haksızlığa çok öfkelenerek tepki gösterdim.,anger
Lunaparkta gondola binmekten korkarım.,fear
Adaletsizlik.,anger
Fırın pişirme daha sonra nem içeriğini yüzde beşe düşürür .,neutral
"Bu dava ""kanuni linç"" kavramının yayılmasına da sebep oldu .",neutral
arkadaşlarımın yapmacık ifadeleri beni tiksindiriyor,disgust
Haksızlık olduğu zaman öfkelenirim.,anger
kimya ödevimi bitiremediğimde tırstım,fear
Kuzenim üzerime kustuğunda.,disgust
Depremin edebiyat üzerindeki etkisi ile ilgili araştırma yapılmıştır .,neutral
Haksızlığa uğramak.,anger
"Birisi tarafından izlendiğimi düşündüğümde,sevdiğim insanların öleceğini düşündüğümde ve hayallerimin gerçek olamayacağını düşündüğümde.",fear
"okul, hastane gibi kullanıma açık ortamlardaki tuvaletlerin özensiz ve pis kullanılması beni rahatsız eder.",disgust
Gelecek hakkında endişeliyim.,fear
Çikolata yediğim zamanlar.,happiness
Arabanın altında kalmaya ramak kalmıştı.,fear
İyi niyetin suistimal edildiği zaman,anger
Onu üzmek ya da kalbini kırmak.,sadness
Çekirgelerden.,fear
vestel'e yaptığım staj başvurumun kabul edilmesine çok sevindim.,happiness
Her şeye öfkelenirim.,anger
Hakkımın yenmesi.,anger
"""Türkiye"" ""Çek Cumhuriyeti"" maçında 2-0 dan 3-2 ye getirmesi.",happiness
Allah dışında bir şeyden korkmam.,fear
Doğum günüm unutulduğu zaman üzülmüştüm.,sadness
Ağız şapırdatmak.,disgust
Ayağım kırıldığı zaman uzun süre futbol oynayamamak üzmüştü.,sadness
Evde yalnız kaldığımda.,fear
Birinin burnunu karıştırmasından tiksinirim.,disgust
Bir şey aldığımda para üstü yerine sakız verilmesine.,anger
Gitarımı kırdığım zaman üzülmüştüm.,sadness
Simon ertesi gün bir etap galibiyeti daha ekledi ve yarışı genel olarak onuncu bitirdi .,neutral
GECELERİ YALNIZ KALMAKTAN ÇOK KORKARIM,fear
Teknolojinin ilerlemesi ile birlikte bu sektörde de ilerlemeler kaydedilmiştir .,neutral
Çin sınırı yazın kısa bir süreliğine açılır .,neutral
Arkadaşımın bana yalan söylediğini fark edince çok sinirlendim.,anger
Sınav anından korkuyorum.,fear
arkadaşım eşyamı izinsiz kullanınca sinirlendim.,anger
Sokakta köpek dışkısı gördüğüm zaman.,disgust
Ancak bu kilisenin inşa ve yıkım tarihi konusunda bilgi mevcut değildir .,neutral
yurtta evci çıktığımda eşyalarım çalınmıştı. buna çok sinirlendim ve idareye haber verdim.,anger
Ben ders çalışırken rahatsız edilmek.,anger
Hamam böceği görmek ve köpeğimin kaybolmasından korkarım.,fear
Sucuk kokusu.,disgust
Dedemin vefat etmesi ve sınavlar yüzünden cenazesine gidememem içimi çok acıtıyor.,sadness
Güvendiğim insanların arkamdan konuşması ya da benimle ilgili şeylere karışmasına.,anger
Sınavdan 100 aldığımı duyduğum zaman.,happiness
Yolculuk sırasında müzik dinlemek.,happiness
Eskiden olduğu gibi zevkle deney yapabilmekten mutluyum.,happiness
Turnede sahneye çıktığı ilk yer Lüleburgaz oldu .,neutral
Matematikten düşük not aldığımı öğrendiğim an.,sadness
Pazartesinin yaklaşması.,fear
Telefonumun başka ellere geçmesinden korkarım.,fear
Kimyasal sentez olayına giren maddeler element veya bileşik halinde bulunabilirler .,neutral
Yüklem öznenin yaptığı işi veya oluşu belirtir .,neutral
Babamın tayin olmasına üzüldüm.,sadness
Soma madeninde yüzlerce kişinin hayatını kaybetmesi beni üzdü.,sadness
Yazı dili olarak geleneksel Çince karakterler esas alınır .,neutral
Birinin otobüste sümüklerini tutunma yerlerine  sürmesi.,disgust
Alnıma dikiş atılırken.,fear
Uykumdan uyandırılmak.,anger
Ailem ve arkadaşlarımla vakit geçirmek ya da oyun oynamak.,happiness
Sevdiğim dizi ya da kitap bitince.,sadness
Eşyalarımın alınması.,anger
Yapmacık insanların davranışları tiksindiriyor.,disgust
Yeni boyanmış olan evin duvarını birisi bozduğu zaman öfkelenmiştim.,anger
"""Burger King'de"" mayonezin içine sigara külü dökülmesinden tiksinirim.",disgust
Yalan söylediğini anladığım arkadaşlarıma.,anger
Kardeşimin bilgisayarımı bozmasına.,anger
İstatistiksel mekanik ve istatistiksel termodinamik alanındaki buluşları ve katkıları ile ünlüdür .,neutral
Kaba şekilde yemek yiyen insanlardan.,disgust
Çaba gösterdiğim her hangi bir konuda başarıya ulaşmak.,happiness
başkalarının benim eşyalarımı kullanması,disgust
Kötü kokulardan tiksinirim.,disgust
Köpeğim  öldüğünde.,sadness
Sınav günleri sabah uyuya kalıp sınava yetişemeyeceğimden hep korkmuşumdur.,fear
sınıfı geçmek beni mutlu eder.,happiness
Ekrem İmamoğlu bu talebe olumlu yanıt verdi .,neutral
Bir gün evde yalnızken tıkırtılar duymuştum.,fear
Yatılı liseye girip ailemden ayrılınca üzüldüm.,sadness
Bu tekli iki Music Bank ödülü kazandı .,neutral
Kişisel temizliğine dikkat etmeyen insanlardan.,disgust
sınav haftasının bitmesi ve yazın ilk defa denize girmek kadar beni mutlu eden bir şey yoktur,happiness
Kırk beklediğim sınavdan 90 almak.,happiness
Uyandırılmak.,anger
Doktor her iki göğsümde kistler tespit ettiğinde çok korktum.,fear
insanların ağız ve ten kokusundan tiksinirim,disgust
"patavatsız, karşısındakini düşünmeden konuşanlarla sinirden muhatap olamıyorum.",anger
Sınavlarda basit hatalar yaptığımda.,sadness
Etkilendiğim kızın konuşmasını duyduğumda.,happiness
Yaz okuluna gelecek olmam beni kahrediyor.,sadness
Babamla okulla ilgili konuşunca öfkeleniyorum.,anger
Annemin bir tatil olayından dolayı uzun bir süre evde olmayacağını öğrendiğim zaman.,sadness
Matematik sınavı.,fear
Yapılan el şakalarından.,anger
Kendimi yargıladığım ve kendi kendime olayları büyüttüğüm zaman öfkeleniyorum.,anger
Okul saatinin uzaması ve tatillerin iptal olması.,sadness
oyun oynarken maç kaybetmek,sadness
Yere tüküren insanlardan.,disgust
annem dışarıya çıkmama izin vermediğinde kudururum,anger
Sevmediğim bir yemeği zorla yedirilmeye çalışılınca tiksiniyorum.,disgust
Arkadaşım kurbağayı kestiği zaman.,disgust
Korku filmi izleyemiyorum. ben her şeyden korkuyorum.,fear
Ailem ya da kız arkadaşımın yanında olduğum zaman.,happiness
Diş Hekimliği Fakültesi Hastanesi ise üniversitenin kampüsünde bulunmaktadır .,neutral
Birisine bir şey anlatmaya çalışırken.,anger
Tüm sene matematik dersinde derslere katıldığım halde öğretmenin sözlüde düşük vermesine öfkelendim.,anger
Hareket içinde en çok tartışılan konuların başında Kürt Sorunu gelmiştir .,neutral
"Video da izlediğim birinin ""tarantula"" yemesinden tiksindim.",disgust
Rambo helikoptere taş atar ve silahlı polis düşerek ölür .,neutral
sabah otobüste kavga edilmesi beni sinirlendiriyor,anger
Karşımdakinin beni salak duruma sokması.,anger
Sevdiğim birisinden ummadığım bir anda ilgi gördüğüm zaman.,happiness
Ama hala Hull limanı önemli bir nakliye merkezi durumundadır .,neutral
Hızla bir köpeğin bana doğru gelmesi.,fear
Pis lavabo gördüğüm zaman.,disgust
Depremde evimiz çok sallandığı için kalbim yerinden çıkacak zannettim.,fear
Ocak ayında ortalama sıcaklık ve Temmuz ayında olarak gözlenir .,neutral
Yine ilk defa bu tarihte öğrencilere okul forması giyme zorunluluğu getirilmiştir .,neutral
Büyük adaya gittiğimde çok mutlu oldum.,happiness
Not ortalamamın 100 geldiği zaman.,happiness
Kuşların çoğu uçuşa yardımcı olması için hızlı sindirme yönünde adaptasyon geçirmişlerdir .,neutral
Sınav sonucu düşük geldiği zaman.,sadness
Kardeşimin olması.,happiness
Terör olaylarından.,fear
Karya bölgesi bir süre ayrı bir eyalet olarak yönetilir .,neutral
"Tuvaletimizi kullanmaları ya da kişinin temiz gelmemesi
      Evin dağınıklığından",disgust
Kardeşim doğduğu zaman  yaşadığım duyguyu hiç unutamadım.,happiness
Gece yolda tek başıma gezmekten korkarım.,fear
Birine elimde olmadan zarar verdiğimde korkarım.,fear
pis kokudan tiksinirim,disgust
Boşaltım sistemi.,disgust
Tartıştığım birisi beni görmezden geldiği zaman.,anger
Şehrin çok stratejik uygun merkezi mevki dolayısıyla ulaşım yolları kavşağı olmuştur .,neutral
Fakat bu şimdilik kanıtlanabilir bir sav değildir .,neutral
Kolordu Komutanı ve Erzurum Vali Vekili olarak görev yaptı .,neutral
biri tuvaletten çıkınca kalan koku midemi bulandırıyor,disgust
Bu başarısızlığa rağmen inananların sayısı istikrarlı bir şekilde artmaya devam etti .,neutral
Önemsediğim birisinin beni önemsememesi.,sadness
Savaşın sona ermesinin ardından Çekoslovakya Alman azınlığın acilen ülkeden atılmasına karar verdi .,neutral
"Kezban kızlar ağzını yaya yaya konuştuğunda, o ve onun gibilerden tiksiniyorum.",disgust
Düşük not almak üzüyor.,sadness
Gece eve eğlenceden dönüğümde ailemin eve erken geldiklerini gördüğümde.,fear
Genelde mutluyumdur.,happiness
Kardeşim olacağını öğrendiğimde çok mutlu olmuştum.,happiness
konuştuğum kişilerin ağızları kokuyorsa rahatsız oluyorum,disgust
Çoğu zaman ise hiçbir sorun olmadan transfer gerçekleşmiştir .,neutral
Egoist insanlar.,anger
Bu yaz kardeşim ve kuzenimin kavga etmesine.,sadness
Beni tanımayan insanların hakkımda kötü düşünmelerine.,anger
Köpeklerden korkarım.,fear
Yaşlı ve engelli insanların zorlu yaşamlarına.,sadness
Kötü geçmiş bir sınavdan iyi bir not aldığım zaman.,happiness
eşim yalan söylediğinde çok öfkelenebilirim...,anger
Üniversiteyi kazandığım zaman çok mutlu olmuştum.,happiness
Beklemediğim kişinin kalbimi kırmasına üzülürüm.,sadness
Türkiye'nin liderinin bazı insanları yok sayması ırkçılık yapması.,anger
Görev süresi boyunca Federal Adalet ve Polis Departmanına başkanlık etti .,neutral
Cuma günleri gelince.,happiness
Yüksek not aldığım zaman.,happiness
"Ayrıca ""Criminal Minds"" dizisinde de konuk oyuncu olarak rol almıştır .",neutral
biri bana haksız yere kızınca çok öfkeleniyorum.,anger
Matematikten 100 almak.,happiness
Halat çekme yarışında 2. olduğum zaman.,happiness
favori parfümüm bitecek diye sıkmaya korkuyorum.,fear
Pandaların neslinin tükenmesine üzülüyorum.,sadness
Annem ve babamın boşanması.,sadness
Sınavlarda soruyu yanlış okuduğum için yanlış yaptığımı fark ettiğim an.,sadness
Çok çabaladığım bir olayın benim istediğim gibi sonuçlanmaması.,sadness
Korku filmi izledikten sonra.,fear
Video klip eleştirmenler tarafından olumlu eleştiriler aldı .,neutral
geçen sene turnuvada birinci olduk.,happiness
Çok sevdiğim kıyafetim leke olunca çok üzüldüm,sadness
Bu durumda ses ve videonun yanı sıra televizyon ve radyo yayıncılığı araçları da kullanılabilir .,neutral
"Sosyal medyada ""unfollow"" yiyince üzüldüm.",sadness
Klozet kapağı kaldırılmadan işenmesi,disgust
Hoşlandığım çocuğun sevgilisi olduğu öğrendiğimde üzülmüştüm.,sadness
Dünyalılardan tiksiniyorum.,disgust
Bir insana haksızlık yapıldığını gördüğümde.,anger
Böceklerin bana değmesinden iğrenirim.,disgust
Bu liseyi kazanmak.,happiness
Salyangoz gördüğümde tiksinirim.,disgust
Doğada gezdiğimde çok mutlu oluyorum. Şehirden uzak kalmak bana iyi geliyor.,happiness
Halamların evine fare girmişti ve çok korkmuştum.,fear
Hamam böceği ve fare.,disgust
Özellikle son yıllarda Dünya çapında dinleyici kitlesi bulmuştur .,neutral
Karnım tok olduğu zaman mutluyum.,happiness
Bununla birlikte Hersek isyanına da destek vermişlerdir .,neutral
evde tek başıma korku filmi izledim çok korktum,fear
kızımın bana yalan söylemesine çok kızdım.,anger
geçen gün annemle tartışırken haksız duruma düşmek beni acayip sinirlendirdi. nedense ona karşı hakkımı savunamıyorum,anger
Maç izlediğim zamanlar.,happiness
Yaşadığım her an mutluyum.,happiness
Bu arada kız öğretmen okullarında öğretmenlik ile vakıf okullarında müfettişlik görevlerinde bulundu .,neutral
Mahallemizde son zamanlarda sürekli olan Elektrik kesintisinden bıktım.,anger
Bu yoğun ve stresli günlerde arkadaşım ile gittiğimiz piknik mutlu etti.,happiness
Lisede en yakın arkadaşım kavga ettiğinde arkadaşımın tepkisiz kalmasına öfkelendim.,anger
Arkadaşımla yiyecek bir şey almış yolda yürürken arabanın çarparak öldürdüğü kediyi görünce tiksindim.,disgust
evde yalnız kaldığımda çıkan seslerden çok korktum.,fear
Şarkının sözleri Mike Shinoda ve Chester Bennington tarafından yazılmıştır .,neutral
Arjantin halk müziği ezgileri taşıyan eserleri yorumlamıştır .,neutral
Arkadaşım halı saha maçına geleceğim dedi fakat gelmedi,anger
Bu tarihteki nüfusun da sadece erkek nüfusu olduğu bilinmektedir .,neutral
Değer verdiğim insanların düşüncesiz tavırları.,anger
birisi bana hakaret edince kendimi tutamam ve öfkelenirim,anger
Bazı öğretmenlerin hayatımıza fazlaca karışması.,anger
yemek yerken ağzını şıpırdatan insanlardan tiksinirim,disgust
Ailemle geçirdiğim günler mutlu ediyor.,happiness
Makalemi yetiştiremeyince çok üzülüyorum,sadness
"gazetede okuduğum cinayet haberleri.
      sınavda beklediğim nottan düşük almak.
      gece karanlığı ve birinin beni aniden korkutması.",fear
"Ailemin beni anlamaması, bazen yanımda kimsenin olmaması ve ölüm.",fear
Araba kazası geçiren birisini duyduğumda.,sadness
Saatlerce çalıştığım sınavın kötü geçmesi.,sadness
Okuldaki çirkin olaylardan tiksiniyorum.,disgust
Etkisi geniş bir alana yayılarak kışın ötesine geçti .,neutral
Ayrıca tablo diğerine nazaran daha az figür barındırıyor .,neutral
Kazanan takımlar bir sonraki sezon Bölgesel Amatör Ligde yer aldı .,neutral
Değişik sesler çıkaran insanlardan tiksinirim.,disgust
Güvendiğim kişilerin arkamdan konuşması ya da yalan söylemesi.,anger
Bu tabloda Türkiye sondan ikinci olarak yer almaktadır .,neutral
Sanatçının rap tekniği ve prodüksiyon seçimleri övgüyle karşılandı .,neutral
Sunum yaparken insanların sözümü kesmesi.,anger
Daha sonra ise bu eserden vazgeçti ve sadece peri figürünü keserek sakladı .,neutral
Babamın beni öperek uyandırması.,happiness
Her sabah okula gelmekten üzülüyorum.,sadness
Böylece yeryüzünden göğe bakıldığında Güneş dünyanın her yerinde farklı bir yükseklikte gökyüzünden geçer .,neutral
"Doçentlik tezi olarak ""Kadı Burhaneddin Ahmed"" adli sonradan basılan eserini hazırladı .",neutral
Trafikte alakasız bir anda karşı sürücünün sinirli hareketler yapması,anger
insanları üzmekten ve üzülmekten korkarım.,fear
İnsanların kendilerini övmeye başlamalarına öfkeleniyorum.,anger
Sokaklarda gençlerin edepsiz hareketler sergilemesi.,anger
Kardeşime bir şey anlatırken anlamadım anlamadım demesi.,anger
Takım halinde başarıya ulaşmak bana mutluluk veriyor.,happiness
Bu durumda kalan kadınlarda ağır psikolojik bozukluklar gözlenmiştir .,neutral
İstediğim an yatıp dinlendiğim zaman.,happiness
Haksızlık olduğu zaman öfkelenirim.,anger
En yakın arkadaşım ile aynı sınıfta olduğumuz öğrendiğim zaman.,happiness
arkadaşım derste geğirince iğreniyorum.,disgust
İstediğim mesleğe ulaştığım zaman.,happiness
İnsanlarım zayıflığım hakkında diyetisyen gibi konuşmasına sinir oluyorum.,anger
Aradığım birisinin telefonuna cevap alamadığım zaman korkarım.,fear
arkadaşım yemekhanede elini çorbaya sokunca çok tiksindim.,disgust
Bu kişiler petrol mühendisi olabileceği gibi örneğin makine mühendisi veya kimya mühendisi de olabilirler .,neutral
Oyuncu ve yapımcı Leonardo DiCaprio tarafından kuruldu .,neutral
Karşımda birisinin kusması.,disgust
Sevdiklerimi kaybetmekten korkarım.,fear
Birinin içki içtiğini görünce hemen kusarım.,disgust
Eşyalarımın izinsiz kullanılması.,anger
sınıflar arası okul turnuvasında turnuvayı kazandığımızda çok mutlu oldum.,happiness
Okula tatilken geldiğim an kendime kızdım.,anger
En yakın arkadaşımın arkasından dedikodu yapıldığında öfkelenmiştim.,anger
İlk arabamı aldığımda.,happiness
kardeşim olduğunda mutluluktan gözlerim doldu.,happiness
Genelde mutluyum.,happiness
birinin bana salak demesi beni üzer,sadness
Okuldan döndükten sonra en sevdiğim yemeğin yapıldığını gördüğüm zaman.,happiness
Geçen sene (hazırlıkta) finali geçememekten çok korkmuştum.,fear
Her çikolata yeyişimde ağzım kulaklarıma varıyor.,happiness
Hayvanlardan ve ailemi kaybetmekten korkarım.,fear
Alışveriş yaparken telefonumu kaybettim.,sadness
Doğum yerim olan Almanyayı küçük yaşta ayrıldığımız için göremedim.,sadness
Arkadaşımın bana kızması.,sadness
Şirket merkezine hareket yakalama stüdyosu da kuruldu .,neutral
Özellikle son yıllarda pop müzik daha ön plana çıkmıştır .,neutral
İzmir'den tayin sebebiyle Eskişehir'e taşındığımızda.,sadness
Ailem ve arkadaşlarımla vakit geçirirken mutlu oluyorum.,happiness
Emeklerimin karşılığını alınca ve sevdiğim insanlarla vakit geçirdiğimde.,happiness
Pis tuvalet görmek.,disgust
"Müdürüm  40 yıllık firmanın benim sayemde en verimli dönemini yaşadığını söylediği için ağzım kulaklarımda, çok mutluyum.",happiness
Geceleri uyurken aklıma korkunç şeylerin gelmesi odama yansıyan ay ışığının yaptığı gölgeler sonucunda oluşan şekiller. Mesela Esra adındaki en yakın arkadaşımın bana söylediği korkunç şeyler.,fear
işim hakkında bir şeyler bildiğini sanan ve bana karışan hastalara sinirleniyorum.,anger
Köpeğimi gezdirirken başka büyük bir köpeğin saldırmasından dolayı korktum.,fear
Evde tek başıma iken yukarıdaki kattan gelen seslerden korkmuştum.,fear
"Cox şarkı yazma tekniğini ""otomatik ya da bilinç akışı"" olarak tanımlamaktadır .",neutral
bu yıl on sekizinci yaşımı doldurdum mutlu oldum,happiness
Terli birisine dokunduğum zaman.,disgust
Sakat hayvanlar gördüğüm zaman.,sadness
Aracı parçacıklar da işlemin hemen ardından başka parçacıklara dönüşürler .,neutral
Burnunu karıştıran birisini gördüğümde.,disgust
Yüksekten çok korkarım.,fear
Beklentilerim gerçekleşmediği zaman üzülürüm.,sadness
Yemek yerken ağız açılması.,disgust
Matematikçinin whatsapp resimleri beni ürkütüyor.,fear
Gece yolda giderken adamın birinin yolumu kestiği an.,fear
Küçükken yüzme dersinde nefessiz kaldığım an.,fear
Beni en çok haksızlığa uğradığımı düşünmek öfkelendirir. Kişiliğime hakaret olarak algıladığım bir saygısızlık ve  sonucunda öfkelenirim ve ağzımı açarım Çok ağır ve kırıcı konuşabilirim böyle anlarda,anger
Herhangi bir konuda başarılı olduğum zaman.,happiness
Aşağıdaki bilgiler Kanada Tarihi Yerler Sicil Dairesi kayıtlarında mevcuttur .,neutral
Kardeşimin kızı sağlıklı doğunca çok mutlu oldum.,happiness
Her köpek gördüğümde korkarım.,fear
"""Fenerbahçe"" ""Galatasaray'a"" şampiyonluk kaptırdığı zaman.",sadness
Alışveriş yaptığım zaman.,happiness
sevdiğim insanların ani ölümü,sadness
Bir adamın bir kadını taciz etmesinden tiksiniyorum.,disgust
Korku filmi izledikten sonra odada tek başıma kalmaktan korkuyorum.,fear
EŞİMLE TARTIŞTIĞIM ZAMAN HAKLIYSAM ÖFKEMİ YENEMİYORUM,anger
Oyun oynamaktan mutlu olurum.,happiness
Pis kokulardan tiksinirim.,disgust
Sınavdan düşük not alınca üzülürüm.,sadness
arkadaşlarımı kaybetmekten korkarım.,fear
Bazı sınıf arkadaşımın dersi çok saçma bir konu yüzünden bölmesi.,anger
Böceklerden tiksinirim.,disgust
Ayrıca kentte geleneksel kilim üretimi de önemli bir geçim kaynağıdır .,neutral
evde yalnızken birden elektrikler kesildi ve çok korktum.,fear
Aileme ulaşamadığım zaman korkarım.,fear
Arkadaşımın birinin sümüğünü üstüne sürmesinden tiksinirim.,disgust
Yüksek bir balkondan aşağı bakmak beni korkutuyor.,fear
Oğlum herhangi bir konuda hayal kırıklığına uğradığında çok üzülüyorum.,sadness
Aldatılmak.,anger
Sevdiğim insanların başına bir şey geldiği zaman.,sadness
Bilgisayarda oyun oynayamadığım zamanlar.,happiness
verilen söz tutulmadığında çok öfkelenirim. Düşüncelerim önemsenmediğinde.,anger
Eskiden karanlıktan korkardım. Sonra aslında korktuğum şeyin karanlık değil yalnızlık olduğunu anladım.,fear
Makalelerinin çoğu dergilerde ve gazetelerde yayınlarda ve röportajlarda yer aldı .,neutral
Annemin başkasına sinirlenip hıncını benden çıkartması.,anger
Yurdumuzun kedisi vefat edince.,sadness
Gece yalnız kalmaktan korkarım.,fear
Tostum'da domates olduğunda.,disgust
Yanlış anlaşılmaktan nefret ediyorum. kendimi iyi ifade edemiyorum ve bu beni çok öfkelendiriyor.,anger
Ailemle birlikte olmaktan mutluyum.,happiness
"19 Mayıs gösterimize saygı gösterilmediği, müzik hocasının gösteriyi kendi şovuna çevirdiği için küplere bindim.",anger
Ülkenin güneyinde Suudi Arabistan sınırında yer alır .,neutral
Köpeğimi benden zorla aldıkları an çok üzüldüm.,sadness
"köpek, kuş vs hayvanlardan korkardım ama hepsini ""Allah'a"" şükür yendim.",fear
bütünlemeye bıraktığım dersten geçince.,happiness
Sibel'in aç kaldığı an korktum.,fear
Sonuç karşı köşede bir yeniden görünen arazinin kenarına çaprazlama hareket eden aktif bölgelerdir .,neutral
Vücut geliştirme aletlerinin gelmemesi ihtimali beni korkuttu.,fear
Fakat daha sonra erkek kardeşleri olmadan tek başına tekrar kaçmıştır .,neutral
Köyden kente göçün yaşandığı köyde ayrıca mevsimlik işçi göçü de olmaktadır .,neutral
İstanbul'da sokak dövüşünde ikinci olduğumda çok mutlu oldum.,happiness
Aynı kaşık ya da bardak kullanılması.,disgust
İran kedileri oldukça sessiz kedi olarak lanse edilirler .,neutral
Kadınlarla uğraşmaktan bıktım,anger
Bu nedenle İngiliz gemileriyle taşınan köle sayısı dramatik bir şekilde artmıştır .,neutral
Birisinin arkamdan bana vurması.,fear
babamın kredi kartı borcumu öğrenmesinden çok korkuyorum.,fear
Rusları Osmanlı ordusunun bu köyde yendikten sonra Artvin’e doğru ilerlediler .,neutral
Abdominal gebelik vakalarının çoğuna ultrason ile tanı konulabilir .,neutral
Düşük not almak.,sadness
kendimden korkarım.,fear
İstediğim bir şey gerçekleşmediği zaman.,sadness
Aşağılandığımda öfkelenirim.,anger
Birisinin ağzını şapırdatarak yemek yemesi.,disgust
Bir akşam bakkala giderken çok korktum.,fear
Birisi önüme aniden çıkınca.,fear
Okul gezisine çıktığımda mutlu oldum.,happiness
Sevdiklerim ve ailemle birlikte olmak.,happiness
O çok özendiğim zayıf halimde değilim şu an.,sadness
Kedi gördüğümde.,fear
kolu kırıldığında çok korktum.,fear
"Başka birinin kullandığı bardak,tabak vb. şeyleri tekrar kullanmak.",disgust
Daha sonra sırasıyla Lille ve Monaco kulüplerinde oynadı .,neutral
Tüm param bitmişken banka hesabımda para olduğunu görünce.,happiness
Kadir Has Üniversitesi İletişim Fakültesi Radyo Sinema Televizyon bölümü mezunudur .,neutral
Sakızı kontrolsüz çiğneyen insanlara çok öfkelenirim.,anger
Tatil geldiğinde evime dönüm ailemi gördüğüm an.,happiness
Çalışmalarının doğası gereği egemen ve özgür olduğunu kabul etti .,neutral
İnsanların rica etmeden benden bir şey istemesi.,anger
içki içenlerden iğreniyorum.,disgust
Arkadaşlarım ile küsmekten.,fear
"ailemle, halalarım kuzenlerimle yaban top oynarken çok mutluyum.",happiness
Büyük köpekler ve arılardan korkarım.,fear
Arkamdan iş çevrilmesi.,anger
Geçen yaz psikolojik olarak kendimi kötü ve yalnız hissediyordum. Bu yüzden haftalarca üzüntü yaşamıştım.,sadness
Yolda giderken önümüze köpek çıktığı zaman ona çarpacağız diye çok korktum.,fear
insanların benim içtiğim şişeden içmek istediğinde tiksiniyorum.,disgust
Slovaklardan Ruslardan tiksiniyorum.,disgust
Basketbol maçı izlerken mutlu oluyorum.,happiness
Babamın kıyafetlerimi ütülerken iş yerindeki gibi kokmasından hoşlanmıyorum.,disgust
Ayrıca Facebook Firefox için Facebook Messenger adını verdiği bir Firefox eklentisi de piyasaya sürdü .,neutral
Bölümde ayrıca tarihe yönelik göndermeler de yapılmaktadır .,neutral
Romanya bu yıl önceki yıllarda olduğu gibi iki aşamalı bir yarışma yapacaktır .,neutral
Arkadaşım asla sahip olmak istemediğim ve hak etmediğim sıfatı bana yakıştırdığında çok öfkelendim.,anger
tatil benim en çok mutlu olduğum andır,happiness
Resimde derinlik anlayışını yepyeni bir teknikle ifade etmeye başlamıştır .,neutral
Ayrılma sonucunun referandumda çıkması üzerine ikinci bir referandum önermiştir .,neutral
Sınavdan düşük aldığımda ailemin tepkisinden korkarım.,fear
Kolordu birliklerinin Murat Dağı eteklerinde bir torbaya girmesine yol açmıştır .,neutral
Peki işletmelerin özel şahıslara satışı sosyalist sistemin doğasına uygun mu?,neutral
Sevdiğim bir arkadaşımla kavga ettiğimde.,sadness
Kendimi kaybedeceğim anlardan.,fear
Başarısız olmaktan korkuyorum.,fear
Sevdiğim birisinin yaralanması ya da üzülmesi.,sadness
"Devlet bu bağlamda ""insanları çevreyi korumaya teşvik eden koşullar yaratabilir"" .",neutral
Meme CA operasyonu için ameliyathaneye girdiğim an ölmekten çok korktum.,fear
Teyp cihazlarında kayıt ortamı olarak birden fazla kez kayıt yapılabilen manyetik şeritler kullanılır .,neutral
Ailemle birlikteyken mutlu oluyorum.,happiness
İnsanların birbirlerini öldürmesi.,sadness
annemin kalbini kırmak bana acı verir,sadness
Sırf muhalefet olsun diye görüşüme karşı çıkıp daha sonra kendileriyle çelişen insanlara öfkeleniyorum.,anger
Bu anket dağıtıldığında öfkelenmiştim.,anger
Hardy de Kane ile bir çekişmeye girmiş oldu .,neutral
Camı kırdığımda bu kadar öfkelendiğim için kendimden tiksindim.,disgust
Federasyon ise maçı ileri bir tarihe alacağını açıkladı .,neutral
Kamerunlu bir babanın ve Alman bir annenin çocuğu olarak dünyaya gelmiştir .,neutral
Toplu taşıma araçlarında aşırı parfüm kokusundan tiksinirim.,disgust
Annemin tansiyonu düştüğü zaman.,sadness
Sabah erken kalkmak.,anger
malum bir insanın bana beni yarı yolda bırakmayacağı vs. tarzı şeyler söyledikten sonra tam bir gün sonra bırakması beni öfkelendirdi,anger
Birisinin benimle emir kipinde konuşması.,anger
annem bana ilk kuşumu aldığı zaman,happiness
Çocukken sahip olduğum köpek aniden öldüğünde çok üzüldüm.,sadness
Red Hour Prodüksiyon firmasında oyuncu Ben Stiller ile ortak projelerde çalıştı .,neutral
İngilizce sınavından 53 almak.,sadness
sevdiğim kız bana abi deyince.,sadness
Bir işi eksiz bıraktığım zaman.,sadness
Kızdığım bir konunun tekrar tekrar söylenmesine öfkeleniyorum.,anger
Ailem ile kavga etmiştim.,sadness
Arkadaşlarım eşyalarımı karıştırdığında sinir olurum.,anger
Grup aşaması sonunda son sırada yer alarak elenmiştir .,neutral
Yemeğin içerisinde kıl veya saç gördüm. O zamandan sonra tik haline geldi.Çok tiksinmiştim.Bundan sonra yemekleri kontrol ederek yiyorum.,disgust
Birisi beni aşağıladığı zaman öfkelenirim.,anger
Arkadaşlarımla Evde ruh çağırdığımızda çok korktum,fear
Sınavın test olması.,happiness
Ailemle olduğum anlar.,happiness
Uykusuz olduğum zamanlar.,anger
Devri hakkında yazan tarihçilere göre önce beş oğlu eski imparatorun gözleri önünde idam edilmiştir .,neutral
Kadıköy'de kupa kaldırdığımızda çok mutlu oldum.,happiness
Evde yalnızken nereden geldiğini anlamadığım sesler duyduğumda korktum.,fear
sigara ve içkinin kokusundan tiksiniyorum.,disgust
Arkadaşımın elmayı çekirdekleriyle birlikte yemesi.,disgust
Aktör ya da aktris olmak isterlerse film çekimlerine giderler .,neutral
Arılardan korkarım.,fear
Başkasının çatalı ya da kaşığı ile yemek yemek.,disgust
"Şili-Uruguay ""Copa Amerikan 2015"" maçında ""Gonzala Sara'nın"" ""Edison Cavani'ye"" yaptığı hareket.
      Yere balgam atanlar.",disgust
Ödevler kontrol edilirken.,fear
Sınavdan yüksek not aldığım zaman.,happiness
Halk topraklara el koyup kendi evlerini inşa ettiler .,neutral
küfür eden bir kız gördüğümde hissettiğim duygu,disgust
şehir içi taşıma otobüslerinin vaktinde gelmemesi ve engelliye hürmet gösterilmemesine sinirlenirim.,anger
Çok çalışıp düşük not almak.,sadness
Fakat kısa bir süre sonra şehir Portekizliler tarafından yeniden ele geçirildi .,neutral
Sözlerimin dinlenmemesinden korkarım.,fear
Araba kazası geçirdim.,fear
Yemek yerken yanımdaki arkadaşım çorbaya elini sokmuştu.,disgust
sofrada yemek yerken birinin ağzını şapırdatmasına deli olurum.,disgust
Bir insanın yere tükürdüğünü görmek.,disgust
Sözlü halk sanatına ve bu sanatın tanıtımına büyük önem verdi .,neutral
Çalışmadığım bir sınava girmek.,fear
İzlediğim bir filmde kadının çürük ayak tırnağının karşısındaki adamın ağzına girmesi iğrençti.,disgust
Bir şeyin doğrusunu gördüğüm halde değiştiremediğim halde.,sadness
arkadaşlarımla eğlenceli vakit geçirdiğimizde bir saniye durup ne kadar mutlu olduğumu düşünüyorum.,happiness
bu yıl sınıfımız futbol maçında iyi oynayarak kazandığında çok mutlu oldum.,happiness
Ülkenin sosyal yönden yetersiz olmasına.,sadness
Yemekhanede dolaşan kediler.,disgust
Parmaklık yada benzeri bir korkuluğu olmayan yüksekçe bir yere çıkınca ve yükseklikten biraz da başım dönünce düşmekten çok korktum.,fear
Haksızlığa uğradığım zaman.,anger
Elektronik saldırı aktif veya pasif olarak icra edilebilir .,neutral
Sevmediğim şeyler yapıldığında çok öfkeleniyorum.,anger
Tükürük.,disgust
Annemi kaybetme korkusu,fear
Haksızlığa uğradığım zaman.,anger
Bazı Kürtler Ermeni ordusunda subay oldu ve gönüllü Kürt birlikleri kuruldu .,neutral
Köpeğim öldüğü zaman.,sadness
Kadınlara tecavüz haberleri duyduğumda erkeklerden tiksiniyorum.,disgust
arkadaşım haksız yere beni suçlayınca çok öfkelenmiştim.,anger
Bir arkadaşımın 1 ay sonra öleceğim diye yaptığı şaka.,fear
İnsanların önünde küçük düşürülmek beni öfkelendiriyor.,anger
eve gittiğimde dağınık bir ortamla karşılaşmak beni zıvanadan çıkartır.,anger
Matematik sınavından iyi not aldığım zaman.,happiness
Adını Berberi halkından almakta olup korsanların faaliyet gösterdikleri yerler Berberi Kıyısı olarak adlandırılmaktaydı .,neutral
Bangladeş çay bölgesinin kalbinde yer alır ve çay endüstrisinin merkezidir .,neutral
Çiçeklerin rengi tereyağı sarısı ve koyu turuncu arasında değişmektedir .,neutral
Yılanlardan korkarım.,fear
Okul tuvaletinin kokusundan tiksiniyorum.,disgust
Başarısız olduğumda üzülürüm.,sadness
Düşük not alınca.,sadness
Pazarda annemi kaybettiğimi sandığım an.,fear
Herhangi bir insan ağzını kapatmadan hapşırdığında çok fazla tiksinirim.,disgust
Toplum içinde takdir edildiğim zaman.,happiness
"""Kros"" yarışmasında 100 metrede 1. lik aldım.",happiness
Bir kadına laf atıldığında sinirleniyorum.,anger
Sıra bekler iken haksız yere önüme geçen biri.,anger
Arkadaşımın başka bir şehirden beni ziyarete gelmesi.,happiness
Kürtajdan çok korktum.,fear
Lunaparka gidip dondurma yemek.,happiness
"beşiktaş'ın son dört haftada sergilediği performansa çok sinirlendim. Şampiyon olamamasından dolayı hakemlere, futbolculara sövdüm.",anger
Bu tarım ürünlerinin arasında tahıl yer alır .,neutral
Bu tarihten sonra burası Papalık Devleti topraklarına katılır .,neutral
Oyunun normal bir tır oyunundan oldukça büyük farkları vardır .,neutral
Ayrıca performans sırasında dudak senkronizasyonu yaptığı için eleştiriler aldı .,neutral
Beton basınca karşı çok iyi çalışan bir malzeme olmasına rağmen çekme dayanımı çok düşüktür .,neutral
Ağzını şapırdatarak yemek yiyen insanlardan.,disgust
Manita Yanıma bir oturdu bir ter kokusu vardı beni bitirdi,disgust
İstediğim durum ve davranışları sergileyen insanlara.,happiness
İşimi kaybetmekten korkarım.,fear
Siyasetle çok ilgili olmamama rağmen insanların takım tutar gibi parti olmasına aşırı öfkeleniyorum.,anger
Kendisini dürüst ve dindar gösteren sahte karakterli insanlardan nefret ederim.,anger
Sınavdan düşük not aldığım zaman.,sadness
Trafik kazası.,fear
Sevdiğim insanlar mutlu ve yanımdayken bende mutlu olurum.,happiness
Ünlü Theodosius surlarının ilk bölümünün inşasını idare etmiştir .,neutral
Terk edilmiş çocukları gördüğümde içim acıyor.,sadness
ABLAMIN KOCASININ BENİ YARI YOLDA BIRAKMASINDAN DOLAYI ÇOK ÖFKELENMİŞTİM,anger
Bir kere sinemada tek başıma korku filmi izlemiştim.,fear
tuvaletlerin pis bırakılmasından ve yeterince temizlenmemesinden hoşlanmam,disgust
Sınavlar bittiğinde üzerimden sorumluluk kalktığı zaman.,happiness
Başka birinin bana bir konuda ukalalık yapmasına.,anger
Tuvaletleri pis bıraktıklarında.,disgust
insanların dağınık olması beni öfkelendiriyor.,anger
yıldızların altında filmini izlediğimde çok üzülmüştüm.,sadness
Uzun süredir bebek bekleyen arkadaşımın gebe olduğunu öğrenince çok sevindim.,happiness
Yerde muz çöpü görünce tiksinirim.,disgust
oyun oynarken babam arkadan izleyip benle dalga geçmesi beni sinirlendirir,anger
ameliyat olduğum zaman çok korktum.,fear
Açık ve kanayan yaralardan tiksiniyorum.,disgust
Annemin söylediklerini düşününce çok üzülüyorum,sadness
Oyunlardaki bazı sesler.,fear
Arkamdan konuşup yüzüme gülen insanlar.,anger
Sınavdan düşük not almak.,sadness
Arkadaşımın kötü liseye gitmesine.,sadness
Sigara ve alkol kullanan insanlardan tiksiniyorum.,disgust
Günümüzde eski isimleri belirtmek için B harfi kullanılmaktadır .,neutral
Bu liseyi kazandığımı duyduğum zaman.,happiness
Sevdiğim bir yakınımı kaybettiğimde.,sadness
Aileme bir zarar gelmesi.,fear
Evde veya arabada sigara içilmesinden nefret ediyorum.,disgust
Küflenmiş yiyecekleri görünce çok tiksindim,disgust
Birileri arkadaşlarım hakkında kötü sözlerde bulundukları zaman.,anger
Takip eden yıllarda birçok demir yolu şirketinin yöneticiliğini veya yönetim kurulu üyeliğini üstlendi .,neutral
pis kokular midemi bulandırır.,disgust
Yıllardır beklediğim her şeyin olması.,happiness
Aşıdan tırsarım.,fear
Sevdiğim birisinin durduk yere kalbimi kırması beni üzer.,sadness
Estonya’da verimlilik hızlı bir büyüme göstermektedir ve bunun sonucunda ücretler de hızla yükselmektedir .,neutral
Bu kayak alanı birlikte Alplerin en büyük kayak merkezlerini oluşturur .,neutral
Kopya çektiğim için kendimden tiksindim.,disgust
Lunapark'ta oyuncaklara bindiğimde korkuyorum.,fear
sözüm kesildiğinde öfkelenirim.,anger
Ablamdan aldığım özel bir mesaj mutlu etti.,happiness
"haşereler, yılanlar, kedilere dokunmaktan her zaman tiksinirim. Özellikle sürüngen hayvanlardan aşırı derecede tiksinirim.",disgust
Ve artık kalıcı bir sanatçı olduğunu herkese ispatladı .,neutral
Düşük beklediğim sınavdan yüksek not almak.,happiness
Türbesinde torunlarından birine ait bir kitabe bulunmaktadır .,neutral
Küfür eden insanlara sinirlenirim.,anger
Yola tükürülmesinden tiksinirim.,disgust
saygısızlık yapılması,anger
Parti şu anda bir Yönetim Kurulu tarafından yönetilmektedir .,neutral
Yemekhanede telefonum çalışmayınca öfkelendim.,anger
Bana yalan söylendiğini fark ettiğimde sinirlenirim.,anger
Pazartesi okula gelmek.,sadness
İnternet'de izlediğim bir video'da bir borunun içindeki böceği birbirlerine üflüyorlardı ve en sonunda birisinin ağzına girdi.,disgust
Sınavdan kötü not almak.,sadness
Matematik derslerinde öfkeleniyorum.,anger
Trafik kazasından korkarım.,fear
Böceklerden.,fear
kadınlar çiçektir denilmesi beni öfkelendirir.,anger
Sezon sonunda ise sözleşmesi sona erdi ve serbest kaldı .,neutral
onun bana mesaj atması,happiness
Babam araba kullanırken aniden rahatsızlandı ve kazayı zor atlattık.,fear
Temsil ettiği kurumların büyük bir savunucusu oldu .,neutral
Şu an Uykusuz dergisinde yazmaya ve çizmeye devam etmektedir .,neutral
Kazadan sonra yaklaşık 3 4 ay gibi bir süre sonra tekrar yürüyebilmem sanırım yaşadığım ve asla unutamayacağım bir mutluluktu.,happiness
Ağız açık ve sesli yemek yiyen insanlar.,disgust
Bugünkü Manisa şehrinin genel çizgilerini koruduğu bir imar planı yapıldı .,neutral
Matematik sınavım kötü geçtiğinde.,sadness
Kusmuk.,disgust
Sevdiğim insanlar yanımda olunca mutluyum.,happiness
hayal kurarken mutluyum,happiness
Kan gördüğüm zaman.,disgust
Seri kopyalama işleminin olağan uygulaması aşağıdaki gibidir .,neutral
Bu üç hareketi birlikte yaptırarak kolun gövdenin önüne gelmesini sağlar .,neutral
babam ukala ukala konuşunca sinirleniyorum.,anger
Bu site için Sümer ve Akad isimleri hakkında bazı bilimsel tartışmalar var .,neutral
Arkadaşımın vefat haberini aldığımda.,sadness
uçan böceklerden tiksinirim,disgust
Angela Tanrı’yı sonsuz bir derinlik olarak tanımlar .,neutral
Kardeşim doğduğu zaman mutlu oldum.,happiness
sınavdan kalabileceğim ihtimali beni çok korkutuyor.,fear
kedilerden çok tırsarım,fear
Sorduğum soruya net yanıt verilmeyip laf dolandırıldığında öfkelenirim.,anger
Göztepe Mahallesinde sadece bir bilgi evi bulunmaktadır .,neutral
sınavdan beş dikkat hatası yapınca öfkelendim.,anger
Verilen sözün yerine getirilmemesine öfkelenirim.,anger
küçük bir çocuğun ben çalışırken rahatsız etmesi,anger
Kedi ve atlardan.,fear
Fiziksel görünüşüm hakkında dalga geçildiğinde.,anger
Kullanıldığımı anladığımda.,anger
Aynı zamanda bazı ülkelerin müzik listelerinde de büyük başarı elde etti .,neutral
Arkadaşlarımla geçirdiğim yaz tatili.,happiness
Aynı yılın Haziran ayında San Francisco Pride etkinliğinde şarkı söyledi .,neutral
"biri beni haksız yere suçladığında, bağırdığında, ben konuşurken beni dinlemediklerinde öfkelenirim",anger
arkadaşımın yere düşen sucuğu yemesi,disgust
Pis kokan insanlar.,disgust
"""Fenerbahçe"" şampiyon olduğu zaman.",happiness
Karanlıkta birisinin aniden karşıma çıkması.,fear
İzinsiz yere bir şeyim alınırsa özellikle telefonum çok öfkelenirim,anger
her türlü yağdan tiksinirim.,disgust
Yaptığı şarkılarla birlikte müzikal kimliği ve tarzıyla da çevresinde oldukça dikkat çekmeye başladı .,neutral
"Sevdiklerimin beni aldatması, yalan söylemesi.",anger
Şapırdatarak yemek yenmesinden.,disgust
Birisi bana salakmışım gibi davrandığı zaman.,anger
Arkadaşımın kalemimi çalmasına öfkelendim.,anger
Çevrel çember merkezinin konumu üçgenin türüne göre değişir .,neutral
söz veripte sözünde durmayan arkadaşlarıma çok öfkelenirim.,anger
Topluluk ve ırkların haberi olmadan başlayan savaşlar hızla yayılmış ve sürdürülmüştür .,neutral
Kötü bir haber almak.,sadness
Sahnede kötü çalarsam korkarım.,fear
Mühendislik ve bilişim bilimi alanlarında elde ettiği başarılarla uluslararası alanda üne sahiptir .,neutral
Hak ettiğimi alamadığım zaman.,anger
"Aç olduğumda, çikolata yemediğimde ve ülkenin durumuna üzülüyorum.",sadness
Türk kelimesiyle de bağlantılı olduğu öne sürülür .,neutral
Birisinin bir başkasını aşağılaması.,anger
Vizelerimin düşük olduğu halde finallerimin yüksek olduğu için dersi geçmem :),happiness
sanırım ölümden daha doğrusu dolu dolu yaşamadan ölmekten korkuyorum,fear
İskeleden atladığım zaman yosunların üzerine atladığımı düşünüp korkmuştum.,fear
kabus gördüğümde gözümü kapatamam korkudan.,fear
Telefonumu kaybettiğimi sanınca korktum.,fear
Düşük not aldığım zaman.,sadness
Özenti ve kendi değerlerinden kopuk genç nesil beni öfkelendiriyor.,anger
"Yılbaşında ""Amorfi'nin"" çıkması.",happiness
Dış ön tarafında bir ana kapı bulunur .,neutral
Bekletilmek.,anger
Su kaydırağında arkamdan gelen arkadaşımın üzerime düştüğü an ölmekten korktum.,fear
Türler tipik olarak nemli ormanlarda ve nehir kenarlarında bulunur .,neutral
Tüm turlar sonunda en az puana sahip olan oyuncu oyunun galibidir .,neutral
Uygulamada Juche yılı normal tarihten sonra verilir .,neutral
Babam yaşındaki adamların bana laf atması.,anger
Sevdiğim insanlarla vakit geçirmek.,happiness
kirli elini birisi üstüne sürünce,disgust
bende ciddi bir hastalık çıkmasından korkarım,fear
Okulda ya da dershanede sınavlardan iyi not almam.,happiness
annem hasta olunca üzülmüştüm.,sadness
arkadaşım izinsiz kıyafetimi giyinmişti ve getirdiğinde kirliydi. Bu benim kafamın tasını attırdı.,anger
Lunaparktan korkarım.,fear
Dışlandığımda ve haksızlığa uğradığımda öfkelenirim.,anger
Kedim balkondan düştüğünde üzüldüm.,sadness
Sevdiklerimle bir arada olmak.,happiness
Kalabalık caddelerde karşıdan karşıya geçerken.,fear
Ayrıca ekonomik faaliyet olarak otomotiv sektörü yan sanayi üretimleri de yapılmaktadır .,neutral
"""NBA"" finalinde son saniye üçlüğü.",happiness
annemin vefatı çok üzdü,sadness
Yapılan her hakaret. Saçma el kol hareketleri ve beyin ağrıtacak gürültü.,anger
Ne yaptığımı bilmeden yazdığım kod doğru çıktı verince seviniyorum.,happiness
Rejim yaptığım halde kilo veremiyor olmak.,sadness
önemli değerlerime saygısızlık edildiğinde,anger
Küçük bir nehir olan Ankara Çayı Roma şehirlerinin içerisinden doğru akmaktadır .,neutral
Henüz lise öğrencisiyken sol düşünceyle tanıştı ve kendini dönemin eylemleri içinde buldu .,neutral
Teyzemin bana gelen bursla ilgili mesajımı okuyup bana söylememesi.,anger
Sokakta yere tüküren insanlar iğrenç.,disgust
Yere tükürülmesi.,disgust
Ulaşmak istediğim birisine ulaşamadığımda başına bir şey geldi diye korkarım.,fear
Aniden gece duyulan seslerden.,fear
Sınavdan yüksek aldığımı öğrendiğimde çok mutlu olurum.,happiness
1969 yılında yatılı ilköğretmen okulunu kazandığımda çok sevinmiştim,happiness
Buluşmaya geç kalındığı zaman.,anger
Hayal kırıklığına uğramaktan korkarım.,fear
Kandırılmak.,anger
Sevgime karşılık alamadığım zaman.,sadness
Orta Çağda askeri kılavuz kitabı haline gelmiştir .,neutral
Böcek gördüğümde kaşınmaya başlıyorum.,disgust
Topbaş uzun yıllar serbest mimar olarak çalıştı .,neutral
Arkadaşlarımla eğlenceli zaman geçirmek.,happiness
servisim geç kaldı. bir saat ayakta bekledim o soğukta.,anger
Çok beğenerek aldığım elbiseyi durakta unuttuğumda çok üzülmüştüm.,sadness
Eşim bir saat boyunca telefona cevap vermeyince merak ettim.,fear
Sınavdan iyi not almak.,happiness
Değer verdiğim insanlara zarar gelmesi.,sadness
Sınavımın kötü geçmesi beni çok üzdü,sadness
Mahalleye göç eden gürcülerin geldiklerinde kesinlikle Türkçe bilmiyor olmamaları bu durumu desteklemektedir .,neutral
Bir fare gördüğümde çok korkarım.,fear
Açık fikirli olamayan insanlara.,anger
Kusmuk gördüğüm zaman.,disgust
asansörde uzun süre kalmak. Yükseklik korkusu ve köpek ısırması,fear
Modern zaman ilişkileri midemi bulandırıyor.,disgust
emek verdiğim şeylerin başkaları tarafından takdir edilmesi beni mutlu kılar,happiness
Sevgilimden ayrıldığım zaman.,sadness
"mantarı değil yemek, kokusu bile midemi bulandırıyor.",disgust
İnsanların gereksiz sorular sorması.,anger
Gece yalnız kalınca.,fear
düşük not aldığımda üzülürüm,sadness
Dersleri başaramadığım zamanlar.,sadness
okulumu kazandığım an benden mutlusu yoktu.,happiness
Yakınlarımdan birini kaybedince üzülürüm.,sadness
Yolda yürürken gördüğüm pislikten tiksinirim.,disgust
Haksızlık yapıldığını görünce üzülürüm.,sadness
Safinaz'ın sürekli Temel Reisi aldatmasına öfkeleniyorum,anger
İyi not almak.,happiness
evde ilk kez gece vakti yalnız kalmıştım. çok güvensiz hissettim. Sanki biri bana zarar verse beni kurtaracak kimse yokmuş gibi. Kalbim çok hızlı atmıştı o gece.,fear
Mayıs ve Haziran ayları arasında kayalık alanlarda görülür .,neutral
zombili film izledikten sonra her sokak başından üzerime zombi sürüsü gelecek diye korkmam,fear
Ulaşmak istediğim hedefe ulaşmak.,happiness
Evimize hırsız girdiği zaman.,fear
Kocaeli Üniversitesinde İnkılap Tarihi Bölüm Başkanlığı görevinde bulundu .,neutral
insanların menfaatleri uğruna taraftarlık yapması,anger
Duyduğum tecavüz olaylarından dolayı erkeklerden tiksinir oldum.,disgust
Bu okulu kazandığım zaman.,happiness
Eve geldiğimde annem ve ablamı ağlarken görünce üzüldüm.,sadness
Okuldan eve dönüşlerde ve tatillerde.,happiness
öğretmenim disipline vereceğim dediği için çok korktum.,fear
Birinin kusmasından tiksinirim.,disgust
Düşük beklediğim sınavdan yüksek not aldığım zaman.,happiness
anne olduğum an bence benim en mutlu anım,happiness
Duygu ve düşüncelerime saygı duyulmaması.,anger
"Kanyonda tırmanış yapıyordum, ayağım kaydığı zaman çok korkmuştum.",fear
Sınav haftası gelince korkarım.,fear
Okullar arası futbol turnuvasında gol kaçırmıştım.,sadness
Doğum günümde ailecek yemeğe gittiğimizde.,happiness
"""Jahrein"" 1000 ""sub"" olunca üzüldüm.",sadness
Sevdiğim  yemekleri yerken.,happiness
Arkadaşımın ölüm haberini aldığım zaman çok üzüldüm.,sadness
İki yüzlü insanlardan midem bulanır.,disgust
Böcek gördüğüm anda korkarım.,fear
"anlamadığım bir soruyu hocama sorduğumda beni takmadı, sinir oldum.",anger
Hoşlandığım kız ile bakıştığımız zaman.,happiness
anneannemi ambulans ile acilen hastaneye götürdüğümüzde çok endişelenmiştim.,fear
Yemekten kıl çıkması.,disgust
Okula gelirken bir adam yere tükürmüştü ve çok tiksinmiştim.,disgust
Aileme bir şey olmasından.,fear
Pis şeyler gördüğüm zaman.,disgust
"ailem, eşim, çocuklarım, kardeşlerim yanımda olduğu süre içinde çok mutlu oluyorum.",happiness
"Kocam sayesinde, verdiğimiz buluşma saatlerine riayet edemememiz beni çok üzüyor",sadness
on iki yaşındayken motosiklet alındı,happiness
Arden ve Harvey adında iki üvey kardeşi vardır .,neutral
18 yıl önce babamın vefat etmesi.,sadness
Ailemi ve arkadaşlarımı kaybetmekten korkarım.,fear
Yarı gölge ya da yarı ışık ortamlarda nemli veya ıslak toprakları tercih eder .,neutral
Gece 2 de gelen telefon uygunsuzdur,fear
Bir sonraki sene aynı takım onu teknik direktörlüğe getirdi .,neutral
Kötü kokulardan tiksiniyorum.,disgust
Sevgilim benden ayrıldığı an.,sadness
İlgi beklediğim kişilerden ilgi görememek.,sadness
Bu albümde aynı zamanda söz ve müziği sanatçıya ait birçok parça bulunuyordu .,neutral
biri yere tükürdüğünde tiksinirim,disgust
Bu görevin daha sonra Hollanda Başbakanı olarak değiştirilmesi planlandı .,neutral
Yemekte karnı yarık olduğu zaman tiksiniyorum.,disgust
Babam alkol aldığı zaman garip davranıyor ve anneme kötü şeyler söylüyor. Bu yüzden rakıdan tiksiniyorum.,disgust
Çalışmadığım sınava girmekten korkarım.,fear
Birisi bana sebepsiz yere bağırdığı zaman.,anger
Otobüste bir amca burnunu karıştırmıştı.,disgust
Haksız yere suçlanmak,anger
Sadece Allah'tan korkarım.,fear
"Kiralık ev ararken, tutmayı düşündüğüm ev çok ama çok pisti, tiksindim.""Pisliğin de bir sınırı olmalı"". diye düşündüm.",disgust
Türkler eskiden kurulmuş olan yerin yanında Danişment adı ile yeni bir yerleşim merkezi kurmuşlardır .,neutral
Aynı turnuvadaki basamak kategorisinde ise çeyrek finalde elendi .,neutral
Melbourne mülkü daha sonra yıkıldı ve inşaat malzemeleri için bir kaynak olarak kullanıldı .,neutral
Bütünleme sınavına  kalmak.,sadness
Tüm kanıta dayalı psikoloji literatüründe bu karşılaştırma sıfıra yaklaşık bir değerdir .,neutral
Kardeşimin evi dağıttığını görünce çok sinirlendim,anger
Yeni doğmuş olan kuzenim üstüme kusmuştu.,disgust
Sevmediğim birisiyle konuşmak zorunda kaldığım an.,anger
Arkadaşım aniden bağırarak korkutmuştu.,fear
Kız arkadaşımdan ayrılınca çok üzülmüştüm,sadness
Başlangıçta yazıların çoğunu Ahmed Midhat Efendi kaleme alıyordu .,neutral
Doğru söylediğim halde hala bana inanılmaması.,anger
Düz bir alan üzerine kurulmuş bulunan ilçe topraklarının büyük bölümü Ergene Havzasında yer alır .,neutral
Bu okulda olduğum için mutluyum.,happiness
sınava az kaldığını bilmek beni üzüyor.,sadness
Babamla evde otururken babam pasta almak için çarşıya çıktı gecikince korktum.,fear
Türk Kurtuluş Savaşı’ndan sonra Bilecik’e yerleşerek çiftçilik ve ticaretle uğraştı .,neutral
Bir arkadaşım sınıfından kovunca sinirlenmiştim.,anger
sigara kokusundan çok tiksinirim.,disgust
arkadaşlar arasında hocadan azar yediğimde öfkelendim.,anger
Evde tek başıma iken elektrik kesilmişti.,fear
Üzerime sinen yemek kokusundan hiç hoşlanmam.,disgust
hasta olan ve kusan çocuklar,disgust
Sevildiğimi hissettiğim zaman.,happiness
arkadaşlarımdan biri beni üst üste defalarca aradığında korkmuştum.,fear
Müzik dinlediğim zaman.,happiness
Evde çocuğumun benimle konuşmasından çok hoşlanıyorum.,happiness
Yemeğimin içinden kıl çıktığında.,disgust
"Ödevim çalındığında.
      Eski kız arkadaşım başkası ile çıktığında.",anger
Sevdiğim insandan mesaj aldığımda.,happiness
Saçıma laf söylendiği zaman sinirleniyorum.,anger
Karşıyaka maçına bilet bulduğumda.,happiness
Özel eşyalarımı yerinde bulamayınca öfkelenirim.,anger
"Albümden yayınlanan ilk single ""Blaze of Glory"" Amerikan müzik listelerinde bir numaraya kadar yükseldi .",neutral
Tanımadığım birisinin el şakası yapmasına sinir olurum.,anger
Ben hep mutluyum.,happiness
Ter kokulu adamın otobüste yanımda durması.,disgust
Ailemden birine bir şey olursa,sadness
Kilise üyeleri tarafından peygamber olarak kabul edilmektedir .,neutral
Birisinin benimle alay etmesi.,anger
bana haksızlık edildiğinde,anger
Sigara içen arkadaşımın suyumdan içmesi.,disgust
arkadaşımın babası ölünce çok üzülmüştüm.,sadness
Korku filmlerindeki yaratıklardan.,fear
Bir çobanın yanında bulunan en temel malzemelerden yapılan bir salata türüdür .,neutral
bekletilmeye çok öfkeleniyorum.,anger
sigaradan tiksiniyorum.,disgust
Geceleri annem ya da babam üstümü örttüğü zaman.,happiness
Kötü not almak.,sadness
Otobüste trende genel görgü kurallarına uymayanlar beni hep sinirlendirmiştir,anger
Kızlar ile erkeklerin fazla samimi olan hareketleri.,anger
yanımda birinin tükürmesinden tiksinirim.,disgust
"Akılsız insanlar ile konuştuğumda.
      Toplum içerisinde azarlanmak.",anger
Arkamda aniden birinin belirmesi.,fear
Bir arkadaşımın başını taş ile yaraladıklarını öğrendiğim zaman.,anger
hep yanımda olan bir insan hastalandığında çok korkmuştum.,fear
Piyangodan para kazanınca gözlerime inanamadım.,happiness
Parçada tam bir Underground Rock örneği sergilenmektedir .,neutral
Derslerin içeriğinde teorik bilgiler kadar deneysel uygulamalar da vardır .,neutral
kardeşimden tiksiniyorum.,disgust
Tao bölgesinde yer alan Havag’ın kuruluşuna ilişkin bilgi yoktur .,neutral
Sicilya adasına güçlü bir donanma filosu gönderildi .,neutral
Hayvanların insanlardan daha fazla değeri var benim hayatımda. O yüzden kedim öldüğü zaman çok üzülmüştüm.,sadness
Yavaş yürüyen insanlardan tiksiniyorum.,disgust
Matematik sınavı ve okul.,fear
Öğretmenin  bugün ders işlenmeyecek serbestsiniz dediği zaman.,happiness
Yağlı Sivilcelerini ulu orta yerde sıkan insanlar,disgust
Daimi işim yok diye sevdiğim kız evlenme teklifimi kabul etmeyince çok kızdım.,anger
Takip ettiğim dizinin  yeni sezon bölümleri başladığında.,happiness
Bu siyasi enternasyonal kendisini Hristiyan demokrasinin teşvik edilmesine adamış küresel uluslararası siyasi gruptur .,neutral
Fiziğin deneysel bir bilim olarak sonraki gelişimi büyük ölçüde bu sisteme dayanmaktadır .,neutral
Sözümün kesilmesi.,anger
Yollara tüküren insanları gördüğümde.,disgust
Arkadaşlarımın dalga geçmelerine öfkeleniyorum.,anger
Toplum bilimi ve kent bilimi anlamında bu etkileşimin olumsuz yönleri üzerinde durmaktadır .,neutral
Annemin ve babamın beni anlamamaları beni çok üzüyor.,sadness
Haftada bir gün bir ders saati sosyal etkinliklere ve kulüplere ayrılır .,neutral
Herhangi bir zamanda aktif veya inaktif olabilir .,neutral
Düşük not aldığımda üzülürüm.,sadness
Yengemlere giderken önüme birden atlayan siyah bir yılanı asla unutmam. Her gece rüyama girip beni sokuyordu.O gün bu gündür yılan denilen lanet hayvandan korkarım.,fear
kardeşim gözümün önünde kusmuştum.,disgust
Çok sevdiğim bir sanatçının ölüm haberini aldığımda.,sadness
Kaybolduğumda korkarım.,fear
sevgilim askerden döndüğünde sürpriz yaparak yanıma gelmişti. şaşkınlıkla birlikte çok büyük bir mutluluk yaşadım.,happiness
Arkadaşımın babası olduğu zaman.,sadness
Karar daha sonra kitap evlerine ve birçok farklı yayın kuruluşuna iletildi .,neutral
"493,07 gibi yüksek bir puanla fen lisesine girememek.",sadness
Bencil insanlar.,anger
Yemek yerken konuşulması.,disgust
Sınavdan iyi not almam.,happiness
Bütün hayatımdan tiksiniyorum.,disgust
Kısa süre sonra Kafkasya dışındaki amatör tiyatrolarda sahnelenmeye başladı .,neutral
Karanlıkta yalnız kalınca korkarım.,fear
Babam yoğun Bakımdan çıktığında çok mutlu oldum.,happiness
Hayvan ölüsünden tiksinirim.,disgust
TEOG sınavından yüksek puan aldığımda mutlu olmuştum.,happiness
Yağmurdan sonra çıkan sümüklü böceklerden.,disgust
Bana hediye alınması.,happiness
Tanımadığım bir insanın arkamdan konuşması.,anger
Matematikten 100 aldığım an.,happiness
Düşük not almak.,sadness
Dedem vefat ettiğinde.,sadness
Törene Ankara Büyükşehir Belediye başkanı Mansur Yavaş ile katılmıştı .,neutral
İnsanların yere tükürmesinden tiksinirim.,disgust
Okullar kapandığı zaman kendimi mutlu hissederim.,happiness
Hoşlandığım çocuk kısa cevap verdiğinde.,sadness
Sınavda düşük not aldığıma.,sadness
Ayağıma çivi girdiğinde annem kızacak diye çok korkmuştum.,fear
Ancak bu sözleşme de kısa süre sonra feshedildi .,neutral
Hazırlığı geçmek.,happiness
Otobüste yanımda oturan kadının sürekli kusmasından tiksindim.,disgust
Zorla bu anketi doldurmak.,anger
Arkadaşımın istediğim gibi fotoğrafımı çekmediği zaman.,anger
Hırsızlık konusunda çok öfkeleniyorum.,anger
Oğlum dünyaya geldiği gün çok mutlu oldum.,happiness
Dedemin ölümüne üzüldüm.,sadness
Pis kokan insanlar.,disgust
Geçen yıl tatilde İstanbul a gideceğimi öğrendiğim an.,happiness
Toplanan Haçlı gücüne katılan bazı kişiler bu girişimi uygunsuz bulup katılmamayı tercih ettiler .,neutral
hastanede ameliyathaneye girerken çok tırsmıştım.,fear
Gece korku filmi izlediğimde gördüğüm hayallerden korkarım.,fear
Sokakta giderken köpek gördüğüm zaman korkarım.,fear
Ancak iki ülke arasındaki gerginlikler devam ediyor .,neutral
Çok gitmek istediğim bir yere gidemediğim zaman.,sadness
Paramın olmaması. Zaten hep üzgünüm.,sadness
Sinir bozucu şeyler yapıldığında.,anger
Hayvanları severken çok mutlu oluyorum.,happiness
İstediğim liseyi kazandığım zaman.,happiness
İkisi de mutlu eder ancak bir doğumun gerçekleşmesi her zaman çok daha değerlidir.,happiness
Yılanlardan korkarım.,fear
Böcekler ve bazı insanların davranışları.,disgust
Kardeşimin olacağını duyduğumda.,happiness
İçtiğim kola gülerken burnumdan çıkmıştı.,disgust
Yalan söylenmesi.,anger
beni terk eden birinin benden sonraki sevgilisinin çok keko olduğunu öğrenince mutlu oldum.,happiness
Her iki füze de birbirleri ile pek çok ortak parça içermektedir .,neutral
Yaz tatilinde arkadaşlarımla buluşup bir yerlere gittiğimiz zaman.,happiness
Sevgilimin evini böcek basmıştı.,disgust
Mutlu olabilmesi için insanlardan ilgi görmesi yeterlidir .,neutral
kilo vermem  ve sürprizler beni mutlu eder.,happiness
liseye başladığım gün çok tedirgindim ve korkmuştum,fear
Mutfak tezgahının üzerinde bir bardak bile görsem öfkeleniyorum.,anger
Ancak film yasaklanmasına rağmen gizlice gösterime girer .,neutral
Bir bayanla birlikte olduğumda mutlu olurum.,happiness
Günümüz Malta Yahudilerinin çoğu Sefarad olmasına rağmen Aşkenaz dua kitapları kullanılmaktadır .,neutral
Muhalifler hakkında birçok hatıra ve roman kaleme aldı .,neutral
Sezon sonu ise takımla olan sözleşmesi karşılıklı olarak feshedildi .,neutral
değer verdiğim kişilerce tarafıma yapılan yanlışlıklar,anger
ölen dedemi düşününce içim sızlar,sadness
Günlüğümün okunduğunu öğrendiğimde.,anger
arkadaşımla kavga ettiğimde ve yanlış anlaşıldığımda çok üzüldüm,sadness
Bana bağırılmasına ve istemediğim şeylerin yapılmasına öfkelenirim.,anger
Uzaylıların olmadığını düşünen cahil insanlar.,anger
İnsanların toplum kurallarına uymaması.,anger
benim yüzünden iki kişinin arası bozulduğunda gerçekten üzülürüm.,sadness
İyi not aldığım zaman.,happiness
Gördüğüm bir rüyadan çok korkmuştum ve haftalarca etkisinde kalmıştım.,fear
Bu liseyi kazandığımı öğrendiğim an.,happiness
Sınavın kolay olması.,happiness
Forumun büyüklüğü tam belli olmasa da şehrin en büyük forumu olduğu tahmin edilmektedir .,neutral
Ezberci ruh ve sistemden tiksiniyorum.,disgust
Geniş istasyonlar için bu platform daha kullanışlıdır .,neutral
Babam ağzını şapurdatarak yemek yediğinde aşırı tiksindim.,disgust
Sevdiğim insanların hastalanması ya da hayatını kaybetmesi.,sadness
Ben en çok arkadaşımla vakit geçirdiğimde mutlu oluyorum.,happiness
Basketbol takımına girdiğimde.,happiness
Böceklerden tiksiniyorum.,disgust
yalan söylenmesinden nefret ederim.,anger
Evimize hırsız girdiği zaman çok korkmuştum.,fear
"Sezen Aksu ise ""Firuze"" albümünde yer alan ""Ayrılıklar Bitmez"" adlı parçasını seslendirdi .",neutral
Okulun bitmesinden mutlu olurum.,happiness
İlk olarak açık dizayn hareketi tarafından önerilmiştir .,neutral
Ailemle araba yolculuğunda neredeyse kaza yapıyorduk.,fear
Geceleri bazı garip sesler duyduğum zaman.,fear
"GS 'nin ""UEFA"" kupasını kazanması.",happiness
Seni seviyorum dendiği zaman.,happiness
Yaz tatiline girince 3 ay bilgisayarda oyun oynamama izin verildiğinde.,happiness
Bu eserlerde sosyalist ideallerini ön plana çıkarttığı görülür .,neutral
Kolay bir sınavdan kötü not aldığımda.,sadness
Burada ikinci kaptan oldu ve takımın savunmasında önemli rol oynadı .,neutral
Sözlü sınavında öğretmenin listeden şeçmesinde korkuyorum.,fear
Karanlıktan korkarım.,fear
Arkadaşım dediğim kişi bana ait bir şeyi elimden almıştı.,anger
"Ne olduğunu bilmediğim, sonunu göremediğim olaylar.",fear
Matematik dersinden geçmem.,happiness
Çocuğunu döven bir anne gördüğüm zaman.,anger
sigara kokusundan tiksinirim.,disgust
büyük annemi düşünmek beni üzüyor.,sadness
Yılan görmekten.,fear
"Arkadaşımla kavga ettiğimde, ailemle tartıştığımda ve benim hakkımda yanlış şeyler söylendiğinde üzülürüm.",sadness
Chemnitz kelimesi Sorb dilinde taşlı dere anlamına gelir .,neutral
Yavru kirpinin ölmüş babasının yanında beklediğini görünce çok üzüldüm.,sadness
Öğrenciyken Deutsches Theater Berlin’de Max Reinhard’ın sahneye koyduğu tiyatro oyunları için çalışmalar üretti .,neutral
İyi bir uyku uyuduktan sonra enerji dolu bir güne başlamak.,happiness
Kusmuk görmek.,disgust
İnsanların boşu boşuna ölmesi.,sadness
Yakın arkadaşımın yalan söylemesi.,anger
Fiziksel özelliklerimle dalga geçildiğinde.,anger
galatasaray'ın dördüncü yıldızı takması,happiness
karşımda birisinin burnunu karıştırması midemi bulandırır.,disgust
Ailem ile gittiğim tatiller.,happiness
Sınavdan düşük not almak.,sadness
Bunun yanında rejim güçlerinin sivil köylere saldırması da büyük eleştiri konusu olmuştur .,neutral
Motor kullanırken sürücülerin beni sıkıştırması.,fear
Sınavdan 100 almak.Sevdiğim bir şehrin sokaklarında gezmek.,happiness
"Eş cinsel kişilere ""sapık"" muamelesi yapan ayrımcı kişilerden ve savaşlardan.",anger
Bazı öğretmenlerden korkuyorum.,fear
Mahalle sınırları içerisinde yer alan Su Düşen Şelalesi turistler tarafından ilgi görmektedir .,neutral
YOLDA TÜKÜREN İNSANLARDAN ÇOK TİKSİNİRİM,disgust
hedeflerim gerçekleşince mutlu olurum.,happiness
sigara içen birisinin yanıma yaklaştığı zaman tiksinirim.,disgust
çok zekiymiş gibi bilmiş bilmiş konuşan insanlar,anger
Otobüs durağında ayağım takılıp düşerken araba çarpmasından son anda kurtuldum çok korktum.,fear
İnsanların çözemediği gizemli şeylerden.,fear
Eski mutlu olduğum zamanları düşününce hüzünleniyorum.,sadness
Günümüzde bu hakkı sadece Norveç ve Rusya kullanmaktadır .,neutral
Kar yağışı ve don olayları nadiren görülmektedir .,neutral
"Bu kabuk parçaları genellikle askeri olmayan medya kaynakları tarafından ""şarapnel"" olarak adlandırılır .",neutral
Çok kilo aldığımı fark ettiğimde.,sadness
Hedeflerimi gerçekleştirdiğim zaman.,happiness
Geçen yıl annemin anjiyo olacak olması beni çok korkuttu.,fear
sevdiğim insanlardan iltifat duyduğum zaman mutlu oldum.,happiness
Birbirlerinin arkasından konuşup yüzüne gülen insanlardan.,disgust
"milli hassasiyetlerimizin toplum tarafından geç algılanması, gerekli duyarlılığın gösterilmemesi üzüntü ve kaygı vericidir.",sadness
her yeni eşyaya sevinirim ben,happiness
Sınavdan 100 almak.,happiness
Hediye alınca.,happiness
Matematik sınavı.,fear
Sular kesildiğinde tuvalette kaldığım zaman kendimden tiksinmiştim,disgust
İlk defa arkadaşıma inat sigara içtiğimde tiksindim.,disgust
Kendime ve aileme bir şey olmasından.,fear
Gizli bir şeyler yaptığım zaman yakalanmaktan korkarım.,fear
Her şeyin iyi yönlerini düşündüğüm için genelde mutluyum.,happiness
Arkadaşım yeni silgi'mi kayıp etmişti.,anger
Evdeki her işi benim yapmama rağmen ev arkadaşımın hiç bir şey yapmıyorsun demesine.,anger
Federasyon yönetim biçimine sahip olan ülkede toplam dört federe devlet mevcuttur .,neutral
Abimin bir anda karşıma çıkmasından korkmuştum.,fear
Birisinin üzerime hapşırması.,disgust
Onno Tunç ile çalışması ona çok şeyler katar .,neutral
Fener'in Avrupa kupasından elenmesi.,sadness
Spor ve alışveriş yaparken.,happiness
Küçükken akli dengesi yerinde olmayan biri beni kovalamıştı. O an çok korkmuştum,fear
Otobüslerde konuşulan konular ve yüksek sesleri.,anger
Matematikten soruları çözünce mutlu oldum.,happiness
aşı olduğumda çok korktum.,fear
Ders işlenirken sınıftaki gürültüye sinir oluyorum.,anger
"Yanımda birisi kusunca
      Konuşurken tüküren insanlardan tiksinirim.",disgust
Bir dönem eski futbolcu ve yorumcu Tuncay Şanlı ile birlikte oldu .,neutral
İhtiyaç duydukları yeni gücü ise dinde bulurlar .,neutral
İlk kaybolduğum zaman.,fear
Çocukken polisten korkardım.,fear
Doğum günüm unutulunca.,sadness
Tatil planı yapıp her şeyi ayarladıktan sonra arkadaşımın son anda vazgeçmesine çok sinir oldum.,anger
Kusan birisini görmek.,disgust
Ressam kendisini klasik bir takım elbise giymiş ve melon şapkalı olarak çizmiştir .,neutral
"""Çin'deki"" köpek festivali ve böcek yemekleri.",disgust
Yardıma muhtaç birilerinin olduğunu bilmeme rağmen onları gördüğümde çok üzülüyorum.,sadness
Sevildiğimi hissettiğim zaman.,happiness
Matematik sınavından düşük not aldığımda.,sadness
Bir arkadaşım beni küçük düşürdüğünde.,anger
6. doğum günümde bütün sevdiklerim yanımdaydı. O zaman çok mutlu olmuştum.,happiness
Biri bana laf attığında çok öfkelenirim.,anger
dayak yiyen ve kendini savunamayacak birini gördüğümde gerçekten üzülüyorum. Ya da kimsesi olmayan sokaklarda yaşayan yaşlıları gördüğümde. Çaresizlik en büyük üzüntü sebebim.,sadness
Maçta kırmızı kart aldığımda üzüldüm.,sadness
Odama giren böceklerden tiksinirim.,disgust
Arkadaşımın geğirmesi.,disgust
Birisinin bana destek olması.,happiness
Pislik.,disgust
"Kahramanlık sahnelerinde kendini ""Johnny X"" olarak adlandırır .",neutral
Yüksek beklediğim sınavdan düşün not alınca.,sadness
Bana bilgisayar alındığında çok mutlu oldum.,happiness
Böcekler.,fear
eğer bir konuda haklıysam ve haksız duruma düşersem çok öfkelenirim.,anger
Sınavdan yüksek puan aldığımda mutlu olurum.,happiness
Kardeşimin odada kusmasından tiksindim.,disgust
Matematik sınav sorularının kolay olması.,happiness
Ablam erken doğuma gittiği zaman.,fear
Arkadaşımın evinde yalnızken izlediğim korku filmi ve elektriklerin kesilmesinden korktum.,fear
haksızlığa uğradığım zaman öfkelenirim.,anger
Babam hastalandığında üzüldüm.,sadness
Aylar boyu beklediğim erkek arkadaşımla buluşup sarıldığım zaman.,happiness
İğrenç yemek yiyen insanlar.,disgust
Alışveriş yapmak mutlu ediyor.,happiness
Evde çikolata bulduğum zaman.,happiness
Odamın kurcalanması.,anger
okul yemekhanesinde tabakların tam olarak temizlenmeden bize hijyenik olmayan bir biçimde sunulmasından hoşlanmıyorum.,disgust
En yakın arkadaşımın dışarı çıkarken beni çağırmaması.,sadness
Kardeşimin taklidimi yapmasına.,anger
Gol attığım  zaman.,happiness
İki ejder tarafından kendilerine ateş gücü verilmiştir .,neutral
Bursu aldığım ilk hafta pahalı sigara almak.,happiness
Başarı kazanınca.,happiness
Sınavlara çalışmak zorunda olmak.,sadness
Paylaşımcı olmayan insanlar.,anger
Oynadığım takımın maç kazanmasından mutlu olurum.,happiness
Mutlu insanların yanındayken mutlu oluyorum.,happiness
Arkadaşım ameliyat olduğunda içim burkulmuştu.,sadness
Arkamdan konuşulduğunu öğrendiğim zaman.,anger
Bir karar almam gerekirken arada kalmak üzüyor.,sadness
Diğer kurucu üyeleri arasında Babür Erdem ve Güngör Budak bulunmaktadır .,neutral
Bir arkadaşımın bana gösterdiği saçma sapan video ve fotoğraflar.,disgust
memleketime gidip dedemi görünce çok mutlu oldum,happiness
tiyatro oyunumuzu sergilerken ilk başlarda büyük bir korku yaşadım.,fear
Bir arkadaşımın bana yalan söylemesi.,anger
Tuvaletten sonra ellerini yıkamayan insanlardan.,disgust
birinin üzüldüğüm bir olayı anlattığımda tepkisiz kalması beni sinirlendirir.,anger
Biyoloji konusuna adanmış sekiz mini oyun bulunmaktadır .,neutral
Babam kızdığı zaman.,fear
Yanlış anlaşıldığım zaman öfkeleniyorum.,anger
Herhangi bir konuda eğer karşımdaki insan bana bilgi vermek için döneceğim deyip dönmez ise sinirlenirim.,anger
karanlıkta uyurken,fear
Bir sevgili bulduğum zaman.,happiness
Döneminin en ünlü sağ açığı olarak isim yaptı .,neutral
Yakınlarımdan birinin ölümü veya kötü bir hastalığa yakalanmasına ve hedeflerime ulaşamadığımda üzülürüm.,sadness
Arkadaşımın bana yalan söylediğini öğrenince çok öfkelendim,anger
Bu liseyi kazandığımda mutlu olmuştum.,happiness
Sınavdan kötü not aldıktan sonra aileme anlatmaya korkarım.,fear
Ablam üzüldüğünde üzülüyorum.,sadness
"Babam anneme aldığı, benim çok kıskandığım, çiçeklerden bana da alınca havalara uçtum.",happiness
Ödev verilmediği zaman.,happiness
Dolmuş şoförü yolcuların yanında yoldan geçen bir bayana laf attı. Yolcular tepki vermesine rağmen pişkince devam etti bu durumdan tiksindim.,disgust
Ailemin bana hediye almasından mutlu olurum.,happiness
Matematikten 100 aldığımda çok sevinmiştim.,happiness
evde yalnız kaldığımda korkarım,fear
Korkunç videolardan.,fear
2 hafta boyunca ayarladığım plan iptal olunca üzüntümden geberdim.,sadness
Anne -baba vefatı.,sadness
Böylece yeni bir iç savaş başlamış oluyordu .,neutral
Arkadaşımın ayağını yatağıma ya da vücuduma sürmesinden tiksinirim.,disgust
Yemek yediğim çatal ya da kaşığa dokunulması.,disgust
Korktuğum şey başıma geldiğinde.,sadness
"Lakabı İngilizcede ""Postacı"" anlamına gelen ""The Mailman""dir .",neutral
Sevdiklerimin vefat etmesi.,sadness
Allah'tan başkasından korkmam.,fear
Karşılıklı sevgi ifadelerini kullanmak bana mutluluk verir.,happiness
Yolda tüküren insan gördüğüm zaman,disgust
cüzdanım çalındığında çok öfkelendim,anger
insanların kendi fikirlerini bana empoze etmesinden nefret ederim. Örneğin bir insanın siyasi fikrini sorgulamadan bana aşılamaya çalışmasından nefret ederim.,anger
Korku filmi izlerken.,fear
Matematik sınavı öncesi.,fear
Korku filmi izlemek.,fear
Haksızlık yapılması ve ukala insanlar.,anger
bir ortamda ter kokusunu duymaktan tiksiniyorum.,disgust
Hayvan mezarlığı filmini izlediğimde ürpermiştim,fear
Kurban bayramında kesilen hayvanların hemen yenmesinden tiksiniyorum.,disgust
Arabanın altından bir köpek çıkıp beni kovaladığı zaman çok korkmuştum.,fear
Sevdiğim insanlar ile vakit geçirmek.,happiness
Söylediğim şeyin yapılmayıp görmezden gelinmesi.,anger
Bu aşk yüzünden Sparta ve Troya arasında savaş çıkar .,neutral
Küçük bir çocuğu üzen ya da döven birisine sinirlenirim.,anger
Gündelik ve dinsel törenlere özgü metinler bu yazı biçimiyle yazılmaktadır .,neutral
hiçbir şeyden korkmam yalandan korktuğum kadar,fear
"İlk sayısı ""Maksat yeşillik olsun"" deyişiyle çıktı .",neutral
Saçma sapan sorular sorulduğu zaman.,anger
Türk düşüncesinde tarih ve yaşam felsefesi hakkında çeşitli konferans ve seminerler düzenlemiştir .,neutral
Babam yanımda değilse veya yanımda iken bana uzak duruyorsa üzülürüm.,sadness
İblis sözcüğü de çoğu zaman Şeytan ile aynı anlamda kullanılır .,neutral
Arkadaşımın ağzına peçete sokmasından ve parça parça çıkarmasından tiksindim.,disgust
İkili pulsar sistemlerinde oluşan enerji kaybı kütleçekimi radyasyonu ile uzay zaman da dalgalanmalar yapar .,neutral
Kusmuk ya da mide bulandırıcı bir şeyler görmek.,disgust
Pisuvarda büyük tuvalet görmek,disgust
"artık ailemin bana telefon alacağından umudu kesmişken, karşıma ellerinde telefonla çıkıvermeleri",happiness
Her gün yalan söyleyen siyasileri görmek istemiyorum artık.,anger
İlk uçuş zayıf motorlar yüzünden tam bir hayal kırıklığı olmuştur .,neutral
Çöplerin içine saklanan ve birden fırlayan kedilerden.,fear
Fenerbahçe ye yapılan saldırı sonucunda futbolcuların hayatlarını kaybetmeleri olasılığı beni korkuttu.,fear
Sınavlarda başarısız olmak.,sadness
Sınavlardan tiksinirim.,disgust
Ağabeyime bisiklet sürmeyi öğrettiğim zaman.,happiness
Yükseklikten ve sahip olduklarımı kaybetmekten korkarım.,fear
Kil mineralleri ve tuzları ayrıca daha kaba ince malzemeler arasında bağlayıcı görevi görür .,neutral
Bu evlilik nedeniyle Moğolların Maria’sı diye anılmaktadır .,neutral
İstanbul Üniversitesi Devlet Konservatuvarı Tiyatro Bölümünü bitirmiştir .,neutral
okulun lavabolarından tiksiniyorum.,disgust
Yanımda birinin rahatsız edici şekilde yemek yemesinden tiksindim.,disgust
Yemekhanede insan soluk kokularının yemek kokularına karışmasından tiksiniyorum.,disgust
haddini bilmeyerek densiz insanların sokaklarda affedersiniz ama hayvan gibi yaşaması iğrenç bir durum.,disgust
İnsanların temizlik kurallarına uymayarak çevreyi kirletmesi.,anger
bilgisayarıma virüs girince çok öfkelendim.,anger
Uzmanlık sınavında istediğim bölümü kazandığım gün çok sevinmiştim,happiness
Çaya bisküvi batıran insanlardan.,disgust
Toplum baskısı sebebiyle hayallerinden vazgeçmek zorunda kalınması.,sadness
ben küçük bir çocukken arabayla yanıma yanaşan amca şeker vermeyi teklif ettiğinde korku dolu anlar yaşamış avazım çıktığınca bağırmıştım.,fear
Erkek arkadaşımın beni yapmadığım bir şey için suçlaması,anger
Düşük beklediğim bir sınavdan yüksek not almak.,happiness
Arkadaşım okula gelmediği zaman.,sadness
benim düşüncelerim dikkate alınmadığında çok üzüldüm.,sadness
Yolda kedi cesedi görmüştüm.,disgust
Hastalık normalde dal ve tepelerde başlar ve aşağıya doğru ilerler .,neutral
Adaletsizlikler.,anger
Köpekler Alaska Atabaskları için at gibi yardımcı olan hayvandır .,neutral
Arkadaşımla sebepsiz yere tartıştığım zaman.,sadness
Küçükken kaybolduğumu sandığımda neredeyse ağlayacak kadar korkmuştum.,fear
Odama girip çıkıldıktan sonra çıkarken kapının kapatılmamasına öfkelenirim.,anger
Kardeşimin benim diş fırçamı kullandığını öğrendiğimde.,disgust
Sevdiklerimin başına bir şey gelmesinden.,fear
haklı olduğum durumlarda bile özür dilemek beni üzüyor,sadness
Alışveriş yaparken paramın yetmemesinden korkuyorum,fear
Yanlışlık ile ezilen böcekten çıkan ses.,disgust
Burada kardeşi Graham Atkinson ile birlikte forma giyme şansını elde etti .,neutral
Geçen yaz kız arkadaşımla gittiğim tatilde çok mutlu oldum.,happiness
kardeşimin üzülmesi beni de üzer.,sadness
Apartmanın çatısının kenarında durduğumda.,fear
"""Fenerbahçe"" elendiği zaman.",sadness
evde tek kaldığımda korku filmi izleyince korkudan altıma yapıyorum.,fear
2007 yılında babamı kaybettim.,sadness
Akşam eve dönerken kadın çığlıkları duydum. O tarafa gittiğimde polisler ve kalabalık gelmişti. Birilerinin kadına tecavüz etmeye kalktıklarını öğrendim.,fear
telefonum çalındığı zaman çok öfkelendim.,anger
Çok önemli bir anda telefonun şarjının bitmesine çok öfkeleniyorum...,anger
Sınavdan yüksek not almak.,happiness
Yıllar sonra ayrılan kardeşler tesadüf eseri birbirlerini bulurlar ve bir araya gelmek isterler .,neutral
Haklı olduğum halde haksız duruma düşmek.,anger
Kısa forvet ve skorer gard pozisyonlarında oynamaktadır .,neutral
Tümör hücrelerinin önemli bir bölümünde mitoz saptanır .,neutral
Kız arkadaşım gereksiz yere sesini yükselttiğinde.,anger
Yalnız başıma asansörde kalmıştım.,fear
Başkasının şişesinden su içmek.,disgust
İnsanlar bana yalan söylendiğinde.,anger
Amcamın eşi bebeğini düşürdüğünde üzülmüştüm.,sadness
Haberleri izlerken şehit ya da ölüm haberlerinden tutup bir karıncanın incinmesine kadar her şeye üzülürüm. Çok hassaslığımdan dolayı bazen kendimi yıpratırım.,sadness
Bulaşıkları yıkadıktan sonra kalan o yemek parçaları çok iğrenç.,disgust
Köpek havlamasından korkarım.,fear
Yapmacık tavırlı insanları gördüğümde.,anger
Öğrenci ikinci sınıfın sonunda bir diploma programı bildirmek zorundadır .,neutral
Telefonumun camı kırıldığı zaman.,sadness
kafamda planladığım projeleri gerçekleştirememek beni kızdırır.,anger
Ama yeni üniversite için şehirde iki yeni modern kampüs da kuruldu .,neutral
Yolda ölü kedi görmem.,disgust
çocukken sahip olduğum ördeğim emanet ettiğimiz kişi tarafından öldürüldüğünü duyunca çok üzülmüştüm.,sadness
Peçete kullanmadan burun temizleyen insanlar.,disgust
Kardeşimle oyun oynarken  sürekli ona yenilmek sinirlerimi bozuyor.,anger
Depremlerden.,fear
Tuvaletteyken annemin kapıyı açmaması.,fear
Benimle bir sorun yaşayan arkadaşımın sorununu benimle paylaşması gerektiği halde başkaları ile paylaşmasına.,anger
Oda arkadaşımın dağınıklığından ben de bıktım.,anger
Kantinde su 75 kuruş olunca öfkeleniyorum.,anger
Girdiğim sınava çalışmadıysam korkarım.,fear
Kusmuk görmek.,disgust
Arkadaşlarım ve ailem ile olduğum zamanlar.,happiness
Hasan Ali Yücel'e gelip buradaki imkanların harika oluşunu gördüm ve mutlu oldum. Hala mutluyum.,happiness
Babamın kardeşlerinin yaptıklarına çok sinirleniyorum.,anger
hastanede gözlerimin önünde ölen adamı hatırlamak bile beni kötü yapıyor,sadness
Ablamın bir sorunu yüzünden ağladığını gördüm fakat yardım edemedim.,sadness
Keman çalıyorum ve sahneye çıktığım zamanlar mutlu olurum.,happiness
Korku filmi izlediğimde.,fear
MEMLEKETİME GİDİP AİLEMİ GÖRMEM BENİ ÇOK MUTLU ETMİŞTİ.,happiness
Motorla gezerken.,happiness
Birisinin benimle dalga geçmesi.,anger
Bikini üretiminde suya karşı dayanıklı kumaşlar tercih edilmektedir .,neutral
Pırasa yemeği.,disgust
Dünyadaki savaşlar ve katliamlardan üzüntü duyarım.,sadness
Suçlu olduğum bir kavgadan ötürü.,sadness
Kendisini bir şey sanan kişilere ve hainlere.,anger
Eski sevgilimle barıştığımızda mutlu oldum.,happiness
Ağzı açık yemek yiyen insanlar.,disgust
Sapık insanlar tarafından tecavüze uğrayıp öldürülen kızların giyim tarzını eleştiren insanlardan.,disgust
Kuzenim olduğunda ya da akrabalarımı gördüğümde.,happiness
Genç yaşta profesyonel bir oyuncu olan Kato saldırgan oyun tarzıyla dikkatleri üzerine çekmişti .,neutral
Çok iyi bildiğim konuda bana akıl vermeye kalkışanlara öfkelenirim.,anger
Sınav öncesi hiç bir şey bilmediğimi anladığım an.,fear
Biri yüzüme tükürürse.,disgust
Sevdiğim dizinin yeni sezon'da  olamayacak olması.,sadness
Masa altına yapıştırılmış sakız.,disgust
"Gece dışarıdayken, karanlıktan ve hayvanlardan.",fear
Sokakta dilenen çocukları ve yaşlıları görmek beni üzüyor.,sadness
Kaya kabartmaları Hitit sanatının önemli bir parçasıdır .,neutral
ölmekten korkuyorum,fear
Karşımdaki birisinin rencide olması.,sadness
Kardeşim hastalandığı zaman.,sadness
Kimya sınavından yüksek not aldığımda.,happiness
Amerikan vizesini aldığımda.,happiness
Haksızlığa uğradığım zaman çok öfkelendim,anger
toplu ortamlarda sigara içilmesinden rahatsız oluyorum.,disgust
Kişi başına düşen milli gelir süratle yükseldi .,neutral
Ablamın üniversite için evden ayrılmasına üzüldüm.,sadness
Bir insan durduk yerde bana bulaşırsa.,anger
"Önümdeki dolmuş şoförü,bencilce sinyal vermeden durduğunda hissettiğim  öfke.",anger
İnternette ayaklarıyla döner ezen adam videosu gördüğümde.,disgust
kardeşim üç saat uğraşıp tamamladığım ödevi yırtınca onu parçalayasım geldi,anger
Sınavlara girmeden önce korkarım.,fear
Şikeli maçlar.,anger
İnsanlar bana kötü davranırsa.,sadness
Önüme aniden bir şey çıkması.,fear
Coğrafya sınavından 98 almıştım.,happiness
Hediye aldığımda mutlu olurum.,happiness
Korku filmi izledikten sonra.,fear
Üniversite yıllarında çeşitli basın yayın kuruluşlarında çalışmaya başladı .,neutral
bir yemek ortamında sürekli ses çıkararak yemek yenmesi,disgust
istediğim başarıları elde etmem.,happiness
Sibel'den tiksiniyorum.,disgust
eski fen hocamın karıncaları kutuda toplayıp yediğini öğrendiğim zaman tiksinmiştim.,disgust
atandığımda mutluluktan havalara uçtum.,happiness
Bir sınavdan yüksek almayı bekliyordum fakat düşük bir puan almıştım.,sadness
Bir kadının sokak köpeğine tekme attığını gördüğüm zaman öfkelenmiştim.,anger
topluma karşı saygısız insanlar,anger
"""Fenerbahçe'nin"" şampiyon olamamasına yıkıldım.",sadness
İhanete uğradığım zaman öfkelenirim.,anger
Gittiğim bateri kursunda hocamın bana çok yaklaşmasından tiksindim.,disgust
Köpeklerden korkarım.,fear
Arkadaşımın evine gitmiştim. Onun evde yanımda kusmasından tiksindim.,disgust
"annem içip içip eve sarhoş geliyor, bu beni öfkelendiriyor.",anger
Akşam yemekte mantar olduğunu görünce tiksindim.,disgust
Vefat eden arkadaşımı düşünmek,sadness
Arkadaşımın akıl sağlığını kaybetmesi beni üzdü.,sadness
Ancak ev daha geç bir tarihte duyuru yapılmadan yıkıldı .,neutral
Yolda bir arabanın bir köpeği ezip umursamadan gitmesine.,anger
Köpeğimi başkasını verdiler ve köpeğim oradan kaçtı ve kayboldu.,sadness
Yemek yediğim anlarda mutluyum.,happiness
Dans ederken mutlu oluyorum.,happiness
"""Kuran ı yırtan kız"" heykelini gördüğüm zaman.",anger
Bir sürü arkadaşımın olmasına seviniyorum.,happiness
Sınav sırasında kötü bir koku aldığımda.,disgust
Boş sandığım derse öğretmenin gelmesine öfkelenirim.,anger
Bir insanı kusarken gördüğüm zaman.,disgust
Hayvan etiği kurslarına öncülük etti ve beş kıtada ders verdi .,neutral
kendini beğenen insanlardan tiksiniyorum,disgust
Yemeğimden kıl çıkması.,disgust
Ağız şapırdatması.,disgust
Sınav sonuçlarının beklediğim gibi olmaması.,sadness
Özel mülkiyet bir ülkenin siyasi sistemi tarafından tanımlanan ve uygulanan yasal bir kavramdır .,neutral
"her türlü böcek, haşere gibi yaratıklardan midem bulanır.",disgust
Kantinde su 50 kuruşken mutluydum.,happiness
Kan gördüğüm zaman.,fear
Pis olan her şey.,disgust
Köpeklerden korkarım.,fear
Korku filmi izlediğim zaman.,fear
okuldaki sınavlardan bıktım.,anger
Beyrut Amerikan Üniversitesi Siyasal Bilimler bölümünü bitirdi .,neutral
Uzun bir yolculukta kuzenim üzerime kustu ve ben yol boyunca o kusmukla kaldım.,disgust
Okul tatil olduğunda öğretmenlerimden ve arkadaşlarımdan ayrıldığım için üzüntülüyüm.,sadness
Majör depresif bozukluk ve tik bozuklukları tedavisinde ek tedavi olarak kullanılır .,neutral
karanlıkta yolda yürürken arkamdan gelen ayak sesi duyduğumda korkuyorum,fear
hoşlandığım kızı erkekler kestiğinde çok öfkelendim,anger
"tükürük, ter",disgust
toplulukta ayağıma basılması ve canımın acımasına öfke duyarım,anger
Tahlil sonuçlarını beklerken çok korkuyorum,fear
herhangi biri mide bulandırıcı bir şey anlattığı zaman,disgust
Helsinki İzleme Komitesi bu insan hakları şiddetinin ve savaş suçlarının raporunu yayınladı .,neutral
İnsanların yaralarını görmek.,disgust
Çanak yapraklar yürek biçiminde ve üzeri tüylüdür .,neutral
bir keresinde köpeğim olmuştu. Bir gün ben okuldayken onu araba ezdi ve yas tuttum.,sadness
Çalışmadığım sınavdan yüksek not almıştım.,happiness
Dizide de pek çok kez bu adla anılmaktadır .,neutral
Aynı yılın devamında Last Girl on Earth adlı dünya turuna çıkmaya başladı .,neutral
değer verdiğim bir kişi biriyle sevgili olduğunda havalara uçarım.,happiness
Benim terliğimi birisi giydiği zaman tiksinirim.,disgust
Genellikle sigara içerken görülür ve günde iki paket sigara tüketir .,neutral
Bu konuda ortaya atılan birçok teori kurgusal ve tartışmalıdır .,neutral
Barış kelimesi duygusal bir durum içinde kullanılabilir .,neutral
Küçük bir çocukken ailesiyle birlikte Lüksemburg’a gitti .,neutral
Bu filmdeki performansı ile Altın Küre adaylığı kazandı .,neutral
Şimdilik kritik yoğunluk ölçülmüş ve düz bir evren olduğu tespit edilmiştir .,neutral
Şehir önemli bir endüstri ve ulaşım merkezidir .,neutral
Annemin küçük bir hastalığa yakalanması bile beni çok üzüyor,sadness
Fizikten 100 almak mutlu eder.,happiness
öleceğimi düşündüğüm an çok korkarım.,fear
Lokantada sipariş verdiğim çorbanın içinde sinek olduğunda çorbadan tiksiniyorum.,disgust
Sevdiğim insanların başına bir şey gelmesinden.,fear
"""Hacettepe Üniversitesi'ni"" kazanırsam çok mutlu olacağım.",happiness
oğlumun her mutlu anı beni de mutlu ediyor.,happiness
İyi bir not aldığımda.,happiness
Bu sebeple Mekke dönemindeki diğer köle Müslümanlar gibi ağır işkencelere uğradı .,neutral
Evde yalnızken sesler duyduğumda korkarım.,fear
Kardeşimle evde kavga ederken camlı kapının camının kırılarak kardeşimin yaralanmasına üzüldüm ve çok korktum.,fear
sevdiğim arkadaşımın ani ölümü beni üzüyor.,sadness
Birisinin yanımda kusması.,disgust
Muhtaç birisini gördüğüm zaman üzülüyorum.,sadness
"babamı kaybettiğimde çok büyük acı duydum çünkü yaşım küçüktü, kabullenemedim",sadness
annemin bir olay için üzülmesi beni kırar.,sadness
Küçükken yanlışlıkla civcivimi ezmiştim.,sadness
futbol turnuvasına katılan sınıfımızın üst tura geçememesi beni yıktı.,sadness
Matematik dersinin boş geçmesi.,happiness
Son dönem eserleri bu kültürden izler taşır .,neutral
Arabamı almamdan iki hafta sonra evimin önünde biri çarpıp sonra da kaçtığında çok öfkelendim.,anger
Bir insan bana gereksiz yere bağırdığı zaman öfkeleniyorum.,anger
Babam oyun konsolu aldığı zaman.,happiness
ailem mutlu olduğunda benimde içime huzur dolar.,happiness
Ailemin herhangi bir sıkıntı yaşaması.,sadness
Haberlerde gördüğüm METRO otobüs firmasında gerçekleşen olay.,disgust
hasta olmaktan korkarım,fear
oteldeki kirli çarşafları görünce tiksinmiştim,disgust
Yere tüküren insanlardan tiksiniyorum.,disgust
İnsanlar benim uyarılarımı dikkate almayınca öfkeleniyorum.,anger
arkadaşımın beni yanlış anlamasına rağmen ısrarla fikrini savunduğunda çok sinirleniyorum.,anger
Karanlık bir yerde önüme aniden biri çıktığı zaman.,fear
Opisthosoma açık renkli ve arkada geniş olabilir .,neutral
İtalya formasını ise altı kez giydi ve üç gol attı .,neutral
Duştayken elektriklerin kesilmesi.,fear
Haksızlık yapılması.,anger
Babam bir keresinde pastamı yemişti ona üzülmüştüm.,sadness
Korkutucu şakalar.,fear
tabiki de beklentilerimin karşılanmadığı zamanlar. O yüzden geniş hayaller kurulmamalı.,sadness
Yolda ezilmiş bir hayvan gördüğümde.,disgust
Bu yıl okul festivalinde sahneye çıktığımda gerçekten çok mutlu oldum.,happiness
Tebeşir sesi.,disgust
İlk defa kendi başıma aileden ayrı yaşamaya karar verdiğimde korkmuştum.,fear
Ayrıca yine aynı eserlerde Nuh Peygamber ile yaşadıkları birkaç olay da anlatılmaktadır .,neutral
Sevdiğim kişilere sarılmak.,happiness
Kusmak.,disgust
yemeğin içerisinden saç çıkmasından,disgust
Çok öfkelendim ve sinirle bağırmaya başladım. çevremdekilerden yardım istedim. otobüsü durdurmayan şoförle da tartıştım.,anger
Abimin kız Arkadaşının gereksiz yere bana trip atmasına çok bozuldum.,anger
Korku filmi izledikten sonra korkarım.,fear
bir arkadaşımın eşyasını kırmadığım halde bana kızınca öfkelenmiştim,anger
Bisiklet sürerken otoyola uçtuğum an.,fear
Biri bana patronluk taslarsa öfkelenirim.,anger
Ülkemizin kötüye giden durumundan korkuyorum.,fear
Tuttuğum takım yenildiği zaman üzülürüm.,sadness
Hocaya sınavla alakalı dürüst davrandım ve hoca sağ olsun dürüstlüğüme 1 puan bile vermedi.,anger
Sevdiklerimden ayrı kaldığımda ve sevdiklerim hakkında kötü şeyler söylendiğinde üzülürüm.,sadness
Ağabeyimin onsuz dışarı çıkmama izin vermemesine.,anger
Klozete çiş damlattıkları zaman.,disgust
Bu hareket aynı zamanda partinin kuruluşunun başlangıcı olmuştur .,neutral
Derste hoca uyumama izin vermeyince öfkelendim.,anger
Okula giderken yerleri süpüren belediye görevlisi ile selamlaşmak beni mutlu ediyor.,happiness
insanlar yanımda küfür edince tiksiniyorum.,disgust
Sevdiklerimle tartıştığım zaman.,sadness
Dedemin öldüğü gün.,sadness
Çocukken annemin biriktirdiğim oyuncakları vermesine çok üzülmüştüm.,sadness
"bir erkek evladım var, ikinci çocuğumun kız olacağını öğrenince çok mutlu oldum.",happiness
Batari çalmama izin verdikleri zaman.,happiness
Tuvalet kokusu.,disgust
Ablamın eşinin vefatı.,sadness
babamın sigara içmesinden tiksiniyorum.,disgust
Arkadaşlarımın beni 4 yıl boyunca kandırdığını öğrendiğim zaman.,anger
Kusan bir insan görmek.,disgust
Sevdiğim insanların yanımda olduğunu bilmek.,happiness
Kentin tanrıçası Aphrodite için yapılan tapınak kentteki en eski mermer binadır .,neutral
Haklı olduğum halde haksız yerine konulmak.,anger
yükseklikten korkum var. Bir keresinde 30. kattan aşağı bakmıştım gerçekten ciddi korkmuştum,fear
Selim döneminde geçirdiği onarım ve eklemeler ile bugünkü görünümüne kavuşmuştur .,neutral
"""Ankara'da"" ""YGS"" akşamı yapılan saldırı.",sadness
Konserde tacize uğradığımda çok öfkelendim.,anger
Çok çalıştığım matematik sınavına girdiğimde her şeyi unuttum ve düşük not aldım.,sadness
Okul bitiyor.Sevdiklerimden ayrıldığım için üzülüyorum.,sadness
Ankara Devlet Konservatuvarı piyano anasanat dalı eski başkanı .,neutral
Aniden önüme çıkan şeylerden.,fear
Her yıl yerli halk ve turistler için kültürel bir etkinlik düzenlenmektedir .,neutral
İnsanların birbirlerinin hakkını gasp etmesi.,anger
ağzı kokan biriyle öpüşmekten hiç hoşlanmıyorum.,disgust
İzlediğim bir videodan tiksindim.,disgust
Beklediğim otobüsün erken gelmesi mutlu etti.,happiness
Karanlıktan.,fear
Bir gün sakat ya da felç kalmaktan korkuyorum.,fear
Yanımda kusan çocuğun kusmuğundan tiksindim.,disgust
Eski kız arkadaşımın hasta olduğunu öğrendiğimde çok üzüldüm.,sadness
"Ulusal parkın doğusunda ""Sınır Suları Kano Bölgesi Vahşi Alanı"" bulunmaktadır .",neutral
Sevdiklerimle birlikte olduğumda mutlu oluyorum. Sevdiğim hoşlandığım insanın bana karşı aynı şeyleri düşündüğünü öğrenince mutlu oldum.,happiness
Birisinin yanımda geğirmesi.,disgust
Pis insanlardan ya da pis yerlerde bulunmaktan.,disgust
Aşağılayıcı insan bakışlarından.,anger
basketbol takımım maça gittiğinde koçun beni ve birkaç arkadaşımı maçtan haberdar etmemesi beni çok kırmıştı.,sadness
Çağdaş resim alanında Türkiye’nin önde gelen isimlerindendir .,neutral
Galatasaray gol yeyince üzülürüm.,sadness
Düşük not almak.,sadness
araba sürerken arkamdan durduk yere korna çalan adama çok sinirlendim.,anger
Yemek yerken ağzını açan insanlardan.,disgust
Sınav tarihini yanlış okuduğumu düşündüğüm an.,fear
Birisi ile tartıştığım zaman.,anger
Sınıfta kalmak.,sadness
Birisi yanımda kusarsa tiksinirim.,disgust
Trafikte şerit ihlali yapan ve yayalara saygısı olmayan sürücülere çok sinirleniyorum,anger
Kız arkadaşımın sürekli küfür etmesinden bıktım usandım,anger
Tuttuğum takımın küçük bir takıma yenilmesi. (Fenerbahçe),sadness
Başarısız olursam ve baskı hissedersem öfkelenirim.,anger
Müdür yardımcısı dışarı çıkmamıza izin verdiği zaman mutlu olurum.,happiness
oğlum dünyaya gözlerini açtığında çok mutlu oldum.,happiness
Kız arkadaşımın hakkımda ileri geri konuşmasına ve sırlarımın açıklanmasına kızmıştım.,anger
Yalan söylendiği zaman.,anger
yere tükürenleri görünce iğreniyorum.,disgust
Yeni akvaryumlarda yeterli sayıda yararlı bakteri bulunmaması nedeniyle azot çevrimi sorunları oluşabilir .,neutral
Kantinde çok sıra olunca öfkelenirim.,anger
Galatasaray'ın maç kazanması beni gerçekten mutlu eder.,happiness
Birisinden hediye aldığımda.,happiness
Hayvanım öldüğü zaman.,sadness
"5 sene önce ""Tuana"" isminde  kuzenim olmuştu, ailemize minik bir üye geldiği için mutlu olmuştum.",happiness
Öğretmenin haksız yere performans ödevime düşük not vermesi.,anger
Midemin kaldıramayacağı bir şey gördüğümde.,disgust
Arkadaşımın yapma dediğim bir şeyi ısrarla yapmasına öfkelenirim.,anger
Test sorularını çözemediğim zaman.,sadness
oğlumun haftanın öğrencisi olduğunu öğrenince çok mutlu oldum.,happiness
Böcek gördüğüm zaman.,disgust
yere tükürenlerden tiksinirim,disgust
Araba kazası yaptığımızda çok korktum.,fear
"Kişilerin başkalarını düşünmeden bir şeyler yapması , bencillik.",anger
Fizik sınavı.,fear
patatesin çürümesi sonucu kurtçukları görmem beni tiksindirdi,disgust
Ama sonunda emir Çakmak Kahire kalesini eline geçirmeyi başardı .,neutral
Yazdığı bir dizi dini eser ona bütün Avrupa’da ün sağladı .,neutral
Otobüse sarhoş binen adam iğrenç kokuyordu.,disgust
Kalabalık yerlerde insanların ter kokması.,disgust
Dişleri temiz olmayan insanlardan tiksiniyorum.,disgust
Sınavım iyi geçtiğinde.,happiness
Memleketten her ayrıldığımda.,sadness
Genelde her şeye üzülürüm.,sadness
Ezberci eğitim sistemi.,anger
Sınavdan yüksek not almak.,happiness
Mide bulandırıcı her şey.,disgust
köpeğimi evden atarlarsa üzülürüm.,sadness
Yüksek not almak ve ailemle iyi vakit geçirmek.,happiness
Köpeklerden tiksinirim.,disgust
İngilizce sınavından 100 aldığım zaman.,happiness
"her şeye tahammülüm var, tiksinmem.",disgust
Bilgisayarda oyun oynarken mutlu olurum.,happiness
Planck radyasyonu maksimum şiddetine sıcaklığına bağlı olarak özel bir dalga boyunda ulaşır .,neutral
Sıcak olduğu zamanlar insanların ter kokması,disgust
evin derin sessizliğinden sesler gelince tırsarım.,fear
Yüksekten korkarım.,fear
Yerlere tükürülmesi beni çok tiksindirir.,disgust
Sevdiğim kişi ile birlikte olmaktan mutlu olurum.,happiness
sokakta küfür eden birini görünce tiksiniyorum.,disgust
"Bu cezalar Kuran tarafından ve bazı durumlarda ""Sünnet"" tarafından belirlenmiştir .",neutral
köpekten çok korkarım,fear
İyi geçen sınavdan düşük not aldığım zaman.,sadness
annemin beni zorla akrabalara götürmesi,anger
Daha fazla çevrim yüksek oranda verim demektir .,neutral
Grant Noel özel bölümünde Büyük Zeka rolünde oynadı .,neutral
Sevmediğim veya hoşlanmadığım bir şey yapıldığında öfkeleniyorum.,anger
Uykuya dalarken bir anda sıçramak.,fear
Otobüste başkasına yer vermek zorunda kalmaktan tiksiniyorum.,disgust
Bulutların içinde karanlıkta bir anda üstümüzde belirip kaybolan ışıkları görünce korkudan titredim.,fear
Kursa giderken yakınımdaki bir adamın karşıdan gelen birini taciz etmesinden tiksindim.,disgust
en büyük korkum gelecekte başarısız olmam.,fear
Sınav olacağı gün öğretmenin geç gelip teneffüse çıkartmadığı zaman.,anger
Yalan söylendiğinde.,anger
Köpekle karşı karşıya kalmaktan korkarım.,fear
İleriye yönelik planlarımı gerçekleştiremediğim zaman.,sadness
Arkadaşlarımla pikniğe gittiğimiz zaman.,happiness
Sporcuların sahaya tükürmeleri.,disgust
Yalnız kalmak.,fear
Pek çok sahilde rip dalgası kıyıya dik olarak meydana gelir .,neutral
erkek arkadaşım yıl dönümümüzü çok kötü geçirmemizi sağladı. en çok ona üzülmüştüm. Çünkü hayatımda yaşadığım ilk yıl dönümüydü ve benim için çok önemliydi.,sadness
Deprem olması.,fear
Arkadaşımın bana doğru akıl vermesinden mutlu oldum.,happiness
Bisikletten düştüğümde.,fear
Şımarık hareketler.,anger
Haksız duruma düşmek.,anger
Birçok şarkı üzerinde çalışmıştır ama bunlardan on iki tanesini albüme dahil etmiştir .,neutral
Yemek yerken arkadaşımın burnunu temizlemesi.,disgust
hastalarımı kaybettiğim zaman çok üzülürüm.,sadness
arkadaşımın benden izinsiz değerli bir eşyamı alması beni çok öfkelendirdi.,anger
Cadılar bayramında palyaço maskesi takan çocuğu gördüğümde korktum.,fear
yere tüküren insanlardan iğrenirim.,disgust
ilk trafik kazasına şahit olduğumda gerçekten çok korkmuştum,fear
Tırnaklarını yiyen insanlardan.,disgust
dedemin vefatında,sadness
karanlık içimi ürpertir,fear
dersteyken hocamı burnunu karıştırırken yakalamam,disgust
Örneğin kolaylık gösterme düzenlemeleri ve geri değiştirme hükümleri .,neutral
Çalıştığım dersten kötü not alınca çok öfkelendim.,anger
Başka birisinin eşyasını kullanmaktan.,disgust
Bulaşıkların lavabo içine koyulmasından,disgust
aile içinde veya akraba arasında siyasi muhabbetler beni çok öfkelendirir. Kimseyi gözüm görmez anne veya babamla bile tartışırım.,anger
Kitabın günümüze ulaşan dokuz farklı nüshası mevcuttur .,neutral
Bir kere bir öğretmen bana çok kötü bağırmıştım o zaman korkmuştum.,fear
Allah tan korkarım.,fear
Birisinin yanımda kötü söz söylemesi beni tiksindirir.,disgust
yılan görürsem çok korkarım...,fear
Deprem olduğu zaman.,fear
Özellikle optik karakter tanıma konusunda kullanımı önemlidir .,neutral
"Bu adaya Türkler eski zamanlarda ""Taşlı Manastır"" olarak da adlandırmışlardır .",neutral
Telefon hediye aldıkları zaman.,happiness
Annemin düşüp bacağını kırmasına.,sadness
Dedemin vefatı.,sadness
Hindistan alt kıtasının faunası ve insan fosilleri üzerine uzmanlaştı .,neutral
Kötü kokan tuvaletler.,disgust
Sevdiklerimle kavga ettiğimde üzülürüm.,sadness
Tüküren insanlar.,disgust
Yakın arkadaşım aleyhine kötü bir şey söylenince öfkeleniyorum.,anger
Evde sigara içilmesinden hoşlanmıyorum.,disgust
Arkadaşımın pizzaya sıktığı mayonez ve ketçabı elleriyle yemesi.,disgust
işimi kaybetmekten korktum.,fear
Sınavlardan yüksek not aldığımda ve her şeyin istediğim gibi olduğu zaman.,happiness
Sınavım çok iyi geçtiği için çok mutluyum.,happiness
Uğraştığım bir alanda başarısız olursam.,sadness
Devlete avukat olarak atandığımda çok mutlu olmuştum.,happiness
Mütareke döneminin ilk gizli direniş ve istihbarat grubudur .,neutral
Başarılı olduğum zaman.,happiness
Otobüste yanımdaki adamın gaz çıkartması.,disgust
Bazı insanların beni anlamaması.,anger
Üç saniye durmaz ise baştan yapmak zorunda kalabilir .,neutral
Sınava çalıştığım halde başarısız olduğumda.,sadness
Düşük not aldığım zaman.,sadness
"sınıfta kalınca çok üzülmüştüm.
      Leyla ile Mecnun dizisi yayından kalkınca çok üzüldüm.",sadness
Yanımda birisi kusarsa.,disgust
Saygısız insanlara.,anger
Lise ikinci ve üçüncü sınıflarda özel şan derslerine başladı .,neutral
Birisinin hak etmediğim halde bana kızması.,anger
babam kaza yaptığında çok korkmuştum.,fear
İğrenç kokular.,disgust
İnsanları kırmaktan korkarım.,fear
Bu taslak sadece Ermenistan ve Azerbaycan bağımsız cumhuriyetleri tarafından kabul edilmişti .,neutral
başkasının tabağından yemek yemekten iğrenirim.,disgust
Fizik sınavlarının çok zor olması.,anger
"Derginin ön kapağında ""Ey Türk kendini dön . ."" sloganı yer alıyordu .",neutral
Osmanlı tarihinin ilk kubbeli dini mimari örneğidir .,neutral
Cuma günleri geldiğinde.,happiness
Sevgilim kırk yılda ilgili davrandığında çok keyifli olurum.,happiness
Kız arkadaşımın beni aldatması.,anger
Verilen görevleri yerine getirdiğim zaman.,happiness
iş yerinde cep telefonum çalınca çok öfkeleniyorum.,anger
yedinci sınıfta okul turnuvasını kazandığımızda çok mutlu oldum.,happiness
Sevdiğim birisini kaybetmekten korkarım.,fear
bir yakınıma zarar gelmesi veya ölmesinden korkuyorum,fear
Ayrıca nükleer silah geliştirilmesi amacıyla bilgi paylaşımını öngören gizli bir anlaşma da imzalanmıştır .,neutral
Annemden gelen 16 cevapsız aramayı gördüğümde.,fear
Bazı ülkelerde bölgeler arası önemli farklar olabilir .,neutral
Birine laf sokup terslemek beni mutlu ediyor.,happiness
Mekana 5 sap gitmek.,sadness
Sınavdan düşük not aldığım zaman.,sadness
Birisi beni gıcık ettiği zaman.,anger
Kurbanlık almaya gittiğimizde gübre kokusundan tiksinmiştim.,disgust
Arkadaşımın başka bir okula gideceğini öğrendiğim zaman.,sadness
Bir şeyi kaybedince ve başarısız olunca.,sadness
Piyango çıkması.,happiness
Annem hastaneye yattığında.,sadness
Evim yandığında çok üzüldüm.,sadness
Kademeli ağır elementler her yıldızın evrimi sırasında oluşur .,neutral
15 dakikada bitebilecek olan işim başkalarının önem vermemesi yüzünden 20 günde bitince çok sinirlendim.,anger
arkadaşımın yaptığı haksızlık beni öfkelendirdi.,anger
Sevildiğimi hissettiğim zaman.,happiness
yanımda sigara içilmesinden çok tiksinirim.,disgust
Toplu taşıma araçlarında erkeklerin kadınlara yaptığı cinsel tacizlerden.,disgust
Bu tür metinlerde merak unsuru ön plandadır .,neutral
Bana haksızlık yapılması ve yalan söylenmesi.,anger
Arkadaşlarım bana kötü davranıp benimle dalga geçtikleri zaman.,anger
Film metalin sadece batıya ait değil bütün dünyaya ait olduğu görüşünü anlatıyor .,neutral
"""İzban"" beklerken bir adamın raylara tükürmesi.",disgust
Yalan söylendiğinde ve küçük görüldüğümde.,anger
Benim hakkımda dedikodu yapıldığı zaman.,anger
Dayımı kaybettiğimde üzüldüm.,sadness
Bu alerji türünde doğrudan lateks maddesi içindeki proteinlere karşı alerji gelişir .,neutral
Yakınımdaki birinin kusmasından tiksinirim.,disgust
Aşıdan korkarım,fear
Metroda birisinin kustuğunu görünce.,disgust
yeğenim doğduğu zaman ailecek çok sevindik. çok tatlıydı,happiness
Şehrin üzerine de bombalar düşerek iki sivili öldürdü .,neutral
Bu bana çok iyi bir saklanma alanı oldu .,neutral
Öğretmenin sözlü sınavdan 50 vermesi.,sadness
Sevdiğim birisini kaybetmekten korkarım.,fear
Evet diş koltuğuna da oturduğumda kendimi son duamı eder vaziyette bulurum doğrusu:) en son bayılmıştım.,fear
Toplumsal ayaklanmaları gördükçe ülkem adına üzülüyorum.,sadness
sarhoşken üzerime kusan arkadaşımın kusmuğundan tiksindim,disgust
Vefat eden abimi 13 sene geçmesine rağmen hala gözlerim dolarak hatırlıyorum.,sadness
Sevdiğim insanların bana kötü davranması.,sadness
Babam öldüğünde çok üzülmüştüm,sadness
"Yemekhanede ""nugget"", ""şinitzel"" gibi yemeklerin çıkmasına öfkelenirim.",anger
karanlıkta uyumaktan korkuyorum.,fear
Karanlık ve kapalı ortamlardan korkarım.,fear
Dedemin ölümü.,sadness
Üniversite yıllarında da müzik çalışmalarına devam etti .,neutral
Eve geç saatte dönmek.,fear
sakız çiğneyen birinin ses çıkarmasından nefret ediyorum.,disgust
Umutlu hissettiğimde mutlu olurum.,happiness
Arkadaşlarımın bana iğrenç hareketler yapması,anger
Kendisine atfedilen ve yazarlığı belirsiz olan birkaç bölüm ve mektup günümüze ulaşmıştır .,neutral
Önceden Tüplü televizyonlardan ses gelirdi bu durumdan korkardım.,fear
çevremdeki insanların mutluluğunu gördüğümde ve benim için çok özel olan birini düşündüğümde yaşadığım duygu.,happiness
Motorla giderken aniden çıkan viraj korkuttu.,fear
Ellerini yıkamayan insanlardan.,disgust
Oyunu kaybettiğim zaman.,sadness
Haksızlığın olduğu her an.,anger
Okul olmadığı halde erken kalktığımda üzülürüm.,sadness
İnsanların bu kadar çıkarcı ve nankör olması.,anger
Sevmediğim insanları görünce tiksiniyorum.,disgust
Kardeşimin telefonumu izinsiz alması ve sözümün kesilmesi.,anger
köpeklerden çok korkarım.,fear
Matematik sınavları.,fear
bilgisayarıma format atıp hızlandığını görünce mutlu oldum,happiness
kadıköy'deki fenerbahçe-galatasaray maçlarından hep korktum.,fear
Korku filmlerinden.,fear
Beynimde tümör çıktığını öğrendiğimde çok üzüldüm.,sadness
Korku filmi izlemek.,fear
Kız arkadaşımın bana karşı güvensiz tavrı beni çok sinirlendirdi,anger
Böceklerden korkarım.,fear
Hakkımda kötü konuşulması.,anger
Hayal kırıklığına uğradığım zaman.,sadness
İlerleyen haftalarda diğer üç rakibin seçilmesi için eleme maçları yapılmasına karar verildi .,neutral
Arkadaşlarım beklemediğim kötü davranışta bulundukları zaman.,anger
"Sürpriz yapıldığında, hediye aldığımda ve deniz kenarına gittiğimde.",happiness
"Birisine yardım ettiğim zaman mutlu olurum.
      Başarı kazandığımda.
      Matematik olimpiyatlarına seçildiğim zaman.",happiness
Bir yakınımı kaybetmekten.,fear
Birisi önümde kusarsa bende kusarım.,disgust
uzak doğudaki insanların böcek yemesi,disgust
Tuvalete girdiğimde kapıyı açamayınca korktum.,fear
Savaşın sonlarına doğru Müttefik Devletler tarafında olarak operasyonlarını sürdürdü .,neutral
"""Bowling'de"" bütün labutları devirdiğimde.",happiness
Sınavdan düşük beklerken yüksek almak.,happiness
Arkadaşımın öldüğünü duyduğum an.,sadness
Bir şey ısrar edildiğinde.,anger
Burnunu karıştıran insanlar.,disgust
Arkadaşımın kaza yaptığını öğrendiğim zaman.,sadness
çocuklarım bana sürpriz yaparak tatile gönderdiklerinde çok sevindim.,happiness
Yemeğimin içinden saç çıkması.,disgust
babamla aramız açıldığında çok üzüldüm.,sadness
Yemek siparişimizi getiren adamın davranışlarından korktum.,fear
Arkadaşım bana piknik için söz verdiği halde gelmedi.Çok sinirlendim.,anger
İstediğim bir şey olursa mutlu olurum.,happiness
yemek yerken karşımdaki insanın ağzını şapırdatmasından tiksiniyorum,disgust
Başkalarını merak eden insanlar.,anger
Tükürük.,disgust
Yemek yerken yemeğimden saç çıkması.,disgust
Özellikle bilim ve teknoloji araştırmaları alanındaki çalışmaları ile tanınmaktadır .,neutral
Kusan birisini gördüğümde.,disgust
Sevmediğim insanların hareketlerinden.,disgust
Bir akşam kolu ve bacağı kopmuş bir kedi görmüştüm.,sadness
Güçlü olan biri Güçsüz olan birine eziyet ederken çok öfkeleniyorum,anger
Öğretmenimizin sözlü yapacağı gün okula gelmemesi.,happiness
İnsanların kullandığı yerlerin pisliği.,disgust
Takımımız maç kazandığı zaman.,happiness
sevdiklerimi kaybetmek beni ürkütür,fear
Geceleri değişik hayaller kurarak kendimi korkutuyorum.,fear
Dalga geçildiği zaman.,anger
Çalıştığım sınavdan düşük not aldığım zaman.,sadness
Allah'tan korkarım.,fear
"fareden, böcekten, yılandan ve sürüngen hayvanlardan tiksinirim.",disgust
Milattan sonra yedinci yüzyılda şehrin önemi giderek azalmıştır .,neutral
Arkadaşımın leş gibi kokması ve bana sarılması.,disgust
Yolda yürürken neredeyse başıma ağır bir şey düşüyordu.,fear
Güzel havalarda  ve hayvanları beslerken mutlu olurum.,happiness
Spor hayatım kötüye gittiği için üzülüyorum.,sadness
Matematik sınavından düşük puan almak.,sadness
Yakınlarımın (özellikle annemin ) kaybından korkarım.,fear
Böceklerden korkarım.,fear
Annemin kanser tahlilinin temiz çıkması.,happiness
Sınavdan yüksek not alınca mutlu olurum.,happiness
Birisinin haksız olmasına rağmen haksız olduğunu kabul etmemesi sinirlendiriyor.,anger
Adlarını coğrafi yerlerden alan bu elementler listede gösterilmiştir .,neutral
Doğan çocuklarım. ataması yapılan kardeşim,happiness
Çok çalıştığım bir sınavdan düşük not aldığım zaman.,sadness
Birine haksızlık yapıldığı zaman.,anger
Annemin ve kardeşimin hastalanması üzdü.,sadness
Aldatıldığımı anlayınca öfkelenirim.,anger
Aynı ekran analog ve dijital televizyon özelliği ile de yükseltilebilir .,neutral
Beklenmedik olaylarla karşılaşınca korkarım.,fear
Hamam böceklerinden tiksinirim.,disgust
Tadı kötü yemeklerden tiksinirim.,disgust
Yapmadığım bir şey için suçlanmam.,anger
Sevgilim beni aldattı.,anger
Bu anketi yaparak zamanımı boşa harcadığım için öfkeliyim.,anger
Birisi yanımda kusarsa.,disgust
sevdiklerimi iyi görmek beni mutlu eder.,happiness
Konu dışındaki bilgi ve istekler yer almaz .,neutral
Düşük beklediğim sınavdan yüksek not almam.,happiness
Yanlış arkadaştan çok korkarım,fear
Dedemin vefatı.,sadness
Herhangi konuda çalışmama rağmen başarısız olduğum zaman üzülürüm.,sadness
Kararda konseyin konuyla ilgili daha önceki kararlarına da atıfta bulunuldu .,neutral
En fazla dalda ödül alan film Gemide filmi olmuştur .,neutral
Hiç beklemediğim bir arkadaşım bana hiç beklemediğim bir sürpriz yapınca çok mutlu oldum.,happiness
Yakın bir arkadaşım öldüğünde çok üzülmüştüm.,sadness
Geceleri bomboş bir yerde tek başıma iken sesler geldiğinde örneğin.,fear
yerde para bulduğumda sevinçten dört köşe olurum,happiness
Sınav sonuçları açıklandığı zaman genelde üzülürüm.,sadness
Oda arkadaşımın pisliğinden iğreniyorum.,disgust
Küçük bir tartışmayı büyüten insanlara.,anger
Korku filmi izlediğimde.,fear
Tatillerde.,happiness
Sınavdan yüksek not aldığım zaman.,happiness
Annem felç geçirdiğinde çok üzülmüştüm.,sadness
Çok yakın bir arkadaşımın bana yalan söylediğini öğrendiğim zaman.,anger
Okulu uzatmaktan korkuyorum.,fear
Ölüm haberleri.,sadness
İstediğim bir şey olmadığı zaman öfkeleniyorum.,anger
başkasının ter kokusundan çok tiksinirim.,disgust
annem evde yokken haber vermeden dışarı çıktığımda benden önce eve gelecek diye ödüm kopmuştu,fear
Eve gelen misafirimin çocuğu ile ilgilenmemesine çok öfkelenirim.,anger
Sınavdan yüksek not aldığımda.,happiness
Kardeşim eve çok geç gelmişti ve ben çok korkmuştum.,fear
Sevdiklerimin vefatı veya sağlık problemleri beni üzen tek olgudur.,sadness
birinin yolda tükürmesi,disgust
Kendi çabalarım ile başardığım işlerde.,happiness
Arkadaşlarımla birlikte vakit geçirmek mutlu ediyor.,happiness
arkadaşım yalan söylediğinde çok öfkelendim,anger
Kızımın küçükken gözümün önünde düşüp kafasını betona çarpması.,fear
Takımım gol kaçırınca.,sadness
siyasilerin televizyonda öfke ve düşmanlık dolu konuşmalarından tiksiniyorum.,disgust
annemi aylar sonra karşımda görünce çok mutlu oldum.,happiness
Gece yurda dönerken 5 köpek saldırdı.,fear
Bazı filmler.,fear
Köpeğimi ilk kez kucağıma aldığımda mutlu oldum.,happiness
Liseye geçiş sınavından iyi bir derece aldığım zaman.,happiness
"Kimi kişilerin varlık içinde yemek beğenmezken, Afrika ülkelerinde insanların açlıktan ölmeleri ve hasta olmaları içimi acıtıyor.",sadness
Sabah birkaç kişinin bulunduğu asansöre bindiğimde ortaya çıkan ağız kokusunda tiksiniyorum.,disgust
Böcek ve sürüngen hayvanlardan  ayrıca yanlış anlaşılmaktan korkarım.,fear
Yere tükürülmesi.,disgust
Bencil insanlar ve sözümün kesilmesi öfkelendiriyor.,anger
Köpeğim suratımı yaladığında mutlu olurum.,happiness
Annemden tiksiniyorum.,disgust
İnsanların bana güvendikleri ve beni sevdikleri zamanlar.,happiness
güvendiğim arkadaşımdan kazık yeyince mahvoldum.,sadness
Bu yarışmalarda altın ve gümüş madalya alarak Finale katılmaya hak kazandılar .,neutral
Hindistan cevizi kabuğundan yapılan bir mızrak eşliğinde çalınır .,neutral
Yüksek beklediğim sınavdan düşük aldığımda.,sadness
Kardeşim doğduktan sonra hastaneye yatırılınca çok üzüldüm.,sadness
Ertesi yıl ilk yerli traktör üretildi ve seri üretime başlandı .,neutral
Her hangi bir konuda başarılı olduğum zaman.,happiness
Anlattığım bir şey anlaşılmadığı zaman.,anger
Takım arkadaşım penta atıp barono ölmüştü ve maçı satmıştı.,anger
Geçen hafa hastanede iğne yaptırırken çok korktum.,fear
Hiç beklemediğim bir sınavdan yüksek almıştım.,happiness
Yemeğimden kıl çıkması ve yemek yerken ağız şapırdatmak.,disgust
Annem ve babamın ölmesinden ve yalnız kalmaktan korkarım.,fear
Yoksul insanlar gördüğüm zaman.,sadness
Her kim olursa olsun benden izin almadan eşyalarımın alınması beni çok öfkelendirir.,anger
Korku filmlerinden.,fear
Sınavdan kaydırma yaptığımı anladığım zaman üzüldüm.,sadness
Trafik kazalarından ve ölümlerden hep ürker ve korkarım. Özellikle sakat kalmalardan dolayı.,fear
hayatımda çocuklarımın ve eşimin olmasından çok mutluyum.,happiness
Başarısız olduğum zamanlar.,sadness
Vizelerin zor olmasına öfkelendim.,anger
Arkadaşlarımın korkunç hikayeler anlatmasından.,fear
Babamın beni sinir etmek için yaptığı hareketler.,anger
Her iki çocuğum doğduğunda çok sevinmiş ve mutlu olmuştum.,happiness
Beşiktaş maç kazandığında.,happiness
Ailemle bir konu hakkında tartışırken araya başkalarının girmesi.,anger
Bu anlamda dişilerde iki adet rahim ve iki adet döl yolu vardır .,neutral
Bir trafik kazasına şahit olduğum zaman.,fear
Bütün insanlardan tiksiniyorum.,disgust
Bana bisiklet aldıklarında çok sevindim.,happiness
Dilleri ve kültürleri ortaklaşa paylaştıkları yerler vardır .,neutral
Arkadaşımın arkamdan dedikodu yapması.,anger
Kuş pisliği.,disgust
Birisinin arkamdan gelip bağırması korkutur.,fear
sınavlarımın sonuçlarının kötü gelmesinden çok korkmuştum.,fear
Çevremdeki insanların mutlu olmasından ben de mutlu olurum.,happiness
Yılan ve karanlık.,fear
Bir arkadaşımın kaza geçirdiğini duyduğumda çok korkmuştum.,fear
Ev arkadaşımın mutfağı dağınık bırakması.,anger
Bölgede yoğunlukla yerleşim vardır ve limandan ötürü sanayi gelişmiştir .,neutral
Ölümden çok korkarım.,fear
Kendi sesimi duyamamak beni korkutur.,fear
Ben ciddi olduğumda karşımdaki lakayıt olduğu zaman.,anger
Düşük beklediğim sınavdan yüksek not alırsam.,happiness
Annemin son günlerindeki çaresiz halini düşündükçe içim acıyor.,sadness
Bu liseyi kazandığımda.,happiness
Playboy dergisinin Ukrayna versiyonunun kapağında boy gösterdi .,neutral
Köpeğimiz paşa besleyemediğimiz için gittiğinde çok üzülmüştük.,sadness
Birisini haksızlık yapıldığında çok kızarım.,anger
Örümcek gördüğümde.,fear
Müzik konularının eski İskandinav mitoloji ve tarihi ile ilgilidir .,neutral
pis insanlardan tiksinirim.,disgust
fenerbahçe şampiyon olunca havalara uçtum.,happiness
Uğraşıp bir karşılık almam gerektiği yerlerde karşılığını almadığım zaman çok sinirlenirim,anger
Hava atan insanlar tiksindirir.,disgust
Güvendiğim birisinin güvenimi kırması.,sadness
Her bir besteci için her eserinin ismi de bu listede bulunmamaktadır .,neutral
Hasta olduğum zamanlar kendimden tiksinirim.,disgust
En yakın arkadaşımla çok eğlenceli doğum günü geçirmiştim.,happiness
Düşük maliyetli havayolları bu havaalanında çoğunlukla uluslararası uçuş faaliyeti gösterir .,neutral
İş yerinde ya da herhangi bir konuda haksızlığa uğradığım zaman öfkelendim,anger
Suadiye bu şarkısını Beşiktaş taraftarlarına bir şampiyonluk armağanı olarak sunmuştur .,neutral
Gorbaçov ekonomi ve devlet yönetimine daha liberal bir bakışla yaklaşmıştır .,neutral
Kapalı ve dar her yerden.,fear
Büte kalmaktan çok korkuyorum.,fear
Ayrıca Yılın Profesyonel Teknik Direktörü ödülünü kazandı .,neutral
Hediye ya da sürpriz.,happiness
İzinsiz eşyalarımın kullanılmasına.,anger
Arkadaşımın kusması.,disgust
80 beklerken 60 almak.,sadness
Bir büyüğün bana öğüt vermesine öfkelenirim.,anger
2015 yılında robot yarışmasında 2 robotumuzun ilk 8'e girmiş olması çok mutlu etti.,happiness
Başarısız olduğumda üzülüyorum.,sadness
Cenaze ziyareti veya geleneksel cenaze hizmetleri isteyenler için bir çeşit tabut da kullanılmaktadır .,neutral
Enfekte çiftlik hayvanlarının etinin işlenmesi veya yenmesi sonucu insanlarda ortaya çıkabilir .,neutral
Grup İngiliz olmasına rağmen Amerikan tarzı şarkılar yapmışlardır .,neutral
Alınan hediyenin kitap olması.,happiness
Ev arkadaşımın erkek arkadaşıyla olan ilişkisinin boyutu yüzünden ondan çok tiksindim.,disgust
Aynı zamanda albümün ilk video klibi bu şarkıya çekilmiştir .,neutral
Yüksek not almak.,happiness
Arkadaşlarımdan kötü bir laf duyduğum zaman.,sadness
Fotoğraf makinemi düşürdüğüm zaman.,sadness
Bir birlik üç ila yedi hücreden oluşur .,neutral
Denizde yosuna temas ettiğim zaman.,fear
Aynı kodu yükleyip birimizin 50 birimizin 90 alması.,anger
Yakın arkadaşımın arkamdan iş çevirmesine.,anger
Merkezi Komite Binası’nın önünde toplanan kalabalığa hitaben umutsuz konuşma girişimlerinde bulundu .,neutral
At pisliği kokusu.,disgust
Zaten yaptığım şeyi yapmam söylendiği zaman.,anger
Burun pisliği,disgust
insanların beni dinlememesine öfkeleniyorum.,anger
Arkadaşlarımla bir şey planladığımızda bir kişi gelmediği zaman diğer kişilerin de habersiz gelmemelerinden nefret ediyorum.,anger
Otobüs durmadan geçip gittiği zaman.,anger
Evde tek başınayken sanki biri varmış gibi hissettiğimde ve sesler geldiğinde korkmuştum.,fear
Arkadaşımı Pes2015 oyununda yendiğim için çok mutluyum.,happiness
Sevdiğim insanlara zarar gelmesinden korkarım.,fear
Tahtaya çıkan bir arkadaşımın yanlış yaptığında ona gülünmesi onunla alay edilmesi.,anger
bu yaz anneannem kalp krizi geçirdiğinde onu kaybetmekten çok korktum.,fear
Küflü tatlı yemiştim ve bu yüzden 1 ay tatlı yemedim.,disgust
Bu bakterinin bulaştığı kuşlarda özgül hastalık bulguları bulunmamaktadır .,neutral
"Ben her zaman mutluyumdur ama ilkokul öğretmenim tarafından o zamanlar ""bu kız doktor olacak eminim "" demesi beni çok mutlu etmişti",happiness
sahip  olduğum eşyaları kaybetmekten korkarım.,fear
Depremlerden korkarım.,fear
Kış aylarında insanların bugün kışla mahallesinin bulunduğu noktaya göç etmişlerdir .,neutral
Yüksek not almak.,happiness
Dişçinin kanal tedavisi yapması,fear
annem ve kardeşim aniden izmir'e geldiğinde çok mutlu oldum.,happiness
Köpeğimin kustuğu yeri temizlemek.,disgust
Spor yaparken ya da müzik dinlerken mutluyum.,happiness
Bir arkadaşımı gördüğümde bana gülümsemesi mutlu ediyor.,happiness
Ama Simon artık kendisini bir canavar olarak görmektedir .,neutral
Bir arkadaşımla küstüğüm zaman üzülürüm.Birinin kalbini kırdığım zaman ve düşük not aldığımda.,sadness
Biyoloji den 60 beklerken 88 aldım.,happiness
sevdiklerimi kaybetmek beni üzer.,sadness
Bir akşam eve dönerken duyduğum silah seslerinden korktum.,fear
O yıl Dünya Gençler Şampiyonasını kazandılar ve bunu başaran ilk Kanadalı çift oldular .,neutral
Çok aç eve gittiğimde en sevdiğim yemeklerin yapıldığını gördüğümde mutlu oluyorum.,happiness
Arkadaşlarım ile küsünce.,sadness
Yalan söyleyen arkadaşımdan tiksindim.,disgust
domatesten tiksiniyorum .,disgust
Mahmut ve Sultan Abdülmecid tarafından yenilendi ve tamir edildi .,neutral
Haksızlığa maruz kaldığım zamanlarda.,sadness
Şehit haberlerine üzülüyorum.,sadness
yedinci sınıfta yere düşen tostu alıp yiyen sınıf arkadaşımdan tiksinmiştim.,disgust
"Bu müzik kaynağını ""house"" ve ""salsa""dan alıyordu .",neutral
Uzun süre beklediğim bir şeyin gerçekleşmesi.,happiness
Üniversiteyi bitirdiğimde çok mutlu olmuştum.,happiness
Sanatçı ayrıca Küba karşıtı çok sayıda eyleme destek vermiş ve öne saflarda yer almıştır .,neutral
Kombine dalında yarışan iki sporcu da yarışmasını tamamlayamadı .,neutral
Ancak hükümdarlığı kısa sürecek ve İmereti Krallığının son hükümdarı olacaktır .,neutral
ameliyat masasına bağlandığımda kaçmak istedim.,fear
Ayağım kırılınca çok üzüldüm.,sadness
kaybettiğim bir tişörtümün bir yıl sonra odamdan çıkması,happiness
dişçiye hayatta gitmem,fear
Okulların açıldığı günden tiksinirim.,disgust
Arkadaşımın sözünü tutmaması beni çok çıldırttı.,anger
yapmadığım bir şeyden suçlanmam,anger
Yine de en büyük yetki Fransız genel valide bulunmaktaydı .,neutral
Az kalsın trafik kazası geçiriyorduk o zaman çok korkmuştum.,fear
Parti genel çizgisi genel olarak bu ilke doğrultusunda belirlenir .,neutral
İlk uçağa bindiğimde korktum,fear
Joe ve Juliet olmak üzere iki kardeşi vardır .,neutral
Gece telefon çaldığı zaman.,fear
Bir süre sonra grubun ana patlayıcı uzmanı haline geldi .,neutral
Lisede naklimi aldığımda üzüldüm.,sadness
Ayrı harici eklenti tuş takımları satın alınabilir .,neutral
En çok seyirci önünde oynanan final olmuştur .,neutral
sevdiklerimi kaybetme korkusu içimdedir.,fear
Bu bölgede insanların ve mitolojik karakterlerin heykelleri yer alır .,neutral
Yanımdaki herhangi birinin geğirmesi.,disgust
Terli insanlarla aynı otobüse binmek.,disgust
Doğru olduğunu bildiğim bir konuda karşımdakinin ısrarla yanlış demesi.,anger
Sınavlardan yüksek not alınca.,happiness
Yolda yürürken yerde hayvan ölüsü gördüğümde.,disgust
Ailem ve arkadaşlarım ile aram iyi ise mutlu olurum.,happiness
Hayvanların bilinçleri açıkken kurban edilmesi ve insan hayvan tecavüzleri.,anger
gişede sırada beklerken kaynak yapanlara çok sinir oluyorum.,anger
Aniden yüksek ses duyduğumda.,fear
Ölü böcek gördüğüm zaman tiksinirim.,disgust
Japonya'daki ağzı yırtık kadının fotoğrafını gördüğümde.,disgust
Sevdiğim ve güvendiğim insanların olumsuz davranışlarına üzülürüm.,sadness
Merdivenden düştüğümde korkmuştum.,fear
Annemle babamın ayrılmasına çok üzüldüm.,sadness
Küçümsenmek beni öfkelendirir.,anger
Arkadaşımla yürürken köpek kovalamıştı.,fear
Bağırarak konuşan ve bana sarılırken üstüme ağırlığını veren insanlara.,anger
bu sene şampiyonluğu kaybettiğimizde üzülmüştüm,sadness
Böylece çift yönlü bir etkileşim meydana geldi .,neutral
arkadaşlarımın izinsiz parfümümü kullanmasına ayar oldum.,anger
Sporun her dalından haberler ve programlar yayınlamaktadır .,neutral
Otobüste bir çocuğun kusması.,disgust
İlk diş tedavisinde biraz korkma olmuştu.,fear
Arkadaşımdan aldığım darbe.,sadness
Ameliyata girerken korkarım.,fear
Fakat annesi hiçbir zarar görmeden fidye karşılığında altı hafta sonra serbest bırakıldı .,neutral
hakkım olanı almayınca çok sinirlendim.,anger
Maçı yanlış kodlamak.,sadness
babam ben istemeden arabayı vermesi,happiness
Örümcek.,fear
Bir konuda beklediğim sonuç gelmediğinde.,sadness
Takımım şampiyon olunca çok mutlu oldum.,happiness
Parçalanmış insan bedeni.,disgust
Uzunca süredir koçluk ve pedagojik teknikleri çalışıp çocuklara satranç eğitimi vermekle de uğraşmaktadır .,neutral
Birçok Armani ve Hugo Boss reklam filmlerinde boy göstermiştir .,neutral
Televizyon için çekilen birçok dizi ve filmde rol aldı .,neutral
Sınavların bittiği an.,happiness
Tuvaletlerin pis olması.,disgust
Kars'tan Digor ilçesine doğru tek başıma araçla yoğun tipiye yakalandığımda çok korkmuştum.,fear
Öfkelendiğim durumlar cinsiyet ve maddi durum eşitsizliği ile ilgili olan olaylar.,anger
Böcek ve toz görmek.,disgust
Daha sonra Disney Channel Latin America tarafından alınan dizi tüm kıtada yayınlanmaya başladı .,neutral
Çıplak ayakla yürürken ayağıma bir şeyin yapışması.,disgust
Kafamı gök yüzüne çevirdiğim her an.,happiness
Arkadaşım yolda karşıdan karşıya geçerken kazayı ucuz atlattı ben çok korktum.,fear
Birisinin bana yalan söylediğini öğrendiğim zaman.,anger
Cep telefonum yüksekten düşmüştü fakat hiçbir şey olmamıştı.,happiness
Derslerimin iyi olması.,happiness
sokakta tuvaletini yapan evsizi gördüğümde çok tiksindim.,disgust
Yurt dışındaki teyzem ve çocuklarını çok seviyorum. Onları görmek beni çok mutlu ediyor.,happiness
Annemin genzinden kan geliyordu. Araştırınca mide veya yemek borusu kanseri olabileceğini öğrendim çok korktum.,fear
Bana güvenen insanları mahcup etmek.,fear
Ayrıca Afganistan Savaşı kapsamında kullanılan savaş uçakları üssü kullanmıştır .,neutral
Maçta kırmızı kart gördüğümde sinirlendim.,anger
Sevildiğimi hissettiği zaman.,happiness
Kazanç kaybı,sadness
Böceklerden.,disgust
"""Soma'da"" bir okulu ziyarete gitmiştik. Oradaki çocukların ve ailelerinin durumunu gördüğümde üzüldüm.",sadness
Arkamdan sessizce yaklaşılması.,fear
Behiç hoca İzmir’e gelirken yanında Halil’i de getirdi .,neutral
Gemi atıkları.,disgust
Eşi Zeki Öztürk de aynı zamanda milli atlet .,neutral
Sokaklarda yaşayan insanlara.,sadness
Kusmuk.,disgust
ağzı kokanlardan tiksiniyorum,disgust
Sahip olduğum yada alıştığım kişiyi kaybetmek beni korkutur.,fear
tuvalette sigara içilmesinden hiç hoşlanmam.,disgust
Ezilmiş kedi gördüğümde.,disgust
Haksızlıklara.,anger
"bir insanın bana yalan söyledikten sonra, o kişiden tiksinirim",disgust
Bazı arkadaşlarımın davranışları.,anger
"Bir tanıdığım saldırıya uğramıştı, duyduğumda çok öfkelendim ve korktum.",anger
Ayağım kırıldığında.,sadness
Kötü ücretli bir laboratuvar asistanı haline geldi .,neutral
Güneş gözlükleri ayrıca yeni bir plastik kalıplama teknolojisine sahipti .,neutral
Azerbaycan’da tiyatronun yanında opera ve operet de gelişmiştir .,neutral
DİŞÇİLER KABUSUMDUR.,fear
Özbekistan büyük bir pamuk üreticisi ve ihracatçısı olup aynı zamanda önemli bir altın üreticisidir .,neutral
Böceklerden.,fear
Paranın değeri satıcı ile alıcı arasında yapılan anlaşmalar sonucu belirlenir .,neutral
Doğu Endonezya mutfağı daha çok Polinezya ve Melanezya mutfağına benzerlik gösterir .,neutral
"ter kokusu, vajina kokusu, ayak kokusu, et kokusu",disgust
Arkadaşlar beni takdir ederse mutlu olurum.,happiness
Çabaladığım konuda başarısız olunca üzülürüm.,sadness
Gece gördüğüm kabuslardan korkuyorum.,fear
Hızla büyüyen direnişe diğer okullardan öğrenciler ve halk katılmıştır .,neutral
maden kazasındaki olaylar beni üzdü,sadness
Yüksek beklediğim sınavdan düşük not almak.,sadness
Arkadaşımdan ayrılmak,sadness
Cuma günü okuldan çıkışta turnikelere kart basmak zorunda olmama öfkeleniyorum.,anger
Şu an çalıştığım yere tayinimin olduğunu öğrendiğim an,happiness
Ev halkının hiçbiri sigara içmediğinden evimize misafir gelip sigara içmek isteyenlere adres olarak balkonu gösteriyoruz ki alt komşumuzun balkonda içtiği sigaranın dumanının eve sinmesi bile bizi son derece rahatsız ediyor.,disgust
"Bundan dolayı köy halkına ""Manav"" da denmektedir .",neutral
"Annemle birlikte arabada giderken lastik patladı, az kalsın kaza yapıyorduk.",fear
Evin penceresini çalıp kaçan çocuklar beni korkutuyor.,fear
Yan hakem olarak ise toplamda üç maçta görev yapmıştır .,neutral
Hamam böceği ve fare gördüğümde.,disgust
"Şehit haberleri, Ankara'daki patlamalar gibi olayları duyduğumda üzülüyorum",sadness
Yapma dediğim bir şeye devam edilmesi.,anger
Örümcek fobim var.,fear
Kahramanmaraş İl Sağlık Müdürü olarak görev yaptı .,neutral
Dalga geçilmesi.,anger
Bir insanın yalakalık yapması.,disgust
içilen sigara izmaritlerinin ya da yenen yiyeceklerin ortada bırakılmasından tiksinirim.,disgust
Annemin ölüm haberini alınca üzüldüm.,sadness
Yemek yerken birisinin burnunu temizlemesinden.,disgust
Arkadaşımın bana yalan söylediğini fark edince deliye döndüm.,anger
herhangi bir dersten DD altı bir notla bırakan hocadan tiksiniyorum,disgust
Birisinin arkamdan aniden bağırması.,fear
Ailemle birlikte zaman geçirdiğimde ve başkaları adına iyi bir şeyler yaptığımda.,happiness
Babam trafik kazası geçirmişti.,sadness
Benimle dalga geçtiklerinde öfkelenirim.,anger
"halka açık tuvaletlerin pisliğinden, çalıştığımız yerdeki tuvaletlerde sigara içilmesinden iğreniyorum",disgust
Ancak yine de birçok Alman tankını etkisiz hale getirmiştir .,neutral
Futbolcuların sümkürmesi.,disgust
oyunun en güzel yerinde elektrik gitmesi beni üzer,sadness
Küçük böceklerden.,disgust
Pis kokular.,disgust
Ana malzemeler olarak makarna ve nohut ile hazırlanır .,neutral
Bu rütbede Genelkurmay Personel Başkanlığı ve tekrar Genelkurmay Özel Kuvvetler Komutanlığı görevlerini yürüttü .,neutral
Aç kaldığımda üzülürüm.,sadness
"İkiyüzlü , yalancı, egoist ve megaloman insanlardan nefret ediyorum.",anger
Sezonun ikinci yarısında ise geçirdiği sakatlıklar nedeniyle aralıklarla forma şansı bulabildi .,neutral
"Bağımsız film Jackie karakterini canlandırdığı ""Caroline and Jackie"" ile tanınmıştır .",neutral
Ama bu yazı ne yayınlandı ne de taslak geçmişin ilerlediği görüldü .,neutral
Şirket ayrıca profesyonel kullanım için cihazlar da üretmektedir .,neutral
"Annemin bir gün bana ""beni üzüyorsun"" demesine çok üzüldüm.",sadness
kantinde suyun 75 kuruşa satılmasına öfkeleniyorum.,anger
milli takımın şampiyonluğu,happiness
3 sigara üst üste  içtiğimde.,disgust
Ailemden herhangi birini kaybedersem çok üzülürüm.,sadness
Suçsuz olduğum halde suçlanmak.,anger
Yeteri kadar sevilmediğim zaman.,sadness
Gereksiz yere ters cevaplar verildiğinde.,anger
yanımda sigara içilmesinden tiksiniyorum.,disgust
Seramik kaplı kesici takımlarda önemli oranlarda takım ömrü artışı sağlanmaktadır .,neutral
Yalnızlığımı sevmeme rağmen bir gün bu hayatta tek kalacağımı düşünmek beni epey korkutuyor.,fear
Okullar tatil olduğu zaman.,happiness
Bir kadının sokakta çocuğuna tasma taktığını görmüştüm bu beni çok üzmüştü.,sadness
Emeklerimin boşa gittiğini gördüğümde.,sadness
Tuvalet ve pis şakalar.,disgust
Başarısız geçen bir sunumum sonrasında çok üzülmüştüm,sadness
Hayvanlara işkence yapanlara çok öfkeleniyorum,anger
Odama giren böceklerden korkarım.,fear
Annemler istediğim telefonu aldığı zaman çok mutlu oldum.,happiness
İngilizce sınavına yeterince çalıştığımı düşündüğüm halde  düşük not almak.,sadness
Yeni Gelin adlı televizyon dizisinde başrol alarak oyunculuğa adım attı .,neutral
Oteller işleten ve paket turlar düzenleyen bağlı kuruluşları da vardır .,neutral
Kavga ettiğim zaman.,anger
Birinin ya da bir ailenin yaşam alanı olan evinin pisliği beni tiksindirir.,disgust
Jackson kariyeri boyunca dokuz kez derginin dağıttığı ödüllere layık görülmüştür .,neutral
"Ayrıca kanalın yönetiminde bulunan ""Am Radyo"" bulunmaktadır .",neutral
ingilizceyi öğrenmediğimde kendime öfkelenirim.,anger
İnsanların düşüncesizce yaptığı hareketler.,anger
Kandırıldım,anger
Hayvanlara eziyet edilmesine.,anger
Haklı olduğum halde haksız çıktığım zaman öfkelenirim.,anger
Arkadaşlarım ve ailemle vakit geçirdiğim anlar.,happiness
"""Galatasaray"" 4. yıldızı takınca mutlu oldum.",happiness
Sevdiğim birisini kaybedersem üzülürüm.,sadness
Yalnız kalmaktan.,fear
Hayatımda her şeyin güzel gittiği zamanlar.,happiness
üniversite sınavında istediğim sonucu alamayınca çok üzüldüm.,sadness
Beşiktaş şampiyon olmayınca.,sadness
Arkadaşlarım ile akşam kutladığım doğum günü.,happiness
Yüzüme sinek konduğu zaman.,disgust
Yine de bu durum oldukça ender görülür .,neutral
Çok iyi geçen bir sınavdan çok düşük not alınca çok üzüldüm,sadness
Benim çok önemsediğim birisinin beni önemsememesi.,sadness
Başarılı olmak mutlu ediyor.,happiness
"sevdiklerime zarar geldiğinde elbette üzülürüm, ağlarım ayrıca sınavlara çalışıp emeğimin karşılığını alamadığımda üzülürüm",sadness
Otobüslerde gereksiz yere bağıran kadınlara.,anger
arkadaşlarım verdikleri sözleri tutmadıklarında onlara dalasım gelir,anger
7 yaşındayken kaybolduğum an ağlamaktan gözlerim dolmuştu ve bir an öleceğimi sanmıştım,fear
Sınavlarım iyi geçtiği zaman mutlu olurum.,happiness
Sevdiğim birisi ölürse.,sadness
Ölüm haberi almak.,sadness
Ailem ve arkadaşlarımla birlikte olduğum zamanlar.,happiness
Yine de Sasaniler yeterli kaynağa sahip değildi .,neutral
Ülkemde barış ortamının bozulmasından korkuyorum.,fear
Fransız tahtına geri getirmek isteyen bir kralcı grupla birlikte çalışıyordu .,neutral
Torpil yapılması ve haksızlık karşısında öfkelenirim.,anger
Yayalara yeşil ışık yanarken geçen arabalara.,anger
Otobüste ter kokan biri.,disgust
Yemeği ucuza aldığımda.,happiness
Kardeşimin doğumunda annem ölecek diye çok korkmuştum.,fear
Çok çalıştığım fizik sınavından 72 aldığımda sinirlendim.,anger
abimin ağzını açarak yemek yemesinden rahatsız oluyorum.,anger
Yoldan geçen insanların yere tükürmelerinden tiksinirim.,disgust
Maçı kaybettiğime üzülürüm.,sadness
İlk yeğenim doğduğunda çok mutlu oldum,happiness
Sigara dumanının üzerime gelmesi tiksindirici.,disgust
Arkadaşımın bağırması.,anger
Bu sistem üyelerinin şikayeti üzerine devlet tarafından tamamen yasaklanmıştır .,neutral
Köpek saldırırsa korkarım.,fear
Aynı evde bulunduğum kişilerin evdeki dağınıklığından hoşlanmıyorum.,anger
Spor salonundaki tuvaletlerin kokusu.,disgust
Bir adamın arabasının içinden gözünü dikip bana bakmasından çok tiksindim.,disgust
Okul tuvaletinde sigara içilmesi tiksindiriyor.,disgust
Sakız çiğnenmesi.,disgust
Geçen sene süper lige çıkamayınca çok üzülmüştüm,sadness
Ağabeyim yurt dışından döndüğü zaman.,happiness
abimin ameliyattan sağ salim çıktığını görünce sevindim.,happiness
Babamın beni azarlaması.,sadness
Bir yanı mutlaka sokağa bakan bu yapılar genelde tek katlıdır .,neutral
Kusmuk.,disgust
Uzun süredir giymediğim montun cebinden para çıkması.,happiness
Sınav olduğu günler korkarım.,fear
hatalı sollama yapan birini gördüğümde dalasım geliyor,anger
Burada hem at yarışı hem de deve yarışı maçları yapılırdı .,neutral
Cahil insanlar beni üzüyor.,sadness
sakızın kötü çiğnenmesi,disgust
Yapılmaması gereken şeyleri karşımdakine söylememe rağmen yaparsa çok öfkelenirim.,anger
Galatasaray dördüncü yıldızını aldığında acayip mutlu oldum.,happiness
Moğol istilasından sonra Talas ile Issık Göl arasındaki sahayı zorla ele geçirdikleri görülmektedir .,neutral
Pazartesi sabah erken uyanmaktan üzülürüm.,sadness
Köpeklerden tırsarım.,fear
Karanlıktan korkarım.,fear
Ishigi’nin bağımsız olarak aynı icadı yaptığı kabul edilir .,neutral
Ders çalışır iken kardeşimin gelip dikkatimi bozmasına çok sinirleniyorum.,anger
Birisini için elimden bir şey gelmediğini anladığım durumlarda.,sadness
Yemek yerken mutlu oluyorum.,happiness
"Akşam sokakta, tanımadığım bir adam tarafından takip edilince.",fear
Uzun süre görmediğim insanlar ile görüştüğüm zaman.,happiness
Yüksek not aldığım zamanlar.,happiness
Ailemin istemediği bir şey yaptığımda korkarım.,fear
çikolata en sevdiğim şeydir,happiness
Ayrıca bakterinin kansere neden olduğu şeklinde bulgulara da rastlanmıştır .,neutral
Yemek sırası beklemek ve herkesin önüme geçmesi.,anger
Hayvan ölüsü gördüğümde.,disgust
Matematik sınavında soruları cevaplandıramamaktan korkarım.,fear
Döner yediğim zaman.,happiness
Hediye aldığımda mutlu olurum.,happiness
Kusmuk.,disgust
Rahatsız olduğumu bildikleri halde hala o konuda konuşan arkadaşlarıma öfkelendim.,anger
ingilizce hocasının dişlerini görünce midem bulanıyor.,disgust
Kaybolduğumda üzülmüştüm.,sadness
yediğim yemeğin içinden kıl çıkınca çok tiksinirim.,disgust
Gece evde tek kalmaktan korkarım.,fear
Denizlere çöp atılması.,anger
Şansımın döndüğünü düşündüğüm her an.,happiness
kendini gözümün önünde jiletleyen bir oda arkadaşım vardı. beni de jiletleyecek diye ödüm kopuyordu. Kendine bunu yapan başkasına ne yapmaz ki,fear
Kentin çok sayıda kapısı vardır ama bunlardan en önemlisi kapısıdır .,neutral
Birisi önümde kustuğunda.,disgust
Allah rahmet eylesin çok üzüldüm.,sadness
Çikolata yemek.,happiness
Doğuda ise Karadeniz ve Hazar Denizi kıyılarına kadar uzanan yerleşim birimleri kurmuşlardır .,neutral
bindiğimiz teknenin fırtına çıkması ile alabora olma tehlikesi karşında korku dolu anlar yaşadık.,fear
Ankara gücünün küme düşmesine üzüldüm.,sadness
Daha sonra uygun bulunan yazılar alanında bilimsel çalışmaları ile tanınmış üç ayrı hakeme gönderilir .,neutral
Çok çalıştığım halde kötü not aldığımda.,sadness
Korkunç video izlerken.,fear
Bu çay türüne de halk arasında Türk çayı adı verilir .,neutral
Kardeşim odayı dağıttığı zaman.,anger
Okulda yediğimiz çok kötü yemekten dolayı bir çok kişi tiksintiyle kustu.,disgust
Bilmediğim bir yerde kaybolmuştum.,fear
Bu da onu kimya bilimine iten nedenlerden biridir .,neutral
Sevdiğim insanların uzağa gitmesi.,sadness
milli piyangodan büyük ikramiye çıkarsa havalara uçarım,happiness
Daha çok tahıl ve yer fıstığı üretilir .,neutral
İnsanların yere tükürmelerinden tiksinirim.,disgust
Eve hırsız girmesinden korkarım.,fear
Kusmuk.,disgust
Sınavlardan önce korkarım.,fear
Bu okulu kazandığım an.,happiness
Geniş eliptik ve sarmal galaksilerin ününe karşılık evrendeki galaksilerin çoğunun cüce galaksiler oldukları görülmektedir .,neutral
Verilen sözün tutulmaması.,anger
Ailemden ayrılınca içim çok acıdı.,sadness
tenis kursunda topa düzgün vuramayınca,anger
İş arkadaşlarımın yemekteyken geğirmeleri beni rahatsız ediyor.,disgust
Yazıya göre bunun bir lanet değil güç olarak bildirilir .,neutral
Şu an Jamaika tarihinin en golcüsü konumundadır .,neutral
Dizide ayrıca cezaevi yetkilileri rolleri ile gelen oyuncular da oldu .,neutral
Tırnağı pis birisi terlik giyerse dayanamam ve yön değiştiririm.,disgust
Metronun devrildiğini öğrendiğim haber sonucu her gün metroya binen annem için korktum.,fear
dişçiye her gittiğimde hissettiğim duygu,fear
Yaz geldiğine sevindim,happiness
Kızım doğduğunda çok mutlu oldum.,happiness
Tuvaletler.,disgust
Bugün ülke geniş gelire sahip bir ekonomi barındırmaktadır .,neutral
Kefe ve diğer sahil şehirler zapt edildi .,neutral
Bir şey bilmediği halde konuşan insanlar beni kızdırır.,anger
Sokakta yetim bir çocuk görünce.,sadness
"Eşyalarımın benden habersiz kullanılması.
      Emeklerimin ya da düşüncelerimin çalınması.",anger
Bazı mezarlarda gömüt armağanı olarak tunç bıçak ve balta bulunmaktadır .,neutral
İstediğim okulu kazandığım için.,happiness
Köpek tarafından kovalanmak.,fear
Kötü söz duymak.,sadness
kızım doğduğunda çok sevindim,happiness
Bu simülasyon denizcilik ve ticaret ile ilgilidir .,neutral
Dinlenmeyince sinirlenirim.,anger
Birisi kusunca.,disgust
Normandiya çıkarması sırasında sivil halkın yaşadıklarını konu alır .,neutral
Sadece Allah'tan korkarım,fear
Lise bitince arkadaşlarımı hiç göremeyeceğim için sürekli bana okul ve ders dedikleri için  içimden onlara karşı bir öfke duyuyorum.,anger
Gereksiz insanlarla kavga ettiğimde.,anger
Birisi hakkımda konuştuğu zaman.,anger
Fare.,fear
Bildiğim soruyu yanlış okuyup yanlış cevap verdiğimde.,sadness
Karanlıkta yalnızken birilerinin varlığını hissettiğimde korkarım.,fear
Salyangozdan.,disgust
Kibirli insanlardan tiksiniyorum.,disgust
"Annem ve babamın saçlarımı okşaması
      Sevildiğimi düşünmek.",happiness
Zengin ve önemli bir Musevi aileden gelir .,neutral
Benim için çok önemli olan bir şeyin başkası tarafından önemsenmemesi üzer.,sadness
Arkadaşım evlenirken çok mutlu oldum.,happiness
Spor yaptığım zaman.,happiness
Bana Allah'tan korkmayı öğrettiler kulundan değil.,fear
Aileme ve yakınlarıma haksızlık yapılırsa öfkelenirim.,anger
"Hermann Göring ile birleştirildi ve ardından ""Reich Mareşali"" tarafından bir Panzer kolordu oluşturdu .",neutral
Bu evliliğinden doğan oğlu Can Verel’de oyuncudur .,neutral
Kusmuk gördüğüm zaman.,disgust
Okuldan eve dönerken birisi önümü kesip sözlü tacizde bulunmuştu.,fear
söz verildiği halde tutulmadı.,anger
Sovyet döneminde Guria toprakları üç idari bölgeye bölündü .,neutral
Türkiye'de bugünlerde çıkan olaylarda şehit olan askerlerimize çok üzülüyorum.,sadness
bizim tanıdık ölünce kendimi odaya hapsetmiştim.,sadness
"tuvalete girmek istediğimde, tuvaletin çok pis bir şekilde bırakılması iğrenç bir durum.",disgust
Olgun sandığım eski sevgilimin çocuksu davranışlarını gördüğümde tiksinmiştim.,disgust
Doğum günümde istediğim hediyeyi aldığım zaman.,happiness
Sınavlardan önce korkarım.,fear
İnsanların yerlere tükürmeleri.,disgust
Ağır bir hastalık geçirdim ve öleceğimi sandım.,fear
başkalarıyla iyi anlaştığımda.,happiness
"trafik kazaları, hastane gibi ortamlarda genelde korkarım.",fear
Metrolardaki parfüm kokuları metronun kokusuyla karışınca çok pis bir koku oluşuyor.,disgust
Söylediklerim dinlenmeyince ve alaya alınınca öfkelenirim.,anger
Genelde mutluyum.,happiness
bisikletim çalındığında küplere bindim,anger
Bir konuda odaklanmışken başkasının beni rahatsız etmesi.,anger
en yakın arkadaşımın mantar görmeye bile tahammülü yok,disgust
"Yazın, toplu taşıma araçlarında yolcuların ter kokusunu çekmekten nefret ediyorum.",disgust
Düşüncesiz ve egoist insanlardan tiksiniyorum.,disgust
Bir insanın ensesinde güve yuvası gördüm.,disgust
İlk şiirleri yine lise yıllarında Varlık dergisinde yayımlandı .,neutral
dersin boş olması ve kuşumun ölmesi,sadness
haksız yere suçlanmaktan çok öfkelenirim,anger
Sınavdan yüksek not aldığımda.,happiness
Pis insanlar.,disgust
Sevdiklerimle birlikte olduğumda mutlu olurum.,happiness
Oksidasyon reaksiyonu bakır metali ya da bakır metali olmaksızın gerçekleştirilebilir .,neutral
Babama notlarımı söylerken.,fear
Ukala bir kişiyle konuştuğum zaman.,anger
Bir gün kızar ve şişman olsa da olmasa da onu yemeye karar verir .,neutral
Bulaşık yıkarken elime yemek artığı değdiği zaman.,disgust
birinin bana yalan söylediğinde ve beklettiğinde öfkelenirim.,anger
Dünya Savaşı sırasında müttefik ülkeler için kullanılmıştır .,neutral
Buda tepelerinde yağmur suyundan ziyade aşağıdan yükselen termal suların oluşturduğu eşsiz mağaralar vardır .,neutral
Hayvanların acı çekmesi beni çok üzüyor.,sadness
Sakız çiğneyen insanlar.,disgust
Böcek görmek.,disgust
Lübnan İç Savaşı sırasında ailesi göç etmeye karar verdi .,neutral
170 km. hızla kamyonete yaklaştığım an.,fear
Anadolu lisesini kazandığımda çok mutlu olmuştum.,happiness
Ailemin beni küçük görmesi ve bana güvenmemesi.,anger
kızımın okulda başarılı olmasına çok sevindim.,happiness
Ailemi kaybetmek.,sadness
Bilgisayarımı bir yere çarptığımda.,fear
Balığım öldüğünde çok kahroldum.,sadness
Çok istediğim bir şey olmadığında.,sadness
"Türkiye'de 21 bin kişi arasında bana araba çıkması beni mutlu etti. arabaya sahip olmam değil, o kadar kişi içerisinden seçilmiş olmam duygusuydu mutluluğum",happiness
Beşiktaş kazanınca.,happiness
Lakap memeli bir hayvan olan yunus ile ilişkilidir .,neutral
Ellerini yıkamayan insanlar.,disgust
"fenerbahçeli, olduğum için çok mutluyum",happiness
Sınavıma geç kalacağımdan korktum.,fear
arkadaşım bana tarih sorunca ingilizce sınavından sıfır almıştım. Buna çok öfkelendim.,anger
Kapalı alanlarda tek başıma kaldığım zaman.,fear
İstediğim bölüme girememek.,sadness
Kardeşimle kavga ettiğimiz zaman.,anger
Köpek kovalamıştı.,fear
annem ve babamı üzgün görmek beni mahveder,sadness
Karşımdaki insanın beni dinlememesine.,anger
Kusan birisini görmek.,disgust
Kötü geçen sınavdan yüksek not almak.,happiness
Cumhuriyetin ilanından sonra bölgede yeni ticaret yapıları ile yönetim ve kültür yapıları inşa edildi .,neutral
"Genelde üzülmem, mutluyumdur.",happiness
en yakın arkadaşımı hastane odasında kendinde olmayan bir şekilde görünce büyük acı duydum.,sadness
Sevgilim yanımdayken.,happiness
Sınavdan 100 almak.,happiness
Otobüsten inerken çok yakınımdan geçen motosikletli beni çok korkuttu.,fear
"Canımdan çok sevdiğim, aşık olduğum kişi beni sevmediği için çok üzülüyorum. İntihar etmeyi
      bile düşündüm.",sadness
Osmanlı dönemi mimarisini yansıtan önemli bir anıtsal eserdir .,neutral
Halka açık tuvaletlere ne zaman girsem tiksinirim.,disgust
Bununla beraber babasının mezarının da saldırıya uğradığı bildirildi .,neutral
Eşimin bazı davranışlarına öfkeleniyorum.,anger
Evde bozulan şeyleri görüp onları atarken çok tiksinirim,disgust
Çok Sevdiğim birisinden ayrılırken üzülürüm.,sadness
Kapıdan girerken annemin yaptığı köfte kokusunu duyduğum an.,happiness
Annem odanı topla dediği zaman.,anger
"Yalan, iftira ve şımarıklık.",anger
çanakkale'de eski bir dostu görme umuduyla dolaşırken kimseyi görememek beni üzdü.,sadness
Uçan böceklerden.,fear
Sağlık sınavında bana kağıt kalmayınca kağıt bulmak 10 dakikamı aldı.,anger
Kapalı havalarda hüzünlü oluyorum.,sadness
Yurt dışına tatile gittiğim zaman çok mutlu oluyorum.,happiness
Tantuni yediğimde mutlu olurum.,happiness
Hiç kimsenin olmadığı sokakta karanlıkta tek başıma kalmaktan korkarım.,fear
Anahtarı almayı unutup kapıyı çektiğim an.,sadness
Araba kazası kaptığım zaman.,fear
Hastaneye gittiğimde acayip korku salıyorum.,fear
Babam telefon aldığı zaman.,happiness
ameliyathaneye giderken çok korkmuştum.,fear
Yaptığım bir şeyin güzel netice vermesi.,happiness
İkincil bir aygıt olan disket sürücü diskten okumak ve yazmak için kullanılır .,neutral
köpek üstüme doğru koştuğunda ödüm kopar,fear
Sınavdan yüksek not aldığım zaman.,happiness
Yüksek not aldığımda.,happiness
4. sınıftayken gece tuvalete kalkmıştım o sırada aynada iki kırmızı göz gördüm ve bağırarak apartmanı ayağa kaldırdım.,fear
Ancak sistem son dönemlerde suistimal edilmiş ve bozulmuştur .,neutral
Basketbol maçında kolay bir sayı kaçırdığım zaman.,sadness
Birisi bana iltifat ettiği zaman mutlu olurum.,happiness
Yakın arkadaşımdan ayrıldığımda.,sadness
Kapadokya bölgesindeki Kuaterner zamanı oluşan pek çok volkanik alandan birisidir .,neutral
Arkadaşımın gösterdiği kötü bir deri hastalığı resminden tiksindim.,disgust
İhanet edilmesi.,anger
Ablamın eşyalarımı habersiz almasına.,anger
Bir malzemenin basmaya karşı gösterdiği maksimum direnç basma deneyi ile bulunur .,neutral
Bir öğretmenin öğrencisiyle dalga geçtiğini gördüğümde.,anger
Bir suç işlediğimde babamın tepkisinden korkarım.,fear
"Haksızlık, kibir, narsist davranışlar, insanlara ve hayvanlara şiddet uygulanmasına öfkelenirim.",anger
Sevgilimi bir yerde başka bir erkek ile gördüğüm zaman.,anger
hakkımı yedikleri zaman sinir harbi yaşarım,anger
"Hayvanlarla ilgilenirken, yemek yerken, müzik dinlerken ve ailemle birlikteyken.",happiness
beşiktaş liverpool'u eleyince mutluluktan havalara uçtum. O an hayatımın en güzel anıydı.,happiness
yere çöp atanlardan tiksiniyorum.,disgust
Sınavdan düşük not aldığım zaman.,sadness
Sabah erken uyandığım zaman.,sadness
Annem merdivenlerden düştükten sonra ayağa kalktı ve bayıldı. O zaman çok korkmuştum.,fear
Bir arkadaşımın beni tehdit etmesi.,anger
Umudumu kaybetmekten korkuyorum.,fear
Yemekhanede kedi olmasından ve yemeklerden kıl çıkmasından tiksinirim.,disgust
Tenis maçında kaybedince ve annem bana kızdığında.,sadness
Haksızlığa uğradığımda veya başkasına haksızlık yapıldığında.,anger
Örümceklerden.,fear
Hocanın benim sorularımı dinlemeyip tam tersine gıcık gıcık cevaplar vermesine uyuz olmuştum.,anger
Pis olan her şey.,disgust
sevdiklerimin vefat etmesi,sadness
Büroda çalışırken özenle yaptığım ve hallettiğim bir işi sanki kendisi yapmış gibi söyleyen patron avukata çok öfkelenmiştim.,anger
bir konuda dikkatsiz olmam ve o konuda tam performansımı gösteremem beni üzer.,sadness
Düşük not ve kaybetmek.,sadness
Yemek yediğim her an mutluyum.,happiness
Kendimin uğursuz olduğunu düşünüyorum. Ne zaman bir yere gitsem elektrikler kesilir ya da önümde bir kaza olur.,sadness
Korku filmi sonrası duyduğum seslerden korktum.,fear
"-dünyada savaştan, açlıktan ölen insanlar olduğunu düşündüğümde",sadness
Her gün yemek için sıra beklemekten tiksindim.,disgust
kardeşim sözümü dinlemediğinde ona karşı öfkelenirim,anger
Ağız şapırdatarak yemek yenmesi.,disgust
Sümük gördüğüm zaman.,disgust
Arkadaşlarımın yılışık hareketlerinden tiksinirim.,disgust
Bunların başında Hamid Beyi Dündar Bey geliyordu .,neutral
bütünleme sınavına geçip birinci sınıf olduğumu öğrendiğim zaman mutlu oldum.,happiness
El şakaları.,anger
Bu sebeple de akademik kurallara tamamen uygundu .,neutral
Yerde tükürük görmek.,disgust
Her şey iyi gittiği zaman.,happiness
Evde sarı böcek gördüğümde tiksinmiştim.,disgust
Beşiktaş kaybedince.,sadness
Ağızdan çıkan sesler.,disgust
Arkadaş edinme konusunda sorunlarım var bu beni üzüyor.,sadness
Teyze oğlunu trafik kazasında kaybettim. Yaşı gençti. ilk duyduğumda hiç tepki veremedim. sonra derinden sonra günlerce gözyaşı döktüm.,sadness
Yüzdeki siyah noktanın sıkılma görüntüsü.,disgust
Hafta sonunu evde geçirince mutlu olurum.,happiness
Karanlıktan çok korkarım.,fear
Biyoloji sınavından 100 aldığımda.,happiness
Bu derslerde kullanılan müzik örnekleri popüler müzikleri içermektedir .,neutral
Sevdiğim yanımda veya karşımda olduğunda çok mutlu oluyorum.,happiness
Planladığım bir şeyde terslik çıkması.,anger
bana karışılmasında hoşlanmam,anger
Boyum ya da ismimle ilgili espri yapıldığında öfkelenirim.,anger
Ulusal İdare Okulu sınavlarına girmiş ancak başarısız olmuştur .,neutral
"""mardin'de"" arkadaşımdan ayrılınca üzülmüştüm.",sadness
8-9 yaşındaki çocuğun bana velet demesine öfkelendim.,anger
üniversite sınavında hiçbir yeri kazanmama korkusu yaşıyorum,fear
Kardeşim doğduğu zaman çok mutlu oldum.,happiness
Maydanozdan.,disgust
boşa vakit kaybetmekten ve sonra pişman olmaktan zihnimin önüne geçememekten korkuyorum.,fear
insanların parfüm kullanmamalarından tiksiniyorum.,disgust
Basketbol maçında performansımı sergileyememekten korkarım.,fear
İlçenin Sancaktepe mahallesi ve Bahçelievler ilçesi ile de komşudur .,neutral
Dayımı kaybettiğim zaman .,sadness
gereksiz yere alınganlık yapan insanlar,anger
Sınıfları kirli bırakan arkadaşlar,anger
Arkadaşlarımın doğum günü sürprizi yapması.,happiness
"""YGS"" puanımın düşük geleceğinden çok korktum.",fear
Jeolojik oluşumlar sonucu ortaya çıkan kumlar koruma altındadır .,neutral
Çocuğum olduğunda çok mutlu oldum.,happiness
"Bu nedenle genellikle ""zarif"" olarak tasvir edilirler .",neutral
Aynı yıl şehir korsanlar tarafından saldırıya uğradı .,neutral
Korku oyunu oynarken.,fear
sevdiğim insanların ölmesi,sadness
Birisi tarafından seviliyor olmak.,happiness
Çevremde birbirlerine körü körüne ve salakça bağlanmış arkadaşlıklar görmekten tiksiniyorum.,disgust
Değer verdiğim insanlardan güzel cümleler duyduğum zaman.,happiness
Galatasaray'ın şike yapmasından tiksiniyorum,disgust
İnsanların ön yargılarıyla istediği yaşamı seçmemesi.,sadness
Hakkımın yenmesine.,anger
"Oğlum bana bağırınca üzülürüm.
      Kocam kanser olunca çok üzüldüm.",sadness
ilgi alanlarımda ciddi yerlere gelebilirsem inanılmaz mutlu olurum.,happiness
14. doğum günümde kitap hediye edilmesinden mutlu oldum.,happiness
Suriyeli çocuğun denizde boğulup kıyıya vurması.,sadness
Kalabalıklardan öfkelenirim.,anger
Haksızlığa düşürüldüğüm zaman.,anger
Kantinde sıram alındığında öfkeleniyorum.,anger
Doğum günümde dedemi kaybettim.,sadness
Böylelikle Güneydoğu Anadolu Bölgesi’nin ilk kadın Bakanı unvanını aldı .,neutral
Tek gözü abisi tarafından yaralanmış ve iris kısmı zarar görmüştü .,neutral
Antalya'ya giderken abim ve babamın uçurumun orada fotoğraf çektirmeleri annemi ve beni çok korkutmuştu.,fear
Kuzenim gerçek olmayan böcekler ile beni korkuturdu.,fear
Tırnak yiyen insanlar.,disgust
Okul olmadığı günler ve yemek yemek.,happiness
Beş bin kişilik seyirci kapasitesi ile Sakarya ilinin en büyük kapalı spor salonudur .,neutral
Annemler trafik kazası geçirdiğinde çok korktum.,fear
insanların birbirine olan davranışlarından tiksiniyorum. çoğu ikiyüzlü,disgust
Kıbrıs'tan ayrıldığımız da ve orada bırakmak zorunda olduğum kedim için.,sadness
Sınavdan düşük not alınca öfkelendim.,anger
en yakın arkadaşımla uzun süre konuşmadık çünkü ona saçlarının yağlı olduğunu söylediğim için bana küsmüştü,sadness
İzlediğim bir korku filminden.,fear
sınıfta herhangi bir konuda haksızlığa uğradığımda çok öfkelendim.,anger
"Hediye aldığımda, doğum günümde mutlu olurum.",happiness
Böceklerden tiksinirim.,disgust
Sınavların yaklaşması.,fear
Beşiktaş maç kazandığında diğer takım taraftarlarının bizi desteklememesi.,sadness
Matematik dersinin boş geçmesi.,happiness
İnsanların bana karşı olan tavır ve düşüncelerini gördükçe çok üzülürüm.,sadness
Biri bana saygı göstermeyince öfkelenirim.,anger
Oğlum kız arkadaşını (gelin kızımı) ilk tanıştırdığı zaman çok mutlu olmuştum.,happiness
düşük not aldığımda üzülmüştüm.,sadness
Sevdiklerimin mutsuz olması.,sadness
Geri dönmekte olan ordu Vidin ile Şumnu arasında iken Avusturya güçleri tekrar hücuma geçtiler .,neutral
Bir arkadaşıma uzun bir süre ulaşamadığımda.,fear
Korku filmleri.,fear
Her zaman mutluyum.,happiness
Yerlere tükürenlerden.,disgust
Okul tuvaletlerinin pisliğinden tiksiniyorum.,disgust
Höyüğün ayrıca Aşıklı halkı için sembolik ve işlevsel bir anlam taşıdığı düşünülmektedir .,neutral
Annem arkadaşıma gideceğimi söyleyince çok mutlu oldum.,happiness
böceklerden tiksinirim hatta bacaklarım kasılır.,disgust
haksızlığa uğramak beni sinirlendirir.,anger
Hoşlandığım kişiyi gördüğümde.,happiness
Hakkımın yenmesine.,anger
Taraftar grubunun kamuoyuna açıkladığı manifesto adlı metinde geçen ifadeler nedeniyle yerel milliyetçilik ile eleştirilmiştir .,neutral
Milli takımla sözleşme imzalamayı son 5 saniyede kaçırmak.,sadness
Dengesiz insanlar beni ürkütür.,fear
Felsefe eğitimi almış ve felsefe öğretmenliği yapmıştır .,neutral
Sevdiğim arkadaşlarımla olmaktan mutlu olurum.,happiness
Sap olmadığım zamanlar.,happiness
Doğmuş olmak.,happiness
sevdiğim insan ile birlikte vakit geçirmek benim en çok haz duyduğum anlardır.,happiness
Tatil olduğunu duyunca ve sınavlardan yüksek not alınca mutlu olurum.,happiness
Sıkıştırma bağı ve Boğucu bağ ile akrabadır .,neutral
Sınavda düşük not almak.,sadness
Obruk içindeki göl çevresinde Roma Dönemine ait eski bir yerleşim alanı bulunmaktadır .,neutral
Haksızlığa uğradığımı hissettiğim an.,anger
Sürekli kıyaslanmak.,anger
Haberlerde bir yaşlı adamı cebindeki 10 lira için dövüp parayı aldıklarını izlemiştim. O an insanlığın düştüğü durumdan cidden tiksindim.,disgust
Yemekten kıl çıkması.,disgust
Filipe melo'dan tiksiniyorum,disgust
Okuldan çıktığım zamanlar.,happiness
yemek yapmaktan hoşlanmıyorum.,disgust
annemi arı soktuğunda ve her tarafı morardığında çok endişelenmiştim,fear
Bana yalan söylendiğinde öfkeleniyorum.,anger
Sınavdan yüksek not almak.,happiness
Yanlış işlem yaptığımda.,sadness
Seçilmiş disk üzerine ses ve video kayıtları için bakınız Satılmış Nişanlı diskografisi .,neutral
Yüksek not aldığımda.,happiness
"odada yalnız kaldığım zaman, nefes alamayacağımı düşünmek beni korkutuyor.",fear
Serviste uyurken mutluyum.,happiness
cehenneme gitmekten ödüm kopar,fear
Doğum günümde sürpriz yapılması.,happiness
Hayallerimi gerçekleştirdiğim zaman.,happiness
arkadaşımı korkutmak için sessizce arkasından yaklaştım. Meğerse oda maske yapmış balkonda oturuyormuş. korkup arkasını dönünce o tipi görüp korkudan suratına yumruk atmıştım. hayatımda ilk defa bir kıza vurdum.,fear
Sınıfların pis olması.,disgust
En yakın arkadaşımın başka bir şehre taşınması.,sadness
Kusmuk.,disgust
Şarkı sözleri çoğunlukla sosyal sorumluluk konularına değinir .,neutral
Okulda yanlış anlaşılma sonucu küçük bir gerginlik yaşanmasına üzüldüm.,sadness
Sınavlar.,fear
Lafımın ciddiye alınmaması ve ezikmişim gibi davranılması.,anger
çikolata yeyince havalara uçarım.,happiness
Sınavda bildiğim soruyu yanlış yaptığım zaman.,sadness
Ortaokulda iki okul değiştirdim. İlkokuldaki arkadaşlarım 6 sene boyunca okuduğumuz arkadaşlarımdı. Onlardan ayrıldığımda çok üzülmüştüm.,sadness
İstediğim bir şeyi elde ettiğim zaman.,happiness
Pisuvarda büyük tuvalet gördüğüm zaman.,disgust
Yemek hane sırasının kısa olması.,happiness
Bir dizi saf ve uygulamalı matematiği kapsar .,neutral
Hırvat Anayasası hükümlerine göre parlamento halkı temsil ediyor ve yasama yetkisine sahip .,neutral
Hedeflerime ulaşmak ve ailemin mutlu olması.,happiness
Sevdiğim birisinin sevgilisi olmadığını öğrendiğim zaman.,happiness
fen lisesini kazandığımda içim pır pır etti.,happiness
Okul tuvaletlerindeki hoş olmayan davranışlar.,disgust
hoşlandığım kıza yavşarken acayip hoş oluyorum,happiness
Karşımdaki insanın bana kendimi değerli hissettirecek şekilde davranmasından mutlu olurum.,happiness
"Böcekten, örümcekten ve yanlış anlaşılmaktan korkarım.",fear
Derslere geç gelen hocalarımızı meşgul eden arkadaşlar,anger
"Birisine yardım edebildiğimde, başarılı olunca ve hediye alınca mutlu oluyorum.",happiness
küçükken alışveriş merkezinde kaybolduğumda çok korkmuştum.,fear
Yaşlı amcaların yemekten sonra geğirmesi.,disgust
Karşılıksız sevgi yaşadığım zaman.,sadness
Tarih sınavından yüksek not aldığım zaman.,happiness
Bu taşın üstünde genellikle mihrap ayeti ile onlarca farklı çeşidi bulunan kandil motifi bulunur .,neutral
Arkadaşımın küsmesi.,sadness
Otobüste paramı düşürdüğümde çok korkmuştum.,fear
Köpeklerin kovalaması.,fear
Ancak genel olarak engebeli alanlar daha fazla yer tutar .,neutral
Sigarayı kendim de içtim. Şu anda yanımda içilmesinden bile hiç hoşlanmıyorum.,disgust
SYAL' i kazandığımda gerçekten çok mutlu olmuştum.,happiness
rezil olmaktan korkuyorum,fear
Okul tuvaletleri.,disgust
sınıfta arkadaşım istifra etmişti. Bu benim midemi bulandırdı.,disgust
"Hayvanların ani tepkilerinden, karanlıktan ve yakınlarımdan uzun süre haber alamadığım zaman.",fear
Sınav sonuçlarımın iyi olması.,happiness
Yüksek not alınca mutlu oluyorum.,happiness
Çok sevdiğim birisinin başına bir şey gelmesi.,sadness
Belgrad ulusal ve bölgesel bir merkez haline geldi .,neutral
Ağız şapırdatarak yemek yenmesi.,disgust
Birisinin zarar görmesi.,sadness
İlk deneyimini o yıllarda çok izlenen Saturday Night Live programıyla yaptı .,neutral
Ancak taktik oyların yol açtığı tartışmalar neticesinde ülke yarışmadan çekildiğini açıklamıştır .,neutral
terli olmaktan ve saçımın yağlı olmasından hoşlanmıyorum.,disgust
kardeşim sözünü tutmadı,anger
Sevgilimden ayrıldığım gün.,sadness
Haksızlığa uğramak.,sadness
Tebeşir sesinden.,disgust
Sınıf öğretmenim ile bir arkadaşımın vefatlarına üzüldüm.,sadness
Bana yalan söylenince çok öfkelenirim.,anger
Annemle kavga etmek.,sadness
Yaşadığım şehirden ayrılmak zorunda kaldığım için üzüldüm.,sadness
Marie kabul eder ve aralarındaki ilişkide böyle başlamış olur .,neutral
Benimle dalga geçildiğinde.,anger
Tatillerde ödev verilmesi.,anger
Matematik sınavına çok çalışmama rağmen düşük not aldım.,sadness
geleceğimi planlamaya başladığımda mutlu oldum.,happiness
Yediğim bir yemeğin kötü koşullarda yapıldığını öğrenmek.,disgust
"yerde yüz lira bulup, kaybettim. Buna çok üzüldüm.",sadness
Bu kemere Japon olmayan altı kişi sahip olmuştur .,neutral
Hediye alınca mutlu olurum.,happiness
Siyahımsı karın kısmı çoğunlukla kahverengi veya gri çizgilerle donatılmıştır .,neutral
bir arkadaşım veya akrabam burnunu karıştırdığında veya iğrenç hareketler yaptığında tiksinirim.,disgust
muhabbet kuşumun üstüne bakıyordum. Öldü diye çok korktum.,fear
birisi beni başarı olarak geçtiği zaman öfkelenirim.,anger
Dört kısa öykü koleksiyonu ve iki roman yazdı .,neutral
çantama sakız yapıştığında,disgust
Yaz tatilinin bitmesine üzülürüm.,sadness
Ülkemizin bir savaşa sürüklenmesi beni korkutuyor.,fear
Üniversite sınavı aklıma geldiği zamanlar.,fear
Çok pis bir koku duyduğumda.,disgust
Kız arkadaşımın söylediği yalanları anlayınca çok öfkelendim.,anger
Elimdeki değerli şeyleri kaybetmek.,fear
Kirayı bile çıkaramamak,sadness
Sevgilimle buluştuğumuzda.,happiness
Bu durumuyla Girit özellikle ılıman iklimin etkisi altındadır .,neutral
İnsanlar dikkat çekmek için değişik şeyler yaptığımı söyledikleri zaman sinir oluyorum.,anger
Gitarım kırıldığı zaman.,sadness
aileme kötü bir şey olacağı düşüncesi beni ürkütür.,fear
Sınava girmeden önce.,fear
Kent kartım yosunlu pis suyun içine düştüğü zaman.,disgust
gizli bir iş yaparken aileme yakalanmaktan ödüm kopar,fear
İstediğim liseyi kazanınca mutlu oldum.,happiness
Aydın Doğan ve Hande Fırat hedef gösterildi ve haklarında soruşturma açılması için çağrı yapıldı .,neutral
Arkadaşımın tostundan kıl çıkmıştı.,disgust
Hasan ağa'da koşarken bir amcanın bana çekilmem için vurması beni öfkelendirdi.,anger
tuttuğum futbol takımı avrupa ligi nden elenince çok üzüldüm.,sadness
İğrenç kokulardan tiksinirim.,disgust
Arkadaşlarım ile gezdiğimde.,happiness
Ev arkadaşımın para muhabbetinden tiksiniyorum.,disgust
yanımdaki kişinin ağzını şapırdatarak yemek yemesi,disgust
Tekneden denize 5 metre dalış.,fear
Buna en az zaman ilkesi veya Fermat Prensibi de denir .,neutral
İstediğim kitapları alınca.,happiness
Kahveye tuz atılmasına tiksinirim.,disgust
Hak etmediğim bir not aldığımda öfkeleniyorum.,anger
Çevreye duyarsız insanlar.,anger
Abimin oturduğumuz şehir dışındaki bir üniversiteyi kazanmasına üzüldüm.,sadness
Yediğim yemekten yabancı madde çıktığı zaman tiksinirim.,disgust
Başardığım zaman.,happiness
Birisinin geğirmesi.,disgust
"""Fenerbahçe'nin"" şampiyonluğu kaçırması.",sadness
Birisi kustuğunda.,disgust
Hayalini kurduğum şeylerin olmaması.,sadness
haksız olan insan karşımdan ahkam kesince çok öfkelenirim,anger
Çok fazla renkli kalem kullanılmasından tiksinirim.,disgust
Bisikletime çarpan şoföre.,anger
"Benim için neşe kaynağı olan, sevimli ve kocaman gözleriyle koşup duran köpeğimi kaybettiğimde içimde bir burukluk hissettim. Sevimli tavırlarıyla nasıl da severdim onu. İçimin sıkıldığı kimi zamanlarda sanki beni teselli etmek istercesine, aniden bana doğru koşardı. Evimde çoğu zaman yanımdan ayrılmayan bir arkadaş olmuştu.",sadness
Her insandan her evrende farklı tarzda ve farklı işte olan kendilerinden vardır .,neutral
Kapalı ortamlardaki yemek ve parfüm kokularından.,disgust
En yakın arkadaşımın sırtımdan vurması.,sadness
Diğer kalem bilgisayarları geleneksel yazıları soldan sağa kullandı .,neutral
Dedemin ölümü.,sadness
Genç yaşta bir arkadaşımı kaybettiğimde.,sadness
Kırmızı listede asgari endişe altındaki tür olarak sınıflandırılmıştır .,neutral
Ayrıca ankette genç kuşağın kelimelere daha çok aşina olduğu belirtilmiştir .,neutral
arkadaşımı iki saat bekledikten sonra gelemeyeceğini öğrenince çok sinirlendim,anger
Geleceğimden.,fear
Sınavda çok yanlışım olunca.,sadness
güzel olan her şey insana mutluluk verir.,happiness
finale giremediğim zaman üzüldüm,sadness
Suçsuz olduğum halde hocanın iftirasına uğradığımda.,sadness
Dedemin cenazesi için gittiğimiz yol bir ömür gibi gelmişti.,sadness
Pis bir tabağı yıkarken.,disgust
Böceklerden.,fear
Kurban bayramında kurban kesilirken görmek.,disgust
Gece sahil kenarında müzik dinlemek.,happiness
Sınavdan düşük not aldığım zaman.,sadness
Yılanlardan korkarım.,fear
Oyunculuk yapmanın cennette olmak gibi bir his olduğunu söylüyordu .,neutral
Metrodan inenlere izin verilmemesi.,anger
Kızım 6 yaşındayken suçiçeği sonra ataksi geçirdiğinde onu kaybetmekten çok korkmuştum,fear
Arkadaşım kustuğu zaman.,disgust
Sadece beş şarkıdan oluşan albüm neredeyse bir saattir .,neutral
Yüzüncü Yıl Üniversitesi Sosyoloji Bölümünde yardımcı doçent ve Anabilim Dalı Başkanı olarak görev yaptı .,neutral
Adaletin %40 doğru olmadığını düşünüyorum.,sadness
Alp disiplini kapsamında dört önemli yarış türü vardır .,neutral
Babası bir makine mühendisi ve annesi bir sağlık görevlisidir .,neutral
Böcek gördüğüm zaman.,fear
Dünyada acı çeken müslümanları ve çocuklarını düşündükçe üzülüyorum.,sadness
Kusan birisini görmek.,disgust
Otobüste bir öğrenciyi taciz etmeye kalkan kocaman bir adam vardı öyle öfkelendim ki Adamı otobüsten attırdım,anger
ikinci Teog'da bir arkadaşımı geçemediğim için çok üzülmüştüm.,sadness
Hedeflediğim bölümü kazandığımda.,happiness
Çok emek verdiğim ödevin incelenmemesinden üzüntü duyarım.,sadness
Kendimi yalnız hissettiğim zaman.,sadness
Ailemden birisini kaybetmekten.,fear
Terör olaylarına üzülüyorum.,sadness
Kendini beğenen ve bencil insanlar ile muhatap zorunda kaldığımda.,anger
Farelerden tiksinirim.,disgust
Geçen yaz tatilim çok mutlu geçmişti.,happiness
Tam metroya binecek iken kapıların kapanması.,sadness
Ben mutlu olmam.,happiness
Bilerek beni sinir ettiklerinde ve aç olduğumda öfkeli olurum.,anger
Sevdiğim birisini kaybettiğim an.,sadness
Hayatımda belirleyici olan beklentilerim gerçekleşmediğinde üzülürüm.,sadness
Türkiye'nin uluslararası statüde başarılı olduğunda. Örneğin siyaset meydanında veya milli maçlarda.,happiness
Haksızlığa uğramak.,anger
Yere tükürülmesi.,disgust
Arkadaşımın çevre yolunda bayılmasına çok korktum,fear
12 yaşımdayken yeni doğmuş kardeşimi kafa üstü düşürdüğümde çok korkmuştum.,fear
el şakaları,anger
yalan söyleyen arkadaşlarımdan hoşlanmıyorum.,disgust
et yerken aklıma tatlı hayvanlar geliyor ve midem bulanıyor.,disgust
Yardımcım söz verdiği saatte gelmedi,anger
çevremdekiler güzel olduğumu söylediğinde havalara uçarım,happiness
Matematik öğretmeninin tüm sınıfın notlarını 100 girmesi,happiness
Böylece İkinci Göktürk Kağanlığı resmen kurulmuş oldu .,neutral
yemek yerken ağzının şapırdatılması.,disgust
Geriye dönüp baktığımda pişmanlıklarım aklıma geliyor.,sadness
Saçma yemeklerden tiksinirim.,disgust
Sevdiğim birisine bir şey olduğunda ya da yanımda üzgün olduklarında bende üzülürüm.,sadness
Tezhip günümüzde daha çok İslam kökenli kitap bezeme sanatlarına verilen addır .,neutral
Ani bir kaza atlattığım zaman.,fear
"en çok güvenmem, sevmem, onun yanında kendimi rahat hissetmem gereken kişinin umrunda bile olmadığımı bana hissettirmesi, ve boşluğu asla doldurulmayacak bir insan olması",sadness
şu anda yaptığım anketi görünce aklım götveren oldu.,anger
Bu yüzden yerleşim yeri olarak uygun olduğu düşünülmüştür .,neutral
Geziler beni mutlu eder.,happiness
Hocaların çok ödev vermesinden öfkeleniyorum.,anger
Aynı hataları yaptığımız birinin  kendi hiçbir şey yapmamış gibi bana nasihat vermesinden tiksiniyorum,disgust
Hayvan ve çevre duyarlılığı olmayan insanlardan tiksinirim.,disgust
İnsanların ölmesine üzülürüm.,sadness
Birisinin toplum içinde bağırarak konuşması.,anger
Sifonu çekilmemiş tuvalet.,disgust
Bana iftira atılmasına kızarım.,anger
Fenerbahçe'nin şampiyon olamaması beni çok üzdü.,sadness
Sevmediğim yemekleri yediğimde.,disgust
Yalnız kalmak.,fear
Yakın arkadaşımın beklenmedik davranışına öfkelendim.,anger
"Her ortamda öne çıkmaya çalışan tipler.
      Irkçılık.",anger
tüm aile sülalecek pikniğe veya bir yere gittiğimizde hep mutlu olurum.,happiness
arkadaşım beni üzünce öfkeleniyorum.,anger
İNSANLARIN SABIRSIZLIğINA ÇOK KIZARIM,anger
Kedi ölüsü.,disgust
"ikiyüzlü, yalancı insanlar beni tiksindirir.",disgust
beşiktaş'ın şampiyon olması benim sevinç kaynağım.,happiness
"Evde yalnız olmak bazen ürküntü veriyor. Gölgeler, sesler insanı geriyor.",fear
Tuvaletler.,disgust
dedemi kaybetmiş olmam beni çok üzüyor.,sadness
Benim olan bir şeyin benden izinsiz alınması beni çok kızdırır.,anger
Birisinin adımı birden fazla tekrar etmesi.,anger
Marella maçı diskalifiye ile kaybetti ama kemer onda kaldı .,neutral
Sıkıldığım zamanlar öfkelenirim.,anger
Eve geldiğimde sevdiğim yemekle karşılaşmak.,happiness
Köpekler en büyük korkum.,fear
Tuttuğum takım maç kazandığı zaman.,happiness
Çok çalıştığım sınavdan kötü not aldığımda öfkelenirim.,anger
Babamın maddi sıkıntılar nedeniyle Doğuya gitme düşüncesini açıkladığında üzüldüm.,sadness
Taşınacağımızı öğrenmek.,sadness
Türkiye'deki kadın cinayetleri.,sadness
İki yaşındayken çocuk felci nedeniyle bir yıl hastanede yattı ve beş yaşındayken annesini kaybetti .,neutral
Çok inandığım bir oyunda kaybettiğimde üzüldüm.,sadness
Biri ile karşılaştırıldığımda. Ders konusunda.,anger
Matematik sınavından 95 alınca çok mutlu oldum.,happiness
Yemeğimden kıl çıkması.,disgust
Köşe yazarı olarak değişik gazetelerde çalışmalarını sürdürdü .,neutral
Yaptığım ödevimin öğretmen tarafından kontrol edilmemesi.,anger
Kendisini üstün gören insanlardan ve çok kalabalık ortamlardan tiksinirim.,disgust
Kötü kokulardan tiksinirim.,disgust
Kapkaççı motoruyla annemin çantasını çaldığı zaman korktum.,fear
yağmurlu havada araba sürmek,happiness
yılan görünce çok tiksinirim,disgust
Matematik.,fear
tınaztepe de insanlar insin diye otobüsten inip tekrar binemeyince çok öfkeleniyorum. Otobüs mü küçülüyor yoksa içerideki insanlar mı genleşiyor anlamıyorum,anger
Arkadaşlarımın yanında boyumun kısa olması.,sadness
Çoğu zaman her şeye sinirlenirim.,anger
Yerlere tükürülmesinden tiksinirim.,disgust
küçük bir çikolatayla bile mutlu olabiliyorum.,happiness
Oyuncu gelişimi oyun zevki ve devamlılığı için çok önemlidir .,neutral
Saçıma herhangi bir şeyin sürülmesine.,disgust
Annem üzüldüğü zaman.,sadness
"""Beşiktaş'ın"" derbi kaybetmesi.",sadness
İnsanların ukala hareketlerinden hoşlanmıyorum.,anger
Radyo ve televizyon aracılığıyla verilen eğitimsel yayınların yapısı yapılan yayının kapsamına göre değişiklik gösterir .,neutral
Okul turnikelerine öfkeleniyorum.,anger
Yemeğin içerisinden saç çıktığında tiksinirim.,disgust
Yere tüküren insanlardan tiksinirim.,disgust
eşim taşikardi nöbeti geçirdiğinde yüreğim ağzıma geldi.,fear
bulunduğum liseyi kazandığımı öğrenince mutluluktan çıldırmıştım.,happiness
Dış görünüş ile dalga geçen insanlardan.,disgust
Uzun süredir küs olduğum arkadaşım mesaj attı.,happiness
Kusmuk temizlemiştim.,disgust
Yüksek not beklediğim sınavdan düşük almak.,sadness
Bu üniversite daha sonra Avusturyalılar tarafından kapatıldı .,neutral
arkadaşım gösterime gelmediğinde öfkelendim,anger
arkadaşım beni azarladığında çok öfkelendim.,anger
bu yıl hentbolda birinci olduk ve çok mutlu oldum.,happiness
Bir kızın benden hoşlandığını söylemesine.,happiness
Emek verdiğim bir şeyin karşılığını alamadığım zaman.,sadness
Annemle babamın ayrılmasına çok üzüldüm.,sadness
İlk kez korku filmi izlediğimde korkmuştum.,fear
Arkadaşım yanımda sigara içmesinde aşırı derecede tiksiniyorum,disgust
Geçen yıl Ankara'dan İzmir'e taşınınca çok üzülmüştüm.,sadness
Aile üyelerimden bir süre haber alamamak.,fear
Kardeşimin bana ait olan bir eşyayı alıp kullanmasına.,anger
Birisiyle ya da benimle dalga geçildiği zaman.,anger
Tatil.,happiness
Çok çalıştığım sınavdan düşük not aldığım zaman.,sadness
İstediğim konsere gittiğim zaman mutlu oldum.,happiness
öğretmenler birden soru sorduğunda,fear
sevdiğim bir futbolcunun tuttuğum takıma transferi beni sevindirmişti.,happiness
"""Drogba"" ""Galatasaray'a"" transfer olduğunda.",happiness
Arkadaşım yaptığım yemeği beğenmeyince.,sadness
hasta olduğumu öğrendiğimde çok üzülmüştüm,sadness
Arkadaşım beni şikayet ettiği  zaman çok kızmıştım.,anger
Herhangi bir konuda iftiraya uğramam beni öfkelendirir.,anger
Arkadaşlarımla birlikte kitap fuarına gittiğimiz gün.,happiness
çalışıp düşük alınca kafamı duvarlara vurasım geldi,anger
Hava Komando Grubu ile tehlikeli görev için gönüllü oldu .,neutral
Köpek ölüsü gördüğüm zaman.,disgust
Yılandan korkarım.,fear
Turnikelerin kollarından tiksiniyorum.,disgust
Sessiz ve sakin bir ortamda sevdiğim arkadaşlarım ile birlikte olmak.,happiness
Herhangi birisine yardım ettiğim an.,happiness
Bir sabah dua okurken birden duayı unuttum ve sanki aklım durdu. bir daha düşünemeyeceğim ya da hiçbir şeyi hatırlayamayacağım diye çok korktum,fear
Bir yakınımı kaybettiğim zaman.,sadness
Sınavda aptalın teki beni geçince.,anger
Haklı olduğum halde haksız duruma düşmek.,anger
çok sevdiğim köpeğimin yavruları olunca çok mutlu oldum.,happiness
Çocukken arkadaşlarım benimle uğraşırlardı ve ben hep güler geçerdim. Şimdi ise her şeye sinirlenir oldum.,anger
Gerilim tarzı seyirciyi bazı ruh hallerine girmeye teşvik eder .,neutral
GS şampiyonlukları.,happiness
Bu stilde dönüşler çift el olmak zorundadır .,neutral
Bozuk bir yemeğin kokusundan tiksinirim.,disgust
Verdiğim eşyaların geri verilmemesi.,anger
Çocukken bisikletimi sokakta bırakmıştım o da çalınmıştı çok üzüldüm,sadness
devlet hastanesinde dolgu yaptırınca korkmuştum.,fear
Global Game Jam tescilli bir ticari markadır .,neutral
Gereksiz kavgalar.,sadness
gece vakti evde yalnız kalınca çok korkuyorum. Ayrıca karanlıktan korkarım.,fear
Birisinin kusması tiksindirir.,disgust
toplu taşıma araçlarındaki ter kokusundan tiksinirim,disgust
Yaşadığım yerden bıktım.,anger
"""Fenerbahçe'nin"" ""Beşiktaş'ı"" yenmesi.",happiness
Aileme laf eden birisini dövmüştüm.,anger
Bu olay onun sonraki yaşamını derinden etkiledi .,neutral
Erkeklerin peşinde koşan kızlardan.,disgust
Sınavdan düşük not aldığım zaman.,sadness
Karşımdaki insan tarafından sevildiğimi fark ettiğim zaman.,happiness
Yemekhane sırası az olunca mutlu olurum.,happiness
Kardeşim ilk kez konuştuğunda çok mutlu olmuştum.,happiness
Arkadaşlarım beni tanıdıkları halde istemediğim davranışlarda bulundukları zaman.,sadness
aile bireylerinden birinin ölümünü istemeden aklımda canlandırmak beni üzer,sadness
Yüksek bir yerden Aşağıya bakmak beni çok korkutur.,fear
Babam bana telefon aldığı zaman.,happiness
hayvanlardan ve kusmadan midem bulanır.,disgust
Çok çalıştığım sınavdan istediğim notu alamayınca üzülürüm.,sadness
Yakınlarımdan birisini kaybetmek.,sadness
Örümcek görünce.,fear
Sınavlardan düşük not almaktan korkarım.,fear
ablam üniversitesi bitip eve döndüğünde çok mutlu oldum,happiness
Dedemin ölmesi.,sadness
evde yalnız olduğumda ve sessiz olduğumda gelen sesler,fear
"beşiktaş'ın ""Liverpool'a"" sekiz sıfır yenilmesi beni sinir etmişti",anger
Ayakkabıma birisinin basması.,anger
Bu nedenle Yumuşak Ğ harfinin aksine Arapçada kelime başında da yer alabilir .,neutral
Bir yakınımı kaybettiğimde.,sadness
Arkadaşlarımla beraber dışarıya çıktığım zaman mutlu olurum.,happiness
"Büyük sayılar yasasının ""büyük sayıda"" gözlem yapıldığı zaman etkili olacağı unutulmamalıdır .",neutral
Azerbaycan ve Türkiye arasında askeri anlamda da Azerbaycan lehine geçmişten bugüne olay gerçekleşmiştir .,neutral
Terazinin üzerine çıkmak beni korkutuyor.,fear
"Çevreye en yakın bilinen yerleşim birimi Alaca ilçesi olduğu için ""Alaca"" adıyla anılır .",neutral
Gece garip sesler duyduğumda çok korktum..,fear
En iyi Drama dalında Altın Küre ödülü kazanmıştır .,neutral
Son ders zilinin çalması.,happiness
Eşyalarımı koyduğum yerde bulamayınca öfkelenirim.,anger
Sevdiğim insanın beni sevdiğini öğrendiğim an.,happiness
Sokaklarda insanların ay çiçeği (çekirdek) yemesi beni çok tiksindiriyor,disgust
Yemekhane sırası beklerken öfkeleniyorum.,anger
Otobüste çok fazla ter kokusu olunca tiksinirim.,disgust
Köpeklerin beni kovalaması.,fear
Lise sonuçlarında seviyemi görünce çok mutlu olmuştum.,happiness
Bu sebepten dolayı tarih boyunca ticaret yollarının dışında kalmış ve gelişme sağlanamamıştır .,neutral
Ortalama olarak iyi geçen bir sınavdan düşük almak.,sadness
Türkiye’de bestelenen ilk klasik gitar eserlerinin sahibi olduğu kabul edilir .,neutral
Tırnak batması ameliyatı olduğumda.,fear
Oyuncuya daha önceden söylemiş veya göstermiş olduğu şeylerden sorguya çeker ve gerçeği bulmasını ister .,neutral
Böylece ilk kez bir Doğu Bloku takımı şampiyonluğa ulaştı .,neutral
"""BİM'e"" giderken bir adamın yere tükürmesinden tiksindim.",disgust
Müzik çalarım bozulduğu zaman.,sadness
Yolda araçla hızla giderken yol kenarında gördüğüm yaralı kediye üzüldüm.,sadness
Ağabeyimin doğum günü için video hazırlamama herkesin yardım etmesi.,happiness
Örümceklerden korkarım.,fear
Kusmuk görmek iğrenç.,disgust
Tuzlu su yutmak.,disgust
Babamın bir gün yanlışlıkla tavuğu ezmesine tiksindim.,disgust
Sınavdan yüksek not aldığımda mutlu olurum.,happiness
Bir tartışmada karşımdaki insanın beni suçlayıp bir de üstüne bana savunma fırsatı vermemesi.,anger
Oda arkadaşlarımdan birisinin evden yemek getirmesine mutlu oluyorum.,happiness
Doğum günümde hediye aldığım ve pasta yediğim zamanlar.,happiness
Bunun yanında panzer tümenlerinin müfettişliği gibi bazı görevlerde de bulundu .,neutral
Belediye otobüsündeki ter kokusundan iğreniyorum.,disgust
Beni yanlış anladıkları zaman.,anger
hapşırırken mendil kullanmayanlardan çok tiksinirim,disgust
Emeğimin karşılığını aldığımda mutlu olurum.,happiness
Üst dönemden arkadaş edindiğimde mutlu olurum.,happiness
Asansörde kapalı kalırsam.,fear
Böceklerden aşırı derecede tiksiniyorum.,disgust
Haklıyken haksız duruma düşmek.,anger
Bu olaydan sonra Denizlispor ile anlaşma sağladı .,neutral
uyuduğum zamanlar.,happiness
yapmadığım bir şey ile suçlanmak,anger
Sevdiğim insanlarla birlikteyken ve başarılı olduğum zamanlar.,happiness
El  şakalarından hoşlanmam.,anger
Aynı zamanda okuduğu fakültenin Tiyatro Bölümü’nün oyunculuk sınavına girdi ve kazandı .,neutral
okul turnuvalarında gol atamayınca çok üzüldüm,sadness
iğne korkusu yüzünden dişçiye gidemiyorum,fear
Toplum içerisinde burnunu karıştıran birisini gördüğüm zaman.,disgust
Yemek yerken konuşulmasından tiksinirim.,disgust
Bir yurt dışı seyahatinde kardeşimi bulamadığımda ve askerde yanımdaki kişi intihar etmeye çalıştığında çok korkmuştum.,fear
Bir ünlü gördüğüm zaman.,happiness
Odaların kapılarının açık bırakılması ve bekletilmek.,anger
Pis yerlerden tiksinirim.,disgust
Aynı sakızı çiğneyen insanları gördüğüm zaman.,disgust
yalan... en yakınlarımdan arkadaşlarımdan...,anger
İlin kuzeyinde ve doğusunda Pisa ili ve güneyinde Grosseto ili vardır .,neutral
Üçüncü evrede ise kültürün kuzeye doğru yayıldığı anlaşılmaktadır .,neutral
Tatilde bindiğim bir otobüste cüzdanımı unutmuştum. Kendime çok kızmıştım.,anger
Temiz olmayan bir ortamda yemek yerken.,disgust
İlçenin batı ve kuzeybatı sınırlarını İran oluşturur .,neutral
Bir şeyde başarısız olursam.,sadness
benim için önemli olan bir şeyi başkasına söylenmesi beni öfkelendiriyor,anger
Kötü kokulardan.,disgust
insanların bana toplum içinde bağırması,anger
Korku filmi izlemekten korkarım.,fear
kız arkadaşımdan ayrıldıktan sonra üzüntülü olurum.,sadness
Bana değerli olduğumu hissettiren bir hediye aldığım zaman.,happiness
Savaş sırasında kurumun faaliyetleri durmadı ve sınırlı kapasitede çalışmalarına devam etti .,neutral
Karanlıkta yalnız kalmaktan korkarım.,fear
İstemediğim kişileri gördüğümde.,anger
İngilizce yazılısından 58 almıştım daha sonra çok çalışıp 95 alınca çok mutlu oldum,happiness
yere atılan çöplerden çöp atanlardan tiksiniyorum.,disgust
Alış veriş yaptığım zaman.,happiness
En çok düşman öldürmüş oyuncu oyunu kazanır .,neutral
Eve gittiğimde evde yemek olmamasına öfkelenirim.,anger
2014 yılında istediğim liseyi kazanınca çok mutlu oldum.,happiness
Küçükken kuzenim hastalanıp kusmuştu.,disgust
kızım doğduğunda çok mutlu oldum,happiness
En yakın arkadaşımla aynı sınıfa düştüğümüzü öğrendiğimde.,happiness
Daha sonra kendisi de bir fani olan Yavuz ile evlenir .,neutral
"Filmin başrol oyuncularından olan Hagen isimli köpek de ""Palm Dog"" ödülünün sahibi oldu .",neutral
Başarısız insanlar.,sadness
Sevdiğim insanlarla aramın bozulması.,sadness
Savunma mekanizması olarak zehir püskürtme yeteneğini geliştirmiş olan bir kobra grubuna dahildir .,neutral
Annemin öfkelenerek bağırmasından.,fear
Birisi önümde kusarsa.,disgust
Okuldaki erkekler tuvaletinin pis kokusu.,disgust
Eşyalarımın izinsiz alınması.,anger
Kayalık arazide bir tepe üzerinde inşa edilmiş olan kale koordinatlarındadır .,neutral
Arkadaşım ödünç aldığı kitabımı yırttığı zaman sinirlendim.,anger
Fransa Kültür Bakanlığınca önemli bahçeler listesine alınmıştır .,neutral
Karanlıktan korkarım.,fear
Arkadaşlarımla küs olduğumda ve öğretmenimin bana ters davranışından üzülürüm.,sadness
Oradan da her derde deva sarımsak bitmiş .,neutral
mutlu olmaya çabaladığım zamanlar mutlu olurum.,happiness
Kuzenim doğduğunda.,happiness
Sağlıklı olduğum zaman.,happiness
Bozulmuş yemek yemek.,disgust
Kardeşimin vefatı.,sadness
Yüksekten bakınca.,fear
Sevdiklerimin yanımda olmaması.,sadness
Şelalenin su akış hızı yağış miktarına bağlı olarak değişir .,neutral
Benim adıma karar alınması.,anger
üzülmekle beraber çok sevdiğim birinin ölecek olması beni çok korkutuyor.,fear
Yere tükürülmesinden tiksinirim.,disgust
Ancak yaşanan iklim değişikliği bu bölgede de etkilerini göstermektedir .,neutral
grupça yediğimiz maklubeye arkadaşım elini attığı zaman çok tiksindim,disgust
doğum günümde istediğim şeyler alındığında.,happiness
Bir uyarının sürekli tekrarlanması.,anger
Hayvan öldüğünde bunlardan birisi tekrar dünyaya gelir ve diğeri doğaya yerleşir .,neutral
Okul olmadığı zamanlar.,happiness
arkadaşım çikolata alınca mutlu oldum.,happiness
Kusmuk görmek.,disgust
Sevdiğim insanları gördüğüm zaman mutlu olurum.,happiness
kardeşimin doğumu,happiness
Sınıfta bitli biri yanıma oturmuştu.,disgust
Sevdiklerimi kaybetmekten korkarım.,fear
performans ödevi grubumuzda grup arkadaşlarımız görevlerini yapmayınca çok öfkelendim.,anger
Aniden önüme birinin çıkması.,fear
Rahat ve huzurlu olduğum her an.,happiness
Matematikten yüksek not aldığımda.,happiness
Sakatlığının tam anlamıyla geçmemesi nedeniyle takımının lig ve Avrupa kupalarındaki karşılaşmalarında forma giyemedi .,neutral
Yerel tarih ve etimoloji üzerine çalışmalar yaptı .,neutral
Kendini renksiz ve dışlanmış hisseden Tsukuru’nın arkadaşları günün birinde gerçekten de onunla görüşmeyi keserler .,neutral
sınavda kötü not almak beni üzüyor,sadness
Sınavdan 100 aldığımda.,happiness
Matematik sorusu çözmekten tiksinirim.,disgust
açık yaradan tiksinirim.,disgust
arkadaşımın durduk yere beni öpmesinden iğrendim.,disgust
Pınar Karşıyaka'nın şampiyon olması.,happiness
Okul tuvaletlerinin kokusu.,disgust
Burada üç sezon boyunca alt yaş takımlarında futbol oynadı .,neutral
Bir yakınım hayatını kaybettiği zaman üzülmüştüm.,sadness
Hiç beklemediğim birinin beni mutlu etmesine.,happiness
Eşitsizliklerden.,anger
İnsanların savaşlarda öldürülmesi.,sadness
Aralık ayında bir böbrek hastalığına muzdarip oldu ve daha sonra Panzer Ordusu Müfettişi yapıldı .,neutral
Babam bana bisiklet aldığında neredeyse mutluluktan uçacaktım.,happiness
Oğlumun başarıları benim mutluluğumdur.,happiness
Yükseklik.,fear
Ne zaman arı görsem korkuyorum.,fear
iftiraya uğramak en büyük çekincemdir,fear
insanların birbirine saygısızlık yaptığını görünce çok sinirleniyorum. sevmeyebilirler ama onların siyasi görüşüne saygılı olmamalarına nefret ediyorum ya da ülkemize gelen Suriyeli insanlardan nefret edenlerden ve onlara üzülmeyen insanları görünce çok sinirleniyorum.,anger
birinin beni geçmesinden korkarım.,fear
Bir insanda bilinç hali için iki önemli nörolojik bileşenin çalışması gerekir .,neutral
Yerlere tükürülmesinden tiksiniyorum.,disgust
Romalılar savaşı kaybetti ancak iki taraf da çok ağır kayıplar verdi .,neutral
Kör olmadığı halde göremeyen insanlardan tiksiniyorum.,disgust
Metroda bir adam ters ters baktı ve sonra yanıma geldi oturduğu an.,fear
"ağlamak yok diyorum kendime, ama bu küslük beni bitirdi.",sadness
Yolda havlayan köpeklerden.,fear
Odamdaki böcek zıplamaya başladığında kaskatı kesildim.,fear
"yangınlara, orman veya ev iş yeri afetleri",sadness
Köpeğim öldüğü zaman.,sadness
Bulunduğum ortamdaki ter kokusundan tiksinirim.,disgust
evde yalnızken garip sesler duyduğumda ürperirim,fear
Yemeğimden kıl ya da çöp çıktığında.,disgust
Kalanlar ise silahla nöbet tutarak çatışmaların bitmesini bekler .,neutral
Ispanak yediğimde ve haksızlığa uğradığımda.,anger
Dişçiye gitmekten çok korkuyordum.,fear
Sıra arkadaşımın beni ders esnasında rahatsız etmesine öfkelenirim.,anger
İnsanların bana acımasına öfkelenirim.,anger
uzun zaman önce gasp edildiğimde nefret hissetmiştim.,anger
Kişisel temizliğine dikkat etmeyen insanların ter kokusundan ağız kokusundan tiksiniyorum,disgust
dişçiye ilk gittiğimde adam yanlış dişimi çektiği için ödüm patladı ve canım acıdı,fear
Ağabeyimle ortak olan bilgisayarımızı  istediğim zaman bana kullandırtmaması öfkelendiriyor.,anger
annemin rahatsızlığı beni çok üzdü,sadness
Sosyalist dönemde şehirde gıda ve alkollü içki üretimine başlanmıştır .,neutral
Kazanan halk oyuyla ve on uluslararası jüri grubu oylarıyla belirlenecektir .,neutral
Geçit törenine katılan askerlerin birçoğu muharebede ölmüştür .,neutral
Örümcek.,fear
Yalan söylendiğinde ve kandırıldığımda öfkelenirim.,anger
Poker oynarken son elde paramı kaybetmekten korkarım.,fear
Yalan söylendiği zaman.,anger
Civcivim ve köpeğim öldüğünde üzülmüştüm.,sadness
akşam okuldan eve dönerken önüme üç köpek çıktığında çok korkmuştum.,fear
Gözümün içine baka baka yalan söyleyen birisi olduğu zaman iğreniyorum,disgust
"""Uludağ'a"" kayak yapmaya gittiğimiz zaman.",happiness
Tükürmek.,disgust
dedemin alkolikliğinden bıktım,anger
Ailem hediye alınca.,happiness
anne ve babamı kaybedince çok üzüldüm.,sadness
Varacağım yere bir an önce gitmek için hız yaptığımda polise yakalanacağım diye korkarım.,fear
Dördüncü Zamanda tektonik çöküntü sonucunda üst mantonun çökmesi ile ortaya çıkmıştır .,neutral
Heyecanlandığım zaman çok mutlu olurum. Birde arkamdaki arkadaşım saçlarımla oynadığı zaman mutlu olmuştum.,happiness
Eski okulumda çok mutluydum.,happiness
Arkadaşlarım benden habersiz buluştuğu zaman.,sadness
Okul ikincisi olduğumu öğrenmek.,happiness
Sürprizler mutlu ediyor.,happiness
Sınavdan yüksek not aldığım zaman.,happiness
Sevdiklerimi kaybetmekten.,fear
sınavlardan düşük aldığımda cidden üzülüyorum,sadness
Gemiler kariyerleri boyunca sık sık birlikte hizmet ettiler .,neutral
Hoşlandığım kişinin de benden hoşlanması.,happiness
Tuttuğum takımın yenildiği maç sonrası beni tahrik edenlere öfkelendim.,anger
İstediğim hediye alınmayınca.,sadness
Irkçı ve ayrımcı insanlardan.,disgust
Dışarıdan cama sıçrayan taşın sesi beni epeyce ürkütmüştü..,fear
Gül ve annesi zengin yaşamları olan bir ailedir .,neutral
Çok sevdiğim edebiyat dergisini aldığımda.,happiness
Yemek yerken kedi masaya çıkmıştı. Oldukça korkmuştum.,fear
Fiziksel şakalara kızarım.,anger
Toplu kullanılan yerlerin pis bırakılmasından tiksinirim.,disgust
İnsanların sorumluluklarını yerine getirmemesi.,anger
Bu şekilde resmi olarak kocasından ayrılmış oldu .,neutral
Kötü geçen bir sınavın ardından sonucu beklerken.,fear
Yavru bir köpek bulmuştum.,happiness
İnsanların kendilerini olduğundan büyük göstermesinden tiksinirim.,disgust
David başlangıcını Cliff’in Listesi’ne bir mesaj yazarak yaptı .,neutral
Hocam proje yapmayı teklif ettiğinde çok mutlu oldum.,happiness
kızım doğduğunda sevinmiştim.,happiness
Sınavlardan korkarım.,fear
Lahana yemeğinden.,disgust
"İnsanları şaşırtmayı ,onlara sürpriz yapmayı severim. bende bana sürpriz doğum günü partisi yapılsa çok heyecanlanırım.",happiness
Sınavdan düşük not aldığım zaman tiksinirim.,disgust
üstün zeka sınavını kazandığımda çok mutlu hissetmiştim.,happiness
Hijyenik kuralları uygulamayan ya da üstü başı ve yaşadığı yer dağınık ve pis olan insandan tiksinirim,disgust
Birisinin yanımda kusması.,disgust
İnsanların yere tükürmesi.,disgust
Birisinin bana küfür etmesi.,anger
Sınavdan 40 almak.,sadness
Bu devrelerin elektronikte birçok kullanım alanı vardır .,neutral
Dayım vefat ettiğinde çok üzüldüm.,sadness
Mutluluk benim için uzun süren bir duygu. hiç olmadı şu ara sadece sayısından haberim olmayacak kadar çok param olsa mutlu olurdum.,happiness
Bu nedenle erkeklerin boynuz dönüşümleri eşzamanlı değildir ve yıl boyunca doğurgan dişilere rastlanır .,neutral
Annemin psikolojik rahatsızlığı nedeniyle bayılmasından korkuyorum.,fear
kuzenimin üniversite mezuniyet töreninde kendimi üniversite de olduğumu düşünerek mutlu oldum.,happiness
Danışma görevini yerine getiren Polonya Dil Konseyi tarafından düzenlenir .,neutral
Yazın Ankara'ya kuzenlerimin yanına gittiğimde çok mutlu oldum.,happiness
Erzurumspor ve Büyükşehir Belediye Erzurumspor takımlarının iç saha maçlarına ev sahipliği yapmaktadır .,neutral
Ailemle birlikte vakit geçirmek.,happiness
"""Allah'tan"" korkarım.",fear
Birisinin kustuğunu gördüğüm zaman.,disgust
Taraftarı olduğum takımın başarı elde etmesi.,happiness
Rusya Liberal Demokrat Partisi adı partinin tarihi adı haline geldi .,neutral
Resmi sitede yer almayan ülke bağlantıları bu listede kabul edilmemiştir .,neutral
sevdiğim insanların ölümü,sadness
Kitaba bazı tarihi belgeler de dahil edilmiştir .,neutral
Dedem öldüğünde.,sadness
Ailem ve sevdiğim arkadaşlarımla birlikteyken.,happiness
Dedeye sahip olmamak üzücü.,sadness
Yemekte birinin hapşırması ve sümüğünü yakasına sürmesinden tiksinirim.,disgust
Arkadaşlarımla gezmeye gitmeyi planladığımız zaman arkadaşlarım bazı sebeplerden iptal etmişlerdir.O gün ben evde kaldım.Ertesi gün sosyal medyada önceki gün arkadaşlarımın birlikte Konak'ta şarkı söyledikleri videoyu gördüğüm zaman çok öfkelendim.,anger
Babamla annemin tartıştıkları zamanlar.,sadness
Gerçekten hak ettiğim puanı alamadığım zaman.,sadness
Uzun süredir görmediğim bir arkadaşımı görmek.,happiness
Kardeşim durduk yere bağırıp ağlamaya başladığı zaman.,anger
Bir arkadaşımın yanımda kusması.,disgust
Sınavdan kötü not almak.,sadness
Köy nüfusunun yaklaşık olarak yarısı şehirde yaşamaktadır ve yaz dönemlerinde mahallede bulunmaktadır .,neutral
Sanatçı Ankara’da bulunan heykel atölyesinde çalışmalarını sürdürmektedir .,neutral
insanların çıkarcı olmalarından tiksiniyorum,disgust
Evde yalnızken elektriklerin kesilmesi.,fear
İnsanların insanlıklarını unutmaları beni çok üzüyor.,sadness
katıldığım bir spor turnuvasında finalde haksızlıkla yenilince çok öfkelendim.,anger
Çok başarısız olmak.,sadness
Sakatlanmaktan korkarım.,fear
birinin yemek yerken çıkardığı seslerden ve mutfaktaki sarı bezden tiksiniyorum.,disgust
"99 ""Marmara"" depremi.",fear
Ağır Ceza Mahkemesi tarafından karara bağlanan Ergenekon davasında ağırlaştırılmış müebbet hapis cezasına çarptırıldı .,neutral
Fizik öğretmenimden nefret eden kişilerden tiksiniyorum.,disgust
O zaman profesyonel veya amatör olarak hizmet veriyordu .,neutral
Çok kötü not almak.,sadness
Haksız yere suçlandığım için.,anger
Gittiğim köy düğününde havaya ateş edilmesi korkuttu.,fear
Fizik öğretmenimin adımı unutmasına üzüldüm.,sadness
Kitap okumak beni mutlu eder.,happiness
"Kötü geçen sınav sonrası , kendimi dışlanmış hissetmek ve sevdiklerime zarar gelmesi üzer.",sadness
Kocamın beni bırakmasından korkuyorum,fear
İstediğim şeylerin olması.,happiness
Fizikten 70 beklerken 30 almam.,sadness
Takımın kazandığı zaman.,happiness
"Daha sonra ""kumaş ve diğer sektörlerde çalışan genç erkeklerin ruhani gelişimi"" isimli kulübü kurdu .",neutral
Böcek ya da kıl.,disgust
Yatağımda hamam böceği gördüğüm zaman.,disgust
Temiz kaşıkların yanındaki bulaşıklardan tiksinirim.,disgust
Yemek yerken miğde bulandırıcı kelimeler kullanılmasını sevmiyorum,disgust
Kurallara uymayan insanlara.,anger
Yalan söylenmesi.,anger
oğlumu kucağıma aldığım zaman en mutlu olduğum andır.,happiness
En yakın arkadaşımın bana küstüğü an.,sadness
Köydeki evlerin bazılarını yakar ve Yahudi halka ait olan mallara zarar verirler .,neutral
bir başkasının bardağından su içmekten tiksinirim.,disgust
"En yakın arkadaşım ""istanbul'a"" gittiği zaman.",sadness
Planladığım gibi giden işler.,happiness
teog'dan üç yanlış çıkarmam beni mutlu etmişti,happiness
Ödünç aldığı kalemi ağzına sokan insanlardan çok tiksiniyorum. Kalemi geri alınca doğrudan çöpe atıyorum.,disgust
ilk bilgisayarımı aldığımda çok mutlu oldum.,happiness
kızım koltuktan düşünce ona bir şey olacak diye ödüm patladı,fear
Yemekten saç çıkması.,disgust
köpek beni kovaladığında çok korktum.,fear
beni aşağılayacak laflar,anger
arkadaşımla aramızın bozulması,sadness
2013 yılında çok istediğim gitarıma kavuştuğum için çok mutlu oldum.,happiness
Şiddetin her türlüsünden tiksinirim.,disgust
Sevgilim beni terk edince çok üzüldüm,sadness
"Kişinin üniversite okumuş yani belirli bir bilgi ve gelişmişlik seviyesine ulaşmış olup da saygıyı, selam sabahı öğrenememiş olması durumlarına öfkeleniyorum.",anger
Torpilli biri önüme geçtiğinde.,anger
Bir köpeği tam sevecek iken birden havlaması.,fear
Kusmuk görmek.,disgust
Çalışma odamın dağıtılmasından hoşlanmam,anger
Enjeksiyon yaptığım hastanın pis kokusundan tiksiniyorum.,disgust
Kulağını karıştıran insanlardan.,disgust
Güvendiğim insanın değiştiğini görmek.,sadness
Nükleer enerjinin gelişimi ile ilgili birçok kitap yazdı .,neutral
rezil olacak mıyım kaygısı beni ürkütüyor.,fear
İnsanların yerlere tükürmesi ya da erkeklerin saygısız davranış ve sözleri bir bayan olarak hoşlanmıyorum.,disgust
komşumuza hırsız girdi ve ilk defa yalnız kaldığımda korktum,fear
yandaş medyadan tiksiniyorum.,disgust
Birisi üstüme öksürdüğü zaman tiksinirim.,disgust
Sevdiklerimin başına kötü bir şeyler gelmesinden korkuyorum.,fear
Elbisem pislenince tiksinirim.,disgust
Birisini burnunu karıştırırken gördüğüm zaman.,disgust
yüzüme güldüğü halde benden hiç hoşlanmadığını bildiğim insanlarla görüşmek zorunda kalmak.,anger
Arkadaşım haksızlığa uğradığında çok öfkeleniyorum.,anger
karanlıktan ürperirim,fear
Bugün süvarilerin yerini tankların kullanıldığı zırhlı birlikler almıştır .,neutral
İnsanlar rezil olduğunda.,sadness
arkadaşım yemekhanede elini çorbaya sokunca çok iğrendim.,disgust
Liseye başladığım an.,happiness
Kedilerden korkarım.,fear
Hamam böceğinden.,disgust
Kardeşimin sulu hareketlerine.,anger
Dedem öldüğü zaman.,sadness
Gereksiz takılmalara sinirlenirim.,anger
rakip takımın tehlikeli bir atak yapması beni korkutur.,fear
İki kişiyi ilgilendiren bir konuda sadece benim çaba sarf etmiş olmam.,anger
Konuştuğum kişinin benimle göz teması kurmamasına öfkelenirim.,anger
Derste yemek yerken yakalandığımda boğazımda kalan yemek yüzünden boğuluyorum sandım.,fear
Karşımdakinin yalan söylemesi.,anger
İnsanlara şiddet uygulayanlardan tiksinirim.,disgust
İptal etmek zorunda kaldığım bir programı engeller kalktıktan sonra hayata geçirdiğimde çok mutlu oldum.,happiness
Arkadaşımın sınıftayken tuvaletini yapması.,disgust
hiç keşkelerimin olmamasından dolayı mutluyum.,happiness
annemin rahatsızlandığı zamanlar en korktuğum zamandır. İçime bir sıkıntı düşüverir.,fear
Yaz tatili başlarken.,happiness
orta yaş üzeri bir erkeğin sokakta yürürken veya otobüste oğlu kızı veya torunu yaşındaki çocuğa şehvet dolu bakışı beni çok tiksindirir.,disgust
bakımsız tırnaklardan tiksiniyorum.,disgust
sevgilimden ayrılmaktan çok hüzün duyarım,sadness
"internetten kitap okuyorum, her yeni bölüm eklendiğinde mutlu oluyorum",happiness
Saygısızlığın ve adaletsizliğin olduğu her durum beni tiksindirir.,disgust
izlediğim romantik filmde ana karakter ölünce üzülmüştüm,sadness
Bir kere yemeğimden kıl çıkmıştı.,disgust
Teyzemin öldüğü an.,sadness
Haksızlığa uğradığım zaman.,anger
Konuşurken tükürük saçan insanlardan.,disgust
Böylelikle turu kazanan ilk Kolombiyalı bisikletçi oldu .,neutral
Çikolatam yendiği zaman.,anger
Emrah' ın (yeğenimin) güldüğünü ilk gördüğümde çok mutlu oldum.,happiness
Benimle ilgili dalga geçildiğinde.,anger
Halka açık alanlara büyük abdestini bırakan insanlar.,disgust
Bir kez kaybolmuştum. O zaman çok korktum.,fear
Çocuğum olduğu zaman çok mutlu oldum ki neredeyse bulutlara varacaktım.,happiness
kampüste beni köpekler kovalamıştı .,fear
Canlı bir varlığın acı çekmesi.,sadness
Arkadaşımın beni korkutması.,fear
Albüm hem tamamında hem de parça parça kendi içinde bir bütünlük göstermektedir .,neutral
Galilei uyduları büyük kütleleri ve kuvvetli yerçekimi nedeniyle tam bir küreye yakın biçimler almıştır .,neutral
Korku filmi izlerken korkarım.,fear
Güvendiğim bir insandan beklemediğim bir hareket görünce üzüldüm.,sadness
Yıllar geçtikçe insanlar para vermek için kendi yöntemlerini icat ettiler .,neutral
Beşiktaş maç kazandığında.,happiness
Yakın arkadaşımın beni satması.,sadness
sevdiğim bir gazetecinin ölümünde gerçekten üzüldüm,sadness
Genelde mutluyum.,happiness
Balıklarım öldüğünde ve düşük not aldığımda.,sadness
genelde kötü koku aldığım her an tiksinirim,disgust
Köpeklerin kovalamasından korktum.,fear
su içerken arkadaşımın şişemi sıkmasına öfkelenirim,anger
Kokulara karşı aşırı derecede hassasım ve bazı kokular tiksinme duygusu uyandırır.,disgust
Matematik sınavından düşük not aldığım gün.,sadness
Babam yaşındaki adamların laf atması.,disgust
Sokakta yürürken yolda ölü fare görmek.,disgust
Yeni alınan hayvanımın ölmesinden korkuyorum.,fear
Bana hediye alındığında.,happiness
birisi üzerime bir şey dökerse öfkelenirim.,anger
En iyi sekiz atlayışı yapan sporcular dışındakiler elenir .,neutral
Oyuncu yeşil bir çöp adamı kontrol eder .,neutral
Tuvaletlerin kötü kokusu.,disgust
İyi niyetimin suistimal edilmesine kızarım.,anger
Böceklerden.,disgust
Batı özentisi olan  ve kendi özünü unutan insanlar beni üzüyor.,sadness
aileden birinin hastalanması,sadness
Kadının beklemesi gereken süre kanunda bekleme süresi olarak adlandırılmaktadır .,neutral
Tunç kafiye için farklı isimler de kullanılmaktadır .,neutral
Sevmediğim şeylerin yapılması.,anger
Kaybetmeyi sevmeyen birisi olarak basketbolda iyi performans sergilediğim zaman mutlu olurum.,happiness
Sınavların olduğu günler.,fear
Sınav öncesi.,fear
Sempatik tavırlarıyla kısa sürede Trabzon halkının sevgisini kazanmayı bildi .,neutral
"korku filmi izledim, etkisinde kaldım, sabaha kadar korkunç rüyalar gördüm.",fear
Liseler arası futbol turnuvasında birinci olduğumuzda mutlu olmuştum.,happiness
Yemek yerken ağızdan ses çıkaran insanlardan.,disgust
Sevmediğim bir yemeği yediğim zaman.,disgust
Taylor grubu takip etmeye ve şarkıları üzerinde çalışmaya devam etti .,neutral
Bu bölümde dalga hareketlerini matematiksel incelemesi ilgi çekmiştir .,neutral
arılardan korkuyorum,fear
Ülkemin geleceği konusunda korkuyorum.,fear
Sevgilimin bir sebep yokken benden ayrılması.,sadness
Tuzlu suya sahip olması nedeniyle Tekel İşletmesi tarafından tuz işletmeleri açılmıştır .,neutral
Tatil olduğunda mutlu olurum.,happiness
Arabayı kazanın olacağını düşündüğü yolun önüne sürer ve birçok kişi yoldan çıkamaz .,neutral
Lisede ilk derse girdiğim zaman öğretmenlerim ve arkadaşlarım puanlarımızın düşeceğinden bahsetti ve ben ister istemez biraz korktum.,fear
domatesin içinde kurt görünce çok tiksindim.,disgust
Haklı olduğum konuda haksız duruma düşünce öfkelenirim.,anger
Birinin bana emretmesi.,anger
Kesilen hayvanların bağırsaklarından çıkan dışkıdan tiksinirim.,disgust
Yemeğimden kıl çıkması.,disgust
Otobüslerde pis kokan insanlar.,disgust
Alışveriş yaptığım zaman mutlu oluyorum.,happiness
bu yıl burayı kazandığımda çok sevinmiştim ama geldiğimde hüzünlendim.,sadness
Kış güneşini hissettiğim zamanlar.,happiness
Küçük şeylerle bile mutlu olurum.,happiness
Abim beni korkutunca korkarım.,fear
Hayatın zor olması.,fear
İkili sorunların üstesinden gelmek için yolculuğa çıkarlar .,neutral
vefat eden dayımı düşününce kahroldum,sadness
Toplum içince pis gezen insanlar.,disgust
Bugüne kadar senato seçimleri parlamentonun alt kanadının seçimleriyle aynı zamanda yapıldı .,neutral
ayağımın altına sakız yapıştığında iğrenmiştim,disgust
Ardından biralar birkaç yıl süren olgunlaşma işlemiyle baş başa bırakılır .,neutral
Komşunun sorumsuzluğu sebebiyle yaşadığımız sorun yüzünden çok sinirlenmiştim.,anger
Oyun sonundan önce bu kural uyarınca berabere biten oyunların sayısı çok azdır .,neutral
Adaletsizliğe öfkeleniyorum.,anger
Kütahya'ya muazzam bir terminal yapıldığında çok öfkelendim. Hatta kendime zarar verdim.,anger
Arkadaşlarımın beni dinlemeyip anlamak istememesi kendilerini haklı görmesi.,anger
Hamam böceklerinden.,disgust
Bunların yanı sıra kitap ve müzik yayımı da yapar .,neutral
Yılanlardan.,fear
İyi geçen sınavdan kötü not alırsam.,sadness
Yüksek not alınca.,happiness
iş arkadaşımın işleri bir türlü zamanında tamamlamamasına çok kızdım.,anger
Acı çeken insanlar görmek.,sadness
Terk edilince üzülüyorum.,sadness
Gece 1'de eve yürüyerek dönmek zorunda kalmıştım.,fear
Kişisel çıkarlar nedeniyle oluşan duyarsızlıklar.,anger
İnsanların cahilliği beni üzüyor.,sadness
herhangi bir dersten DD altı bir notla kalırsam üzülüyorum,sadness
Annemin sevdiğim yemeği yapması.,happiness
Biten ya da gelişme kaydeden proje.,happiness
"""PBYS'yi"" (bursluluk sınavı) kazandığım zaman.",happiness
"""60. yıl Anadolu Lisesi'ni"" kazandığımda mutlu oldum.",happiness
İki yüzlü olan insanlara.,anger
7. sınıfta Türkçe sınavını tamamlayamayınca üzülmüştüm.,sadness
Çalıştığım halde Edebiyat sınav sorularında zorlanıyor olmak üzüyor.,sadness
Bu şekilde çok saf silisyum elde edilir .,neutral
fare gördüğüm anda kaşınmaya başlıyorum. Adını duymak bile iğrenç bence.,disgust
11 aydır bir kızı platonik olarak seviyorum.,happiness
Önemli bulduğum şeyleri kaybettiğimde üzülürüm.,sadness
"Öğretmenim, öğrencisi kötü bir şey yaptığında çok öfkelendi.",anger
"Doğum günleri , yılbaşı ve tatiller yani okul olmadığı zamanlar.",happiness
Sevdiklerimle geçirdiğim güzel zamanlar.,happiness
sünnet olurken korku yaşadım.,fear
Geleceğim deyip gelmeyen arkadaşlarıma.,anger
Bir kuruluşta psikoterapi yapmaya da devam etmektedir .,neutral
Eşimin hediyesi olan Fotoğraf makinem çalındığında çok öfkelendim.,anger
Matematik sınavından düşük aldığım zaman.,sadness
oyun oynarken internetin kesildiğini görünce kızarıp istemsizce bağırmaya başladım,anger
"""harry Potter'a"" çocuk filmi diyenlere fazlasıyla öfkeleniyorum",anger
3 temmuz davasında beraat çıkması.,happiness
"Koray Avcı, Sıla, Sezen Aksu şarkıları dinlediğimde üzülürüm.",sadness
"""Fenerbahçe'nin"" şampiyonluğu kaçırması.",sadness
Yanlış anlaşılmak.,fear
Haksızlık yapıldığında öfkelenirim.,anger
Sınavlardan 100 alınca mutlu olurum.,happiness
Suçlandığım zaman.,anger
Birisinin kusması.,disgust
Üzüntüler çabuk geçer henüz geçmeyen yegane şey geçen hafta reddedilmiş olduğumdur.,sadness
Halam ve dedem öldüğü zaman üzülmüştüm.,sadness
hayatımda yaşadığım en büyük korkum hastanede sevdiğim bir insanı kaybetmektir.,fear
babamın birinci sınıftayken söz verdiği çok istediğim oyuncak ayıyı aldığında çok mutlu oldum.,happiness
İnsanların salak salak konuşup en iyi olduğunu sanması.,anger
arkadaşım yola tükürdü. Çok öfkelendim.,anger
Sevgilimin yaptığımız planı ertelemesi beni çok öfkelendirdi.,anger
Kişiliksiz ve karaktersiz insanlardan.,disgust
Nullam sit amet turpis elementum ligula vehicula consequat.,neutral
Batakta el açınca.,happiness
Annemin hasta olması ve en yakın arkadaşımın başka bir şehirde yaşaması.,sadness
İstemediğim bir şeyin yapılması.,anger
yüksek not aldığımda mutlu olurum.,happiness
Yazılıdan düşük not alınca üzülürüm.,sadness
A takımdaki takım arkadaşlarına nispeten daha başarılı bir sezon geçirdi .,neutral
Bir şeyin tekrar tekrar söyletilmesi.,anger
yere tüküren insanlardan tiksiniyorum.,disgust
"Orada Uluslararası Kızıl Haç Komitesi tarafından takma adı ""Helmut Gregor"" isminde bir pasaport aldı .",neutral
babamın ameliyat olması beni çok korkutmuştu,fear
Köpek katliamı fotoğraflarını gördüğüm zaman.,anger
"""TEOG"" sınavına girerken korkmuştum.",fear
Ortamın kötü kokması.,disgust
Uzaya çıkarlarken gösterilen manzarayı görmek mutlu ediyor.,happiness
Engellilere cansız hayvan gibi davranılması.,anger
Asansörde kaldığımda.,fear
yaptığım her yolculukta kaza yapar mıyız korkusu içimi sarar,fear
Fizik sınavı.,fear
Sınav sırasında burnum kanamıştı ve sınavı yarım bırakmak zorunda kalmıştım.,sadness
Profesör unvanıyla emekli olana kadar bu üniversitede çalıştı .,neutral
Konuşurken sözümün kesilmesi.,anger
Hayvanım öldüğü zaman.,sadness
liseden mezun olunca çok mutlu oldum.,happiness
Sevimsiz şakalar.,anger
Kuzenimin davranışlarına öfkeleniyorum.,anger
Sokak hayvanlarına kötü davranıldığını gördüğümde.,sadness
geçen sene amcam vefat ettiğinde çok üzüldüm,sadness
Atatürk hakkında ileri geri konuşulduğunda.,anger
Yalnız kalmaktan korkuyorum.,fear
Karşıma aniden bir köpek çıkmıştı.,fear
sigara kokusu midemi bulandırır,disgust
yola insanların tükürmesi iğrençtir.,disgust
Her sınav öncesi korkarım.,fear
eşimim telefon açıp neredesin demesinden hiç hoşlanmıyorum.,anger
iki yıl üniversite okuduktan sonra bir sene dershaneye gittikten sonra dokuz eylül üniversitesi'ni kazanınca çok mutlu oldum,happiness
Bir akrabam hayatını kaybettiği zaman.,sadness
Ölü insanı görmekten tiksinirim.,disgust
"Annemle tartışırken , uzun süre susmadan konuşmasına öfkeleniyorum.",anger
Burada Alucard onun kurtuluşu için bir kez daha ona vampir olmayı teklif eder .,neutral
Çok uzun zaman otobüs beklemek.,anger
Sevdiklerime kötü bir şey olması.,fear
Kusmuk.,disgust
Her şeyin yolunda gitmesi ve arkadaşlarımın yanımda olması.,happiness
Haksızlıklara öfkelenirim.,anger
Korku filmleri.,fear
Yemek yemek.,happiness
Daha sonra aynı üniversitede Siyaset Bilimi alanında yüksek lisans ve doktora derecelerini aldı .,neutral
Yoga yapmak.,happiness
Matematik sınavı.,fear
Kardeşimin yapma dediğim şeyi yapmasına öfkeleniyorum.,anger
yanımda sigara içildiği zaman tiksiniyorum,disgust
Biri dalga geçince.,anger
Bu metinden yola çıkarak sadece erkek çocukları için değil kız çocukları içinde kullanıldığı saptanmıştır .,neutral
Yalnız kalmaktan korkarım.,fear
Abasıyanık artık konuşma dilinin canlılığını kullanmaya başlayarak klasik cümle yapısından devrik cümle yapısına geçti .,neutral
Arkadaşlarım  ya da ailemle vakit geçirdiğim zamanlar.,happiness
Aradan uzun zamanın geçmesiyle bu koleksiyonun parçaları birer antika özelliği kazanır .,neutral
En yakın arkadaşımla gereksiz yere kavga edip küstüğümüz zaman.,sadness
İki yüzlü insanlar.,anger
Karanlıktan korkarım.,fear
Kardeşimin okul voleybol takımına girmesine.,happiness
Sınavlardan yüksek not alınca.,happiness
İzlediğim sinema filminden çok korktum.,fear
Dedemin vefatı.,sadness
İyi beklediğim sınavdan kötü not almak.,sadness
İyi çalıştığım halde kötü not aldığım zaman.,sadness
Evimden ayrılırken üzülüyorum.,sadness
Akademisyenliğe adım attığım ilk gün havalarda uçuyordum.,happiness
Öğretmenlerin kolay soru soracağım deyip zor sorular sormasına sinirleniyorum.,anger
Ailem bana gitar aldığı zaman mutlu oldum.,happiness
Bu başa çıkılması en güç durumlardan biridir .,neutral
Telefonum merdivenlerde yere düştüğünde camı kırıldı ve çok üzüldüm.,sadness
İlk kan aldırdığımda çok korkmuştum.,fear
Masum insanların ölmesi.,sadness
Bundan sonra sayısız Flaman ve Hollandalı yapımda yer aldı .,neutral
Hayatımın büyük bir hiçlik halinde geçip gideceğini düşündüğüm zaman.,sadness
Büyük annem vefat ettiği zaman üzüldüm.,sadness
Esin hocam geçen sene beni 48.50 ile astronomi dersinden sınıfta bıraktı,anger
sanatçı olamama veya herhangi bir topluluğa şarkı söyleyemeyeceğim hissi beni çok üzer.,sadness
Yolda ölmüş bir hayvan gördüğüm zaman.,disgust
doktordan genel olarak korkarım,fear
Genellikle oval değil ama yuvarlak bir topla oynanır .,neutral
Çöp kovasının yanından geçerken tiksinirim.,disgust
Sıcaklığın çok düşük olması doğal olarak yaşam koşullarını etkilemektedir .,neutral
arabanın bagajına girdiğimde kapalı alandan korkum,fear
Birisinin önümde kusması.,disgust
Ağabeyimle tartıştığımız da öfkelenirim.,anger
sokağa çöp atanları iğrenç buluyorum.,disgust
Anne ve babasının isimleri Hunt’ın kurduğu şirketin ismine esin kaynağı olmuştur .,neutral
Haksız yere iftiraya uğradığım zaman.,anger
Umumi tuvaletlerde sifonu çekilmemiş gördüğüm zaman tiksiniyorum.,disgust
Bu sebeple Türk ordusunun sağ kanadına saldırmaya karar verdiler .,neutral
Genel toplantıya sadece bir tek liste sunuldu .,neutral
Fizik testisini çözemediğimde.,sadness
Dersin boş geçmemesi.,sadness
Elektromanyetik alanların varlığı görünebilir yörüngeleri olan yüklü parçacıkların hareketinden anlaşılmaktadır .,neutral
Matematik sınavından düşük aldığım zaman.,sadness
Eski sevgilimin çirkinleştiğini gördüğümde tiksindim.,disgust
Kongrenin ardından Siyasi işlerinden sorumlu Genel Başkan yardımcılığına getirilmiştir .,neutral
"""Boku No Pico"" izledim tiksindim.",disgust
Dizinin başarısı şarkının tutmasına ve grubun albüm satışlarının artmasını sağladı .,neutral
Bütün bu tedavinin bu metot konusunda eğitim almış ve tecrübeli ortopedi doktorları tarafından uygulanmalıdır .,neutral
Sistemli olmayan uygulamalarda ekran görüntülerini programlı olarak almanın doğrudan bir yolu yoktur .,neutral
sınavlardan düşük aldığımda hayal kırıklığına uğruyorum,sadness
Minibüs ve taksicilerin araba kullanma şekilleri sinir ediyor.,anger
Kötü bir şey olmadığı müddetçe mutluyum.,happiness
Birisine özlem duyduğum zaman.,sadness
Arkadaşımın 1 hafta boyunca aynı kıyafeti giymesi ve hiç yıkanmaması beni benden aldı.,disgust
Yorgun bir halde metroya bindiğimde yaşlı teyzelerin başımda dikilip kalk dercesine bakış attıklarında onlara kafa atasım geliyor.,anger
Kız arkadaşlarımın arkadaşlarından tiksinirim.,disgust
Sadrazamın bunu kabul etmesi üzerine görüşmeler başladı .,neutral
Babaannemin ölümü.,sadness
akrabamın ölümüne çok üzüldüm.,sadness
Bu da bakterinin aslında küre şekilli olduğunu göstermektedir .,neutral
Korku filmi izledikten sonra korkarım.,fear
Çok iyi bildiğim bir şey hakkında karşı çıkıldığı zaman öfkelenirim.,anger
Uçağa ilk binişimde çok korkmuştum. Daha sonra alıştım. Ama en son yaşadığım türbülans yaşadıktan sonra artık korkumdan uçağa binemiyorum,fear
Bu nedenle futbolu bıraktı ve bir müddet basketbol oynadı .,neutral
Arkadaşımın sümüğünü yemesi.,disgust
Fare,disgust
Bazı mistik olaylardan korkuyorum.,fear
Sınavdan kötü not aldığımda.,sadness
Benim için çok değerli olan birinin trafik kazası geçirdiğini duyunca üzüldüm.,sadness
özel eşyalarımın kullanılması beni sinirlendirir,anger
İğrenç konuşmalardan.,disgust
Aniden karşıma birisinin çıkması.,fear
Çocuğumun ders çalışmamasına çok üzülüyorum.,sadness
Sınavlardan düşük alınca.,sadness
Kan gördüğüm zaman.,fear
Kardeşimle kavga ederken.,anger
Yemeğimden bir şey çıkması.,disgust
Annem ya da babamın dediğimi duymadığı an.,anger
oğlumun üniversiteye gitmesini görmek daha ne olsun en büyük mutluluk.,happiness
Çıplak bir ayak gördüğümde iğrenirim.,disgust
Fenerbahçe'nin şampiyon olması beni mutlu eder.,happiness
Tatile girecek olmak düşüncesi ve yazın geldiğinde motor kullanabileceğimi düşündüğümde mutlu oluyorum.,happiness
Nerede nasıl davranacağını bilmeyen yılışık kızlardan ciddi anlamda tiksiniyorum.,disgust
Mal insanların hayatımda olması.,anger
Yetiştirme yurdundaki çocukları gördüğümde.,sadness
ingiltere'de bir Arnavutun opera bileti alırken bizi kazıklamasından çok tiksindim.,disgust
üniversiteyi kazandığımda sevinç çığlığı atmıştım,happiness
Sınavdan düşük almak en büyük fobim.,fear
Aynı yılın eylül ayında yine aynı markanın bir reklam filminde daha yer aldı .,neutral
Havacılıkta Türkiye birincisi olduğumuzda havalara uçtum.,happiness
Annemin başına bir şey geleceği korkusu.,fear
Oda arkadaşımın banyo havlusunu ıslakken yatağıma bırakması.,disgust
Futbol takımım bir alt döneme yenilmişti.,sadness
Arkadaşlarımla bir kaç günlüğüne kampa gitmiştik.,happiness
kendi ailemin iyiliğini unutup onlarla vakit geçirmeyip ders çalışmaktan bıktım.,sadness
okula gelmek için memleketten bilet kestirdiğim otobüs firmasının pencere kenarı istediğim halde bana koridor tarafını ayarlamaları beni çok öfkelendirmişti.,anger
Filmin ne zaman çıkacağı hakkında tartışmalar yapıldı .,neutral
Biri yalan söylediğinde öfkelenirim.,anger
"""Galatasaray'ın"" ""uefa'da"" maç kaybetmesi.",sadness
"""Edebiyat"" ortalamam 50 altına düştüğü zaman.",sadness
Sözümün dinlenmemesi.,anger
Frontal erozyon en fazla ön kolun altına dikiş yerlerinden sonra aktiftir .,neutral
bütün çocukların mutlu bakması,happiness
Köyün adının savaş zamanı köyü terk eden eski Rumlardan geldiği söylenmektedir .,neutral
Yalnız kalmak ve istemediğim bir hayat yaşamak.,sadness
Basit goller yediğim zaman.,sadness
Çağdaş kuantum alan teorisinden büyük ölçüde sorumlu; Kuantum alanları için hareket denklemleri oluşturmuştur .,neutral
Yaz tatilinin uzaması.,happiness
yaşlıların elini öpmekten iğreniyorum,disgust
Otobüs çarpmış bir kedinin hali.,sadness
Konuşmadığımda o konuda bilgim olmadığını söyledikleri zaman.,anger
Hak ettiğim bir şeyin karşılığını alamadığımda.,anger
Ailem ile iyi vakit geçirdiğimde bir de yüksek not aldığımda.,happiness
Bu çalışma alanı nispeten yenidir ve konu ile ilgili yeni araştırmalar yapılmaya devam etmektedir .,neutral
"Sevdiğim insanların beni dışlayarak sevmediğim insanlara takılmasına,
      Eşyalarımı karıştırmasına,
      Yalan söylenmesine öfkelenirim.",anger
Babamın ölümüne gerçekten çok üzüldüm.,sadness
Pis bırakılan tuvalet midemi bulandırır.,disgust
Sevdiğim birisinin kaybı.,sadness
böcekleri öldürenlerden nefret ediyorum.,anger
Allah.,fear
Göl sayesinde ilçe turistik bir belde görünümü vermektedir .,neutral
kuzenim olduğunda ve kız olduğunu duyduğumda çok çok sevinmiştim güzel bir duygu,happiness
Çorapla ıslak yere basınca tiksinirim.,disgust
Evde yalnızken garip sesler duyduğumda korkarım.,fear
Sadece Allah'tan korkarım.,fear
DÜNYADA BİR MİLYAR İNSAN YATAĞINA AÇ GİRERKEN YİYECEK İSRAFINA ÇOK ÜZÜLÜYORUM.,sadness
yüksekten düşmek,fear
Yüksek bir yere çıktığım zaman.,fear
Ders boş olduğu zaman.,happiness
Sevdiklerimi kaybetmek.,sadness
Farelerden.,fear
Çok sevdiğim bir arkadaşım başka şehre taşınınca üzüldüm.,sadness
dokuzuncu sınıfın yazılıları çok zor olacak diye korkmuştum.,fear
Dedemin öldüğünü öğrendiğimde kahroldum.,sadness
Arkadaşımla çok özel bir konu hakkında tartıştığımızda çok üzüldüm.,sadness
Güvendiğim bir insanın güvenimi kırması.,sadness
Arkadaşımın babası vefat ettiği zaman.,sadness
Sahilde yanımızdaki çift öpüşüp duruyordu.,disgust
İngilizceden yüksek not aldığımda.,happiness
Evde yalnız kalmaktan korkarım.,fear
Houston ayrıca önceden çalıştığı yapımcısı David Foster ile çalışmıştır .,neutral
Bir programda sunucunun yediklerinden tiksindim.,disgust
Yemekten çıkan saç.,disgust
"Hüzünlü müzik dinlediğim zaman.
      Çocukların sokaklarda çalışmak zorunda olması.",sadness
Annemin eve gelmesi.,happiness
Aldatıldım.,anger
Çok karanlıktan korkarım.,fear
arkadaşlarımın yalan söylediğini öğrendiğimde çok öfkelendim.,anger
Normalde belleğin bir bölgesi sadece bir süreç tarafından kullanılabilmektedir .,neutral
Hindistan ormanlarında en yaygın olan geyik türüdür .,neutral
sümüklü peçetelerinin sıraların altında olması,disgust
Biri beni salak yerine koyduğunda.,anger
Hamile kalmaktan gerçekten çok korkarım.,fear
Tarihi bilinmeyen bu kiliseden geriye sadece yıkıntılar kalmıştır .,neutral
Im tipi bir Im sınıfı yıldız kümesidir .,neutral
Tanımadığım karşı cinslerimin rahatsız edici bakışları beni tiksindiriyor.,disgust
Ülkemizdeki terör olaylarına üzülüyorum.,sadness
Gece vakti duyduğum bazı seslerden.,fear
Onun birlikteyken mutluyum.,happiness
"Dedemin ""Alzheimer"" hastalığının git gide ilerlemesi.",sadness
Yanımda birisi ölürse korkarım.,fear
"Körfezin bilinen en eski adı ""Pers Körfezi""dir .",neutral
Gökçeada depreminde evdeydim ve yalnızdım.,fear
Başarılı olduğum söylendiği zaman mutlu olurum.,happiness
En yakın arkadaşım arkamdan iş çevirdiğinde.,anger
Kendimi doğru ifade edemediğim zaman.,anger
Yumurta yediğim zaman.,disgust
Ailemin bana kızmasına üzülürüm.,sadness
çocuklarımın başına bir şey gelmesinden tırsıyorum.,fear
Yemek hanede sevmediğim bir yemek çıkmışsa.,sadness
Aylardır görüşemediğim sevgilimle buluştuğumda yüzündeki mutluluk.,happiness
Haksızlık yapan insanlardan.,anger
Arkadaşım sözünü tutmayınca çok kızdım.,anger
Çikolata yediğim anlar.,happiness
Raul adında bir oğlu ve Zoe adında bir kızı vardır .,neutral
Paramın hesapladığım miktardan daha çok olması.,happiness
Ayrıca çeşitli televizyonlarda ve radyolarda muhtelif programlara iştirak etmektedir .,neutral
Evde yalnız kaldığım zaman.,fear
Bir hayvanın arabayla ezilmesi.,sadness
Halk göç etmeye başlamış ve bu bölgeye uçuşlar iptal edilmiştir .,neutral
Dünyanın her yerinde bir arkadaşımın olduğunu bilmek beni mutlu ediyor.,happiness
yanımda birinin kusması,disgust
Yemekteyken hamam böceklerinden bahsedince midem bulandı.,disgust
Serbest dansta altıncı olan çift genel toplamda da altıncı sırayı elde etti .,neutral
Sokakta dilenen çocukları gördüğüm zaman.,sadness
Kardeşimin İnternet  paketini bitirmesine.,anger
İyi insanların olduğunu bilmek ve iyilik yapmak.,happiness
Fizik öğretmenin beni taktir etmesi mutlu ediyor.,happiness
İtalya Savunma Bakanlığı ile mühimmat satın almak için görüşmeler başladı .,neutral
geceleri cinlerin gelmesi,fear
Okul yemeklerini sevmiyorum,disgust
Birinin kalbini kırdıysam üzülürüm.,sadness
Bir çorba için iki ya da üç ördek kullanılır .,neutral
Korku filmlerindeki olayların başıma gelirse diye düşündüğüm zaman.,fear
Verilen bir sözün yerine getirilmemesi.,anger
birinin kötü durumda olduğunu görmek beni yıkar.,sadness
Dönem Parlamenterler Birliği Türk Grubu Üyeliği ve Konsey Üyeliği yapmıştır .,neutral
Kare planlı binanın kuzeydoğu köşesinde tek bir minaresi vardır .,neutral
Bir kamyon'un yaptığı kazayı gördüğümde.,fear
Annemin eve gelmeyeceğini düşündüğüm an.,sadness
İnsan dışkısından.,disgust
Bisikletimin boynuzunu düşürüp kaybettiğimde.,sadness
çok sinirlenirim. sinemaya arkadaşımla gittiğim mutlu olurum.,happiness
Kedimi kaybettiğim zaman.,anger
"Karnemde teşekkür belgesi beklediğim halde takdir belgesi geldiği için çok mutlu oldum.
      dürdüncü sınıfa geçtiğim için çok mutluyum.",happiness
korna çalındığında öfkelenirim.,anger
futbol takımına seçildiğim zaman çok mutlu olmuştum.,happiness
Onun ilk çalışmaları büyük beğeni toplamıştır ve onu heykeltıraşlık yönünde teşvik etmiştir .,neutral
Erkek arkadaşımla kavga edip barıştıktan sonra.,happiness
Metroda tacize uğramıştım.,fear
Bir kişinin toplum kurallarına uymaması.,anger
projeyi bitirememekten çok korkarım,fear
bencillik yapan kişiler olunca sinirleniyorum.,anger
Arkadaşlarımla vakit geçirdiğim zaman,happiness
Avrupa ve Güney Afrika ülkeleri ise farklı hafif zırhlı araçları bu iş için kullanmaktadır .,neutral
Bitkinin gövdesi ve yaprakları genellikle sert tüylerle kaplıdır .,neutral
Bu klasör bulunduğu zaman içindeki veri dosyası yüklenir ve video akışı başlar .,neutral
Yolda gördüğüm yılan derisinden tiksinmiştim.,disgust
Rize ve Doğu Anadolu bölgesindeki birçok ilde görülmüştür .,neutral
Ancak günümüzde adalar ekolojik açıdan önemli yerler sayılır .,neutral
Birisinin önümde kusması.,disgust
iş yerinde fare görünce midem bulanıyor.,disgust
arkadaşım yalan söylediğinde öfkelenirim.,anger
Sınıfta çok konuşanlara öfkelenirim.,anger
İnsanların beni tebrik etmesi.,happiness
Korku filmi izlediğimde.,fear
Üzerimde böcek gezmesinden korkarım.,fear
Salladığım bir soru tuttuğu zaman.,happiness
Yemekhanede çalışanların eldiven kullanmamasından dolayı yemeklerden tiksiniyorum.,disgust
yazın yazlığa gidememe korkusu kışın içimi sarar,fear
Eleştirilmek.,anger
Çocuklarımın kendilerine yeter olduklarını gösteren hallerinden çok mutlu oluyorum.,happiness
Yazın iş bulamamak,fear
birinin beni kandırması beni çok öfkelendirir.,anger
Fazla mutlu olduğumda üzülürüm.,sadness
Bana kısa ve şişmansın dendiği zaman.,anger
Karşımda limon yenilmesinden tiksinirim.,disgust
Eve hırsız girdiğinde korkmuştum.,fear
Memleketin haline üzülüyorum,sadness
İki yüzlü ve yalancı insanlara.,anger
yemekte birisinin şapırdatarak yemesinden tiksinirim.,disgust
Terör olaylarına.,sadness
"kendime özen göstermekten, alışveriş yapmaktan ve eğlenmekten mutlu oluyorum.",happiness
depremi hissettiğimde çok korktum,fear
bedensel temizliğine dikkat etmeyen insanlardan uzak kalmaya çalışıyorum.,disgust
birilerinin arkamdan iş çevirmelerinden nefret ediyorum.,anger
Köpeklerden.,fear
Okul tuvaletlerinin pisliğini gördüğümde.,disgust
Kusan birisi.,disgust
bebeğimde risk gördüklerinde çok korkmuştum.,fear
Sokağa tüküren insanlardan.,disgust
Ama oyunun tempo ile müdahale etmeyecek şekilde beceri sistemi de tasarlanmıştır .,neutral
Yemeğin tuzsuz olmasına öfkelenirim.,anger
Kardeşimle kavga ederken.,anger
"şiddete maruz kalanları görmeye tahammülüm yok, nefret doluyorum.",anger
elektriklerin kesilmesi,fear
Yeğenim doğduğunda mutluluktan ağladım,happiness
Ameliyat olduğumda korkmuştum.,fear
Bu paketler parola ve bir şirketin önemli bilgileri gibi gizli bilgiler içerebilir .,neutral
112 çıkartmalı albümüm vardı. 109. sıra geldiği gün temizlikçi teyzenin onu atmış olduğunu öğrendim. Çok öfkelendim.,anger
Arkadaşımla barıştığım zaman.,happiness
kardeşimin her gece çorabını bana atması ve annemin kokulu sebze yemekleri,disgust
"Üniversite sınav sonuçlarının açıklanıp, istediğim bölüme yerleştiğimi öğrendiğim zamanki yaşadığım mutluluk kelimelerle anlatılamazdı.",happiness
Ürkütücü hikayeler dinlediğim zamanlarda yalnız uyumaktan korkmuştum,fear
Birisinin arkamdan ileri geri konuşması.,anger
Karnataka bölgesinde yüzü aşkın sayıda tapınak günümüze kadar ayakta kalabilmiştir .,neutral
Herhangi bir olayda haksızlık gördüğümde.,anger
"Ona göre ""tüm fenomenler değişmez doğa yasalarına tabidir"" .",neutral
Beşiktaş şampiyon olsaydı çok mutlu olurdum.,happiness
bir gün öleceğim diye korkuyorum.,fear
Okul grubu turları halka açıktır ve erişim ücretsizdir .,neutral
Bitki örtüsünü iyileştirmek için özellikle akarsu boyları olmak üzere ağaçlandırma yapılmaktadır .,neutral
İnsanların beni haksız yere suçlamasına öfkelenirim.,anger
ilk balığımı kaybettiğimde çok mutlu olmuştum,happiness
Frank kıskanç eşi Sylvia ile sıkıntılar yaşamaktadır .,neutral
Sevdiğim kitap karakterinin ölmesine üzülürüm.,sadness
Allah.,fear
Yediğim yemekten kıl çıkarsa.,disgust
Kapıda olduğunu fark etmediğim kişi konuşunca korktum.,fear
Haksızlıklara.,anger
Kusmuk ya da kadınların argo konuşması.,disgust
Daha sonra Toplam Kalite Yönetimi olarak anılacak Toplam Kalite Kontrol kavramının yaratıcısı .,neutral
"""Dota 2"" oynarken 75 dakikalık maçta net gittiği için kaybetmiş ve beş yemiştim.",sadness
arkadaşlarımın beni takmaması,anger
Bir arkadaşımın başka biri hakkında kötü şeyler söylemesine öfkelendim.,anger
Ayrıca Özbekler Tekkesi Şeyhi Edhem Efendi’den ebru sanatını da öğrendi .,neutral
tuttuğum takımın dördüncü yıldızı takan ilk takım olması,happiness
okuduğum okuldan tiksiniyorum,disgust
Dağlık olan adaların büyük bir bölümü ormanlarla kaplıdır .,neutral
Yüzme ve sutopu takımlarında milli sporculuk yaptı .,neutral
Sinir edildiğim zaman.,anger
Silivri ve Çatalca ilçelerinde önemli ölçüde hayvansal gıda üretilir .,neutral
Organizasyon açısından bundan sonraki yıllar trajedi olarak değerlendirilir .,neutral
Çalıştığım bir sınavı kazanamamak.,sadness
Sokaklardaki hayvan dışkıları ve karşımda sakız çiğnenmesinden.,disgust
çok uğraştığım bir şeyi başkası bozunca sinirleniyorum.,anger
Her hanenin kendi ihtiyaçlarını karşılamak için bir bahçeleri olurdu .,neutral
Okulların başlaması.,sadness
Yemek yerken gördüğüm kusma anı.,disgust
Yazılı haftası üzgün olurum.,sadness
Yerli ürünler sınıra göre vergi düzenlemesi olan yabancı ürünlere karşı dezavantajlı bir konumda olabilir .,neutral
Karanlıktan garip sesler gelmesi.,fear
babamın öldüğü zaman,sadness
vefat eden babamı düşünmek içimi çok acıtıyor.,sadness
Kuvveti ve güreş yeteneği sayesinde kısa zamanda adını duyurdu .,neutral
istemediğim halde babam tarafından başka bir okula kayıt yaptırılınca öfkelendim.,anger
motorun benzini bitince,sadness
yumurtanın beyazından tiksinirim.,disgust
yolda yürürken laf atılması,anger
balığım öldüğünde üzüldüm,sadness
Çekirgeler.,fear
Bodrum balık avına çıktığımda.,happiness
Ailemde olan tartışmalar.,sadness
yalan söylendiği zaman öfkelenirim,anger
Film ile başlayan devam filmlerinin oluşmasına neden oldu .,neutral
Takdiri kaçırmaktan korkuyorum.,fear
Başarılı ve kaliteli bir hayat geçirmek.,happiness
yanımda birinin hapşurduktan sonra elini yıkamaması ya da karşımda birinin ağzı açık veya görgü kurallarına uymadan yemek yemesi hoşuma gitmiyor.,disgust
İyi bir sosyal hayat.,happiness
Hediye alındığı zaman.,happiness
Sınavdan düşük not almak.,sadness
Biyoloji sınavından düşük not almam.,sadness
1. sınıfta kaldığım zaman.,sadness
Kadınlara yapılan şiddet ve tecavüz olaylarına.,anger
korku filmlerinden ödüm kopar,fear
Babamın telefonda bana  bağırması ya da onun beni bırakması.,sadness
küçükken babamın sakallarından iğrenirdim.,disgust
Eski okulumdaki öğretmenlerimi bir arkadaşım ile ziyarete gittiğimizde benimle gurur duyduklarını söyledikleri zaman.,happiness
Sevdiğim kızın beni sevmediğini öğrendiğimde.,sadness
Arkadaşlarımla buluştuğumda.,happiness
milli takımın şampiyonluğu kazanması,happiness
Annem ve babam tartıştıklarında.,sadness
Belgeselin müziği ise yine Mercan Dede tarafından yapıldı .,neutral
Tükürük ve çevrenin pisletilmesinden tiksinirim.,disgust
